facility_id,facility_name,city,state,zip_code,hospital_type,hospital_ownership,emergency_services,overall_rating
020001,PROVIDENCE ALASKA MEDICAL CENTER,ANCHORAGE,AK,99508,Acute Care Hospitals,Voluntary non-profit - Church,Yes,3
020006,MAT-SU REGIONAL MEDICAL CENTER,PALMER,AK,99645,Acute Care Hospitals,Voluntary non-profit - Other,Yes,3
020008,BARTLETT REGIONAL HOSPITAL,JUNEAU,AK,99801,Acute Care Hospitals,Government - Local,Yes,5
020012,FAIRBANKS MEMORIAL HOSPITAL,FAIRBANKS,AK,99701,Acute Care Hospitals,Voluntary non-profit - Private,Yes,3
020017,ALASKA REGIONAL HOSPITAL,ANCHORAGE,AK,99508,Acute Care Hospitals,Proprietary,Yes,2
020018,YUKON KUSKOKWIM DELTA REG HOSPITAL,BETHEL,AK,99559,Acute Care Hospitals,Tribal,Yes,Not Available
020024,CENTRAL PENINSULA GENERAL HOSPITAL,SOLDOTNA,AK,99669,Acute Care Hospitals,Voluntary non-profit - Other,Yes,1
020026,ALASKA NATIVE MEDICAL CENTER,ANCHORAGE,AK,99508,Acute Care Hospitals,Government - Federal,Yes,3
02013F,673rd Medical Group (Joint Base Elmendorf-Richardson),JBER,AK,99506,Acute Care - Department of Defense,Department of Defense,Yes,Not Available
02014F,Bassett ACH (FT Wainwright),Fort Wainwright,AK,99703,Acute Care - Department of Defense,Department of Defense,Yes,Not Available
021301,PROVIDENCE VALDEZ MEDICAL CENTER,VALDEZ,AK,99686,Critical Access Hospitals,Government - Local,Yes,Not Available
021302,PROVIDENCE SEWARD HOSPITAL,SEWARD,AK,99664,Critical Access Hospitals,Government - Local,Yes,Not Available
021304,PETERSBURG MEDICAL CENTER,PETERSBURG,AK,99833,Critical Access Hospitals,Government - Local,Yes,Not Available
021305,SEARHC WRANGELL MEDICAL CENTER & LTC,WRANGELL,AK,99929,Critical Access Hospitals,Tribal,Yes,Not Available
021306,PROVIDENCE KODIAK ISLAND MEDICAL CTR,KODIAK,AK,99615,Critical Access Hospitals,Voluntary non-profit - Church,Yes,Not Available
021307,CORDOVA COMMUNITY MEDICAL CENTER,CORDOVA,AK,99574,Critical Access Hospitals,Government - Local,Yes,Not Available
021308,NORTON SOUND REGIONAL HOSPITAL,NOME,AK,99762,Critical Access Hospitals,Tribal,Yes,Not Available
021309,BRISTOL BAY DBA KANAKANAK HOSPITAL,DILLINGHAM,AK,99576,Critical Access Hospitals,Voluntary non-profit - Private,Yes,Not Available
021310,MANIILAQ HEALTH CENTER,KOTZEBUE,AK,99752,Critical Access Hospitals,Tribal,Yes,Not Available
021311,PEACEHEALTH KETCHIKAN MEDICAL CENTER,KETCHIKAN,AK,99901,Critical Access Hospitals,Voluntary non-profit - Church,Yes,Not Available
021312,SAMUEL SIMMONDS MEMORIAL HOSPITAL,BARROW,AK,99723,Critical Access Hospitals,Tribal,Yes,Not Available
021313,SOUTH PENINSULA HOSPITAL,HOMER,AK,99603,Critical Access Hospitals,Voluntary non-profit - Private,Yes,Not Available
021314,SOUTHEAST ALASKA REGIONAL HEALTH CONSORTIUM,SITKA,AK,99835,Critical Access Hospitals,Tribal,Yes,3
024001,NORTH STAR HOSPITAL,ANCHORAGE,AK,99508,Psychiatric,Proprietary,Yes,Not Available
024002,ALASKA PSYCHIATRIC INSTITUTE,ANCHORAGE,AK,99508,Psychiatric,Government - State,No,Not Available
010001,SOUTHEAST HEALTH MEDICAL CENTER,DOTHAN,AL,36301,Acute Care Hospitals,Government - Hospital District or Authority,Yes,4
010005,MARSHALL MEDICAL CENTERS,BOAZ,AL,35957,Acute Care Hospitals,Government - Hospital District or Authority,Yes,3
010006,NORTH ALABAMA MEDICAL CENTER,FLORENCE,AL,35630,Acute Care Hospitals,Proprietary,Yes,2
010007,MIZELL MEMORIAL HOSPITAL,OPP,AL,36467,Acute Care Hospitals,Voluntary non-profit - Private,Yes,1
010008,CRENSHAW COMMUNITY HOSPITAL,LUVERNE,AL,36049,Acute Care Hospitals,Proprietary,Yes,Not Available
010011,ST. VINCENT'S EAST,BIRMINGHAM,AL,35235,Acute Care Hospitals,Voluntary non-profit - Private,Yes,2
010012,DEKALB REGIONAL MEDICAL CENTER,FORT PAYNE,AL,35968,Acute Care Hospitals,Proprietary,Yes,3
010016,SHELBY BAPTIST MEDICAL CENTER,ALABASTER,AL,35007,Acute Care Hospitals,Voluntary non-profit - Private,Yes,2
010018,CALLAHAN EYE HOSPITAL,BIRMINGHAM,AL,35233,Acute Care Hospitals,Voluntary non-profit - Private,Yes,Not Available
010019,HELEN KELLER HOSPITAL,SHEFFIELD,AL,35660,Acute Care Hospitals,Government - Hospital District or Authority,Yes,2
010021,DALE MEDICAL CENTER,OZARK,AL,36360,Acute Care Hospitals,Government - Hospital District or Authority,Yes,3
010022,FLOYD CHEROKEE MEDICAL CENTER,CENTRE,AL,35960,Acute Care Hospitals,Proprietary,Yes,Not Available
010023,BAPTIST MEDICAL CENTER SOUTH,MONTGOMERY,AL,36116,Acute Care Hospitals,Government - Hospital District or Authority,Yes,1
010024,JACKSON HOSPITAL & CLINIC INC,MONTGOMERY,AL,36106,Acute Care Hospitals,Voluntary non-profit - Private,Yes,2
010029,THE EAST ALABAMA HEALTHCARE AUTHORITY,OPELIKA,AL,36801,Acute Care Hospitals,Government - Hospital District or Authority,Yes,3
010033,UNIVERSITY OF ALABAMA HOSPITAL,BIRMINGHAM,AL,35233,Acute Care Hospitals,Government - State,Yes,3
010034,COMMUNITY HOSPITAL INC,TALLASSEE,AL,36078,Acute Care Hospitals,Voluntary non-profit - Private,Yes,Not Available
010035,CULLMAN REGIONAL MEDICAL CENTER,CULLMAN,AL,35058,Acute Care Hospitals,Government - Hospital District or Authority,Yes,2
010036,ANDALUSIA HEALTH,ANDALUSIA,AL,36420,Acute Care Hospitals,Proprietary,Yes,2
010039,HUNTSVILLE HOSPITAL,HUNTSVILLE,AL,35801,Acute Care Hospitals,Government - Hospital District or Authority,Yes,2
010040,GADSDEN REGIONAL MEDICAL CENTER,GADSDEN,AL,35903,Acute Care Hospitals,Proprietary,Yes,1
010044,MARION REGIONAL MEDICAL CENTER,HAMILTON,AL,35570,Acute Care Hospitals,Voluntary non-profit - Private,Yes,Not Available
010045,FAYETTE MEDICAL CENTER,FAYETTE,AL,35555,Acute Care Hospitals,Voluntary non-profit - Other,Yes,2
010046,RIVERVIEW REGIONAL MEDICAL CENTER,GADSDEN,AL,35901,Acute Care Hospitals,Proprietary,Yes,2
010049,MEDICAL CENTER ENTERPRISE,ENTERPRISE,AL,36330,Acute Care Hospitals,Proprietary,Yes,3
010051,GREENE COUNTY HOSPITAL,EUTAW,AL,35462,Acute Care Hospitals,Voluntary non-profit - Other,Yes,Not Available
010052,LAKE MARTIN COMMUNITY HOSPITAL,DADEVILLE,AL,36853,Acute Care Hospitals,Proprietary,Yes,Not Available
010055,FLOWERS HOSPITAL,DOTHAN,AL,36302,Acute Care Hospitals,Proprietary,Yes,2
010056,ST VINCENT'S BIRMINGHAM,BIRMINGHAM,AL,35205,Acute Care Hospitals,Voluntary non-profit - Private,Yes,3
010058,BIBB MEDICAL CENTER,CENTREVILLE,AL,35042,Acute Care Hospitals,Government - Hospital District or Authority,Yes,Not Available
010059,LAWRENCE MEDICAL CENTER,MOULTON,AL,35650,Acute Care Hospitals,Government - Hospital District or Authority,Yes,Not Available
010061,HIGHLANDS MEDICAL CENTER,SCOTTSBORO,AL,35768,Acute Care Hospitals,Government - Hospital District or Authority,Yes,3
010062,WIREGRASS MEDICAL CENTER,GENEVA,AL,36340,Acute Care Hospitals,Government - Hospital District or Authority,Yes,Not Available
010065,RUSSELL MEDICAL CENTER,ALEXANDER CITY,AL,35010,Acute Care Hospitals,Voluntary non-profit - Private,Yes,3
010073,CLAY COUNTY HOSPITAL,ASHLAND,AL,36251,Acute Care Hospitals,Government - Hospital District or Authority,Yes,Not Available
010078,NORTHEAST ALABAMA REGIONAL MEDICAL CENTER,ANNISTON,AL,36207,Acute Care Hospitals,Government - Local,Yes,1
010079,ATHENS LIMESTONE HOSPITAL,ATHENS,AL,35611,Acute Care Hospitals,Government - Hospital District or Authority,Yes,3
010083,BALDWIN HEALTH,FOLEY,AL,36535,Acute Care Hospitals,Proprietary,Yes,4
010085,DECATUR MORGAN HOSPITAL - DECATUR CAMPUS,DECATUR,AL,35601,Acute Care Hospitals,Government - Hospital District or Authority,Yes,3
010086,NORTHWEST MEDICAL CENTER,WINFIELD,AL,35594,Acute Care Hospitals,Proprietary,Yes,4
010087,USA HEALTH UNIVERSITY HOSPITAL,MOBILE,AL,36617,Acute Care Hospitals,Government - State,Yes,2
010089,WALKER BAPTIST MEDICAL CENTER,JASPER,AL,35502,Acute Care Hospitals,Proprietary,Yes,3
010090,"USA HEALTH HCA PROVIDENCE HOSPITAL, LLC",MOBILE,AL,36608,Acute Care Hospitals,Voluntary non-profit - Church,Yes,3
010091,GROVE HILL MEMORIAL HOSPITAL,GROVE HILL,AL,36451,Acute Care Hospitals,Government - Hospital District or Authority,Yes,Not Available
010092,DCH REGIONAL MEDICAL CENTER,TUSCALOOSA,AL,35401,Acute Care Hospitals,Government - Hospital District or Authority,Yes,1
010095,HALE COUNTY HOSPITAL,GREENSBORO,AL,36744,Acute Care Hospitals,Government - Hospital District or Authority,Yes,Not Available
010097,ELMORE COMMUNITY HOSPITAL,WETUMPKA,AL,36092,Acute Care Hospitals,Proprietary,Yes,Not Available
010099,D W MCMILLAN MEMORIAL HOSPITAL,BREWTON,AL,36426,Acute Care Hospitals,Government - Hospital District or Authority,Yes,Not Available
010100,THOMAS HOSPITAL,FAIRHOPE,AL,36532,Acute Care Hospitals,Voluntary non-profit - Private,Yes,3
010101,CITIZENS BAPTIST MEDICAL CENTER,TALLADEGA,AL,35160,Acute Care Hospitals,Voluntary non-profit - Private,Yes,Not Available
010103,PRINCETON BAPTIST MEDICAL CENTER,BIRMINGHAM,AL,35211,Acute Care Hospitals,Voluntary non-profit - Church,Yes,3
010104,GRANDVIEW MEDICAL CENTER,BIRMINGHAM,AL,35243,Acute Care Hospitals,Proprietary,Yes,2
010108,PRATTVILLE BAPTIST HOSPITAL,PRATTVILLE,AL,36067,Acute Care Hospitals,Government - Hospital District or Authority,Yes,3
010110,BULLOCK COUNTY HOSPITAL,UNION SPRINGS,AL,36089,Acute Care Hospitals,Proprietary,Yes,Not Available
010112,WHITFIELD REGIONAL HOSPITAL,DEMOPOLIS,AL,36732,Acute Care Hospitals,Government - Hospital District or Authority,Yes,Not Available
010113,MOBILE INFIRMARY MEDICAL CENTER,MOBILE,AL,36607,Acute Care Hospitals,Voluntary non-profit - Private,Yes,2
010114,"MEDICAL WEST, AN AFFILIATE OF UAB HEALTH SYSTEM",BESSEMER,AL,35022,Acute Care Hospitals,Government - Hospital District or Authority,Yes,2
010118,VAUGHAN REGIONAL MEDICAL CENTER PARKWAY CAMPUS,SELMA,AL,36701,Acute Care Hospitals,Proprietary,Yes,2
010120,MONROE COUNTY HOSPITAL,MONROEVILLE,AL,36460,Acute Care Hospitals,Government - Hospital District or Authority,Yes,Not Available
010125,LAKELAND COMMUNITY HOSPITAL,HALEYVILLE,AL,35565,Acute Care Hospitals,Proprietary,Yes,4
010126,TROY REGIONAL MEDICAL CENTER,TROY,AL,36081,Acute Care Hospitals,Government - Federal,Yes,Not Available
010128,JACKSON MEDICAL CENTER,JACKSON,AL,36545,Acute Care Hospitals,Proprietary,Yes,Not Available
010129,NORTH BALDWIN INFIRMARY,BAY MINETTE,AL,36507,Acute Care Hospitals,Voluntary non-profit - Private,Yes,Not Available
010130,ST VINCENT'S ST CLAIR,PELL CITY,AL,35125,Acute Care Hospitals,Voluntary non-profit - Private,Yes,3
010131,CRESTWOOD MEDICAL CENTER,HUNTSVILLE,AL,35801,Acute Care Hospitals,Proprietary,Yes,2
010138,HILL HOSPITAL OF SUMTER COUNTY,YORK,AL,36925,Acute Care Hospitals,Government - Hospital District or Authority,Yes,Not Available
010139,BROOKWOOD BAPTIST MEDICAL CENTER,VESTAVIA,AL,35216,Acute Care Hospitals,Proprietary,Yes,2
010144,SPRINGHILL MEDICAL CENTER,MOBILE,AL,36608,Acute Care Hospitals,Proprietary,Yes,2
010148,EVERGREEN MEDICAL CENTER,EVERGREEN,AL,36401,Acute Care Hospitals,Proprietary,Yes,2
010149,BAPTIST MEDICAL CENTER EAST,MONTGOMERY,AL,36117,Acute Care Hospitals,Government - Hospital District or Authority,Yes,4
01014F,BIRMINGHAM VA MEDICAL CENTER,BIRMINGHAM,AL,35233,Acute Care - Veterans Administration,Veterans Health Administration,Yes,5
010150,THE HEALTH CARE AUTHORITY OF THE CITY OF GREENVILLE- LV STABLER HOSPITAL,GREENVILLE,AL,36037,Acute Care Hospitals,Proprietary,Yes,Not Available
010157,NORTH ALABAMA SHOALS HOSPITAL,MUSCLE SHOALS,AL,35661,Acute Care Hospitals,Proprietary,Yes,Not Available
010158,RUSSELLVILLE HOSPITAL,RUSSELLVILLE,AL,35653,Acute Care Hospitals,Proprietary,Yes,2
010164,COOSA VALLEY MEDICAL CENTER,SYLACAUGA,AL,35150,Acute Care Hospitals,Government - Hospital District or Authority,Yes,3
010168,JACK HUGHSTON MEMORIAL HOSPITAL,PHENIX CITY,AL,36867,Acute Care Hospitals,Government - State,Yes,Not Available
010169,ATMORE COMMUNITY HOSPITAL,ATMORE,AL,36502,Acute Care Hospitals,Government - Hospital District or Authority,Yes,Not Available
010173,ST VINCENT'S CHILTON,CLANTON,AL,35045,Acute Care Hospitals,Voluntary non-profit - Church,Yes,Not Available
01019F,VA CENTRAL ALABAMA HEALTHCARE SYSTEM - MONTGOMERY,MONTGOMERY,AL,36109,Acute Care - Veterans Administration,Veterans Health Administration,Yes,5
01021F,TUSCALOOSA VA MEDICAL CENTER,TUSCALOOSA,AL,35404,Acute Care - Veterans Administration,Veterans Health Administration,No,Not Available
010779,BULLOCK COUNTY HOSPITAL,UNION SPRINGS,AL,36089,Rural Emergency Hospital,Proprietary,Yes,Not Available
010780,EAMC - LANIER,VALLEY,AL,36854,Rural Emergency Hospital,Government - Hospital District or Authority,Yes,Not Available
010781,J PAUL JONES HOSPITAL,CAMDEN,AL,36726,Rural Emergency Hospital,Government - Local,Yes,Not Available
011300,WASHINGTON COUNTY HOSPITAL,CHATOM,AL,36518,Critical Access Hospitals,Government - Local,Yes,Not Available
011302,RED BAY HOSPITAL,RED BAY,AL,35582,Critical Access Hospitals,Government - Hospital District or Authority,Yes,Not Available
011304,OCHSNER CHOCTAW GENERAL,BUTLER,AL,36904,Critical Access Hospitals,Voluntary non-profit - Private,Yes,Not Available
011305,ST VINCENTS BLOUNT,ONEONTA,AL,35121,Critical Access Hospitals,Voluntary non-profit - Private,No,Not Available
011306,TANNER MEDICAL CENTER-EAST ALABAMA,WEDOWEE,AL,36278,Critical Access Hospitals,Government - Hospital District or Authority,Yes,Not Available
011307,MEDICAL CENTER BARBOUR,EUFAULA,AL,36027,Critical Access Hospitals,Government - Hospital District or Authority,Yes,Not Available
011308,CRENSHAW COMMUNITY HOSPITAL,LUVERNE,AL,36049,Critical Access Hospitals,Government - Hospital District or Authority,Yes,Not Available
011309,WIREGRASS MEDICAL CENTER,GENEVA,AL,36340,Critical Access Hospitals,Government - Hospital District or Authority,Yes,Not Available
013300,THE CHILDREN'S HOSPITAL OF ALABAMA,BIRMINGHAM,AL,35233,Childrens,Voluntary non-profit - Private,Yes,Not Available
013301,USA HEALTH CHILDREN'S & WOMEN'S HOSPITAL,MOBILE,AL,36604,Childrens,Government - State,Yes,Not Available
014000,HILL CREST BEHAVIORAL HEALTH SERVICES,BIRMINGHAM,AL,35212,Psychiatric,Proprietary,No,Not Available
014006,MOUNTAIN VIEW HOSPITAL,GADSDEN,AL,35902,Psychiatric,Proprietary,No,Not Available
014007,BRYCE HOSPITAL,TUSCALOOSA,AL,35404,Psychiatric,Government - State,No,Not Available
014012,MARY S HARPER GERIATRIC PSYCHIATRY CENTER,TUSCALOOSA,AL,35401,Psychiatric,Government - State,Yes,Not Available
014014,BAYPOINTE BEHAVIORAL HEALTH,MOBILE,AL,36693,Psychiatric,Voluntary non-profit - Other,Yes,Not Available
014015,BEACON CHILDREN'S HOSPITAL,LUVERNE,AL,36049,Psychiatric,Proprietary,No,Not Available
014016,"SANCTUARY AT THE WOODLANDS, THE",CULLMAN,AL,35055,Psychiatric,Proprietary,No,Not Available
014017,EASTPOINTE HOSPITAL,DAPHNE,AL,36526,Psychiatric,Voluntary non-profit - Other,No,Not Available
014018,UNITY PSYCHIATRIC CARE - HUNTSVILLE,HUNTSVILLE,AL,35806,Psychiatric,Proprietary,No,Not Available
040001,SILOAM SPRINGS REGIONAL HOSPITAL,SILOAM SPRINGS,AR,72761,Acute Care Hospitals,Proprietary,Yes,3
040002,JOHNSON REGIONAL MEDICAL CENTER,CLARKSVILLE,AR,72830,Acute Care Hospitals,Voluntary non-profit - Private,Yes,3
040004,WASHINGTON REGIONAL MEDICAL CENTER,FAYETTEVILLE,AR,72703,Acute Care Hospitals,Voluntary non-profit - Private,Yes,4
040007,CHI-ST VINCENT INFIRMARY,LITTLE ROCK,AR,72205,Acute Care Hospitals,Voluntary non-profit - Private,Yes,3
040010,MERCY HOSPITAL NORTHWEST ARKANSAS,ROGERS,AR,72758,Acute Care Hospitals,Voluntary non-profit - Private,Yes,4
040011,CHAMBERS MEMORIAL HOSPITAL,DANVILLE,AR,72833,Acute Care Hospitals,Voluntary non-profit - Private,Yes,3
040014,WHITE COUNTY MEDICAL CENTER,SEARCY,AR,72143,Acute Care Hospitals,Voluntary non-profit - Private,Yes,3
040016,University of Arkansas Medical Sciences,LITTLE ROCK,AR,72205,Acute Care Hospitals,Government - State,Yes,2
040017,NORTH ARKANSAS REGIONAL MEDICAL CENTER,HARRISON,AR,72601,Acute Care Hospitals,Voluntary non-profit - Private,Yes,3
040018,BAPTIST HEALTH - VAN BUREN,VAN BUREN,AR,72956,Acute Care Hospitals,Voluntary non-profit - Private,Yes,Not Available
040019,FORREST CITY MEDICAL CENTER,FORREST CITY,AR,72335,Acute Care Hospitals,Proprietary,Yes,Not Available
040020,ST BERNARDS MEDICAL CENTER,JONESBORO,AR,72401,Acute Care Hospitals,Voluntary non-profit - Private,Yes,1
040022,NORTHWEST MEDICAL CENTER-SPRINGDALE,SPRINGDALE,AR,72764,Acute Care Hospitals,Proprietary,Yes,2
040026,CHI ST. VINCENT HOSPITAL HOT SPRINGS,HOT SPRINGS,AR,71903,Acute Care Hospitals,Voluntary non-profit - Private,Yes,3
040027,BAXTER HEALTH,MOUNTAIN HOME,AR,72653,Acute Care Hospitals,Voluntary non-profit - Private,Yes,1
040029,"CONWAY REGIONAL MEDICAL CENTER, INC",CONWAY,AR,72034,Acute Care Hospitals,Voluntary non-profit - Private,Yes,3
040036,BAPTIST HEALTH MEDICAL CENTER NORTH LITTLE ROCK,NORTH LITTLE ROCK,AR,72117,Acute Care Hospitals,Voluntary non-profit - Private,Yes,1
040039,ARKANSAS METHODIST MEDICAL CENTER,PARAGOULD,AR,72450,Acute Care Hospitals,Voluntary non-profit - Private,Yes,2
040041,ST MARYS REGIONAL MEDICAL CENTER,RUSSELLVILLE,AR,72801,Acute Care Hospitals,Proprietary,Yes,3
040050,OUACHITA COUNTY MEDICAL CENTER,CAMDEN,AR,71701,Acute Care Hospitals,Voluntary non-profit - Private,Yes,1
040051,BAPTIST HEALTH MEDICAL CENTER-DREW COUNTY,MONTICELLO,AR,71655,Acute Care Hospitals,Voluntary non-profit - Private,Yes,2
040055,BAPTIST HEALTH - FORT SMITH,FORT SMITH,AR,72901,Acute Care Hospitals,Voluntary non-profit - Private,Yes,2
040062,MERCY HOSPITAL FORT SMITH,FORT SMITH,AR,72903,Acute Care Hospitals,Voluntary non-profit - Private,Yes,3
040067,MAGNOLIA REGIONAL MEDICAL HOSPITAL,MAGNOLIA,AR,71753,Acute Care Hospitals,Government - Local,Yes,2
040069,GREAT RIVER MEDICAL CENTER,BLYTHEVILLE,AR,72315,Acute Care Hospitals,Government - Local,Yes,1
040071,JEFFERSON REGIONAL MEDICAL CENTER,PINE BLUFF,AR,71603,Acute Care Hospitals,Voluntary non-profit - Private,Yes,2
040072,BAPTIST HEALTH MEDICAL CENTER-STUTTGART,STUTTGART,AR,72160,Acute Care Hospitals,Voluntary non-profit - Private,Yes,4
040076,BAPTIST HEALTH MEDICAL CENTER-HOT SPRINGS COUNTY,MALVERN,AR,72104,Acute Care Hospitals,Voluntary non-profit - Private,Yes,Not Available
040078,NATIONAL PARK MEDICAL CENTER,HOT SPRINGS,AR,71901,Acute Care Hospitals,Proprietary,Yes,1
040084,SALINE MEMORIAL HOSPITAL,BENTON,AR,72015,Acute Care Hospitals,Proprietary,Yes,2
040088,SOUTH ARKANSAS REGIONAL HOSPITAL LLC,EL DORADO,AR,71730,Acute Care Hospitals,Proprietary,Yes,2
04009F,FAYETTEVILLE AR VA MEDICAL CENTER,FAYETTEVILLE,AR,72703,Acute Care - Veterans Administration,Veterans Health Administration,Yes,5
04010F,VA CENTRAL AR. VETERANS HEALTHCARE SYSTEM LR,LITTLE ROCK,AR,72205,Acute Care - Veterans Administration,Veterans Health Administration,Yes,3
040114,BAPTIST HEALTH MEDICAL CENTER-LITTLE ROCK,LITTLE ROCK,AR,72205,Acute Care Hospitals,Voluntary non-profit - Private,Yes,3
040118,"BAPTIST MEMORIAL HOSPITAL JONESBORO, INC.",JONESBORO,AR,72405,Acute Care Hospitals,Voluntary non-profit - Private,Yes,2
040119,WHITE RIVER MEDICAL CENTER,BATESVILLE,AR,72503,Acute Care Hospitals,Voluntary non-profit - Private,Yes,3
040132,LEVI HOSPITAL,HOT SPRINGS,AR,71901,Acute Care Hospitals,Voluntary non-profit - Private,Yes,Not Available
040134,"ARKANSAS HEART HOSPITAL, LLC",LITTLE ROCK,AR,72211,Acute Care Hospitals,Proprietary,Yes,4
040137,ST VINCENT MEDICAL CENTER/NORTH,SHERWOOD,AR,72120,Acute Care Hospitals,Voluntary non-profit - Church,Yes,4
040147,ARKANSAS SURGICAL HOSPITAL,NO LITTLE ROCK,AR,72118,Acute Care Hospitals,Physician,Yes,Not Available
040153,SOUTHWEST ARKANSAS REGIONAL MEDICAL CENTER LLC,HOPE,AR,71801,Acute Care Hospitals,Proprietary,Yes,Not Available
040154,BAPTIST HEALTH MEDICAL CENTER- CONWAY,CONWAY,AR,72032,Acute Care Hospitals,Voluntary non-profit - Private,Yes,3
040156,"BAPTIST MEMORIAL HOSPITAL-CRITTENDEN, INC",WEST MEMPHIS,AR,72301,Acute Care Hospitals,Voluntary non-profit - Private,Yes,Not Available
040161,ARKANSAS HEART HOSPITAL-ENCORE,BRYANT,AR,72019,Acute Care Hospitals,Proprietary,Yes,3
040164,UNITY HEALTH - JACKSONVILLE,JACKSONVILLE,AR,72076,Acute Care Hospitals,Voluntary non-profit - Private,Yes,Not Available
040779,ST BERNARDS FIVE RIVERS MEDICAL CENTER,POCAHONTAS,AR,72455,Rural Emergency Hospital,Government - Local,Yes,Not Available
040780,EUREKA SPRINGS HOSPITAL COMMISSION,EUREKA SPRINGS,AR,72632,Rural Emergency Hospital,Government - Local,Yes,Not Available
040781,HELENA REGIONAL MEDICAL CENTER,HELENA,AR,72342,Rural Emergency Hospital,Proprietary,Yes,Not Available
040782,SOUTH MISSISSIPPI COUNTY REGIONAL MEDICAL CENTER,OSCEOLA,AR,72370,Rural Emergency Hospital,Government - Local,Yes,Not Available
040783,"DEWITT HOSPITAL & NURSING HOME, INC",DE WITT,AR,72042,Rural Emergency Hospital,Voluntary non-profit - Private,Yes,Not Available
041300,MERCY HOSPITAL PARIS,PARIS,AR,72855,Critical Access Hospitals,Voluntary non-profit - Private,Yes,Not Available
041302,DARDANELLE REGIONAL MEDICAL CENTER,DARDANELLE,AR,72834,Critical Access Hospitals,Government - Local,Yes,Not Available
041303,MERCY HOSPITAL OZARK,OZARK,AR,72949,Critical Access Hospitals,Voluntary non-profit - Private,Yes,Not Available
041305,MERCY HOSPITAL WALDRON,WALDRON,AR,72958,Critical Access Hospitals,Voluntary non-profit - Private,Yes,Not Available
041306,IZARD REGIONAL HOSPITAL LLC,CALICO ROCK,AR,72519,Critical Access Hospitals,Voluntary non-profit - Private,Yes,Not Available
041307,CROSSRIDGE COMMUNITY HOSPITAL,WYNNE,AR,72396,Critical Access Hospitals,Voluntary non-profit - Private,Yes,3
041308,MCGEHEE HOSPITAL,MCGEHEE,AR,71654,Critical Access Hospitals,Voluntary non-profit - Private,Yes,Not Available
041309,LAWRENCE MEMORIAL HOSPITAL,WALNUT RIDGE,AR,72476,Critical Access Hospitals,Voluntary non-profit - Private,Yes,Not Available
041310,STONE COUNTY MEDICAL CENTER,MOUNTAIN VIEW,AR,72560,Critical Access Hospitals,Voluntary non-profit - Private,Yes,Not Available
041311,HOWARD MEMORIAL HOSPITAL,NASHVILLE,AR,71852,Critical Access Hospitals,Voluntary non-profit - Private,Yes,Not Available
041312,BAPTIST HEALTH MEDICAL CENTER HEBER SPRINGS,HEBER SPRINGS,AR,72543,Critical Access Hospitals,Voluntary non-profit - Private,Yes,Not Available
041313,OZARK HEALTH,CLINTON,AR,72031,Critical Access Hospitals,Voluntary non-profit - Private,Yes,Not Available
041317,DALLAS COUNTY MEDICAL CENTER,FORDYCE,AR,71742,Critical Access Hospitals,Government - Local,Yes,Not Available
041318,MERCY HOSPITAL BOONEVILLE,BOONEVILLE,AR,72927,Critical Access Hospitals,Voluntary non-profit - Private,Yes,Not Available
041320,LITTLE RIVER MEMORIAL HOSPITAL,ASHDOWN,AR,71822,Critical Access Hospitals,Voluntary non-profit - Private,Yes,Not Available
041321,BAPTIST HEALTH MEDICAL CENTER-ARKADELPHIA,ARKADELPHIA,AR,71923,Critical Access Hospitals,Voluntary non-profit - Private,Yes,Not Available
041322,BAXTER HEALTH FULTON COUNTY HOSPITAL,SALEM,AR,72576,Critical Access Hospitals,Government - Local,Yes,Not Available
041323,ASHLEY COUNTY MEDICAL CENTER,CROSSETT,AR,71635,Critical Access Hospitals,Voluntary non-profit - Private,Yes,3
041324,CHI ST VINCENT MORRILTON,MORRILTON,AR,72110,Critical Access Hospitals,Voluntary non-profit - Church,Yes,Not Available
041326,DELTA MEMORIAL HOSPITAL,DUMAS,AR,71639,Critical Access Hospitals,Voluntary non-profit - Private,Yes,Not Available
041327,BRADLEY COUNTY MEDICAL CENTER,WARREN,AR,71671,Critical Access Hospitals,Voluntary non-profit - Private,Yes,Not Available
041328,CHICOT MEMORIAL MEDICAL CENTER,LAKE VILLAGE,AR,71653,Critical Access Hospitals,Voluntary non-profit - Private,Yes,Not Available
041329,MERCY HOSPITAL BERRYVILLE,BERRYVILLE,AR,72616,Critical Access Hospitals,Voluntary non-profit - Private,Yes,Not Available
041330,PIGGOTT COMMUNITY HOSPITAL,PIGGOTT,AR,72454,Critical Access Hospitals,Government - Local,Yes,3
041331,OZARKS COMMUNITY HOSPITAL OF GRAVETTE,GRAVETTE,AR,72736,Critical Access Hospitals,Voluntary non-profit - Private,Yes,Not Available
041332,UNITY HEALTH - NEWPORT,NEWPORT,AR,72112,Critical Access Hospitals,Voluntary non-profit - Private,Yes,Not Available
041333,SEVIER COUNTY MEDICAL CENTER,DE QUEEN,AR,71832,Critical Access Hospitals,Government - Local,Yes,Not Available
041334,MENA REGIONAL HEALTH SYSTEM,MENA,AR,71953,Critical Access Hospitals,Voluntary non-profit - Other,Yes,Not Available
043300,ARKANSAS CHILDREN'S HOSPITAL,LITTLE ROCK,AR,72202,Childrens,Voluntary non-profit - Private,Yes,Not Available
043301,"ARKANSAS CHILDREN'S NORTHWEST, INC",SPRINGDALE,AR,72762,Childrens,Voluntary non-profit - Private,Yes,Not Available
044004,VISTA HEALTH FAYETTEVILLE,FAYETTEVILLE,AR,72703,Psychiatric,Proprietary,No,Not Available
044005,BRIDGEWAY HOSPITAL,NORTH LITTLE ROCK,AR,72113,Psychiatric,Proprietary,No,Not Available
044006,VALLEY BEHAVIORAL HEALTH SYSTEM,BARLING,AR,72923,Psychiatric,Proprietary,No,Not Available
044007,RIVENDELL BEHAVIORAL HEALTH SERVICES,BENTON,AR,72019,Psychiatric,Proprietary,No,Not Available
044011,ARKANSAS STATE HOSPITAL,LITTLE ROCK,AR,72205,Psychiatric,Government - State,Yes,Not Available
044017,UNITED METHODIST BEHAVIORAL HOSPITAL,MAUMELLE,AR,72113,Psychiatric,Voluntary non-profit - Private,No,Not Available
044019,SPRINGWOODS BEHAVIORAL HEALTH SERVICES,FAYETTEVILLE,AR,72704,Psychiatric,Proprietary,No,Not Available
044020,RIVERVIEW BEHAVIORAL HEALTH,TEXARKANA,AR,71854,Psychiatric,Proprietary,No,Not Available
044021,PERIMETER BEHAVIORAL HOSPITAL OF WEST MEMPHIS,WEST MEMPHIS,AR,72301,Psychiatric,Voluntary non-profit - Church,No,Not Available
044022,CONWAY BEHAVIORAL HEALTH,CONWAY,AR,72034,Psychiatric,Proprietary,No,Not Available
640001,LBJ TROPICAL MEDICAL CENTER,PAGO PAGO,AS,96799,Acute Care Hospitals,Government - Hospital District or Authority,Yes,Not Available
030002,BANNER - UNIVERSITY MEDICAL CENTER PHOENIX,PHOENIX,AZ,85006,Acute Care Hospitals,Voluntary non-profit - Other,Yes,3
030006,TUCSON MEDICAL CENTER,TUCSON,AZ,85712,Acute Care Hospitals,Voluntary non-profit - Private,Yes,2
030007,VERDE VALLEY MEDICAL CENTER,COTTONWOOD,AZ,86326,Acute Care Hospitals,Voluntary non-profit - Private,Yes,3
030010,ST. MARY'S HOSPITAL,TUCSON,AZ,85745,Acute Care Hospitals,Voluntary non-profit - Private,Yes,3
030011,ST JOSEPH'S HOSPITAL,TUCSON,AZ,85711,Acute Care Hospitals,Voluntary non-profit - Other,Yes,2
030012,YAVAPAI REGIONAL MEDICAL CENTER,PRESCOTT,AZ,86301,Acute Care Hospitals,Voluntary non-profit - Private,Yes,2
030013,YUMA REGIONAL MEDICAL CENTER,YUMA,AZ,85364,Acute Care Hospitals,Voluntary non-profit - Private,Yes,2
030014,HONOR HEALTH JOHN C. LINCOLN MEDICAL CENTER,PHOENIX,AZ,85020,Acute Care Hospitals,Voluntary non-profit - Private,Yes,3
030016,BANNER CASA GRANDE MEDICAL CENTER,CASA GRANDE,AZ,85122,Acute Care Hospitals,Voluntary non-profit - Other,Yes,2
030022,VALLEYWISE HEALTH MEDICAL CENTER,PHOENIX,AZ,85008,Acute Care Hospitals,Government - Local,No,3
030023,FLAGSTAFF MEDICAL CENTER,FLAGSTAFF,AZ,86001,Acute Care Hospitals,Voluntary non-profit - Private,Yes,4
030024,ST JOSEPHS HOSPITAL AND MEDICAL CENTER,PHOENIX,AZ,85013,Acute Care Hospitals,Voluntary non-profit - Church,Yes,3
030030,ABRAZO CENTRAL CAMPUS,PHOENIX,AZ,85015,Acute Care Hospitals,Physician,Yes,2
030036,CHANDLER REGIONAL MEDICAL CENTER,CHANDLER,AZ,85224,Acute Care Hospitals,Voluntary non-profit - Private,Yes,4
030037,HONORHEALTH TEMPE MEDICAL CENTER,PHOENIX,AZ,85006,Acute Care Hospitals,Proprietary,Yes,Not Available
030038,HONORHEALTH SCOTTSDALE OSBORN MEDICAL CENTER,SCOTTSDALE,AZ,85251,Acute Care Hospitals,Proprietary,Yes,3
030043,CANYON VISTA MEDICAL CENTER,SIERRA VISTA,AZ,85635,Acute Care Hospitals,Voluntary non-profit - Other,Yes,2
030055,KINGMAN REGIONAL MEDICAL CENTER,KINGMAN,AZ,86401,Acute Care Hospitals,Government - Hospital District or Authority,Yes,4
030061,BANNER BOSWELL MEDICAL CENTER,SUN CITY,AZ,85351,Acute Care Hospitals,Voluntary non-profit - Other,Yes,3
030062,SUMMIT HEALTHCARE REGIONAL MEDICAL CENTER,SHOW LOW,AZ,85901,Acute Care Hospitals,Voluntary non-profit - Private,Yes,4
030064,BANNER - UNIVERSITY MEDICAL CENTER TUCSON CAMPUS,TUCSON,AZ,85719,Acute Care Hospitals,Voluntary non-profit - Private,Yes,3
030065,BANNER DESERT MEDICAL CENTER,MESA,AZ,85202,Acute Care Hospitals,Voluntary non-profit - Private,Yes,2
030069,HAVASU REGIONAL MEDICAL CENTER,LAKE HAVASU CITY,AZ,86403,Acute Care Hospitals,Proprietary,Yes,3
030071,FORT DEFIANCE INDIAN HOSPITAL,FT. DEFIANCE,AZ,86504,Acute Care Hospitals,Tribal,Yes,Not Available
030073,TUBA CITY REGIONAL HEALTH CARE CORPORATION,TUBA CITY,AZ,86045,Acute Care Hospitals,Voluntary non-profit - Other,No,Not Available
030074,SELLS HOSPITAL,SELLS,AZ,85634,Acute Care Hospitals,Tribal,Yes,Not Available
030078,PHOENIX INDIAN MEDICAL CENTER,PHOENIX,AZ,85016,Acute Care Hospitals,Government - Federal,No,Not Available
030083,ABRAZO SCOTTSDALE CAMPUS,PHOENIX,AZ,85032,Acute Care Hospitals,Proprietary,Yes,2
030084,CHINLE COMPREHENSIVE HEALTH CARE FACILITY,CHINLE,AZ,86503,Acute Care Hospitals,Government - Federal,Yes,Not Available
030085,NORTHWEST MEDICAL CENTER,TUCSON,AZ,85741,Acute Care Hospitals,Proprietary,Yes,2
030087,HONORHEALTH SCOTTSDALE SHEA MEDICAL CENTER,SCOTTSDALE,AZ,85260,Acute Care Hospitals,Proprietary,Yes,3
030088,BANNER BAYWOOD MEDICAL CENTER,MESA,AZ,85206,Acute Care Hospitals,Voluntary non-profit - Private,Yes,2
030089,BANNER THUNDERBIRD MEDICAL CENTER,GLENDALE,AZ,85306,Acute Care Hospitals,Government - Hospital District or Authority,No,3
030092,HONORHEALTH DEER VALLEY MEDICAL CENTER,PHOENIX,AZ,85027,Acute Care Hospitals,Voluntary non-profit - Private,Yes,2
030093,BANNER DEL E. WEBB MEDICAL CENTER,SUN CITY WEST,AZ,85375,Acute Care Hospitals,Voluntary non-profit - Private,Yes,3
030094,ABRAZO ARROWHEAD HOSPITAL,GLENDALE,AZ,85308,Acute Care Hospitals,Proprietary,Yes,2
030101,WESTERN ARIZONA REGIONAL MEDICAL CENTER,BULLHEAD CITY,AZ,86442,Acute Care Hospitals,Proprietary,Yes,2
030103,MAYO CLINIC HOSPITAL,PHOENIX,AZ,85054,Acute Care Hospitals,Voluntary non-profit - Private,Yes,5
030105,BANNER HEART HOSPITAL,MESA,AZ,85206,Acute Care Hospitals,Voluntary non-profit - Private,No,3
030107,ARIZONA SPINE AND JOINT HOSPITAL,MESA,AZ,85206,Acute Care Hospitals,Physician,No,Not Available
030108,THE CORE INSTITUTE SPECIALTY HOSP,PHOENIX,AZ,85015,Acute Care Hospitals,Physician,No,Not Available
030110,ABRAZO WEST CAMPUS,GOODYEAR,AZ,85395,Acute Care Hospitals,Proprietary,Yes,2
030111,BANNER-UNIVERSITY MEDICAL CENTER SOUTH CAMPUS,TUCSON,AZ,85713,Acute Care Hospitals,Voluntary non-profit - Private,Yes,3
030112,ARIZONA ORTHOPEDIC AND SURGICAL SPECIALTY HOSPITAL,PHOENIX,AZ,85008,Acute Care Hospitals,Proprietary,No,Not Available
030113,WHITERIVER PHS INDIAN HOSPITAL,WHITERIVER,AZ,85941,Acute Care Hospitals,Government - Federal,No,Not Available
030114,ORO VALLEY HOSPITAL,ORO VALLEY,AZ,85755,Acute Care Hospitals,Proprietary,Yes,3
030115,BANNER ESTRELLA MEDICAL CENTER,PHOENIX,AZ,85037,Acute Care Hospitals,Voluntary non-profit - Private,Yes,3
030117,VALLEY VIEW MEDICAL CENTER,FORT MOHAVE,AZ,86426,Acute Care Hospitals,Proprietary,Yes,2
030119,MERCY GILBERT MEDICAL CENTER,GILBERT,AZ,85297,Acute Care Hospitals,Voluntary non-profit - Church,Yes,5
030121,HONORHEALTH MOUNTAIN VISTA MEDICAL CENTER,MESA,AZ,85209,Acute Care Hospitals,Proprietary,Yes,2
030122,BANNER GATEWAY MEDICAL CENTER,GILBERT,AZ,85234,Acute Care Hospitals,Voluntary non-profit - Other,Yes,4
030123,HONORHEALTH SCOTTSDALE THOMPSON PEAK MED CTR,SCOTTSDALE,AZ,85255,Acute Care Hospitals,Voluntary non-profit - Private,Yes,4
03012F,PHOENIX VA MEDICAL CENTER,PHOENIX,AZ,85012,Acute Care - Veterans Administration,Veterans Health Administration,Yes,5
030130,BANNER IRONWOOD MEDICAL CENTER,QUEEN CREEK,AZ,85140,Acute Care Hospitals,Voluntary non-profit - Private,Yes,3
030134,BANNER GOLDFIELD MEDICAL CENTER,APACHE JUNCTION,AZ,85120,Acute Care Hospitals,Voluntary non-profit - Other,Yes,Not Available
030136,DIGNITY HEALTH - ARIZONA GENERAL HOSPITAL,LAVEEN,AZ,85339,Acute Care Hospitals,Proprietary,No,Not Available
030138,CITY OF HOPE CANCER CENTER PHOENIX,GOODYEAR,AZ,85338,Acute Care Hospitals,Proprietary,No,5
030139,DIGNITY HEALTH ARIZONA GENERAL HOSPITAL,MESA,AZ,85212,Acute Care Hospitals,Voluntary non-profit - Private,Yes,3
03013F,VA S. ARIZONA HEALTHCARE SYSTEM,TUCSON,AZ,85723,Acute Care - Veterans Administration,Veterans Health Administration,Yes,4
030146,HONORHEALTH SONORAN CROSSING MEDICAL CENTER,PHOENIX,AZ,85085,Acute Care Hospitals,Voluntary non-profit - Private,Yes,4
030147,BANNER OCOTILLO MEDICAL CENTER,CHANDLER,AZ,85286,Acute Care Hospitals,Voluntary non-profit - Private,Yes,2
030148,NORTHWEST MEDICAL CENTER SAHUARITA,SAHUARITA,AZ,85629,Acute Care Hospitals,Voluntary non-profit - Private,Yes,3
030152,EXCEPTIONAL COMMUNITY HOSPITAL - MARICOPA,MARICOPA,AZ,85139,Acute Care Hospitals,Proprietary,Yes,Not Available
030153,EAST VALLEY ER & HOSPITAL,GILBERT,AZ,85295,Acute Care Hospitals,Proprietary,Yes,Not Available
030154,EXCEPTIONAL COMMUNITY HOSPITAL YUMA,YUMA,AZ,85365,Acute Care Hospitals,Proprietary,Yes,Not Available
030155,EXCEPTIONAL COMMUNITY HOSPITAL BULLHEAD CITY,BULLHEAD CITY,AZ,86442,Acute Care Hospitals,Proprietary,Yes,Not Available
03033F,VA NORTHERN ARIZONA HEALTHCARE SYSTEM,PRESCOTT,AZ,86313,Acute Care - Veterans Administration,Veterans Health Administration,Yes,5
031300,WICKENBURG COMMUNITY HOSPITAL,WICKENBURG,AZ,85390,Critical Access Hospitals,Voluntary non-profit - Other,Yes,Not Available
031301,BENSON HOSPITAL,BENSON,AZ,85602,Critical Access Hospitals,Voluntary non-profit - Private,Yes,Not Available
031302,"NORTHERN COCHISE COMMUNITY HOSPITAL, INC.",WILLCOX,AZ,85643,Critical Access Hospitals,Voluntary non-profit - Private,Yes,Not Available
031304,PAGE HOSPITAL,PAGE,AZ,86040,Critical Access Hospitals,Government - Hospital District or Authority,Yes,Not Available
031305,HOPI HEALTH CARE CENTER,POLACCA,AZ,86042,Critical Access Hospitals,Tribal,No,Not Available
031307,PARKER INDIAN HEALTH CENTER,PARKER,AZ,85344,Critical Access Hospitals,Government - Federal,Yes,Not Available
031308,HUHU KAM MEMORIAL HOSPITAL,SACATON,AZ,85147,Critical Access Hospitals,Government - Federal,Yes,Not Available
031309,SAGE MEMORIAL HOSPITAL,GANADO,AZ,86505,Critical Access Hospitals,Voluntary non-profit - Private,No,Not Available
031311,LITTLE COLORADO MEDICAL CENTER,WINSLOW,AZ,86047,Critical Access Hospitals,Voluntary non-profit - Private,Yes,Not Available
031312,COPPER QUEEN COMMUNITY HOSPITAL,BISBEE,AZ,85603,Critical Access Hospitals,Voluntary non-profit - Private,Yes,Not Available
031313,HOLY CROSS HOSPITAL,NOGALES,AZ,85621,Critical Access Hospitals,Proprietary,Yes,Not Available
031314,COBRE VALLEY REGIONAL MEDICAL CENTER,GLOBE,AZ,85501,Critical Access Hospitals,Voluntary non-profit - Private,Yes,3
031315,WHITE MOUNTAIN REGIONAL MEDICAL CENTER,SPRINGERVILLE,AZ,85938,Critical Access Hospitals,Voluntary non-profit - Private,Yes,Not Available
031317,LA PAZ REGIONAL HOSPITAL,PARKER,AZ,85344,Critical Access Hospitals,Voluntary non-profit - Private,Yes,Not Available
031318,BANNER PAYSON MEDICAL CENTER,PAYSON,AZ,85541,Critical Access Hospitals,Voluntary non-profit - Other,No,4
031319,MT. GRAHAM REGIONAL MEDICAL CENTER,SAFFORD,AZ,85546,Critical Access Hospitals,Government - Hospital District or Authority,Yes,Not Available
031320,SAN CARLOS APACHE HEALTHCARE CORPORATION,PERIDOT,AZ,85542,Critical Access Hospitals,Tribal,Yes,Not Available
033302,PHOENIX CHILDREN'S HOSPITAL,PHOENIX,AZ,85016,Childrens,Voluntary non-profit - Private,No,Not Available
034004,BANNER BEHAVIORAL HEALTH HOSPITAL,SCOTTSDALE,AZ,85251,Psychiatric,Voluntary non-profit - Private,No,Not Available
034013,COLLEGE MEDICAL CENTER PHOENIX,PHOENIX,AZ,85006,Psychiatric,Proprietary,No,Not Available
034020,HAVEN BEHAVIORAL HOSPITAL OF PHOENIX,PHOENIX,AZ,85007,Psychiatric,Proprietary,No,Not Available
034021,ARIZONA STATE HOSPITAL,PHOENIX,AZ,85008,Psychiatric,Government - State,No,Not Available
034022,SONORA BEHAVIORAL HEALTH HOSPITAL,TUCSON,AZ,85704,Psychiatric,Proprietary,Yes,Not Available
034023,THE GUIDANCE CENTER,FLAGSTAFF,AZ,86004,Psychiatric,Voluntary non-profit - Private,No,Not Available
034024,AURORA BEHAVIORAL HEALTH SYSTEM,GLENDALE,AZ,85302,Psychiatric,Proprietary,No,Not Available
034025,THE HEALING PLACE,PRESCOTT,AZ,86301,Psychiatric,Proprietary,No,Not Available
034026,VALLEY HOSPITAL,PHOENIX,AZ,85018,Psychiatric,Proprietary,No,Not Available
034027,CHANGEPOINT PSYCHIATRIC HOSPITAL,LAKESIDE,AZ,85929,Psychiatric,Voluntary non-profit - Private,No,Not Available
034028,AURORA BEHAVIORAL HEALTHCARE-TEMPE,TEMPE,AZ,85283,Psychiatric,Proprietary,No,Not Available
034029,OASIS BEHAVIORAL HEALTH HOSPITAL,CHANDLER,AZ,85225,Psychiatric,Proprietary,No,Not Available
034030,PALO VERDE BEHAVIORAL HEALTH,TUCSON,AZ,85712,Psychiatric,Voluntary non-profit - Private,Yes,Not Available
034031,QUAIL RUN BEHAVIORAL HEALTH,PHOENIX,AZ,85027,Psychiatric,Voluntary non-profit - Other,No,Not Available
034032,COPPER SPRINGS EAST- GILBERT,AVONDALE,AZ,85392,Psychiatric,Proprietary,Yes,Not Available
034033,EL DORADO SPRINGS,TUCSON,AZ,85712,Psychiatric,Proprietary,No,Not Available
034034,DESTINY SPRINGS HEALTHCARE,SURPRISE,AZ,85378,Psychiatric,Physician,No,Not Available
034035,AVENIR BEHAVIORAL HEALTH CENTER,SURPRISE,AZ,85374,Psychiatric,Proprietary,No,Not Available
034038,"PHOENIX MEDICAL PSYCHIATRIC HOSPITAL, LLC",PHOENIX,AZ,85006,Psychiatric,Proprietary,No,Not Available
034040,VIA LINDA BEHAVIORAL HOSPITAL,SCOTTSDALE,AZ,85258,Psychiatric,Proprietary,No,Not Available
034041,AGAVE RIDGE BEHAVIORAL HOSPITAL,MESA,AZ,85212,Psychiatric,Proprietary,No,Not Available
050002,ST ROSE HOSPITAL,HAYWARD,CA,94545,Acute Care Hospitals,Voluntary non-profit - Church,No,1
050006,PROVIDENCE ST JOSEPH HOSPITAL,EUREKA,CA,95501,Acute Care Hospitals,Voluntary non-profit - Private,Yes,3
050007,PENINSULA MEDICAL CENTER,BURLINGAME,CA,94010,Acute Care Hospitals,Voluntary non-profit - Private,Yes,5
050008,CALIFORNIA PACIFIC MEDICAL CTR-DAVIES CAMPUS HOSP,SAN FRANCISCO,CA,94117,Acute Care Hospitals,Voluntary non-profit - Other,No,3
050009,PROVIDENCE QUEEN OF THE VALLEY MEDICAL CENTER,NAPA,CA,94558,Acute Care Hospitals,Voluntary non-profit - Private,Yes,4
050013,ADVENTIST HEALTH ST HELENA,SAINT HELENA,CA,94574,Acute Care Hospitals,Voluntary non-profit - Private,Yes,4
050014,SUTTER AMADOR HOSPITAL,JACKSON,CA,95642,Acute Care Hospitals,Voluntary non-profit - Private,Yes,4
050017,MERCY GENERAL HOSPITAL,SACRAMENTO,CA,95819,Acute Care Hospitals,Voluntary non-profit - Private,Yes,4
050022,RIVERSIDE COMMUNITY HOSPITAL,RIVERSIDE,CA,92501,Acute Care Hospitals,Proprietary,Yes,3
050024,PARADISE VALLEY HOSPITAL,NATIONAL CITY,CA,91950,Acute Care Hospitals,Proprietary,Yes,3
050025,UC SAN DIEGO HEALTH HILLCREST - HILLCREST MED CTR,SAN DIEGO,CA,92103,Acute Care Hospitals,Voluntary non-profit - Other,Yes,5
050026,GROSSMONT HOSPITAL,LA MESA,CA,91942,Acute Care Hospitals,Government - Hospital District or Authority,Yes,3
050028,MAD RIVER COMMUNITY HOSPITAL,ARCATA,CA,95521,Acute Care Hospitals,Proprietary,Yes,3
050030,OROVILLE HOSPITAL,OROVILLE,CA,95966,Acute Care Hospitals,Voluntary non-profit - Private,Yes,1
050036,BAKERSFIELD MEMORIAL HOSPITAL,BAKERSFIELD,CA,93301,Acute Care Hospitals,Voluntary non-profit - Private,Yes,2
050038,SANTA CLARA VALLEY MEDICAL CENTER,SAN JOSE,CA,95128,Acute Care Hospitals,Government - Local,Yes,3
050039,ENLOE HEALTH,CHICO,CA,95926,Acute Care Hospitals,Voluntary non-profit - Private,Yes,2
050040,LAC/OLIVE VIEW-UCLA MEDICAL CENTER,SYLMAR,CA,91342,Acute Care Hospitals,Voluntary non-profit - Other,Yes,2
050042,ST ELIZABETH COMMUNITY HOSPITAL,RED BLUFF,CA,96080,Acute Care Hospitals,Voluntary non-profit - Church,No,4
050043,ALTA BATES SUMMIT MEDICAL CENTER,OAKLAND,CA,94609,Acute Care Hospitals,Voluntary non-profit - Private,Yes,5
050045,EL CENTRO REGIONAL MEDICAL CENTER,EL CENTRO,CA,92243,Acute Care Hospitals,Government - Local,Yes,1
050047,CALIFORNIA PACIFIC MEDICAL CENTER- VAN NESS CAMPUS,SAN FRANCISCO,CA,94109,Acute Care Hospitals,Voluntary non-profit - Private,Yes,3
050054,SAN GORGONIO MEMORIAL HOSPITAL,BANNING,CA,92220,Acute Care Hospitals,Government - Hospital District or Authority,Yes,5
050055,CALIFORNIA PACIFIC MEDICAL CENTER - MISSION BERNAL,SAN FRANCISCO,CA,94110,Acute Care Hospitals,Voluntary non-profit - Church,Yes,4
050056,ANTELOPE VALLEY HOSPITAL,LANCASTER,CA,93534,Acute Care Hospitals,Government - Hospital District or Authority,Yes,1
050057,KAWEAH HEALTH MEDICAL CENTER,VISALIA,CA,93291,Acute Care Hospitals,Government - Hospital District or Authority,Yes,3
050058,GLENDALE MEM HOSPITAL & HLTH CENTER,GLENDALE,CA,91204,Acute Care Hospitals,Voluntary non-profit - Private,Yes,3
050060,COMMUNITY REGIONAL MEDICAL CENTER,FRESNO,CA,93721,Acute Care Hospitals,Voluntary non-profit - Private,Yes,1
050063,HOLLYWOOD PRESBYTERIAN MEDICAL CENTER,LOS ANGELES,CA,90027,Acute Care Hospitals,Proprietary,Yes,3
050067,OAK VALLEY HOSPITAL DISTRICT,OAKDALE,CA,95361,Acute Care Hospitals,Government - Hospital District or Authority,Yes,Not Available
050069,PROVIDENCE ST. JOSEPH HOSPITAL,ORANGE,CA,92868,Acute Care Hospitals,Voluntary non-profit - Church,Yes,4
050070,KAISER FOUNDATION HOSPITAL - SOUTH SAN FRANCISCO,SOUTH SAN FRANCISCO,CA,94080,Acute Care Hospitals,Voluntary non-profit - Private,Yes,5
050071,KAISER FOUNDATION HOSPITAL-SANTA CLARA,SANTA CLARA,CA,95051,Acute Care Hospitals,Voluntary non-profit - Private,Yes,3
050072,KAISER FOUNDATION HOSPITAL - WALNUT CREEK,WALNUT CREEK,CA,94596,Acute Care Hospitals,Voluntary non-profit - Private,Yes,3
050073,KAISER FOUNDATION HOSPITAL AND REHAB CENTER,VALLEJO,CA,94589,Acute Care Hospitals,Voluntary non-profit - Private,No,4
050075,KAISER FOUNDATION HOSPITAL - OAKLAND/RICHMOND,OAKLAND,CA,94611,Acute Care Hospitals,Voluntary non-profit - Private,Yes,2
050076,KAISER FOUNDATION HOSPITAL - SAN FRANCISCO,SAN FRANCISCO,CA,94115,Acute Care Hospitals,Voluntary non-profit - Private,Yes,4
050077,SCRIPPS MERCY HOSPITAL,SAN DIEGO,CA,92103,Acute Care Hospitals,Voluntary non-profit - Private,Yes,3
050078,PROVIDENCE LITTLE CO OF MARY MED CTR SAN PEDRO,SAN PEDRO,CA,90732,Acute Care Hospitals,Voluntary non-profit - Private,No,4
050082,ST JOHNS REGIONAL MEDICAL CENTER,OXNARD,CA,93030,Acute Care Hospitals,Voluntary non-profit - Private,Yes,3
050084,ST JOSEPH'S MEDICAL CENTER OF STOCKTON,STOCKTON,CA,95204,Acute Care Hospitals,Voluntary non-profit - Private,Yes,4
050089,COMMUNITY HOSPITAL OF SAN BERNARDINO,SAN BERNARDINO,CA,92411,Acute Care Hospitals,Voluntary non-profit - Private,Yes,3
050090,SONOMA VALLEY HOSPITAL,SONOMA,CA,95476,Acute Care Hospitals,Government - Hospital District or Authority,Yes,1
050091,COMMUNITY HOSPITAL OF HUNTINGTON PARK,HUNTINGTON PARK,CA,90255,Acute Care Hospitals,Proprietary,Yes,Not Available
050093,SAINT AGNES MEDICAL CENTER,FRESNO,CA,93720,Acute Care Hospitals,Voluntary non-profit - Church,Yes,2
050099,SAN ANTONIO REGIONAL HOSPITAL,UPLAND,CA,91786,Acute Care Hospitals,Voluntary non-profit - Other,Yes,3
050100,SHARP MEMORIAL HOSPITAL,SAN DIEGO,CA,92123,Acute Care Hospitals,Voluntary non-profit - Private,Yes,4
050101,SUTTER SOLANO MEDICAL CENTER,VALLEJO,CA,94589,Acute Care Hospitals,Voluntary non-profit - Private,Yes,3
050102,PARKVIEW COMMUNITY HOSPITAL MEDICAL CENTER,RIVERSIDE,CA,92503,Acute Care Hospitals,Proprietary,Yes,2
050103,ADVENTIST HEALTH WHITE MEMORIAL,LOS ANGELES,CA,90033,Acute Care Hospitals,Voluntary non-profit - Church,No,3
050104,SAINT FRANCIS MEDICAL CENTER,LYNWOOD,CA,90262,Acute Care Hospitals,Voluntary non-profit - Church,No,4
050107,MARIAN REGIONAL MEDICAL CENTER,SANTA MARIA,CA,93454,Acute Care Hospitals,Voluntary non-profit - Church,Yes,2
050108,"SUTTER MEDICAL CENTER, SACRAMENTO",SACRAMENTO,CA,95816,Acute Care Hospitals,Voluntary non-profit - Private,Yes,4
050110,LOMPOC VALLEY MEDICAL CENTER,LOMPOC,CA,93436,Acute Care Hospitals,Government - Hospital District or Authority,Yes,1
050112,SANTA MONICA - UCLA MED CTR & ORTHOPAEDIC HOSPITAL,SANTA MONICA,CA,90404,Acute Care Hospitals,Voluntary non-profit - Private,Yes,4
050113,SAN MATEO MEDICAL CENTER,SAN MATEO,CA,94403,Acute Care Hospitals,Government - Local,Yes,Not Available
050115,PALOMAR HEALTH DOWNTOWN CAMPUS,ESCONDIDO,CA,92025,Acute Care Hospitals,Government - Hospital District or Authority,Yes,2
050116,NORTHRIDGE HOSPITAL MEDICAL CENTER,NORTHRIDGE,CA,91325,Acute Care Hospitals,Voluntary non-profit - Private,Yes,4
050118,DOCTORS HOSPITAL OF MANTECA,MANTECA,CA,95336,Acute Care Hospitals,Voluntary non-profit - Other,Yes,2
050121,ADVENTIST HEALTH HANFORD,HANFORD,CA,93230,Acute Care Hospitals,Voluntary non-profit - Church,Yes,2
050122,DAMERON HOSPITAL,STOCKTON,CA,95203,Acute Care Hospitals,Voluntary non-profit - Other,Yes,3
050124,USC VERDUGO HILLS HOSPITAL,GLENDALE,CA,91208,Acute Care Hospitals,Voluntary non-profit - Private,Yes,3
050125,REGIONAL MEDICAL CENTER OF SAN JOSE,SAN JOSE,CA,95116,Acute Care Hospitals,Government - Federal,Yes,3
050126,VALLEY PRESBYTERIAN HOSPITAL,VAN NUYS,CA,91405,Acute Care Hospitals,Voluntary non-profit - Other,Yes,2
050127,WOODLAND MEMORIAL HOSPITAL,WOODLAND,CA,95695,Acute Care Hospitals,Voluntary non-profit - Other,Yes,5
050128,TRI-CITY MEDICAL CENTER,OCEANSIDE,CA,92056,Acute Care Hospitals,Government - Hospital District or Authority,Yes,2
050129,ST BERNARDINE MEDICAL CENTER,SAN BERNARDINO,CA,92404,Acute Care Hospitals,Voluntary non-profit - Private,Yes,3
050131,NOVATO COMMUNITY HOSPITAL,NOVATO,CA,94945,Acute Care Hospitals,Voluntary non-profit - Private,No,5
050132,SAN GABRIEL VALLEY MEDICAL CENTER,SAN GABRIEL,CA,91776,Acute Care Hospitals,Proprietary,Yes,4
050133,ADVENTIST HEALTH AND RIDEOUT,MARYSVILLE,CA,95901,Acute Care Hospitals,Government - Federal,Yes,2
050135,SOUTHERN CALIFORNIA HOSPITAL AT HOLLYWOOD,HOLLYWOOD,CA,90028,Acute Care Hospitals,Proprietary,Yes,4
050136,PETALUMA VALLEY HOSPITAL,PETALUMA,CA,94954,Acute Care Hospitals,Voluntary non-profit - Other,No,4
050137,KAISER FOUNDATION HOSPITAL - PANORAMA CITY,PANORAMA CITY,CA,91402,Acute Care Hospitals,Voluntary non-profit - Private,No,4
050138,KAISER FOUNDATION HOSPITAL - LOS ANGELES,LOS ANGELES,CA,90027,Acute Care Hospitals,Voluntary non-profit - Other,No,4
050139,KAISER FOUNDATION HOSPITAL - DOWNEY,DOWNEY,CA,90242,Acute Care Hospitals,Voluntary non-profit - Other,No,2
050140,KAISER FOUNDATION HOSPITAL FONTANA/ONTARIO,FONTANA,CA,92335,Acute Care Hospitals,Voluntary non-profit - Private,Yes,3
050145,COMMUNITY HOSPITAL OF THE MONTEREY PENINSULA,MONTEREY,CA,93940,Acute Care Hospitals,Voluntary non-profit - Private,Yes,3
050149,CALIFORNIA HOSPITAL MEDICAL CENTER LA,LOS ANGELES,CA,90015,Acute Care Hospitals,Voluntary non-profit - Other,Yes,3
050150,SIERRA NEVADA MEMORIAL HOSPITAL,GRASS VALLEY,CA,95945,Acute Care Hospitals,Voluntary non-profit - Other,Yes,3
050152,UCSF HEALTH SAINT FRANCIS HOSPITAL,SAN FRANCISCO,CA,94109,Acute Care Hospitals,Voluntary non-profit - Private,Yes,2
050158,ENCINO HOSPITAL MEDICAL CENTER,ENCINO,CA,91436,Acute Care Hospitals,Proprietary,No,2
050159,VENTURA COUNTY MEDICAL CENTER,VENTURA,CA,93003,Acute Care Hospitals,Government - Local,Yes,2
05015F,60th Medical Group (Travis AFB),Travis AFB,CA,94535,Acute Care - Department of Defense,Department of Defense,Yes,Not Available
050167,SAN JOAQUIN GENERAL HOSPITAL,FRENCH CAMP,CA,95231,Acute Care Hospitals,Government - Local,Yes,2
050168,PROVIDENCE ST. JUDE MEDICAL CENTER,FULLERTON,CA,92835,Acute Care Hospitals,Voluntary non-profit - Church,Yes,4
050169,PIH HEALTH HOSPITAL-WHITTIER,WHITTIER,CA,90602,Acute Care Hospitals,Voluntary non-profit - Private,Yes,3
050174,PROVIDENCE SANTA ROSA MEMORIAL HOSPITAL,SANTA ROSA,CA,95405,Acute Care Hospitals,Voluntary non-profit - Private,Yes,2
050179,EMANUEL MEDICAL CENTER,TURLOCK,CA,95382,Acute Care Hospitals,Proprietary,Yes,2
050180,JOHN MUIR MEDICAL CENTER - WALNUT CREEK CAMPUS,WALNUT CREEK,CA,94598,Acute Care Hospitals,Voluntary non-profit - Other,Yes,3
050191,ST MARY MEDICAL CENTER,LONG BEACH,CA,90813,Acute Care Hospitals,Voluntary non-profit - Church,Yes,4
050192,ADVENTIST HEALTH REEDLEY,REEDLEY,CA,93654,Acute Care Hospitals,Voluntary non-profit - Private,No,Not Available
050194,WATSONVILLE COMMUNITY HOSPITAL,WATSONVILLE,CA,95076,Acute Care Hospitals,Proprietary,Yes,1
050195,WASHINGTON HOSPITAL,FREMONT,CA,94538,Acute Care Hospitals,Government - Hospital District or Authority,Yes,3
050197,SEQUOIA HOSPITAL,REDWOOD CITY,CA,94062,Acute Care Hospitals,Voluntary non-profit - Private,Yes,5
050204,PALMDALE REGIONAL MEDICAL CENTER,PALMDALE,CA,93552,Acute Care Hospitals,Proprietary,Yes,3
05020F,NH Camp Pendleton,Camp Pendleton,CA,92055,Acute Care - Department of Defense,Department of Defense,Yes,Not Available
050211,ALAMEDA HOSPITAL,ALAMEDA,CA,94501,Acute Care Hospitals,Government - Hospital District or Authority,Yes,3
050222,SHARP CHULA VISTA MEDICAL CENTER,CHULA VISTA,CA,91911,Acute Care Hospitals,Proprietary,Yes,4
050224,HOAG MEMORIAL HOSPITAL PRESBYTERIAN,NEWPORT BEACH,CA,92663,Acute Care Hospitals,Voluntary non-profit - Private,Yes,5
050226,AHMC ANAHEIM REGIONAL MEDICAL CENTER,ANAHEIM,CA,92801,Acute Care Hospitals,Voluntary non-profit - Private,Yes,3
050228,ZUCKERBERG SAN FRANCISCO GENERAL HOSP & TRAUMA CTR,SAN FRANCISCO,CA,94110,Acute Care Hospitals,Government - Local,Yes,1
05022F,NMC San Diego,San Diego,CA,92134,Acute Care - Department of Defense,Department of Defense,Yes,Not Available
050230,GARDEN GROVE HOSPITAL & MEDICAL CENTER,GARDEN GROVE,CA,92843,Acute Care Hospitals,Proprietary,Yes,3
050231,POMONA VALLEY HOSPITAL MEDICAL CENTER,POMONA,CA,91767,Acute Care Hospitals,Voluntary non-profit - Private,Yes,3
050232,FRENCH HOSPITAL MEDICAL CENTER,SAN LUIS OBISPO,CA,93401,Acute Care Hospitals,Voluntary non-profit - Private,Yes,5
050234,SHARP CORONADO HOSPITAL AND HLTHCR CTR,CORONADO,CA,92118,Acute Care Hospitals,Proprietary,Yes,5
050235,PROVIDENCE SAINT JOSEPH MEDICAL CTR,BURBANK,CA,91505,Acute Care Hospitals,Voluntary non-profit - Church,Yes,3
050236,ADVENTIST HEALTH SIMI VALLEY,SIMI VALLEY,CA,93065,Acute Care Hospitals,Voluntary non-profit - Private,Yes,2
050238,USC ARCADIA HOSPITAL,ARCADIA,CA,91007,Acute Care Hospitals,Voluntary non-profit - Private,Yes,3
050239,GLENDALE ADVENTIST MEDICAL CENTER,GLENDALE,CA,91206,Acute Care Hospitals,Voluntary non-profit - Private,Yes,4
050242,DOMINICAN HOSPITAL,SANTA CRUZ,CA,95065,Acute Care Hospitals,Voluntary non-profit - Private,Yes,5
050243,DESERT REGIONAL MEDICAL CENTER,PALM SPRINGS,CA,92262,Acute Care Hospitals,Proprietary,Yes,2
050245,ARROWHEAD REGIONAL MEDICAL CENTER,COLTON,CA,92324,Acute Care Hospitals,Government - Local,Yes,2
050248,NATIVIDAD MEDICAL CENTER,SALINAS,CA,93906,Acute Care Hospitals,Government - Local,Yes,3
050254,MARSHALL MEDICAL CENTER,PLACERVILLE,CA,95667,Acute Care Hospitals,Voluntary non-profit - Private,Yes,3
050257,GOOD SAMARITAN HOSPITAL,BAKERSFIELD,CA,93308,Acute Care Hospitals,Proprietary,No,Not Available
05025F,FRESNO VA MEDICAL CENTER (VA CENTRAL CALIFORNIA HEALTHCARE SYSTEM),FRESNO,CA,93703,Acute Care - Veterans Administration,Veterans Health Administration,Yes,4
050261,SIERRA VIEW MEDICAL CENTER,PORTERVILLE,CA,93257,Acute Care Hospitals,Voluntary non-profit - Private,Yes,2
050262,RONALD REAGAN UCLA MEDICAL CENTER,LOS ANGELES,CA,90095,Acute Care Hospitals,Government - State,Yes,4
050272,REDLANDS COMMUNITY HOSPITAL,REDLANDS,CA,92373,Acute Care Hospitals,Voluntary non-profit - Private,Yes,3
050276,CONTRA COSTA REGIONAL MEDICAL CENTER,MARTINEZ,CA,94553,Acute Care Hospitals,Government - Local,Yes,3
050278,PROVIDENCE HOLY CROSS MEDICAL CENTER,MISSION HILLS,CA,91346,Acute Care Hospitals,Voluntary non-profit - Church,Yes,4
050279,HI-DESERT MEDICAL CENTER,JOSHUA TREE,CA,92252,Acute Care Hospitals,Government - Hospital District or Authority,Yes,Not Available
05027F,VA LONG BEACH HEALTHCARE SYSTEM,LONG BEACH,CA,90822,Acute Care - Veterans Administration,Veterans Health Administration,Yes,3
050280,MERCY MEDICAL CENTER REDDING,REDDING,CA,96001,Acute Care Hospitals,Voluntary non-profit - Private,Yes,2
050281,ALHAMBRA HOSPITAL MEDICAL CENTER,ALHAMBRA,CA,91801,Acute Care Hospitals,Proprietary,No,3
050283,STANFORD HEALTH CARE TRI-VALLEY,PLEASANTON,CA,94588,Acute Care Hospitals,Voluntary non-profit - Private,Yes,4
050289,AHMC SETON MEDICAL CENTER,DALY CITY,CA,94015,Acute Care Hospitals,Voluntary non-profit - Church,Yes,1
050290,SAINT JOHN'S HEALTH CENTER,SANTA MONICA,CA,90404,Acute Care Hospitals,Voluntary non-profit - Private,Yes,4
050291,SUTTER SANTA ROSA REGIONAL HOSPITAL,SANTA ROSA,CA,95403,Acute Care Hospitals,Voluntary non-profit - Other,Yes,4
050292,RIVERSIDE UNIVERSITY HEALTH SYSTEM-MEDICAL CENTER,MORENO VALLEY,CA,92555,Acute Care Hospitals,Government - Local,Yes,3
050295,MERCY HOSPITAL,BAKERSFIELD,CA,93301,Acute Care Hospitals,Voluntary non-profit - Other,Yes,3
050298,BARSTOW COMMUNITY HOSPITAL,BARSTOW,CA,92311,Acute Care Hospitals,Proprietary,Yes,1
050300,PROVIDENCE ST MARY MEDICAL CENTER,APPLE VALLEY,CA,92307,Acute Care Hospitals,Voluntary non-profit - Private,Yes,1
050301,ADVENTIST HEALTH UKIAH VALLEY,UKIAH,CA,95482,Acute Care Hospitals,Voluntary non-profit - Private,Yes,4
050305,ALTA BATES SUMMIT MEDICAL CENTER - ALTA BATES CAMP,BERKELEY,CA,94705,Acute Care Hospitals,Voluntary non-profit - Private,Yes,3
050308,EL CAMINO HEALTH,MOUNTAIN VIEW,CA,94040,Acute Care Hospitals,Government - Hospital District or Authority,Yes,4
050309,SUTTER ROSEVILLE MEDICAL CENTER,ROSEVILLE,CA,95661,Acute Care Hospitals,Voluntary non-profit - Private,Yes,3
05030F,VA N CALIFORNIA HEALTHCARE SYSTEM,MATHER,CA,95655,Acute Care - Veterans Administration,Veterans Health Administration,Yes,4
050313,SUTTER TRACY COMMUNITY HOSPITAL,TRACY,CA,95376,Acute Care Hospitals,Voluntary non-profit - Private,Yes,4
050315,KERN MEDICAL CENTER,BAKERSFIELD,CA,93306,Acute Care Hospitals,Government - Hospital District or Authority,Yes,2
05031F,PALO ALTO VA MEDICAL CENTER,PALO ALTO,CA,94304,Acute Care - Veterans Administration,Veterans Health Administration,Yes,5
050320,HIGHLAND HOSPITAL,OAKLAND,CA,94602,Acute Care Hospitals,Government - Hospital District or Authority,Yes,1
050324,SCRIPPS MEMORIAL HOSPITAL LA JOLLA,LA JOLLA,CA,92037,Acute Care Hospitals,Physician,Yes,5
050327,LOMA LINDA UNIVERSITY MEDICAL CENTER,LOMA LINDA,CA,92354,Acute Care Hospitals,Voluntary non-profit - Private,Yes,3
050329,CORONA REGIONAL MEDICAL CENTER,CORONA,CA,92882,Acute Care Hospitals,Proprietary,Yes,3
050334,SALINAS VALLEY MEMORIAL HOSPITAL,SALINAS,CA,93901,Acute Care Hospitals,Voluntary non-profit - Other,Yes,4
050335,ADVENTIST HEALTH SONORA,SONORA,CA,95370,Acute Care Hospitals,Voluntary non-profit - Church,No,3
050336,ADVENTIST HEALTH LODI MEMORIAL,LODI,CA,95240,Acute Care Hospitals,Voluntary non-profit - Other,Yes,3
050342,PIONEERS MEMORIAL HEALTHCARE DISTRICT,BRAWLEY,CA,92227,Acute Care Hospitals,Government - Hospital District or Authority,Yes,2
050348,UCI HEALTH-ORANGE,ORANGE,CA,92868,Acute Care Hospitals,Government - Local,Yes,4
050350,ADVENTIST HEALTH WHITE MEMORIAL MONTEBELLO,MONTEBELLO,CA,90640,Acute Care Hospitals,Voluntary non-profit - Private,Yes,2
050351,TORRANCE MEMORIAL MEDICAL CENTER,TORRANCE,CA,90509,Acute Care Hospitals,Voluntary non-profit - Other,Yes,4
050352,BARTON MEMORIAL HOSPITAL,SOUTH LAKE TAHOE,CA,96150,Acute Care Hospitals,Voluntary non-profit - Private,Yes,4
050353,PROVIDENCE LITTLE COMPANY OF MARY MED CTR TORRANCE,TORRANCE,CA,90503,Acute Care Hospitals,Voluntary non-profit - Church,No,4
050357,GOLETA VALLEY COTTAGE HOSPITAL,SANTA BARBARA,CA,93111,Acute Care Hospitals,Voluntary non-profit - Other,Yes,5
050360,MARINHEALTH MEDICAL CENTER,GREENBRAE,CA,94904,Acute Care Hospitals,Government - Hospital District or Authority,Yes,4
050367,NORTHBAY MEDICAL CENTER,FAIRFIELD,CA,94533,Acute Care Hospitals,Voluntary non-profit - Private,Yes,3
050373,LOS ANGELES GENERAL MEDICAL CENTER,LOS ANGELES,CA,90033,Acute Care Hospitals,Government - Local,Yes,2
050376,LAC/HARBOR-UCLA MED CENTER,TORRANCE,CA,90509,Acute Care Hospitals,Government - Local,Yes,1
050378,PACIFICA HOSPITAL OF THE VALLEY,SUN VALLEY,CA,91352,Acute Care Hospitals,Proprietary,Yes,1
050380,GOOD SAMARITAN HOSPITAL,SAN JOSE,CA,95124,Acute Care Hospitals,Proprietary,Yes,2
050382,EMANATE HEALTH INTER-COMMUNITY HOSPITAL,COVINA,CA,91723,Acute Care Hospitals,Proprietary,Yes,1
050390,HEMET GLOBAL MEDICAL CENTER,HEMET,CA,92543,Acute Care Hospitals,Proprietary,Yes,1
050393,PIH HEALTH DOWNEY HOSPITAL,DOWNEY,CA,90241,Acute Care Hospitals,Voluntary non-profit - Private,Yes,3
050394,COMMUNITY MEMORIAL HOSPITAL - VENTURA,VENTURA,CA,93003,Acute Care Hospitals,Voluntary non-profit - Private,Yes,4
050396,SANTA BARBARA COTTAGE HOSPITAL,SANTA BARBARA,CA,93105,Acute Care Hospitals,Voluntary non-profit - Private,Yes,5
05039F,NH Twentynine Palms,Twentynine Palms,CA,92278,Acute Care - Department of Defense,Department of Defense,Yes,Not Available
050407,CHINESE HOSPITAL,SAN FRANCISCO,CA,94133,Acute Care Hospitals,Voluntary non-profit - Private,Yes,3
050411,KAISER FOUNDATION HOSPITAL - SOUTH BAY,HARBOR CITY,CA,90710,Acute Care Hospitals,Voluntary non-profit - Other,No,4
050414,MERCY HOSPITAL OF FOLSOM,FOLSOM,CA,95630,Acute Care Hospitals,Voluntary non-profit - Private,Yes,4
050417,SUTTER COAST HOSPITAL,CRESCENT CITY,CA,95531,Acute Care Hospitals,Government - Hospital District or Authority,Yes,2
05041F,Weed ACH (FT Irwin),Fort Irwin,CA,92310,Acute Care - Department of Defense,Department of Defense,Yes,Not Available
050424,SCRIPPS GREEN HOSPITAL,LA JOLLA,CA,92037,Acute Care Hospitals,Voluntary non-profit - Other,No,5
050425,KAISER FOUNDATION HOSPITAL - SACRAMENTO,SACRAMENTO,CA,95825,Acute Care Hospitals,Voluntary non-profit - Private,Yes,3
050426,WEST ANAHEIM MEDICAL CENTER,ANAHEIM,CA,92804,Acute Care Hospitals,Proprietary,Yes,2
050438,HUNTINGTON HOSPITAL,PASADENA,CA,91109,Acute Care Hospitals,Voluntary non-profit - Other,Yes,2
050441,STANFORD HEALTH CARE,STANFORD,CA,94305,Acute Care Hospitals,Voluntary non-profit - Private,Yes,5
050444,MERCY MEDICAL CENTER,MERCED,CA,95340,Acute Care Hospitals,Voluntary non-profit - Private,Yes,2
050454,UCSF MEDICAL CENTER,SAN FRANCISCO,CA,94143,Acute Care Hospitals,Voluntary non-profit - Other,Yes,5
050455,ADVENTIST HEALTH BAKERSFIELD,BAKERSFIELD,CA,93301,Acute Care Hospitals,Voluntary non-profit - Private,Yes,1
050457,UCSF HEALTH ST. MARY'S HOSPITAL,SAN FRANCISCO,CA,94117,Acute Care Hospitals,Voluntary non-profit - Private,Yes,4
050464,DOCTORS MEDICAL CENTER,MODESTO,CA,95350,Acute Care Hospitals,Proprietary,Yes,1
050468,MEMORIAL HOSPITAL OF GARDENA,GARDENA,CA,90247,Acute Care Hospitals,Proprietary,Yes,1
050471,PIH HEALTH GOOD SAMARITAN HOSPITAL,LOS ANGELES,CA,90017,Acute Care Hospitals,Proprietary,No,2
050481,UCLA WEST VALLEY MEDICAL CENTER,WEST HILLS,CA,91307,Acute Care Hospitals,Proprietary,Yes,2
050485,MEMORIALCARE LONG BEACH MEDICAL CENTER,LONG BEACH,CA,90806,Acute Care Hospitals,Voluntary non-profit - Other,No,2
050488,EDEN MEDICAL CENTER,CASTRO VALLEY,CA,94546,Acute Care Hospitals,Voluntary non-profit - Other,Yes,4
050492,CLOVIS COMMUNITY MEDICAL CENTER,CLOVIS,CA,93611,Acute Care Hospitals,Voluntary non-profit - Private,Yes,2
050496,JOHN MUIR MEDICAL CENTER - CONCORD CAMPUS,CONCORD,CA,94520,Acute Care Hospitals,Voluntary non-profit - Private,Yes,4
050498,SUTTER AUBURN FAITH HOSPITAL,AUBURN,CA,95603,Acute Care Hospitals,Voluntary non-profit - Private,Yes,4
050503,SCRIPPS MEMORIAL HOSPITAL - ENCINITAS,ENCINITAS,CA,92024,Acute Care Hospitals,Voluntary non-profit - Private,Yes,5
050506,ADVENTIST HEALTH SIERRA VISTA,SAN LUIS OBISPO,CA,93405,Acute Care Hospitals,Proprietary,Yes,3
050510,KAISER FOUNDATION HOSPITAL,SAN RAFAEL,CA,94903,Acute Care Hospitals,Voluntary non-profit - Private,Yes,4
050512,KAISER FOUNDATION HOSPITAL - FREMONT,FREMONT,CA,94538,Acute Care Hospitals,Voluntary non-profit - Private,Yes,4
050515,KAISER FOUNDATION HOSPITAL - SAN DIEGO,SAN DIEGO,CA,92120,Acute Care Hospitals,Voluntary non-profit - Private,Yes,4
050516,MERCY SAN JUAN MEDICAL CENTER,CARMICHAEL,CA,95608,Acute Care Hospitals,Voluntary non-profit - Private,Yes,3
050517,VICTOR VALLEY GLOBAL MEDICAL CENTER,VICTORVILLE,CA,92395,Acute Care Hospitals,Voluntary non-profit - Private,Yes,1
050523,SUTTER DELTA MEDICAL CENTER,ANTIOCH,CA,94509,Acute Care Hospitals,Voluntary non-profit - Private,Yes,3
050526,HUNTINGTON BEACH HOSPITAL,HUNTINGTON BEACH,CA,92647,Acute Care Hospitals,Proprietary,Yes,Not Available
050528,MEMORIAL HOSPITAL LOS BANOS,LOS BANOS,CA,93635,Acute Care Hospitals,Voluntary non-profit - Private,Yes,Not Available
050534,JOHN F KENNEDY MEMORIAL HOSPITAL,INDIO,CA,92201,Acute Care Hospitals,Proprietary,Yes,3
050537,SUTTER DAVIS HOSPITAL,DAVIS,CA,95616,Acute Care Hospitals,Voluntary non-profit - Private,Yes,4
050541,KAISER FOUNDATION HOSPITAL - REDWOOD CITY,REDWOOD CITY,CA,94063,Acute Care Hospitals,Voluntary non-profit - Private,Yes,4
050543,COLLEGE HOSPITAL COSTA MESA,COSTA MESA,CA,92627,Acute Care Hospitals,Proprietary,No,Not Available
050546,PORTERVILLE DEVELOPMENTAL CENTER,PORTERVILLE,CA,93258,Acute Care Hospitals,Government - State,No,Not Available
050549,LOS ROBLES HOSPITAL & MEDICAL CENTER,THOUSAND OAKS,CA,91360,Acute Care Hospitals,Proprietary,Yes,4
050551,UCI HEALTH - LOS ALAMITOS,LOS ALAMITOS,CA,90720,Acute Care Hospitals,Proprietary,Yes,3
050557,MEMORIAL MEDICAL CENTER,MODESTO,CA,95355,Acute Care Hospitals,Voluntary non-profit - Private,Yes,2
050561,KAISER FOUNDATION HOSPITAL - WEST LA,LOS ANGELES,CA,90034,Acute Care Hospitals,Voluntary non-profit - Private,No,3
050567,PROVIDENCE MISSION HOSPITAL,MISSION VIEJO,CA,92691,Acute Care Hospitals,Voluntary non-profit - Private,Yes,4
050570,UCI HEALTH - FOUNTAIN VALLEY,FOUNTAIN VALLEY,CA,92708,Acute Care Hospitals,Proprietary,Yes,2
050573,EISENHOWER MEDICAL CENTER,RANCHO MIRAGE,CA,92270,Acute Care Hospitals,Proprietary,Yes,4
050580,LA PALMA INTERCOMMUNITY HOSPITAL,LA PALMA,CA,90623,Acute Care Hospitals,Proprietary,No,3
050581,UCI HEALTH-LAKEWOOD,LAKEWOOD,CA,90712,Acute Care Hospitals,Proprietary,Yes,2
050586,CHINO VALLEY MEDICAL CENTER,CHINO,CA,91710,Acute Care Hospitals,Proprietary,Yes,2
050588,SAN DIMAS COMMUNITY HOSPITAL,SAN DIMAS,CA,91773,Acute Care Hospitals,Proprietary,Yes,1
050589,UCI HEALTH - PLACENTIA LINDA,PLACENTIA,CA,92870,Acute Care Hospitals,Proprietary,No,2
050590,METHODIST HOSPITAL OF SACRAMENTO,SACRAMENTO,CA,95823,Acute Care Hospitals,Voluntary non-profit - Private,Yes,3
050597,EMANATE HEALTH FOOTHILL PRESBYTERIAN HOSPITAL,GLENDORA,CA,91740,Acute Care Hospitals,Voluntary non-profit - Private,No,3
050599,UNIVERSITY OF CALIFORNIA DAVIS MEDICAL CENTER,SACRAMENTO,CA,95817,Acute Care Hospitals,Government - Hospital District or Authority,Yes,3
050603,MEMORIALCARE SADDLEBACK MEDICAL CENTER,LAGUNA HILLS,CA,92653,Acute Care Hospitals,Voluntary non-profit - Private,Yes,4
050604,KAISER FOUNDATION HOSPITAL-SAN JOSE,SAN JOSE,CA,95119,Acute Care Hospitals,Voluntary non-profit - Private,Yes,4
050608,ADVENTIST HEALTH DELANO,DELANO,CA,93215,Acute Care Hospitals,Proprietary,Yes,Not Available
050609,KAISER FOUNDATION HOSPITAL - ORANGE COUNTY - ANAHEIM,ANAHEIM,CA,92806,Acute Care Hospitals,Voluntary non-profit - Private,Yes,4
050624,HENRY MAYO NEWHALL  HOSPITAL,VALENCIA,CA,91355,Acute Care Hospitals,Voluntary non-profit - Private,No,2
050625,CEDARS-SINAI MEDICAL CENTER,LOS ANGELES,CA,90048,Acute Care Hospitals,Voluntary non-profit - Other,Yes,5
050633,ADVENTIST HEALTH TWIN CITIES,TEMPLETON,CA,93465,Acute Care Hospitals,Proprietary,Yes,2
050636,PALOMAR MEDICAL CENTER POWAY,POWAY,CA,92064,Acute Care Hospitals,Government - Hospital District or Authority,Yes,4
050641,EAST LOS ANGELES DOCTORS HOSPITAL,LOS ANGELES,CA,90023,Acute Care Hospitals,Proprietary,Yes,Not Available
050663,LOS ANGELES COMMUNITY HOSPITAL,LOS ANGELES,CA,90023,Acute Care Hospitals,Proprietary,Yes,2
050668,LAGUNA HONDA HOSPITAL & REHABILITATION CENTER,SAN FRANCISCO,CA,94116,Acute Care Hospitals,Government - Local,No,Not Available
050674,KAISER FOUNDATION HOSP SO SACRAMENTO,SACRAMENTO,CA,95823,Acute Care Hospitals,Voluntary non-profit - Private,Yes,3
050677,KAISER FOUNDATION HOSPITAL - WOODLAND HILLS,WOODLAND HILLS,CA,91367,Acute Care Hospitals,Voluntary non-profit - Private,No,3
050678,MEMORIALCARE ORANGE COAST MEDICAL CENTER,FOUNTAIN VALLEY,CA,92708,Acute Care Hospitals,Proprietary,Yes,3
050684,MENIFEE GLOBAL MEDICAL CENTER,SUN CITY,CA,92585,Acute Care Hospitals,Proprietary,Yes,Not Available
050686,"KAISER FOUNDATION HOSPITAL, RIVERSIDE",RIVERSIDE,CA,92505,Acute Care Hospitals,Voluntary non-profit - Private,Yes,5
050689,SAN RAMON REGIONAL MEDICAL CENTER,SAN RAMON,CA,94583,Acute Care Hospitals,Proprietary,Yes,3
050690,KAISER FOUNDATION HOSPITAL-SANTA ROSA,SANTA ROSA,CA,95403,Acute Care Hospitals,Voluntary non-profit - Other,Yes,4
050696,KECK HOSPITAL OF USC,LOS ANGELES,CA,90033,Acute Care Hospitals,Voluntary non-profit - Other,No,4
050697,PATIENTS' HOSPITAL OF REDDING,REDDING,CA,96001,Acute Care Hospitals,Proprietary,No,Not Available
050701,SOUTHWEST HEALTHCARE RANCHO SPRINGS HOSPITAL,MURRIETA,CA,92562,Acute Care Hospitals,Proprietary,Yes,3
050704,MISSION COMMUNITY HOSPITAL,PANORAMA CITY,CA,91402,Acute Care Hospitals,Voluntary non-profit - Private,No,1
050708,FRESNO SURGICAL HOSPITAL,FRESNO,CA,93710,Acute Care Hospitals,Proprietary,No,Not Available
050709,DESERT VALLEY HOSPITAL,VICTORVILLE,CA,92395,Acute Care Hospitals,Proprietary,Yes,3
050710,KAISER FOUNDATION HOSPITAL - FRESNO,FRESNO,CA,93720,Acute Care Hospitals,Voluntary non-profit - Private,Yes,4
050714,SUTTER MATERNITY & SURGERY CENTER OF SANTA CRUZ,SANTA CRUZ,CA,95065,Acute Care Hospitals,Voluntary non-profit - Private,No,Not Available
050717,LAC/RANCHO LOS AMIGOS NATIONAL REHABILITATION  CTR,DOWNEY,CA,90242,Acute Care Hospitals,Government - Local,No,3
050723,KAISER FOUNDATION HOSPITAL - BALDWIN PARK,BALDWIN PARK,CA,91706,Acute Care Hospitals,Voluntary non-profit - Other,No,2
050726,STANISLAUS SURGICAL HOSPITAL,MODESTO,CA,95355,Acute Care Hospitals,Voluntary non-profit - Private,No,Not Available
050735,WHITTIER HOSPITAL MEDICAL CENTER,WHITTIER,CA,90605,Acute Care Hospitals,Proprietary,Yes,2
050736,MONTEREY PARK HOSPITAL,MONTEREY PARK,CA,91754,Acute Care Hospitals,Proprietary,No,1
050737,GARFIELD MEDICAL CENTER,MONTEREY PARK,CA,91754,Acute Care Hospitals,Proprietary,Yes,1
050738,GREATER EL MONTE COMMUNITY HOSPITAL,SOUTH EL MONTE,CA,91733,Acute Care Hospitals,Voluntary non-profit - Private,No,2
050739,CENTINELA HOSPITAL MEDICAL CENTER,INGLEWOOD,CA,90301,Acute Care Hospitals,Proprietary,No,2
050740,CEDAR-SINAI MARINA DEL REY HOSPITAL,MARINA DEL REY,CA,90292,Acute Care Hospitals,Proprietary,Yes,4
050744,ANAHEIM GLOBAL MEDICAL CENTER,ANAHEIM,CA,92805,Acute Care Hospitals,Proprietary,No,Not Available
050745,CHAPMAN GLOBAL MEDICAL CENTER,ORANGE,CA,92869,Acute Care Hospitals,Proprietary,No,1
050746,ORANGE COUNTY GLOBAL MEDICAL CENTER,SANTA ANA,CA,92705,Acute Care Hospitals,Proprietary,Yes,2
050747,COASTAL COMMUNITIES HOSPITAL,SANTA ANA,CA,92704,Acute Care Hospitals,Proprietary,Yes,Not Available
050748,KAISER FOUNDATION HOSPITAL MANTECA,MANTECA,CA,95337,Acute Care Hospitals,Voluntary non-profit - Private,Yes,4
050755,SHERMAN OAKS HOSPITAL,SHERMAN OAKS,CA,91403,Acute Care Hospitals,Voluntary non-profit - Private,Yes,2
050758,MONTCLAIR HOSPITAL MEDICAL CENTER,MONTCLAIR,CA,91763,Acute Care Hospitals,Voluntary non-profit - Private,Yes,3
050760,KAISER FOUNDATION HOSPITAL - ANTIOCH,ANTIOCH,CA,94531,Acute Care Hospitals,Voluntary non-profit - Private,Yes,3
050761,PROVIDENCE CEDARS SINAI TARZANA MEDICAL CENTER,TARZANA,CA,91356,Acute Care Hospitals,Voluntary non-profit - Private,Yes,3
050763,L A DOWNTOWN MEDICAL CENTER,LOS ANGELES,CA,90026,Acute Care Hospitals,Proprietary,No,2
050764,SHASTA REGIONAL MEDICAL CENTER,REDDING,CA,96001,Acute Care Hospitals,Proprietary,Yes,1
050765,KAISER FOUNDATION HOSPITAL-MORENO VALLEY,MORENO VALLEY,CA,92555,Acute Care Hospitals,Voluntary non-profit - Other,Yes,4
050766,SUTTER SURGICAL HOSPITAL - NORTH VALLEY,YUBA CITY,CA,95991,Acute Care Hospitals,Physician,No,Not Available
050767,KAISER FOUNDATION HOSPITAL - VACAVILLE,VACAVILLE,CA,95688,Acute Care Hospitals,Voluntary non-profit - Private,Yes,4
050769,HOAG ORTHOPEDIC INSTITUTE,IRVINE,CA,92618,Acute Care Hospitals,Proprietary,No,Not Available
050770,LOMA LINDA UNIVERSITY MEDICAL CENTER-MURRIETA,MURRIETA,CA,92563,Acute Care Hospitals,Voluntary non-profit - Private,Yes,2
050771,COAST PLAZA HOSPITAL,NORWALK,CA,90650,Acute Care Hospitals,Proprietary,Yes,1
050772,KAISER FOUNDATION HOSPITAL - ROSEVILLE,ROSEVILLE,CA,95661,Acute Care Hospitals,Voluntary non-profit - Private,Yes,4
050775,TEMECULA VALLEY HOSPITAL,TEMECULA,CA,92592,Acute Care Hospitals,Proprietary,Yes,3
050776,COLLEGE MEDICAL CENTER,LONG BEACH,CA,90806,Acute Care Hospitals,Proprietary,Yes,2
050777,KAISER FOUNDATION HOSPITAL - SAN LEANDRO,SAN LEANDRO,CA,94577,Acute Care Hospitals,Voluntary non-profit - Private,Yes,2
050778,LOMA LINDA UNIVERSITY CHILDREN'S HOSPITAL,LOMA LINDA,CA,92354,Acute Care Hospitals,Voluntary non-profit - Church,No,3
050779,"MARTIN LUTHER KING, JR. COMMUNITY HOSPITAL",LOS ANGELES,CA,90059,Acute Care Hospitals,Voluntary non-profit - Private,Yes,3
050780,FOOTHILL REGIONAL MEDICAL CENTER,TUSTIN,CA,92780,Acute Care Hospitals,Proprietary,No,Not Available
050782,CASA COLINA HOSPITAL,POMONA,CA,91767,Acute Care Hospitals,Voluntary non-profit - Private,No,3
050783,COLUSA MEDICAL CENTER,COLUSA,CA,95932,Acute Care Hospitals,Proprietary,Yes,4
050784,ADVENTIST HEALTH TULARE,TULARE,CA,93274,Acute Care Hospitals,Voluntary non-profit - Private,Yes,Not Available
050785,DOCS SURGICAL HOSPITAL,LOS ANGELES,CA,90036,Acute Care Hospitals,Physician,No,Not Available
050854,"ANAHEIM COMMUNITY HOSPITAL, LLC",ANAHEIM,CA,92804,Acute Care Hospitals,Proprietary,No,Not Available
050855,KAISER FOUNDATION HOSPITAL - SAN MARCOS,SAN MARCOS,CA,92078,Acute Care Hospitals,Voluntary non-profit - Private,Yes,Not Available
05114F,VA SAN DIEGO HEALTHCARE SYSTEM,SAN DIEGO,CA,92161,Acute Care - Veterans Administration,Veterans Health Administration,Yes,5
05127F,LOMA LINDA VA MEDICAL CENTER,LOMA LINDA,CA,92357,Acute Care - Veterans Administration,Veterans Health Administration,Yes,4
05128F,VA GREATER LOS ANGELES HEALTHCARE SYSTEM,LOS ANGELES,CA,90073,Acute Care - Veterans Administration,Veterans Health Administration,Yes,3
051300,EASTERN PLUMAS HOSPITAL - PORTOLA CAMPUS,PORTOLA,CA,96122,Critical Access Hospitals,Government - Hospital District or Authority,Yes,Not Available
051301,ADVENTIST HEALTH TEHACHAPI VALLEY,TEHACHAPI,CA,93561,Critical Access Hospitals,Voluntary non-profit - Private,Yes,Not Available
051302,SOUTHERN INYO HOSPITAL,LONE PINE,CA,93545,Critical Access Hospitals,Government - Hospital District or Authority,Yes,Not Available
051303,MAMMOTH HOSPITAL,MAMMOTH LAKES,CA,93546,Critical Access Hospitals,Government - Hospital District or Authority,Yes,Not Available
051304,JOHN C FREMONT HEALTHCARE DISTRICT,MARIPOSA,CA,95338,Critical Access Hospitals,Government - Hospital District or Authority,Yes,Not Available
051305,MAYERS MEMORIAL HOSPITAL,FALL RIVER MILLS,CA,96028,Critical Access Hospitals,Government - Hospital District or Authority,Yes,Not Available
051306,GLENN MEDICAL CENTER,WILLOWS,CA,95988,Critical Access Hospitals,Proprietary,Yes,Not Available
051307,CATALINA ISLAND MEDICAL CENTER,AVALON,CA,90704,Critical Access Hospitals,Voluntary non-profit - Private,Yes,Not Available
051308,SURPRISE VALLEY COMMUNITY HOSPITAL,CEDARVILLE,CA,96104,Critical Access Hospitals,Government - Hospital District or Authority,Yes,Not Available
051309,JEROLD PHELPS COMMUNITY HOSPITAL,GARBERVILLE,CA,95542,Critical Access Hospitals,Government - Hospital District or Authority,Yes,Not Available
05130F,SAN FRANCISCO VA MEDICAL CENTER,SAN FRANCISCO,CA,94121,Acute Care - Veterans Administration,Veterans Health Administration,Yes,4
051310,ADVENTIST HEALTH HOWARD MEMORIAL,WILLITS,CA,95490,Critical Access Hospitals,Voluntary non-profit - Private,No,5
051311,ORCHARD HOSPITAL,GRIDLEY,CA,95948,Critical Access Hospitals,Voluntary non-profit - Private,Yes,Not Available
051312,MOUNTAINS COMMUNITY HOSPITAL,LAKE ARROWHEAD,CA,92352,Critical Access Hospitals,Government - Hospital District or Authority,Yes,Not Available
051314,KERN VALLEY HEALTHCARE DISTRICT,LAKE ISABELLA,CA,93240,Critical Access Hospitals,Government - Hospital District or Authority,Yes,Not Available
051315,TRINITY HOSPITAL,WEAVERVILLE,CA,96093,Critical Access Hospitals,Government - Hospital District or Authority,Yes,Not Available
051316,FAIRCHILD MEDICAL CENTER,YREKA,CA,96097,Critical Access Hospitals,Voluntary non-profit - Other,Yes,1
051317,ADVENTIST HEALTH CLEARLAKE,CLEARLAKE,CA,95422,Critical Access Hospitals,Voluntary non-profit - Private,Yes,1
051318,PROVIDENCE REDWOOD MEMORIAL HOSPITAL,FORTUNA,CA,95540,Critical Access Hospitals,Voluntary non-profit - Private,Yes,Not Available
051319,MERCY MEDICAL CENTER OF MT SHASTA,MOUNT SHASTA,CA,96067,Critical Access Hospitals,Voluntary non-profit - Other,Yes,3
051320,BANNER LASSEN MEDICAL CENTER,SUSANVILLE,CA,96130,Critical Access Hospitals,Voluntary non-profit - Private,Yes,3
051321,HEALDSBURG HOSPITAL,HEALDSBURG,CA,95448,Critical Access Hospitals,Voluntary non-profit - Private,Yes,Not Available
051323,COLORADO RIVER MEDICAL CENTER,NEEDLES,CA,92363,Critical Access Hospitals,Voluntary non-profit - Private,Yes,Not Available
051324,NORTHERN INYO HOSPITAL,BISHOP,CA,93514,Critical Access Hospitals,Government - Hospital District or Authority,Yes,Not Available
051325,ADVENTIST HEALTH MENDOCINO COAST,FORT BRAGG,CA,95437,Critical Access Hospitals,Voluntary non-profit - Private,Yes,1
051326,PLUMAS DISTRICT HOSPITAL,QUINCY,CA,95971,Critical Access Hospitals,Government - Hospital District or Authority,Yes,Not Available
051327,SENECA DISTRICT HOSPITAL,CHESTER,CA,96020,Critical Access Hospitals,Government - Hospital District or Authority,Yes,Not Available
051328,TAHOE FOREST HOSPITAL,TRUCKEE,CA,96161,Critical Access Hospitals,Government - Hospital District or Authority,Yes,Not Available
051329,SUTTER LAKESIDE HOSPITAL,LAKEPORT,CA,95453,Critical Access Hospitals,Voluntary non-profit - Private,Yes,5
051330,MODOC MEDICAL CENTER,ALTURAS,CA,96101,Critical Access Hospitals,Government - Hospital District or Authority,Yes,Not Available
051331,SANTA YNEZ VALLEY COTTAGE HOSPITAL,SOLVANG,CA,93463,Critical Access Hospitals,Voluntary non-profit - Private,Yes,Not Available
051332,MARK TWAIN MEDICAL CENTER,SAN ANDREAS,CA,95249,Critical Access Hospitals,Voluntary non-profit - Other,No,3
051333,RIDGECREST REGIONAL HOSPITAL,RIDGECREST,CA,93555,Critical Access Hospitals,Voluntary non-profit - Private,Yes,Not Available
051334,COMMUNITY MEMORIAL HOSPITAL - OJAI,OJAI,CA,93023,Critical Access Hospitals,Voluntary non-profit - Private,Yes,Not Available
051335,BEAR VALLEY COMMUNITY HOSPITAL,BIG BEAR LAKE,CA,92315,Critical Access Hospitals,Government - Hospital District or Authority,Yes,Not Available
051336,SOUTHERN MONTEREY COUNTY MEMORIAL HOSPITAL,KING CITY,CA,93930,Critical Access Hospitals,Voluntary non-profit - Other,Yes,Not Available
051337,HAZEL HAWKINS MEMORIAL HOSPITAL,HOLLISTER,CA,95032,Critical Access Hospitals,Government - Hospital District or Authority,Yes,Not Available
051338,COALINGA REGIONAL MEDICAL CENTER,COALINGA,CA,93210,Critical Access Hospitals,Government - Hospital District or Authority,Yes,Not Available
051339,PALO VERDE HOSPITAL,BLYTHE,CA,92225,Critical Access Hospitals,Government - Hospital District or Authority,No,Not Available
053300,VALLEY CHILDREN'S HOSPITAL,MADERA,CA,93636,Childrens,Voluntary non-profit - Private,Yes,Not Available
053301,UCSF BENIOFF CHILDREN'S HOSPITAL OAKLAND,OAKLAND,CA,94609,Childrens,Voluntary non-profit - Private,Yes,Not Available
053302,CHILDREN'S HOSP OF LOS ANGELES,LOS ANGELES,CA,90027,Childrens,Voluntary non-profit - Private,Yes,Not Available
053303,RADY CHILDREN'S HOSPITAL - SAN DIEGO,SAN DIEGO,CA,92123,Childrens,Voluntary non-profit - Other,No,Not Available
053304,CHILDREN'S HOSPITAL OF ORANGE COUNTY,ORANGE,CA,92868,Childrens,Voluntary non-profit - Other,No,Not Available
053305,LUCILE SALTER PACKARD CHILDREN'S HSP AT STANFORD,PALO ALTO,CA,94304,Childrens,Voluntary non-profit - Private,No,Not Available
053306,CHILDREN'S HOSPITAL AT MISSION,MISSION VIEJO,CA,92691,Childrens,Voluntary non-profit - Private,Yes,Not Available
053308,HEALTHBRIDGE CHILDREN'S HOSPITAL - ORANGE,ORANGE,CA,92866,Childrens,Proprietary,No,Not Available
053309,MEMORIAL CARE MILLER CHILDREN'S &  WOMEN'S HOSP LB,LONG BEACH,CA,90806,Childrens,Voluntary non-profit - Other,No,Not Available
053311,SHRINERS HOSPITALS FOR CHILDREN NORTHERN CALIF,SACRAMENTO,CA,95817,Childrens,Voluntary non-profit - Private,No,Not Available
054009,RESNICK NEUROPSYCHIATRIC HOSPITAL AT UCLA,LOS ANGELES,CA,90095,Psychiatric,Government - State,Yes,Not Available
054028,GATEWAYS HOSP  MENTAL HEALTH CTR,LOS ANGELES,CA,90026,Psychiatric,Proprietary,No,Not Available
054032,BHC ALHAMBRA HOSPITAL,ROSEMEAD,CA,91770,Psychiatric,Proprietary,No,Not Available
054053,DEL AMO HOSPITAL,TORRANCE,CA,90505,Psychiatric,Proprietary,Yes,Not Available
054055,COLLEGE HOSPITAL,CERRITOS,CA,90703,Psychiatric,Proprietary,No,Not Available
054069,AURORA CHARTER OAK,COVINA,CA,91724,Psychiatric,Voluntary non-profit - Church,Yes,Not Available
054074,ADVENTIST HEALTH VALLEJO,VALLEJO,CA,94590,Psychiatric,Voluntary non-profit - Private,No,Not Available
054075,ALVARADO PARKWAY INSTITUTE BEHAVIORAL HEALTH SYSTE,LA MESA,CA,91942,Psychiatric,Voluntary non-profit - Private,No,Not Available
054077,AURORA VISTA DEL MAR HOSPITAL,VENTURA,CA,93001,Psychiatric,Proprietary,No,Not Available
054078,AURORA LAS ENCINAS,PASADENA,CA,91107,Psychiatric,Proprietary,No,Not Available
054087,"BHC SIERRA VISTA HOSPITAL, INC",SACRAMENTO,CA,95823,Psychiatric,Proprietary,No,Not Available
054089,JEWISH HOME & REHAB CENTER,SAN FRANCISCO,CA,94112,Psychiatric,Voluntary non-profit - Private,No,Not Available
054095,AURORA SAN DIEGO,SAN DIEGO,CA,92128,Psychiatric,Proprietary,No,Not Available
054096,SUTTER CENTER FOR PSYCHIATRY,SACRAMENTO,CA,95826,Psychiatric,Voluntary non-profit - Private,No,Not Available
054104,HERITAGE OAKS HOSPITAL,SACRAMENTO,CA,95841,Psychiatric,Proprietary,Yes,Not Available
054110,BHC FREMONT HOSPITAL INC,FREMONT,CA,94538,Psychiatric,Proprietary,No,Not Available
054111,CANYON RIDGE HOSPITAL,CHINO,CA,91710,Psychiatric,Proprietary,No,Not Available
054122,DEPT OF STATE HOSPITALS - NAPA,NAPA,CA,94558,Psychiatric,Government - State,No,Not Available
054123,ST JOSEPH'S BEHAVIORAL HEALTH CENTER,STOCKTON,CA,95204,Psychiatric,Voluntary non-profit - Private,No,Not Available
054124,SEMPERVIRENS,EUREKA,CA,95501,Psychiatric,Government - Local,Yes,Not Available
054125,SANTA BARBARA COUNTY PSYCHIATRIC HEALTH FACILITY,SANTA BARBARA,CA,93110,Psychiatric,Government - Local,No,Not Available
054130,PACIFIC GROVE HOSPITAL,RIVERSIDE,CA,92506,Psychiatric,Proprietary,No,Not Available
054131,JOHN MUIR BEHAVIORAL HEALTH CENTER,CONCORD,CA,94520,Psychiatric,Voluntary non-profit - Private,Yes,Not Available
054133,DEPT OF STATE HOSPITALS - METROPOLITAN - PSY,NORWALK,CA,90650,Psychiatric,Government - State,Yes,Not Available
054144,UCSF LANGLEY PORTER PSYCHIATRIC HOSPITAL AND CLINICS,SAN FRANCISCO,CA,94143,Psychiatric,Government - State,No,Not Available
054145,SHARP MESA VISTA HOSPITAL,SAN DIEGO,CA,92123,Psychiatric,Voluntary non-profit - Private,No,Not Available
054146,TELECARE HERITAGE PSYCHIATRIC HEALTH FACILITY,OAKLAND,CA,94601,Psychiatric,Proprietary,No,Not Available
054147,JOYCE EISENBERG KEEFER MEDICAL CENTER,RESEDA,CA,91335,Psychiatric,Voluntary non-profit - Private,No,Not Available
054148,TARZANA TREATMENT CENTER,TARZANA,CA,91356,Psychiatric,Voluntary non-profit - Private,No,Not Available
054149,WILLOW ROCK CENTER,SAN LEANDRO,CA,94578,Psychiatric,Proprietary,No,Not Available
054150,KAISER PERMANENTE PSYCHIATRIC HEALTH FACILITY-SANT,SANTA CLARA,CA,95051,Psychiatric,Proprietary,Yes,Not Available
054151,"AURORA BEHAVIORAL HEALTHCARE-SANTA ROSA, LLC",SANTA ROSA,CA,95401,Psychiatric,Proprietary,No,Not Available
054152,SANTA CRUZ COUNTY PSYCHIATRIC HEALTH FACILITY,SANTA CRUZ,CA,95062,Psychiatric,Proprietary,No,Not Available
054153,OCEAN VIEW PSYCHIATRIC HEALTH FACILITY,LONG BEACH,CA,90806,Psychiatric,Proprietary,No,Not Available
054154,SAN JOSE BEHAVIORAL HEALTH,SAN JOSE,CA,95138,Psychiatric,Proprietary,No,Not Available
054155,"BAKERSFIELD BEHAVIORAL HEALTHCARE HOSPITAL, LLC",BAKERSFIELD,CA,93309,Psychiatric,Proprietary,No,Not Available
054157,GLENDORA  HOSPITAL,GLENDORA,CA,91740,Psychiatric,Voluntary non-profit - Private,No,Not Available
054158,"ALISO RIDGE BEHAVIORAL HEALTH, LLC",ALISO VIEJO,CA,92656,Psychiatric,Proprietary,No,Not Available
054159,"SACRAMENTO BEHAVIORAL HEALTHCARE HOSPITAL, LLC",NORTH SACRAMENTO,CA,95815,Psychiatric,Proprietary,No,Not Available
054160,RIVER VISTA BEHAVIORAL HEALTH,MADERA,CA,93636,Psychiatric,Proprietary,No,Not Available
060001,BANNER NORTH COLORADO MEDICAL CENTER,GREELEY,CO,80631,Acute Care Hospitals,Voluntary non-profit - Private,Yes,4
060003,LONGMONT UNITED HOSPITAL,LONGMONT,CO,80501,Acute Care Hospitals,Voluntary non-profit - Private,Yes,4
060004,INTERMOUNTAIN HEALTH PLATTE VALLEY HOSPITAL,BRIGHTON,CO,80601,Acute Care Hospitals,Voluntary non-profit - Private,Yes,3
060006,MONTROSE REGIONAL HEALTH,MONTROSE,CO,81401,Acute Care Hospitals,Voluntary non-profit - Private,Yes,3
060008,SAN LUIS VALLEY REGIONAL  MEDICAL CENTER,ALAMOSA,CO,81101,Acute Care Hospitals,Voluntary non-profit - Private,Yes,1
060009,LUTHERAN MEDICAL CENTER,WHEAT RIDGE,CO,80033,Acute Care Hospitals,Voluntary non-profit - Private,Yes,4
060010,POUDRE VALLEY HOSPITAL,FORT COLLINS,CO,80524,Acute Care Hospitals,Voluntary non-profit - Private,Yes,5
060011,DENVER HEALTH & HOSPITAL AUTHORITY,DENVER,CO,80204,Acute Care Hospitals,Government - State,Yes,3
060012,ST MARY-CORWIN HOSPITAL,PUEBLO,CO,81004,Acute Care Hospitals,Voluntary non-profit - Church,No,3
060013,MERCY REGIONAL MEDICAL CENTER,DURANGO,CO,81301,Acute Care Hospitals,Voluntary non-profit - Church,Yes,5
060014,HCA HEALTHONE PRESBYTERIAN ST LUKES,DENVER,CO,80218,Acute Care Hospitals,Government - State,Yes,3
060015,CENTURA HEALTH-ST ANTHONY HOSPITAL,LAKEWOOD,CO,80228,Acute Care Hospitals,Voluntary non-profit - Church,Yes,4
060020,"PARKVIEW MEDICAL CENTER, INC",PUEBLO,CO,81003,Acute Care Hospitals,Voluntary non-profit - Private,Yes,2
060022,UCH-MEMORIAL HEALTH SYSTEM,COLORADO SPRINGS,CO,80909,Acute Care Hospitals,Government - Local,Yes,4
060023,INTERMOUNTAIN HEALTH ST. MARY'S REGIONAL HOSPITAL,GRAND JUNCTION,CO,81501,Acute Care Hospitals,Voluntary non-profit - Church,Yes,4
060024,UNIVERSITY OF COLORADO HOSPITAL AUTHORITY,AURORA,CO,80045,Acute Care Hospitals,Government - Hospital District or Authority,Yes,5
060027,BOULDER COMMUNITY HEALTH,BOULDER,CO,80304,Acute Care Hospitals,Voluntary non-profit - Private,Yes,4
060028,SAINT JOSEPH HOSPITAL,DENVER,CO,80218,Acute Care Hospitals,Voluntary non-profit - Private,Yes,5
060030,BANNER MCKEE MEDICAL CENTER,LOVELAND,CO,80538,Acute Care Hospitals,Voluntary non-profit - Private,Yes,4
060031,CENTURA HEALTH-PENROSE ST FRANCIS HEALTH SERVICES,COLORADO SPRINGS,CO,80907,Acute Care Hospitals,Voluntary non-profit - Private,Yes,4
060032,HCA HEALTHONE ROSE,DENVER,CO,80220,Acute Care Hospitals,Proprietary,Yes,3
060034,HCA-HEALTHONE DBA SWEDISH MEDICAL CENTER,ENGLEWOOD,CO,80113,Acute Care Hospitals,Proprietary,Yes,4
06003F,Evans ACH (FT Carson),Fort Carson,CO,80913,Acute Care - Department of Defense,Department of Defense,Yes,Not Available
060044,ST ELIZABETH HOSPITAL,FORT MORGAN,CO,80701,Acute Care Hospitals,Voluntary non-profit - Other,Yes,Not Available
060049,UCHEALTH YAMPA VALLEY MEDICAL CENTER,STEAMBOAT SPRINGS,CO,80487,Acute Care Hospitals,Voluntary non-profit - Private,Yes,Not Available
060054,COMMUNITY HOSPITAL,GRAND JUNCTION,CO,81505,Acute Care Hospitals,Voluntary non-profit - Private,Yes,4
06005F,VA EASTERN COLORADO HEALTHCARE SYSTEM,AURORA,CO,80045,Acute Care - Veterans Administration,Veterans Health Administration,Yes,5
060064,AdventHealth Porter,DENVER,CO,80210,Acute Care Hospitals,Voluntary non-profit - Private,Yes,4
060065,HCA HEALTHONE MOUNTAIN RIDGE,THORNTON,CO,80229,Acute Care Hospitals,Voluntary non-profit - Private,Yes,2
060071,DELTA COUNTY MEMORIAL HOSPITAL,DELTA,CO,81416,Acute Care Hospitals,Government - Local,Yes,3
060075,VALLEY VIEW HOSPITAL ASSOCIATION,GLENWOOD SPRINGS,CO,81601,Acute Care Hospitals,Voluntary non-profit - Private,Yes,5
060076,STERLING REGIONAL MEDCENTER,STERLING,CO,80751,Acute Care Hospitals,Voluntary non-profit - Private,Yes,Not Available
06007F,GRAND JUNCTION VA MEDICAL CENTER,GRAND JUNCTION,CO,81501,Acute Care - Veterans Administration,Veterans Health Administration,Yes,5
060096,VAIL HEALTH HOSPITAL,VAIL,CO,81657,Acute Care Hospitals,Voluntary non-profit - Other,Yes,5
060100,THE MEDICAL CENTER OF AURORA & SOUTH HOSPITAL,AURORA,CO,80012,Acute Care Hospitals,Proprietary,Yes,3
060103,ADVENTHEALTH AVISTA,LOUISVILLE,CO,80027,Acute Care Hospitals,Voluntary non-profit - Church,No,4
060104,CENTURA HEALTH-ST ANTHONY NORTH HEALTH CAMPUS,WESTMINSTER,CO,80023,Acute Care Hospitals,Voluntary non-profit - Private,Yes,4
060107,NATIONAL JEWISH HEALTH,DENVER,CO,80206,Acute Care Hospitals,Voluntary non-profit - Private,Yes,Not Available
060112,SKY RIDGE MEDICAL CENTER,LONE TREE,CO,80124,Acute Care Hospitals,Voluntary non-profit - Other,Yes,3
060113,AdventHealth Littleton,LITTLETON,CO,80122,Acute Care Hospitals,Voluntary non-profit - Church,Yes,4
060114,AdventHealth Parker,PARKER,CO,80138,Acute Care Hospitals,Voluntary non-profit - Private,Yes,4
060116,GOOD SAMARITAN MEDICAL CENTER LLC,LAFAYETTE,CO,80026,Acute Care Hospitals,Voluntary non-profit - Private,Yes,4
060117,"ANIMAS SURGICAL HOSPITAL, LLC",DURANGO,CO,81301,Acute Care Hospitals,Physician,Yes,Not Available
060118,ST ANTHONY SUMMIT MEDICAL CENTER,FRISCO,CO,80443,Acute Care Hospitals,Voluntary non-profit - Church,Yes,Not Available
060119,MEDICAL CENTER OF THE ROCKIES,LOVELAND,CO,80538,Acute Care Hospitals,Voluntary non-profit - Private,Yes,4
060124,ORTHOCOLORADO HOSP AT ST ANTHONY MED CAMPUS,LAKEWOOD,CO,80228,Acute Care Hospitals,Proprietary,Yes,Not Available
060125,ADVENTHEALTH CASTLE ROCK,CASTLE ROCK,CO,80109,Acute Care Hospitals,Voluntary non-profit - Private,Yes,4
060126,BANNER FORT COLLINS MEDICAL CENTER,FORT COLLINS,CO,80528,Acute Care Hospitals,Voluntary non-profit - Other,Yes,Not Available
060128,LONGS PEAK HOSPITAL,LONGMONT,CO,80504,Acute Care Hospitals,Voluntary non-profit - Private,Yes,5
060129,UCHEALTH BROOMFIELD HOSPITAL,BROOMFIELD,CO,80021,Acute Care Hospitals,Proprietary,Yes,5
060130,UCHEALTH GRANDVIEW HOSPITAL,COLORADO SPRINGS,CO,80918,Acute Care Hospitals,Voluntary non-profit - Private,Yes,Not Available
060131,UCHEALTH GREELEY HOSPITAL,GREELEY,CO,80634,Acute Care Hospitals,Voluntary non-profit - Private,Yes,3
060132,UCHEALTH HIGHLANDS RANCH HOSPITAL,HIGHLANDS RANCH,CO,80129,Acute Care Hospitals,Voluntary non-profit - Private,Yes,5
060133,ST FRANCIS HOSPITAL - INTERQUEST,COLORADO SPRINGS,CO,80921,Acute Care Hospitals,Voluntary non-profit - Private,Yes,Not Available
061300,WEISBROD MEMORIAL COUNTY HOSPITAL,EADS,CO,81036,Critical Access Hospitals,Government - Hospital District or Authority,Yes,Not Available
061301,RIO GRANDE HOSPITAL,DEL NORTE,CO,81132,Critical Access Hospitals,Proprietary,Yes,5
061302,FAMILY HEALTH WEST HOSPITAL,FRUITA,CO,81521,Critical Access Hospitals,Voluntary non-profit - Private,Yes,Not Available
061303,EAST MORGAN COUNTY HOSPITAL,BRUSH,CO,80723,Critical Access Hospitals,Voluntary non-profit - Private,Yes,Not Available
061304,HAXTUN HOSPITAL DISTRICT,HAXTUN,CO,80731,Critical Access Hospitals,Government - Hospital District or Authority,Yes,Not Available
061305,MELISSA MEMORIAL HOSPITAL,HOLYOKE,CO,80734,Critical Access Hospitals,Government - Hospital District or Authority,Yes,Not Available
061306,LINCOLN HEALTH HOSPITAL,HUGO,CO,80821,Critical Access Hospitals,Voluntary non-profit - Other,Yes,Not Available
061307,RANGELY DISTRICT HOSPITAL,RANGELY,CO,81648,Critical Access Hospitals,Government - Hospital District or Authority,Yes,Not Available
061308,SAN LUIS VALLEY HEALTH CONEJOS COUNTY HOSPITAL,LA JARA,CO,81140,Critical Access Hospitals,Voluntary non-profit - Private,No,Not Available
061309,WRAY COMMUNITY DISTRICT HOSPITAL,WRAY,CO,80758,Critical Access Hospitals,Government - Hospital District or Authority,Yes,Not Available
061310,SEDGWICK COUNTY MEMORIAL HOSPITAL,JULESBURG,CO,80737,Critical Access Hospitals,Government - Local,Yes,Not Available
061311,SOUTHEAST COLORADO HOSPITAL DISTRICT,SPRINGFIELD,CO,81073,Critical Access Hospitals,Government - Hospital District or Authority,Yes,Not Available
061312,ESTES PARK MEDICAL CENTER,ESTES PARK,CO,80517,Critical Access Hospitals,Government - Hospital District or Authority,Yes,Not Available
061313,KIT CARSON COUNTY MEMORIAL HOSPITAL,BURLINGTON,CO,80807,Critical Access Hospitals,Government - Hospital District or Authority,Yes,Not Available
061314,"MEMORIAL HOSPITAL, THE",CRAIG,CO,81625,Critical Access Hospitals,Government - Local,Yes,Not Available
061315,YUMA DISTRICT HOSPITAL,YUMA,CO,80759,Critical Access Hospitals,Government - Hospital District or Authority,Yes,Not Available
061316,SPANISH PEAKS REGIONAL HEALTH CENTER,WALSENBURG,CO,81089,Critical Access Hospitals,Government - Hospital District or Authority,Yes,Not Available
061317,GRAND RIVER HOSPITAL DISTRICT,RIFLE,CO,81650,Critical Access Hospitals,Government - Hospital District or Authority,Yes,Not Available
061318,MIDDLE PARK MEDICAL CENTER,KREMMLING,CO,80459,Critical Access Hospitals,Government - Hospital District or Authority,Yes,Not Available
061319,ST VINCENT GENERAL HOSPITAL DISTRICT,LEADVILLE,CO,80461,Critical Access Hospitals,Government - Hospital District or Authority,Yes,Not Available
061320,GUNNISON VALLEY HOSPITAL,GUNNISON,CO,81230,Critical Access Hospitals,Government - Local,Yes,Not Available
061321,MT SAN RAFAEL HOSPITAL,TRINIDAD,CO,81082,Critical Access Hospitals,Voluntary non-profit - Private,Yes,Not Available
061322,HEART OF THE ROCKIES REGIONAL MEDICAL CENTER,SALIDA,CO,81201,Critical Access Hospitals,Government - Hospital District or Authority,Yes,Not Available
061323,PROWERS MEDICAL CENTER,LAMAR,CO,81052,Critical Access Hospitals,Government - Hospital District or Authority,Yes,Not Available
061324,ASPEN VALLEY HOSPITAL,ASPEN,CO,81611,Critical Access Hospitals,Government - Hospital District or Authority,Yes,Not Available
061325,EASTERN RIO BLANCO COUNTY HEALTH SERVICE DISTRICT,MEEKER,CO,81641,Critical Access Hospitals,Government - Hospital District or Authority,Yes,Not Available
061326,UCHEALTH PIKES PEAK REGIONAL HOSPITAL,WOODLAND PARK,CO,80863,Critical Access Hospitals,Voluntary non-profit - Private,Yes,Not Available
061327,SOUTHWEST MEMORIAL HOSPITAL,CORTEZ,CO,81321,Critical Access Hospitals,Voluntary non-profit - Private,Yes,Not Available
061328,PAGOSA SPRINGS MEDICAL CENTER,PAGOSA SPRINGS,CO,81147,Critical Access Hospitals,Government - Hospital District or Authority,Yes,Not Available
061336,ARKANSAS VALLEY REGIONAL MEDICAL CENTER,LAJUNA,CO,81050,Critical Access Hospitals,Voluntary non-profit - Private,Yes,Not Available
061343,KEEFE MEMORIAL HOSPITAL,CHEYENNE WELLS,CO,80810,Critical Access Hospitals,Government - Hospital District or Authority,Yes,Not Available
061344,ST THOMAS MORE HOSPITAL,CANON CITY,CO,81212,Critical Access Hospitals,Voluntary non-profit - Private,Yes,3
063301,CHILDREN'S HOSPITAL COLORADO,AURORA,CO,80045,Childrens,Voluntary non-profit - Private,Yes,Not Available
063303,CHILDREN'S HOSPITAL COLORADO - COLORADO SPRINGS,COLORADO SPRINGS,CO,80920,Childrens,Voluntary non-profit - Private,Yes,Not Available
064001,COLORADO MENTAL HEALTH HOSPITAL IN PUEBLO,PUEBLO,CO,81003,Psychiatric,Government - State,Yes,Not Available
064003,COLORADO MENTAL HEALTH HOSPITAL IN FORT LOGAN,DENVER,CO,80236,Psychiatric,Voluntary non-profit - Other,No,Not Available
064007,CENTENNIAL PEAKS HOSPITAL,LOUISVILLE,CO,80027,Psychiatric,Government - Hospital District or Authority,No,Not Available
064009,CEDAR SPRINGS HOSPITAL,COLORADO SPRINGS,CO,80906,Psychiatric,Proprietary,Yes,Not Available
064024,HIGHLANDS BEHAVIORAL HEALTH SYSTEM,LITTLETON,CO,80130,Psychiatric,Proprietary,No,Not Available
064026,PEAK VIEW BEHAVIORAL HEALTH,COLORADO SPRINGS,CO,80923,Psychiatric,Proprietary,Yes,Not Available
064028,DENVER SPRINGS,ENGLEWOOD,CO,80112,Psychiatric,Proprietary,No,Not Available
064029,JOHNSTOWN HEIGHTS BEHAVIORAL HEALTH,JOHNSTOWN,CO,80534,Psychiatric,Proprietary,No,Not Available
064030,WEST PINES BEHAVIORAL HOSPITAL,WESTMINSTER,CO,80234,Psychiatric,Proprietary,No,Not Available
070002,ST FRANCIS HOSPITAL & MEDICAL CENTER,HARTFORD,CT,06105,Acute Care Hospitals,Voluntary non-profit - Church,Yes,2
070003,DAY KIMBALL HOSPITAL,PUTNAM,CT,06260,Acute Care Hospitals,Voluntary non-profit - Private,Yes,3
070004,SHARON HOSPITAL,SHARON,CT,06069,Acute Care Hospitals,Proprietary,Yes,5
070005,WATERBURY HOSPITAL,WATERBURY,CT,06721,Acute Care Hospitals,Proprietary,Yes,3
070006,STAMFORD HOSPITAL,STAMFORD,CT,06904,Acute Care Hospitals,Voluntary non-profit - Private,Yes,4
070007,LAWRENCE & MEMORIAL HOSPITAL,NEW LONDON,CT,06320,Acute Care Hospitals,Voluntary non-profit - Private,Yes,3
070008,JOHNSON MEMORIAL HOSPITAL,STAFFORD SPRINGS,CT,06076,Acute Care Hospitals,Voluntary non-profit - Private,Yes,3
070010,BRIDGEPORT HOSPITAL,BRIDGEPORT,CT,06610,Acute Care Hospitals,Voluntary non-profit - Private,Yes,3
070011,CHARLOTTE HUNGERFORD HOSPITAL,TORRINGTON,CT,06790,Acute Care Hospitals,Voluntary non-profit - Private,Yes,3
070012,ROCKVILLE GENERAL HOSPITAL,VERNON,CT,06066,Acute Care Hospitals,Proprietary,Yes,Not Available
070016,SAINT MARY'S HOSPITAL,WATERBURY,CT,06706,Acute Care Hospitals,Voluntary non-profit - Church,Yes,3
070017,MIDSTATE MEDICAL CENTER,MERIDEN,CT,06450,Acute Care Hospitals,Voluntary non-profit - Private,Yes,4
070018,GREENWICH HOSPITAL ASSOCIATION -,GREENWICH,CT,06830,Acute Care Hospitals,Voluntary non-profit - Private,Yes,4
070020,MIDDLESEX HOSPITAL,MIDDLETOWN,CT,06457,Acute Care Hospitals,Voluntary non-profit - Private,Yes,3
070021,WINDHAM COMMUNITY MEMORIAL HOSPITAL,WILLIMANTIC,CT,06226,Acute Care Hospitals,Voluntary non-profit - Private,Yes,3
070022,YALE-NEW HAVEN HOSPITAL,NEW HAVEN,CT,06504,Acute Care Hospitals,Voluntary non-profit - Private,Yes,3
070024,WILLIAM W BACKUS HOSPITAL,NORWICH,CT,06360,Acute Care Hospitals,Voluntary non-profit - Other,Yes,4
070025,HARTFORD HOSPITAL,HARTFORD,CT,06102,Acute Care Hospitals,Voluntary non-profit - Private,Yes,4
070027,MANCHESTER MEMORIAL HOSPITAL,MANCHESTER,CT,06040,Acute Care Hospitals,Proprietary,Yes,3
070028,ST VINCENT'S MEDICAL CENTER,BRIDGEPORT,CT,06606,Acute Care Hospitals,Voluntary non-profit - Private,Yes,3
070029,BRISTOL HOSPITAL,BRISTOL,CT,06010,Acute Care Hospitals,Voluntary non-profit - Private,Yes,2
070031,GRIFFIN HOSPITAL,DERBY,CT,06418,Acute Care Hospitals,Voluntary non-profit - Other,Yes,4
070033,DANBURY HOSPITAL,DANBURY,CT,06810,Acute Care Hospitals,Voluntary non-profit - Private,Yes,3
070034,NORWALK HOSPITAL,NORWALK,CT,06856,Acute Care Hospitals,Voluntary non-profit - Private,Yes,3
070035,THE HOSPITAL OF CENTRAL CONNECTICUT,NEW BRITAIN,CT,06050,Acute Care Hospitals,Voluntary non-profit - Other,Yes,2
070036,JOHN DEMPSEY HOSPITAL OF THE UNIVERSITY OF CONNECT,FARMINGTON,CT,06032,Acute Care Hospitals,Government - Local,Yes,3
070038,THE CONNECTICUT HOSPICE INC.,BRANFORD,CT,06405,Acute Care Hospitals,Voluntary non-profit - Private,No,Not Available
07003F,WEST HAVEN VA MEDICAL CENTER,WEST HAVEN,CT,06516,Acute Care - Veterans Administration,Veterans Health Administration,Yes,3
073300,CONNECTICUT CHILDRENS MEDICAL CENTER,HARTFORD,CT,06106,Childrens,Voluntary non-profit - Private,Yes,Not Available
074003,CONNECTICUT VALLEY HOSP,MIDDLETOWN,CT,06457,Psychiatric,Government - State,No,Not Available
074008,NATCHAUG HOSPITAL,MANSFIELD CENTER,CT,06250,Psychiatric,Voluntary non-profit - Private,No,Not Available
074011,CONNECTICUT MENTAL HEALTH CENTER,NEW HAVEN,CT,06508,Psychiatric,Government - State,No,Not Available
074012,SOUTHWEST CONNECTICUT MENTAL HEALTH SYSTEM,BRIDGEPORT,CT,06610,Psychiatric,Government - State,No,Not Available
074014,SILVER HILL HOSPITAL INC,NEW CANAAN,CT,06840,Psychiatric,Government - Federal,No,Not Available
074015,ALBERT J SOLNIT CHILDREN'S CENTER - SOUTH CAMPUS,MIDDLETOWN,CT,06457,Psychiatric,Government - State,No,Not Available
074016,MASONICARE HEALTH CENTER,WALLINGFORD,CT,06492,Psychiatric,Voluntary non-profit - Private,No,Not Available
074017,CONNECTICUT BEHAVIORAL HEALTH HOSPITAL,WEST HARTFORD,CT,06117,Psychiatric,Voluntary non-profit - Private,No,Not Available
090001,GEORGE WASHINGTON UNIV HOSPITAL,WASHINGTON,DC,20037,Acute Care Hospitals,Proprietary,Yes,1
090003,HOWARD UNIVERSITY HOSPITAL CORP,WASHINGTON,DC,20060,Acute Care Hospitals,Voluntary non-profit - Other,No,1
090004,MEDSTAR GEORGETOWN UNIVERSITY HOSPITAL,WASHINGTON,DC,20007,Acute Care Hospitals,Proprietary,Yes,3
090005,SIBLEY MEMORIAL HOSPITAL,WASHINGTON,DC,20016,Acute Care Hospitals,Voluntary non-profit - Other,Yes,3
090008,UNITED MEDICAL CENTER,WASHINGTON,DC,20032,Acute Care Hospitals,Proprietary,Yes,2
090011,MEDSTAR WASHINGTON HOSPITAL CENTER,WASHINGTON,DC,20010,Acute Care Hospitals,Voluntary non-profit - Other,Yes,3
09002F,WASHINGTON DC VA MEDICAL CENTER,WASHINGTON,DC,20422,Acute Care - Veterans Administration,Veterans Health Administration,Yes,3
093300,CHILDREN'S NATIONAL HOSPITAL,WASHINGTON,DC,20010,Childrens,Voluntary non-profit - Private,Yes,Not Available
094001,ST ELIZABETHS HOSPITAL,WASHINGTON,DC,20032,Psychiatric,Government - State,No,Not Available
094004,PSYCHIATRIC INSTITUTE OF WASHINGTON,WASHINGTON,DC,20016,Psychiatric,Voluntary non-profit - Private,No,Not Available
080001,CHRISTIANA HOSPITAL,NEWARK,DE,19718,Acute Care Hospitals,Voluntary non-profit - Private,Yes,4
080003,ST FRANCIS HOSPITAL,WILMINGTON,DE,19805,Acute Care Hospitals,Voluntary non-profit - Private,Yes,3
080004,"BAYHEALTH MEDICAL CENTER, KENT CAMPUS",DOVER,DE,19901,Acute Care Hospitals,Voluntary non-profit - Private,Yes,2
080006,"TIDALHEALTH NANTICOKE, INC.",SEAFORD,DE,19973,Acute Care Hospitals,Voluntary non-profit - Private,Yes,5
080007,BEEBE MEDICAL CENTER,LEWES,DE,19958,Acute Care Hospitals,Voluntary non-profit - Private,Yes,3
080009,"BAYHEALTH HOSPITAL, SUSSEX CAMPUS",MILFORD,DE,19963,Acute Care Hospitals,Voluntary non-profit - Private,Yes,3
08002F,WILMINGTON VA MEDICAL CENTER,WILMINGTON,DE,19805,Acute Care - Veterans Administration,Veterans Health Administration,Yes,4
083300,"NEMOURS CHILDREN'S HOSPITAL, DELAWARE",WILMINGTON,DE,19899,Childrens,Voluntary non-profit - Private,Yes,Not Available
084001,DELAWARE PSYCHIATRIC CENTER,NEW CASTLE,DE,19720,Psychiatric,Government - State,No,Not Available
084002,ROCKFORD CENTER,NEWARK,DE,19713,Psychiatric,Proprietary,Yes,Not Available
084003,MEADOWWOOD BEHAVIORAL HEALTH SYSTEM,NEW CASTLE,DE,19720,Psychiatric,Proprietary,No,Not Available
084004,DOVER BEHAVIORAL HEALTH SYSTEM,DOVER,DE,19901,Psychiatric,Proprietary,No,Not Available
084005,SUN BEHAVIORAL DELAWARE LLC,GEORGETOWN,DE,19947,Psychiatric,Proprietary,No,Not Available
100001,SHANDS JACKSONVILLE,JACKSONVILLE,FL,32209,Acute Care Hospitals,Voluntary non-profit - Private,Yes,3
100002,BETHESDA HOSPITAL EAST,BOYNTON BEACH,FL,33435,Acute Care Hospitals,Voluntary non-profit - Private,Yes,2
100006,ORLANDO HEALTH,ORLANDO,FL,32806,Acute Care Hospitals,Voluntary non-profit - Private,Yes,3
100007,ADVENTHEALTH ORLANDO,ORLANDO,FL,32803,Acute Care Hospitals,Voluntary non-profit - Private,Yes,3
100008,BAPTIST HOSPITAL OF MIAMI,MIAMI,FL,33176,Acute Care Hospitals,Voluntary non-profit - Private,Yes,4
100012,LEE MEMORIAL HOSPITAL,FORT MYERS,FL,33901,Acute Care Hospitals,Government - Hospital District or Authority,Yes,4
100014,ADVENTHEALTH NEW SMYRNA BEACH,NEW SMYRNA BEACH,FL,32170,Acute Care Hospitals,Voluntary non-profit - Church,Yes,4
100017,HALIFAX HEALTH MEDICAL CENTER,DAYTONA BEACH,FL,32114,Acute Care Hospitals,Government - Hospital District or Authority,Yes,2
100018,NAPLES COMMUNITY HOSPITAL,NAPLES,FL,34102,Acute Care Hospitals,Voluntary non-profit - Private,Yes,3
100019,HOLMES REGIONAL MEDICAL CENTER,MELBOURNE,FL,32901,Acute Care Hospitals,Voluntary non-profit - Private,Yes,3
100022,JACKSON HEALTH SYSTEM,MIAMI,FL,33136,Acute Care Hospitals,Government - Hospital District or Authority,Yes,1
100023,HCA FLORIDA CITRUS HOSPITAL,INVERNESS,FL,34452,Acute Care Hospitals,Government - Hospital District or Authority,Yes,2
100025,SACRED HEART HOSPITAL,PENSACOLA,FL,32504,Acute Care Hospitals,Voluntary non-profit - Private,Yes,3
100026,ASCENSION SACRED HEART BAY,PANAMA CITY,FL,32401,Acute Care Hospitals,Voluntary non-profit - Private,Yes,3
100028,PARRISH MEDICAL CENTER,TITUSVILLE,FL,32796,Acute Care Hospitals,Government - Hospital District or Authority,Yes,1
100029,NORTH SHORE MEDICAL CENTER,MIAMI,FL,33150,Acute Care Hospitals,Proprietary,Yes,1
100030,ORLANDO HEALTH-HEALTH CENTRAL HOSPITAL,OCOEE,FL,34761,Acute Care Hospitals,Government - State,Yes,3
100032,ORLANDO HEALTH BAYFRONT HOSPITAL,SAINT PETERSBURG,FL,33701,Acute Care Hospitals,Voluntary non-profit - Private,Yes,2
100034,"MOUNT SINAI MEDICAL CENTER OF FLORIDA, INC",MIAMI BEACH,FL,33140,Acute Care Hospitals,Voluntary non-profit - Private,Yes,3
100035,MANATEE MEMORIAL HOSPITAL,BRADENTON,FL,34208,Acute Care Hospitals,Proprietary,Yes,2
100038,MEMORIAL REGIONAL HOSPITAL,HOLLYWOOD,FL,33021,Acute Care Hospitals,Government - Hospital District or Authority,Yes,3
100039,BROWARD HEALTH MEDICAL CENTER,FORT LAUDERDALE,FL,33316,Acute Care Hospitals,Government - Hospital District or Authority,Yes,3
100040,ASCENSION ST VINCENT'S RIVERSIDE,JACKSONVILLE,FL,32204,Acute Care Hospitals,Voluntary non-profit - Private,Yes,2
100043,MEASE DUNEDIN HOSPITAL,DUNEDIN,FL,34698,Acute Care Hospitals,Voluntary non-profit - Private,Yes,4
100044,CLEVELAND CLINIC MARTIN NORTH HOSPITAL,STUART,FL,34994,Acute Care Hospitals,Voluntary non-profit - Private,Yes,2
100045,ADVENTHEALTH DELAND,DELAND,FL,32720,Acute Care Hospitals,Voluntary non-profit - Church,Yes,4
100046,Adventhealth Zephyrhills,ZEPHYRHILLS,FL,33541,Acute Care Hospitals,Voluntary non-profit - Church,Yes,5
100047,SHOREPOINT HEALTH PUNTA GORDA,PUNTA GORDA,FL,33950,Acute Care Hospitals,Proprietary,Yes,2
100049,HCA FLORIDA HIGHLANDS HOSPITAL,SEBRING,FL,33870,Acute Care Hospitals,Proprietary,Yes,2
100050,LARKIN COMMUNITY HOSPITAL PALM SPRINGS CAMPUS,HIALEAH,FL,33012,Acute Care Hospitals,Voluntary non-profit - Private,Yes,4
100051,ORLANDO HEALTH SOUTH LAKE HOSPITAL,CLERMONT,FL,34711,Acute Care Hospitals,Government - Hospital District or Authority,Yes,3
100052,WINTER HAVEN HOSPITAL,WINTER HAVEN,FL,33881,Acute Care Hospitals,Voluntary non-profit - Private,Yes,2
100053,HIALEAH HOSPITAL,HIALEAH,FL,33013,Acute Care Hospitals,Proprietary,Yes,3
100054,HCA FLORIDA TWIN CITIES HOSPITAL,NICEVILLE,FL,32578,Acute Care Hospitals,Proprietary,Yes,4
100055,ADVENTHEALTH NORTH PINELLAS,TARPON SPRINGS,FL,34689,Acute Care Hospitals,Voluntary non-profit - Other,Yes,3
100057,ADVENTHEALTH WATERMAN,TAVARES,FL,32778,Acute Care Hospitals,Voluntary non-profit - Church,No,4
100062,ADVENTHEALTH OCALA,OCALA,FL,34474,Acute Care Hospitals,Government - Hospital District or Authority,Yes,4
100063,MORTON PLANT NORTH BAY HOSPITAL,NEW PORT RICHEY,FL,34652,Acute Care Hospitals,Voluntary non-profit - Private,Yes,3
100067,ST ANTHONYS HOSPITAL,SAINT PETERSBURG,FL,33705,Acute Care Hospitals,Voluntary non-profit - Church,Yes,3
100068,ADVENTHEALTH DAYTONA BEACH,DAYTONA BEACH,FL,32117,Acute Care Hospitals,Voluntary non-profit - Church,Yes,4
100069,AdventHealth Carrollwood,TAMPA,FL,33614,Acute Care Hospitals,Voluntary non-profit - Church,Yes,3
100071,TAMPA GENERAL HOSPITAL BROOKSVILLE,BROOKSVILLE,FL,34601,Acute Care Hospitals,Voluntary non-profit - Church,Yes,1
100072,ADVENTHEALTH FISH MEMORIAL,ORANGE CITY,FL,32763,Acute Care Hospitals,Voluntary non-profit - Church,Yes,5
100073,HOLY CROSS HOSPITAL,FT LAUDERDALE,FL,33308,Acute Care Hospitals,Voluntary non-profit - Church,Yes,4
100075,ST JOSEPHS HOSPITAL,TAMPA,FL,33607,Acute Care Hospitals,Voluntary non-profit - Church,Yes,4
100077,Adventhealth Port Charlotte,PORT CHARLOTTE,FL,33952,Acute Care Hospitals,Proprietary,Yes,1
100080,HCA FLORIDA JFK HOSPITAL,ATLANTIS,FL,33462,Acute Care Hospitals,Proprietary,Yes,2
100084,UF HEALTH LEESBURG HOSPITAL,LEESBURG,FL,34748,Acute Care Hospitals,Voluntary non-profit - Private,Yes,3
100086,BROWARD HEALTH NORTH,DEERFIELD BEACH,FL,33064,Acute Care Hospitals,Government - Hospital District or Authority,Yes,2
100087,SARASOTA MEMORIAL HOSPITAL,SARASOTA,FL,34239,Acute Care Hospitals,Government - Hospital District or Authority,Yes,5
100088,BAPTIST HEALTH MEDICAL CENTER - JACKSONVILLE,JACKSONVILLE,FL,32207,Acute Care Hospitals,Voluntary non-profit - Private,Yes,4
100090,FLAGLER HOSPITAL,SAINT AUGUSTINE,FL,32086,Acute Care Hospitals,Voluntary non-profit - Private,Yes,2
100092,ORLANDO HEALTH ROCKLEDGE HOSPITAL,ROCKLEDGE,FL,32955,Acute Care Hospitals,Voluntary non-profit - Private,Yes,5
100093,BAPTIST HOSPITAL,PENSACOLA,FL,32503,Acute Care Hospitals,Voluntary non-profit - Private,Yes,4
100099,ADVENTHEALTH LAKE WALES,LAKE WALES,FL,33853,Acute Care Hospitals,Proprietary,Yes,3
10009F,BAY PINES VA MEDICAL CENTER,BAY PINES,FL,33744,Acute Care - Veterans Administration,Veterans Health Administration,Yes,3
100105,CLEVELAND CLINIC INDIAN RIVER HOSPITAL,VERO BEACH,FL,32960,Acute Care Hospitals,Voluntary non-profit - Private,Yes,4
100107,HCA FLORIDA LEHIGH REGIONAL MEDICAL CENTER,LEHIGH ACRES,FL,33936,Acute Care Hospitals,Proprietary,Yes,2
100109,ADVENTHEALTH SEBRING,SEBRING,FL,33872,Acute Care Hospitals,Voluntary non-profit - Private,Yes,3
100110,HCA FLORIDA OSCEOLA HOSPITAL,KISSIMMEE,FL,34741,Acute Care Hospitals,Proprietary,Yes,1
100113,UF HEALTH SHANDS HOSPITAL,GAINESVILLE,FL,32610,Acute Care Hospitals,Voluntary non-profit - Private,Yes,4
100117,BAPTIST MEDICAL CENTER  BEACHES,JACKSONVILLE BEACH,FL,32250,Acute Care Hospitals,Voluntary non-profit - Private,Yes,3
100118,AdventHealth Palm Coast,PALM COAST,FL,32164,Acute Care Hospitals,Voluntary non-profit - Church,Yes,3
100121,BARTOW REGIONAL MEDICAL CENTER,BARTOW,FL,33830,Acute Care Hospitals,Proprietary,Yes,2
100122,NORTH OKALOOSA MEDICAL CENTER,CRESTVIEW,FL,32539,Acute Care Hospitals,Voluntary non-profit - Private,Yes,3
100124,SANTA ROSA MEDICAL CENTER,MILTON,FL,32570,Acute Care Hospitals,Proprietary,Yes,4
100125,HOMESTEAD HOSPITAL,HOMESTEAD,FL,33033,Acute Care Hospitals,Voluntary non-profit - Private,Yes,4
100126,HCA FLORIDA PASADENA HOSPITAL A PART OF HCA FLORID,SAINT PETERSBURG,FL,33707,Acute Care Hospitals,Proprietary,Yes,3
100127,MORTON PLANT HOSPITAL,CLEARWATER,FL,33756,Acute Care Hospitals,Voluntary non-profit - Private,Yes,4
100128,TAMPA GENERAL HOSPITAL,TAMPA,FL,33606,Acute Care Hospitals,Voluntary non-profit - Private,Yes,2
100130,LAKESIDE MEDICAL CENTER,BELLE GLADE,FL,33430,Acute Care Hospitals,Government - Hospital District or Authority,Yes,Not Available
100131,HCA FLORIDA AVENTURA HOSPITAL,AVENTURA,FL,33180,Acute Care Hospitals,Voluntary non-profit - Private,Yes,3
100132,SOUTH FLORIDA BAPTIST HOSPITAL,PLANT CITY,FL,33563,Acute Care Hospitals,Voluntary non-profit - Private,Yes,4
100134,ED FRASER MEMORIAL HOSPITAL,MACCLENNY,FL,32063,Acute Care Hospitals,Voluntary non-profit - Private,Yes,Not Available
100135,TALLAHASSEE MEMORIAL HEALTHCARE,TALLAHASSEE,FL,32308,Acute Care Hospitals,Voluntary non-profit - Private,Yes,2
100137,ADVENTHEALTH HEART OF FLORIDA,DAVENPORT,FL,33837,Acute Care Hospitals,Proprietary,Yes,2
10013F,NH Jacksonville,Jacksonville,FL,32214,Acute Care - Department of Defense,Department of Defense,Yes,Not Available
100140,BAPTIST MEDICAL CENTER - NASSAU,FERNANDINA BEACH,FL,32034,Acute Care Hospitals,Voluntary non-profit - Private,Yes,5
100142,JACKSON HOSPITAL,MARIANNA,FL,32446,Acute Care Hospitals,Government - Hospital District or Authority,Yes,1
100150,LOWER KEYS MEDICAL CENTER,KEY WEST,FL,33040,Acute Care Hospitals,Proprietary,Yes,4
100151,MAYO CLINIC,JACKSONVILLE,FL,32224,Acute Care Hospitals,Voluntary non-profit - Private,Yes,5
100154,SOUTH MIAMI HOSPITAL,MIAMI,FL,33143,Acute Care Hospitals,Voluntary non-profit - Private,Yes,4
100156,HCA FLORIDA LAKE CITY HOSPITAL,LAKE CITY,FL,32055,Acute Care Hospitals,Proprietary,Yes,2
100157,LAKELAND REGIONAL MEDICAL CENTER,LAKELAND,FL,33805,Acute Care Hospitals,Voluntary non-profit - Private,Yes,1
10015F,VA NORTH FLORIDA/SOUTH GEORGIA HEALTHCARE SYSTEM - LAKE CITY,LAKE CITY,FL,32025,Acute Care - Veterans Administration,Veterans Health Administration,Yes,Not Available
100161,CENTRAL FLORIDA LAKE MONROE HOSPITAL,SANFORD,FL,32771,Acute Care Hospitals,Proprietary,Yes,2
100166,HCA FLORIDA SARASOTA DOCTORS HOSPITAL,SARASOTA,FL,34233,Acute Care Hospitals,Proprietary,Yes,4
100167,HCA FLORIDA MERCY HOSPITAL,PLANTATION,FL,33317,Acute Care Hospitals,Voluntary non-profit - Private,Yes,1
100168,BOCA RATON REGIONAL HOSPITAL,BOCA RATON,FL,33486,Acute Care Hospitals,Voluntary non-profit - Private,Yes,3
100173,ADVENTHEALTH TAMPA,TAMPA,FL,33613,Acute Care Hospitals,Voluntary non-profit - Private,Yes,3
100175,DESOTO MEMORIAL HOSPITAL,ARCADIA,FL,34266,Acute Care Hospitals,Voluntary non-profit - Private,Yes,2
100176,PALM BEACH GARDENS MEDICAL CENTER,PALM BEACH GARDENS,FL,33410,Acute Care Hospitals,Proprietary,Yes,1
100177,CAPE CANAVERAL HOSPITAL,COCOA BEACH,FL,32931,Acute Care Hospitals,Voluntary non-profit - Private,Yes,4
100179,HCA FLORIDA MEMORIAL HOSPITAL,JACKSONVILLE,FL,32216,Acute Care Hospitals,Proprietary,Yes,2
100180,HCA FLORIDA ST PETERSBURG HOSPITAL,SAINT PETERSBURG,FL,33710,Acute Care Hospitals,Proprietary,Yes,2
100181,LARKIN COMMUNITY HOSPITAL,SOUTH MIAMI,FL,33143,Acute Care Hospitals,Proprietary,Yes,Not Available
100183,CORAL GABLES HOSPITAL,CORAL GABLES,FL,33134,Acute Care Hospitals,Proprietary,Yes,3
100187,PALMETTO GENERAL HOSPITAL,HIALEAH,FL,33016,Acute Care Hospitals,Proprietary,Yes,2
100189,HCA FLORIDA NORTHWEST HOSPITAL,MARGATE,FL,33063,Acute Care Hospitals,Proprietary,Yes,1
100191,HCA FLORIDA TRINITY HOSPITAL,TRINITY,FL,34655,Acute Care Hospitals,Proprietary,Yes,2
100200,BROWARD HEALTH IMPERIAL POINT,FORT LAUDERDALE,FL,33308,Acute Care Hospitals,Government - Hospital District or Authority,No,2
100204,HCA FLORIDA NORTH FLORIDA HOSPITAL,GAINESVILLE,FL,32605,Acute Care Hospitals,Proprietary,Yes,2
100206,HCA FLORIDA SOUTH TAMPA HOSPITAL,TAMPA,FL,33609,Acute Care Hospitals,Proprietary,Yes,4
100209,HCA FLORIDA KENDALL HOSPITAL,MIAMI,FL,33175,Acute Care Hospitals,Proprietary,Yes,3
100211,ADVENTHEALTH DADE CITY,DADE CITY,FL,33525,Acute Care Hospitals,Proprietary,No,4
100212,MARION COMMUNTIY HOSPITAL,OCALA,FL,34471,Acute Care Hospitals,Proprietary,Yes,1
100213,HCA FLORIDA BLAKE HOSPITAL,BRADENTON,FL,34209,Acute Care Hospitals,Proprietary,Yes,2
100217,ORLANDO HEALTH SEBASTIAN RIVER HOSPITAL,SEBASTIAN,FL,32958,Acute Care Hospitals,Voluntary non-profit - Private,Yes,3
10021F,96th Medical Group (Eglin AFB),Eglin AFB,FL,32542,Acute Care - Department of Defense,Department of Defense,Yes,Not Available
100220,GULF COAST MEDICAL CENTER LEE HEALTH,FORT MYERS,FL,33912,Acute Care Hospitals,Government - Hospital District or Authority,Yes,4
100223,HCA FLORIDA FORT WALTON-DESTIN HOSPITAL,FORT WALTON BEACH,FL,32547,Acute Care Hospitals,Proprietary,Yes,3
100224,UNIVERSITY HOSPITAL AND MEDICAL CENTER,TAMARAC,FL,33321,Acute Care Hospitals,Proprietary,Yes,1
100226,HCA FLORIDA ORANGE PARK HOSPITAL,ORANGE PARK,FL,32073,Acute Care Hospitals,Voluntary non-profit - Other,Yes,3
100228,WESTSIDE REGIONAL MEDICAL CENTER,PLANTATION,FL,33324,Acute Care Hospitals,Proprietary,No,2
100230,MEMORIAL HOSPITAL PEMBROKE,PEMBROKE PINES,FL,33024,Acute Care Hospitals,Government - Hospital District or Authority,Yes,3
100231,HCA FLORIDA WEST HOSPITAL,PENSACOLA,FL,32514,Acute Care Hospitals,Proprietary,Yes,3
100232,HCA FLORIDA PUTNAM HOSPITAL,PALATKA,FL,32177,Acute Care Hospitals,Proprietary,Yes,1
100236,HCA FLORIDA FAWCETT HOSPITAL,PORT CHARLOTTE,FL,33952,Acute Care Hospitals,Proprietary,Yes,2
100238,HCA FLORIDA NORTHSIDE HOSPITAL,SAINT PETERSBURG,FL,33709,Acute Care Hospitals,Proprietary,Yes,1
100242,HCA FLORIDA GULF COAST HOSPITAL,PANAMA CITY,FL,32405,Acute Care Hospitals,Proprietary,Yes,3
100243,HCA FLORIDA BRANDON HOSPITAL,BRANDON,FL,33511,Acute Care Hospitals,Proprietary,Yes,2
100244,CAPE CORAL HOSPITAL,CAPE CORAL,FL,33990,Acute Care Hospitals,Government - Hospital District or Authority,Yes,4
100246,HCA FLORIDA LAWNWOOD HOSPITAL,FORT PIERCE,FL,34950,Acute Care Hospitals,Proprietary,Yes,1
100248,HCA FLORIDA LARGO HOSPITAL,LARGO,FL,33770,Acute Care Hospitals,Proprietary,Yes,1
100249,TAMPA GENERAL HOSPITAL CRYSTAL RIVER,CRYSTAL RIVER,FL,34428,Acute Care Hospitals,Voluntary non-profit - Private,No,2
100252,HCA FLORIDA RAULERSON HOSPITAL,OKEECHOBEE,FL,34972,Acute Care Hospitals,Proprietary,No,3
100253,JUPITER MEDICAL CENTER,JUPITER,FL,33458,Acute Care Hospitals,Voluntary non-profit - Private,Yes,4
100254,HCA FLORIDA CAPITAL HOSPITAL,TALLAHASSEE,FL,32308,Acute Care Hospitals,Proprietary,Yes,2
100256,HCA FLORIDA BAYONET POINT HOSPITAL,HUDSON,FL,34667,Acute Care Hospitals,Proprietary,Yes,2
100258,DELRAY MEDICAL CENTER,DELRAY BEACH,FL,33484,Acute Care Hospitals,Proprietary,Yes,1
100259,HCA FLORIDA SOUTH SHORE HOSPITAL,SUN CITY CENTER,FL,33573,Acute Care Hospitals,Proprietary,Yes,3
100260,ST LUCIE MEDICAL CENTER,PORT SAINT LUCIE,FL,34952,Acute Care Hospitals,Proprietary,Yes,1
100264,HCA FLORIDA OAK HILL HOSPITAL,BROOKSVILLE,FL,34613,Acute Care Hospitals,Proprietary,Yes,2
100265,MEASE COUNTRYSIDE HOSPITAL,SAFETY HARBOR,FL,34695,Acute Care Hospitals,Voluntary non-profit - Private,Yes,4
100266,GULF BREEZE HOSPITAL,GULF BREEZE,FL,32561,Acute Care Hospitals,Voluntary non-profit - Other,Yes,4
100267,HCA FLORIDA ENGLEWOOD HOSPITAL,ENGLEWOOD,FL,34223,Acute Care Hospitals,Proprietary,Yes,3
100268,WEST BOCA MEDICAL CENTER,BOCA RATON,FL,33428,Acute Care Hospitals,Proprietary,Yes,2
100269,HCA FLORIDA PALMS WEST HOSPITAL,LOXAHATCHEE,FL,33470,Acute Care Hospitals,Proprietary,Yes,2
100275,WELLINGTON REGIONAL MEDICAL CENTER,WELLINGTON,FL,33414,Acute Care Hospitals,Proprietary,Yes,1
100276,BROWARD HEALTH CORAL SPRINGS,CORAL SPRINGS,FL,33065,Acute Care Hospitals,Government - Hospital District or Authority,Yes,3
100277,DOUGLAS GARDENS HOSPITAL,MIAMI,FL,33137,Acute Care Hospitals,Voluntary non-profit - Private,No,Not Available
100281,MEMORIAL HOSPITAL WEST,PEMBROKE PINES,FL,33028,Acute Care Hospitals,Government - Hospital District or Authority,Yes,3
100284,KERALTY HOSPITAL,MIAMI,FL,33155,Acute Care Hospitals,Proprietary,Yes,1
100285,MEMORIAL HOSPITAL MIRAMAR,MIRAMAR,FL,33029,Acute Care Hospitals,Government - Hospital District or Authority,Yes,5
100286,PHYSICIANS REGIONAL MEDICAL CENTER - PINE RIDGE,NAPLES,FL,34119,Acute Care Hospitals,Proprietary,Yes,1
100287,GOOD SAMARITAN MEDICAL CENTER,WEST PALM BEACH,FL,33401,Acute Care Hospitals,Proprietary,Yes,1
100288,ST MARY'S MEDICAL CENTER,WEST PALM BEACH,FL,33407,Acute Care Hospitals,Proprietary,Yes,1
100289,CLEVELAND CLINIC HOSPITAL,WESTON,FL,33331,Acute Care Hospitals,Voluntary non-profit - Private,Yes,4
100290,"VILLAGES REGIONAL HOSPITAL, THE",THE VILLAGES,FL,32159,Acute Care Hospitals,Voluntary non-profit - Private,Yes,2
100291,ORLANDO HEALTH MELBOURNE HOSPITAL,MELBOURNE,FL,32935,Acute Care Hospitals,Voluntary non-profit - Private,Yes,2
100292,SACRED HEART HOSPITAL ON THE EMERALD COAST,MIRAMAR BEACH,FL,32550,Acute Care Hospitals,Voluntary non-profit - Other,Yes,4
100296,DOCTORS HOSPITAL,CORAL GABLES,FL,33146,Acute Care Hospitals,Voluntary non-profit - Other,Yes,5
100298,FLORIDA STATE HOSPITAL UNIT 31 MED,CHATTAHOOCHEE,FL,32324,Acute Care Hospitals,Government - State,No,Not Available
100299,LAKEWOOD RANCH MEDICAL CENTER,BRADENTON,FL,34202,Acute Care Hospitals,Proprietary,Yes,4
100302,ORLANDO HEALTH ST CLOUD HOSPITAL,SAINT CLOUD,FL,34769,Acute Care Hospitals,Proprietary,Yes,1
100307,ASCENSION ST VINCENT'S SOUTHSIDE,JACKSONVILLE,FL,32216,Acute Care Hospitals,Voluntary non-profit - Private,Yes,4
100313,ASCENSION SACRED HEART GULF,PORT SAINT JOE,FL,32456,Acute Care Hospitals,Voluntary non-profit - Private,Yes,Not Available
100314,WEST KENDALL BAPTIST HOSPITAL,MIAMI,FL,33196,Acute Care Hospitals,Voluntary non-profit - Private,Yes,5
100315,VIERA HOSPITAL,MELBOURNE,FL,32940,Acute Care Hospitals,Voluntary non-profit - Private,Yes,5
100316,PALM BAY HOSPITAL,PALM BAY,FL,32907,Acute Care Hospitals,Proprietary,Yes,4
100319,ADVENTHEALTH WESLEY CHAPEL,WESLEY CHAPEL,FL,33544,Acute Care Hospitals,Voluntary non-profit - Private,Yes,4
100320,HCA FLORIDA POINCIANA HOSPITAL,KISSIMMEE,FL,34758,Acute Care Hospitals,Proprietary,Yes,3
100321,ASCENSION ST VINCENT'S CLAY COUNTY,MIDDLEBURG,FL,32068,Acute Care Hospitals,Voluntary non-profit - Private,Yes,3
100329,OVIEDO MEDICAL CENTER,OVIEDO,FL,32765,Acute Care Hospitals,Proprietary,Yes,4
100330,HALIFAX HEALTH /UF HEALTH MEDICAL CENTER OF DELTON,DELTONA,FL,32725,Acute Care Hospitals,Government - Local,Yes,Not Available
100350,UCF LAKE NONA HOSPITAL,ORLANDO,FL,32827,Acute Care Hospitals,Proprietary,Yes,Not Available
100359,SARASOTA MEMORIAL HOSPITAL - VENICE,NORTH VENICE,FL,34275,Acute Care Hospitals,Government - Hospital District or Authority,Yes,4
100360,HCA FLORIDA UNIVERSITY HOSPITAL,DAVIE,FL,33328,Acute Care Hospitals,Proprietary,Yes,4
100361,ASCENSION ST VINCENT'S ST JOHNS COUNTY,ST. JOHNS,FL,32259,Acute Care Hospitals,Voluntary non-profit - Private,Yes,Not Available
100362,BAYCARE HOSPITAL WESLEY CHAPEL,WESLEY CHAPEL,FL,33544,Acute Care Hospitals,Proprietary,Yes,Not Available
100363,ADVENTHEALTH PALM COAST PARKWAY,PALM COAST,FL,32137,Acute Care Hospitals,Voluntary non-profit - Private,Yes,Not Available
100364,ADVENTHEALTH RIVERVIEW,RIVERVIEW,FL,33578,Acute Care Hospitals,Voluntary non-profit - Private,Yes,Not Available
100365,NORTH WALTON DOCTORS HOSPITAL,DEFUNIAK SPRINGS,FL,32435,Acute Care Hospitals,Physician,Yes,Not Available
10057F,VA NORTH FLORIDA/SOUTH GEORGIA HEALTHCARE SYSTEM - GAINESVILLE,GAINESVILLE,FL,32608,Acute Care - Veterans Administration,Veterans Health Administration,Yes,3
10063F,TAMPA VA MEDICAL CENTER,TAMPA,FL,33612,Acute Care - Veterans Administration,Veterans Health Administration,Yes,4
10064F,MIAMI VA MEDICAL CENTER,MIAMI,FL,33125,Acute Care - Veterans Administration,Veterans Health Administration,Yes,4
10065F,W PALM BEACH VA MEDICAL CENTER,WEST PALM BEACH,FL,33410,Acute Care - Veterans Administration,Veterans Health Administration,Yes,3
10099F,ORLANDO VA MEDICAL CENTER,ORLANDO,FL,32827,Acute Care - Veterans Administration,Veterans Health Administration,Yes,5
101300,ADVENTHEALTH WAUCHULA,WAUCHULA,FL,33873,Critical Access Hospitals,Voluntary non-profit - Private,Yes,Not Available
101303,LAKE BUTLER HOSPITAL,LAKE BUTLER,FL,32054,Critical Access Hospitals,Proprietary,Yes,Not Available
101304,CALHOUN-LIBERTY HOSPITAL,BLOUNTSTOWN,FL,32424,Critical Access Hospitals,Voluntary non-profit - Private,Yes,Not Available
101305,GEORGE E WEEMS MEMORIAL HOSPITAL,APALACHICOLA,FL,32320,Critical Access Hospitals,Government - Local,Yes,Not Available
101307,DOCTORS MEMORIAL HOSPITAL,BONIFAY,FL,32425,Critical Access Hospitals,Government - Hospital District or Authority,No,Not Available
101308,NORTHWEST FLORIDA COMMUNITY HOSPITAL,CHIPLEY,FL,32428,Critical Access Hospitals,Voluntary non-profit - Private,Yes,1
101309,HENDRY REGIONAL MEDICAL CENTER,CLEWISTON,FL,33440,Critical Access Hospitals,Voluntary non-profit - Other,Yes,Not Available
101311,MADISON COUNTY MEMORIAL HOSPITAL,MADISON,FL,32340,Critical Access Hospitals,Government - Hospital District or Authority,Yes,Not Available
101312,FISHERMEN'S COMMUNITY HOSPITAL,MARATHON,FL,33050,Critical Access Hospitals,Voluntary non-profit - Private,Yes,Not Available
101313,MARINERS HOSPITAL,TAVERNIER,FL,33070,Critical Access Hospitals,Voluntary non-profit - Private,Yes,Not Available
101314,DOCTORS MEMORIAL HOSPITAL INC,PERRY,FL,32347,Critical Access Hospitals,Voluntary non-profit - Private,Yes,Not Available
101315,JAY HOSPITAL,JAY,FL,32565,Critical Access Hospitals,Voluntary non-profit - Private,Yes,Not Available
103300,JOHNS HOPKINS ALL CHILDREN'S HOSPITAL,SAINT PETERSBURG,FL,33701,Childrens,Voluntary non-profit - Private,Yes,Not Available
103301,NICKLAUS CHILDREN'S HOSPITAL,MIAMI,FL,33155,Childrens,Voluntary non-profit - Private,Yes,Not Available
103304,"NEMOURS CHILDRENS HOSPITAL, FLORIDA",ORLANDO,FL,32827,Childrens,Voluntary non-profit - Private,Yes,Not Available
104000,FLORIDA STATE HOSPITAL UNIT 14 PSYCH,CHATTAHOOCHEE,FL,32324,Psychiatric,Government - State,No,Not Available
104001,SOUTH FLORIDA STATE HOSPITAL,PEMBROKE PINES,FL,33025,Psychiatric,Government - Local,Yes,Not Available
104007,NORTHEAST FLORIDA STATE HOSPITAL,MACCLENNY,FL,32063,Psychiatric,Government - State,No,Not Available
104016,RIVER POINT BEHAVIORAL HEALTH,JACKSONVILLE,FL,32216,Psychiatric,Proprietary,No,Not Available
104017,WINDMOOR HEALTHCARE OF CLEARWATER,CLEARWATER,FL,33764,Psychiatric,Proprietary,No,Not Available
104018,LIFESTREAM BEHAVIORAL CENTER,LEESBURG,FL,34748,Psychiatric,Proprietary,No,Not Available
104024,"CIRCLES OF CARE, INC",MELBOURNE,FL,32901,Psychiatric,Voluntary non-profit - Private,No,Not Available
104026,FORT LAUDERDALE BEHAVIORAL HEALTH CENTER,OAKLAND PARK,FL,33334,Psychiatric,Proprietary,No,Not Available
104040,CENTERSTONE OF FLORIDA,BRADENTON,FL,34208,Psychiatric,Voluntary non-profit - Private,No,Not Available
104049,SOUTHERN WINDS HOSPITAL,HIALEAH,FL,33012,Psychiatric,Proprietary,No,Not Available
104057,SPRINGBROOK HOSPITAL,BROOKSVILLE,FL,34609,Psychiatric,Voluntary non-profit - Private,No,Not Available
104059,EASTSIDE PSYCHIATRIC HOSPITAL,TALLAHASSEE,FL,32308,Psychiatric,Voluntary non-profit - Private,No,Not Available
104063,"WILLOUGH AT NAPLES, THE",NAPLES,FL,34113,Psychiatric,Proprietary,No,Not Available
104067,ASPIRE HEALTH PARTNERS,ORLANDO,FL,32808,Psychiatric,Voluntary non-profit - Private,No,Not Available
104069,WEKIVA SPRINGS,JACKSONVILLE,FL,32216,Psychiatric,Proprietary,No,Not Available
104070,PORT ST LUCIE HOSPITAL,PORT SAINT LUCIE,FL,34952,Psychiatric,Proprietary,Yes,Not Available
104071,THE VINES HOSPITAL,OCALA,FL,34471,Psychiatric,Proprietary,No,Not Available
104072,CENTRAL FLORIDA BEHAVIORAL HOSPITAL,ORLANDO,FL,32821,Psychiatric,Proprietary,No,Not Available
104073,EMERALD COAST BEHAVIORAL HOSPITAL,PANAMA CITY,FL,32405,Psychiatric,Proprietary,No,Not Available
104074,PARK ROYAL HOSPITAL,FORT MYERS,FL,33908,Psychiatric,Proprietary,No,Not Available
104075,NORTH TAMPA BEHAVIORAL HEALTH,WESLEY CHAPEL,FL,33543,Psychiatric,Proprietary,No,Not Available
104076,UNIVERSITY BEHAVIORAL CENTER,ORLANDO,FL,32826,Psychiatric,Voluntary non-profit - Private,No,Not Available
104078,SUNCOAST BEHAVIORAL HEALTH CENTER,BRADENTON,FL,34210,Psychiatric,Proprietary,No,Not Available
104079,LARKIN COMMUNITY HOSPITAL BEHAVIORAL HEALTH SRVS,HOLLYWOOD,FL,33021,Psychiatric,Proprietary,No,Not Available
104080,CORAL SHORES BEHAVIORAL HEALTH,STUART,FL,34997,Psychiatric,Voluntary non-profit - Other,No,Not Available
104081,BLACKBERRY CENTER - OGLETHORPE OF ORLANDO,SAINT CLOUD,FL,34769,Psychiatric,Voluntary non-profit - Private,No,Not Available
104082,PALM POINT BEHAVIORAL HEALTH,TITUSVILLE,FL,32796,Psychiatric,Proprietary,No,Not Available
104084,NEUROBEHAVIORAL HOSPITAL OF THE PALM BEACHES-NORTH,MAGNONIA PARK,FL,33407,Psychiatric,Voluntary non-profit - Private,No,Not Available
104085,NEUROBEHAVIORAL HOSPITAL OF THE PALM BEACHES-SOUTH,BOYNTON BEACH,FL,33426,Psychiatric,Voluntary non-profit - Private,No,Not Available
110001,HAMILTON MEDICAL CENTER,DALTON,GA,30720,Acute Care Hospitals,Voluntary non-profit - Private,No,2
110002,UPSON REGIONAL MEDICAL CENTER,THOMASTON,GA,30286,Acute Care Hospitals,Voluntary non-profit - Other,Yes,2
110003,Memorial Satilla Health,WAYCROSS,GA,31501,Acute Care Hospitals,Voluntary non-profit - Private,Yes,3
110005,NORTHSIDE HOSPITAL FORSYTH,CUMMING,GA,30041,Acute Care Hospitals,Voluntary non-profit - Private,Yes,4
110006,ST MARY'S HOSPITAL,ATHENS,GA,30606,Acute Care Hospitals,Voluntary non-profit - Private,Yes,1
110007,PHOEBE PUTNEY MEMORIAL HOSPITAL,ALBANY,GA,31703,Acute Care Hospitals,Government - Hospital District or Authority,Yes,2
110008,NORTHSIDE HOSPITAL CHEROKEE,CANTON,GA,30115,Acute Care Hospitals,Voluntary non-profit - Other,Yes,4
110010,EMORY UNIVERSITY HOSPITAL,ATLANTA,GA,30322,Acute Care Hospitals,Voluntary non-profit - Private,Yes,4
110011,TANNER MEDICAL CENTER - CARROLLTON,CARROLLTON,GA,30117,Acute Care Hospitals,Government - Hospital District or Authority,No,3
110015,TANNER MEDICAL CENTER VILLA RICA,VILLA RICA,GA,30180,Acute Care Hospitals,Government - Hospital District or Authority,Yes,2
110016,WELLSTAR WEST GEORGIA MEDICAL CENTER,LAGRANGE,GA,30240,Acute Care Hospitals,Voluntary non-profit - Private,Yes,2
110018,PIEDMONT NEWTON HOSPITAL,COVINGTON,GA,30014,Acute Care Hospitals,Voluntary non-profit - Private,Yes,3
110023,ADVENTHEALTH GORDON,CALHOUN,GA,30701,Acute Care Hospitals,Voluntary non-profit - Church,No,3
110024,CANDLER HOSPITAL,SAVANNAH,GA,31405,Acute Care Hospitals,Voluntary non-profit - Other,Yes,2
110025,SOUTHEAST GEORGIA HEALTH SYSTEM- BRUNSWICK CAMPUS,BRUNSWICK,GA,31520,Acute Care Hospitals,Government - Hospital District or Authority,No,1
110027,"TY COBB REGIONAL MEDICAL CENTER, LLC",LAVONIA,GA,30553,Acute Care Hospitals,Voluntary non-profit - Private,Yes,3
110028,PIEDMONT AUGUSTA HOSPITAL,AUGUSTA,GA,30901,Acute Care Hospitals,Government - Hospital District or Authority,Yes,2
110029,"NORTHEAST GEORGIA MEDICAL CENTER, INC",GAINESVILLE,GA,30501,Acute Care Hospitals,Government - Local,Yes,2
110030,PIEDMONT CARTERSVILLE MEDICAL CENTER,CARTERSVILLE,GA,30120,Acute Care Hospitals,Voluntary non-profit - Private,Yes,2
110031,WELLSTAR SPALDING MEDICAL CENTER,GRIFFIN,GA,30223,Acute Care Hospitals,Proprietary,Yes,2
110032,STEPHENS COUNTY HOSPITAL,TOCCOA,GA,30577,Acute Care Hospitals,Government - Hospital District or Authority,Yes,2
110034,"WELLSTAR MCG HEALTH, AFFILIATED WITH MED COL",AUGUSTA,GA,30912,Acute Care Hospitals,Voluntary non-profit - Other,Yes,1
110035,WELLSTAR KENNESTONE REGIONAL MEDICAL CENTER,MARIETTA,GA,30060,Acute Care Hospitals,Government - Hospital District or Authority,Yes,4
110036,SAVANNAH HEALTH SERVICES LLC DBA MEMORIAL HEALTH UNIVERSITY MEDICAL CENTER,SAVANNAH,GA,31404,Acute Care Hospitals,Voluntary non-profit - Other,Yes,1
110038,ARCHBOLD MEMORIAL HOSPITAL,THOMASVILLE,GA,31792,Acute Care Hospitals,Voluntary non-profit - Private,Yes,3
110041,NORTHEAST GEORGIA MEDICAL CENTER HABERSHAM,DEMOREST,GA,30535,Acute Care Hospitals,Government - Hospital District or Authority,Yes,3
110042,WELLSTAR PAULDING MEDICAL CENTER,HIRAM,GA,30141,Acute Care Hospitals,Voluntary non-profit - Other,No,4
110043,ST JOSEPH'S HOSPITAL - SAVANNAH,SAVANNAH,GA,31419,Acute Care Hospitals,Voluntary non-profit - Private,Yes,2
110044,PHOEBE SUMTER MEDICAL CENTER,AMERICUS,GA,31719,Acute Care Hospitals,Government - Hospital District or Authority,Yes,1
110045,"NGMC BARROW, LLC",WINDER,GA,30680,Acute Care Hospitals,Proprietary,Yes,Not Available
110046,PIEDMONT WALTON HOSPITAL,MONROE,GA,30655,Acute Care Hospitals,Proprietary,Yes,3
110050,ADVENTHEALTH MURRAY,CHATSWORTH,GA,30705,Acute Care Hospitals,Voluntary non-profit - Private,No,5
110051,UNION GENERAL HOSPITAL,BLAIRSVILLE,GA,30512,Acute Care Hospitals,Government - Local,No,4
110054,ATRIUM HEALTH FLOYD MEDICAL CENTER,ROME,GA,30162,Acute Care Hospitals,Government - Hospital District or Authority,No,1
110064,PIEDMONT COLUMBUS REGIONAL MIDTOWN,COLUMBUS,GA,31901,Acute Care Hospitals,Voluntary non-profit - Other,Yes,1
110069,EMORY HOUSTON HOSPITAL WARNER ROBINS,WARNER ROBINS,GA,31093,Acute Care Hospitals,Voluntary non-profit - Private,Yes,2
110071,APPLING HEALTHCARE,BAXLEY,GA,31513,Acute Care Hospitals,Government - Hospital District or Authority,Yes,Not Available
110073,DORMINY MEDICAL CENTER,FITZGERALD,GA,31750,Acute Care Hospitals,Government - Local,Yes,Not Available
110074,PIEDMONT ATHENS REGIONAL MEDICAL CENTER,ATHENS,GA,30606,Acute Care Hospitals,Voluntary non-profit - Other,No,4
110075,EAST GEORGIA REGIONAL MEDICAL CENTER,STATESBORO,GA,30458,Acute Care Hospitals,Proprietary,Yes,3
110076,EMORY DECATUR HOSPITAL,DECATUR,GA,30033,Acute Care Hospitals,Voluntary non-profit - Private,No,1
110078,EMORY UNIVERSITY HOSPITAL MIDTOWN,ATLANTA,GA,30308,Acute Care Hospitals,Voluntary non-profit - Private,Yes,2
110079,GRADY MEMORIAL HOSPITAL,ATLANTA,GA,30303,Acute Care Hospitals,Voluntary non-profit - Private,Yes,2
110082,"SAINT JOSEPH'S HOSPITAL OF ATLANTA, INC",ATLANTA,GA,30342,Acute Care Hospitals,Voluntary non-profit - Private,Yes,2
110083,"PIEDMONT HOSPITAL, INC",ATLANTA,GA,30309,Acute Care Hospitals,Government - Federal,No,4
110086,WASHINGTON COUNTY REGIONAL MEDICAL CENTER,SANDERSVILLE,GA,31082,Acute Care Hospitals,Government - Hospital District or Authority,No,Not Available
110087,NORTHSIDE HOSPITAL GWINNETT,LAWRENCEVILLE,GA,30045,Acute Care Hospitals,Government - Hospital District or Authority,Yes,3
110089,"COFFEE REGIONAL MEDICAL CENTER, INC",DOUGLAS,GA,31642,Acute Care Hospitals,Government - Hospital District or Authority,Yes,2
110091,PIEDMONT ROCKDALE HOSPITAL,CONYERS,GA,30012,Acute Care Hospitals,Proprietary,No,2
110092,DODGE COUNTY HOSPITAL,EASTMAN,GA,31023,Acute Care Hospitals,Government - Hospital District or Authority,Yes,Not Available
110095,TIFT REGIONAL MEDICAL CENTER,TIFTON,GA,31794,Acute Care Hospitals,Government - Hospital District or Authority,No,2
110100,JEFFERSON HOSPITAL,LOUISVILLE,GA,30434,Acute Care Hospitals,Government - Hospital District or Authority,Yes,Not Available
110101,"SOUTHWELL MEDICAL, A CAMPUS OF TRMC",ADEL,GA,31620,Acute Care Hospitals,Proprietary,No,Not Available
110104,CRISP REGIONAL HOSPITAL,CORDELE,GA,31015,Acute Care Hospitals,Proprietary,Yes,4
110105,COLQUITT REGIONAL MEDICAL CENTER,MOULTRIE,GA,31768,Acute Care Hospitals,Government - Hospital District or Authority,No,2
110107,ATRIUM HEALTH NAVICENT THE MEDICAL CENTER,MACON,GA,31201,Acute Care Hospitals,Government - Hospital District or Authority,Yes,2
110109,EMANUEL MEDICAL CENTER,SWAINSBORO,GA,30401,Acute Care Hospitals,Government - Hospital District or Authority,Yes,4
110111,UNIVERSITY MCDUFFIE COUNTY REGIONAL MEDICAL CENTER,THOMSON,GA,30824,Acute Care Hospitals,Government - Hospital District or Authority,Yes,Not Available
110113,BURKE MEDICAL CENTER,WAYNESBORO,GA,30830,Acute Care Hospitals,Proprietary,No,Not Available
110121,GRADY GENERAL HOSPITAL,CAIRO,GA,39828,Acute Care Hospitals,Voluntary non-profit - Private,No,Not Available
110122,SGMC HEALTH,VALDOSTA,GA,31602,Acute Care Hospitals,Government - Hospital District or Authority,Yes,2
110124,WAYNE MEMORIAL HOSPITAL,JESUP,GA,31545,Acute Care Hospitals,Government - Hospital District or Authority,Yes,3
110125,FAIRVIEW PARK HOSPITAL,DUBLIN,GA,31021,Acute Care Hospitals,Proprietary,Yes,4
110128,MEMORIAL HEALTH MEADOWS HOSPITAL,VIDALIA,GA,30474,Acute Care Hospitals,Proprietary,Yes,5
110129,ST FRANCIS HOSPITAL- EMORY HEALTHCARE,COLUMBUS,GA,31995,Acute Care Hospitals,Voluntary non-profit - Private,No,3
110132,MEMORIAL HOSPITAL AND MANOR,BAINBRIDGE,GA,39819,Acute Care Hospitals,Government - Hospital District or Authority,Yes,Not Available
110142,EVANS MEMORIAL HOSPITAL,CLAXTON,GA,30417,Acute Care Hospitals,Government - Hospital District or Authority,Yes,Not Available
110143,WELLSTAR COBB MEDICAL CENTER,AUSTELL,GA,30106,Acute Care Hospitals,Voluntary non-profit - Other,No,2
110146,SOUTHEAST GEORGIA HEALTH SYSTEM -- CAMDEN CAMPUS,SAINT MARYS,GA,31558,Acute Care Hospitals,Government - Hospital District or Authority,Yes,Not Available
110150,NAVICENT HEALTH BALDWIN,MILLEDGEVILLE,GA,31061,Acute Care Hospitals,Proprietary,Yes,1
110161,NORTHSIDE HOSPITAL,ATLANTA,GA,30342,Acute Care Hospitals,Voluntary non-profit - Private,Yes,3
110164,"COLISEUM MEDICAL CENTERS, LLC, DBA",MACON,GA,31217,Acute Care Hospitals,Voluntary non-profit - Private,Yes,3
110165,SOUTHERN REGIONAL MEDICAL CENTER,RIVERDALE,GA,30274,Acute Care Hospitals,Voluntary non-profit - Private,Yes,1
110168,ADVENTHEALTH REDMOND,ROME,GA,30165,Acute Care Hospitals,Proprietary,No,4
110177,DOCTORS HOSPITAL,AUGUSTA,GA,30909,Acute Care Hospitals,Proprietary,Yes,2
110184,WELLSTAR DOUGLAS MEDICAL CENTER,DOUGLASVILLE,GA,30134,Acute Care Hospitals,Voluntary non-profit - Private,Yes,3
110190,FLINT RIVER COMMUNITY HOSPITAL,MONTEZUMA,GA,31063,Acute Care Hospitals,Voluntary non-profit - Private,No,Not Available
110191,PIEDMONT HENRY HOSPITAL,STOCKBRIDGE,GA,30281,Acute Care Hospitals,Government - Hospital District or Authority,No,2
110192,PIEDMONT EASTSIDE MEDICAL CENTER,SNELLVILLE,GA,30078,Acute Care Hospitals,Proprietary,Yes,1
110194,DONALSONVILLE HOSPITAL INC,DONALSONVILLE,GA,39845,Acute Care Hospitals,Voluntary non-profit - Private,No,Not Available
110198,WELLSTAR NORTH FULTON MEDICAL CENTER,ROSWELL,GA,30076,Acute Care Hospitals,Proprietary,No,2
110200,PIEDMONT COLUMBUS REGIONAL NORTHSIDE,COLUMBUS,GA,31909,Acute Care Hospitals,Proprietary,No,5
110201,PIEDMONT MACON NORTH HOSPITAL,MACON,GA,31210,Acute Care Hospitals,Proprietary,Yes,Not Available
110209,TURNING POINT HOSPITAL,MOULTRIE,GA,31788,Acute Care Hospitals,Proprietary,No,Not Available
110215,PIEDMONT FAYETTE HOSPITAL,FAYETTEVILLE,GA,30214,Acute Care Hospitals,Voluntary non-profit - Private,Yes,3
110225,PIEDMONT MOUNTAINSIDE HOSPITAL INC,JASPER,GA,30143,Acute Care Hospitals,Voluntary non-profit - Other,No,4
110226,EMORY HILLANDALE HOSPITAL,LITHONIA,GA,30058,Acute Care Hospitals,Government - Hospital District or Authority,Yes,2
110229,"PIEDMONT NEWNAN HOSPITAL, INC",NEWNAN,GA,30265,Acute Care Hospitals,Voluntary non-profit - Private,Yes,2
110230,EMORY JOHNS CREEK HOSPITAL,JOHNS CREEK,GA,30097,Acute Care Hospitals,Proprietary,Yes,3
110233,"SOUTHEASTERN REGIONAL MEDICAL CENTER, INC",NEWNAN,GA,30265,Acute Care Hospitals,Proprietary,No,4
110234,SGMC BERRIEN CAMPUS,NASHVILLE,GA,31639,Acute Care Hospitals,Government - Hospital District or Authority,Yes,Not Available
110236,CHI MEMORIAL HOSPITAL- GEORGIA,FORT OGLETHORPE,GA,30742,Acute Care Hospitals,Voluntary non-profit - Private,Yes,Not Available
110237,NORTHEAST GEORGIA MEDICAL CENTER LUMPKIN,DAHLONEGA,GA,30533,Acute Care Hospitals,Voluntary non-profit - Other,Yes,5
110252,NORTHSIDE HOSPITAL DULUTH,DULUTH,GA,30096,Acute Care Hospitals,Voluntary non-profit - Private,Yes,3
11029F,DECATUR (ATLANTA) VA MEDICAL CENTER,DECATUR,GA,30033,Acute Care - Veterans Administration,Veterans Health Administration,Yes,3
11030F,AUGUSTA VA MEDICAL CENTER,AUGUSTA,GA,30904,Acute Care - Veterans Administration,Veterans Health Administration,Yes,3
11031F,DUBLIN VA MEDICAL CENTER,DUBLIN,GA,31021,Acute Care - Veterans Administration,Veterans Health Administration,Yes,Not Available
11032F,Martin ACH (FT Benning),Fort Benning,GA,31905,Acute Care - Department of Defense,Department of Defense,Yes,Not Available
11033F,Dwight Eisenhower AMC (FT Gordon),Fort Gordon,GA,30905,Acute Care - Department of Defense,Department of Defense,Yes,Not Available
11035F,Winn ACH (FT Stewart),Fort Stewart,GA,31314,Acute Care - Department of Defense,Department of Defense,Yes,Not Available
110779,IRWIN COUNTY HOSPITAL,OCILLA,GA,31774,Rural Emergency Hospital,Government - Hospital District or Authority,Yes,Not Available
110780,BLUE RIDGE MEDICAL CENTER,BLUE RIDGE,GA,30513,Rural Emergency Hospital,Proprietary,Yes,Not Available
110781,TAYLOR REGIONAL HOSPITAL,HAWKINSVILLE,GA,31036,Rural Emergency Hospital,Voluntary non-profit - Private,Yes,Not Available
111302,BLECKLEY MEMORIAL HOSPITAL,COCHRAN,GA,31014,Critical Access Hospitals,Government - Hospital District or Authority,Yes,Not Available
111303,JASPER MEMORIAL HOSPITAL,MONTICELLO,GA,31064,Critical Access Hospitals,Government - Local,Yes,Not Available
111304,MORGAN MEDICAL CENTER,MADISON,GA,30650,Critical Access Hospitals,Government - Hospital District or Authority,Yes,Not Available
111305,MILLER COUNTY HOSPITAL,COLQUITT,GA,39837,Critical Access Hospitals,Government - Hospital District or Authority,Yes,Not Available
111306,EFFINGHAM HEALTH SYSTEM,SPRINGFIELD,GA,31329,Critical Access Hospitals,Government - Hospital District or Authority,Yes,Not Available
111308,CLINCH MEMORIAL HOSPITAL,HOMERVILLE,GA,31634,Critical Access Hospitals,Government - Hospital District or Authority,Yes,Not Available
111310,ATRIUM HEALTH NAVICENT PEACH,BYRON,GA,31008,Critical Access Hospitals,Voluntary non-profit - Private,Yes,3
111311,JENKINS COUNTY MEDICAL CENTER,MILLEN,GA,30442,Critical Access Hospitals,Proprietary,Yes,Not Available
111312,OPTIM MEDICAL CENTER - SCREVEN,SYLVANIA,GA,30467,Critical Access Hospitals,Proprietary,Yes,Not Available
111313,PUTNAM GENERAL HOSPITAL,EATONTON,GA,31024,Critical Access Hospitals,Government - Hospital District or Authority,Yes,Not Available
111314,LIFEBRITE COMMUNITY HOSPITAL OF EARLY,BLAKELY,GA,39823,Critical Access Hospitals,Voluntary non-profit - Private,Yes,Not Available
111316,WARM SPRINGS MEDICAL CENTER,WARM SPRINGS,GA,31830,Critical Access Hospitals,Voluntary non-profit - Other,No,Not Available
111318,MONROE COUNTY HOSPITAL,FORSYTH,GA,31029,Critical Access Hospitals,Government - Hospital District or Authority,Yes,Not Available
111319,WELLSTAR SYLVAN GROVE MEDICAL CENTER,JACKSON,GA,30233,Critical Access Hospitals,Government - Hospital District or Authority,No,Not Available
111320,HIGGINS GENERAL HOSPITAL,BREMEN,GA,30110,Critical Access Hospitals,Government - Hospital District or Authority,No,Not Available
111323,OPTIM MEDICAL CENTER - TATTNALL,REIDSVILLE,GA,30453,Critical Access Hospitals,Proprietary,Yes,Not Available
111324,CHATUGE REGIONAL HOSPITAL,HIAWASSEE,GA,30546,Critical Access Hospitals,Government - Hospital District or Authority,Yes,Not Available
111325,WILLS MEMORIAL HOSPITAL,WASHINGTON,GA,30673,Critical Access Hospitals,Government - Hospital District or Authority,Yes,Not Available
111326,SGMC HEALTH LANIER,LAKELAND,GA,31635,Critical Access Hospitals,Government - Hospital District or Authority,Yes,Not Available
111327,BACON COUNTY HOSPITAL,ALMA,GA,31510,Critical Access Hospitals,Voluntary non-profit - Other,No,Not Available
111328,PHOEBE WORTH MEDICAL CENTER,SYLVESTER,GA,31791,Critical Access Hospitals,Voluntary non-profit - Private,Yes,Not Available
111329,ST MARYS GOOD SAMARITAN HOSPITAL,GREENSBORO,GA,30642,Critical Access Hospitals,Proprietary,Yes,3
111330,ATRIUM HEALTH FLOYD POLK MEDICAL CENTER,CEDARTOWN,GA,30125,Critical Access Hospitals,Voluntary non-profit - Private,Yes,Not Available
111331,ARCHBOLD MITCHELL,CAMILLA,GA,31730,Critical Access Hospitals,Government - Hospital District or Authority,Yes,Not Available
111332,ARCHBOLD BROOKS,QUITMAN,GA,31643,Critical Access Hospitals,Government - Hospital District or Authority,Yes,Not Available
111333,JEFF DAVIS HOSPITAL,HAZLEHURST,GA,31539,Critical Access Hospitals,Government - Hospital District or Authority,Yes,Not Available
111334,CANDLER COUNTY HOSPITAL,METTER,GA,30439,Critical Access Hospitals,Proprietary,Yes,Not Available
111335,LIBERTY REGIONAL MEDICAL CENTER,HINESVILLE,GA,31313,Critical Access Hospitals,Government - Hospital District or Authority,Yes,Not Available
111336,MOUNTAIN LAKES MEDICAL CENTER,CLAYTON,GA,30525,Critical Access Hospitals,Proprietary,Yes,Not Available
111337,ELBERT MEMORIAL HOSPITAL,ELBERTON,GA,30635,Critical Access Hospitals,Government - Hospital District or Authority,No,Not Available
113300,ATHUR M BLANK HOSPITAL,ATLANTA,GA,30329,Childrens,Voluntary non-profit - Private,Yes,Not Available
113301,CHILDREN'S HEALTHCARE OF ATLANTA AT SCOTTISH RITE,ATLANTA,GA,30342,Childrens,Voluntary non-profit - Other,Yes,Not Available
114004,SUMMITRIDGE CENTER- PSYCHIATRY & ADDICTIVE MED,LAWRENCEVILLE,GA,30046,Psychiatric,Proprietary,No,Not Available
114008,COASTAL HARBOR TREATMENT CENTER,SAVANNAH,GA,31406,Psychiatric,Proprietary,No,Not Available
114010,PEACHFORD BEHAVIORAL HEALTH SYSTEM OF ATLANTA,ATLANTA,GA,30338,Psychiatric,Proprietary,Yes,Not Available
114012,RIDGEVIEW INSTITUTE,SMYRNA,GA,30080,Psychiatric,Proprietary,No,Not Available
114013,WEST CENTRAL GEORGIA REGIONAL HOSPITAL,COLUMBUS,GA,31917,Psychiatric,Government - State,No,Not Available
114016,ST SIMONS-BY-THE-SEA,SAINT SIMONS ISLAND,GA,31522,Psychiatric,Government - Federal,No,Not Available
114019,GEORGIA REGIONAL HOSPITAL ATLANTA,DECATUR,GA,30034,Psychiatric,Government - State,No,Not Available
114028,GEORGIA REGIONAL HOSP SAVANNAH,SAVANNAH,GA,31416,Psychiatric,Government - State,Yes,Not Available
114029,EAST CENTRAL REGIONAL HOSPITAL,AUGUSTA,GA,30906,Psychiatric,Government - State,No,Not Available
114032,SO CRESCENT BEH HLTH SYS - ANCHOR HOSPITAL CAMPUS,COLLEGE PARK,GA,30349,Psychiatric,Government - Hospital District or Authority,No,Not Available
114035,RIVERWOODS BEHAVIORAL HEALTH SYSTEM,RIVERDALE,GA,30274,Psychiatric,Proprietary,No,Not Available
114036,GREENLEAF CENTER,VALDOSTA,GA,31602,Psychiatric,Proprietary,No,Not Available
114037,RIDGEVIEW INSTITUTE MONROE,MONROE,GA,30655,Psychiatric,Proprietary,No,Not Available
650001,GUAM MEMORIAL  HOSPITAL AUTHORITY,TAMUNING,GU,96913,Acute Care Hospitals,Government - Local,Yes,2
650003,GUAM REGIONAL MEDICAL CITY,DEDEDO,GU,96929,Acute Care Hospitals,Voluntary non-profit - Private,Yes,Not Available
120001,THE QUEENS MEDICAL CENTER,HONOLULU,HI,96813,Acute Care Hospitals,Voluntary non-profit - Private,Yes,3
120002,MAUI MEMORIAL MEDICAL CENTER,WAILUKU,HI,96793,Acute Care Hospitals,Government - State,No,3
120005,HILO BENIOFF MEDICAL CENTER,HILO,HI,96720,Acute Care Hospitals,Government - State,Yes,2
120006,ADVENTIST HEALTH CASTLE,KAILUA,HI,96734,Acute Care Hospitals,Voluntary non-profit - Church,Yes,5
120007,KUAKINI MEDICAL CENTER,HONOLULU,HI,96817,Acute Care Hospitals,Voluntary non-profit - Private,Yes,4
120011,KAISER FOUNDATION HOSPITAL,HONOLULU,HI,96819,Acute Care Hospitals,Voluntary non-profit - Private,Yes,3
120014,WILCOX MEMORIAL HOSPITAL,LIHUE,HI,96766,Acute Care Hospitals,Government - Federal,Yes,2
120019,KONA COMMUNITY HOSPITAL,KEALAKEKUA,HI,96750,Acute Care Hospitals,Government - State,Yes,2
12001F,Tripler AMC (FT Shafter),Honolulu,HI,96859,Acute Care - Department of Defense,Department of Defense,Yes,Not Available
120022,STRAUB CLINIC AND HOSPITAL,HONOLULU,HI,96813,Acute Care Hospitals,Proprietary,Yes,4
120026,PALI MOMI MEDICAL CENTER,AIEA,HI,96701,Acute Care Hospitals,Proprietary,Yes,4
120028,"NORTH HAWAII COMMUNITY HOSPITAL, INC",KAMUELA,HI,96743,Acute Care Hospitals,Voluntary non-profit - Private,Yes,2
121300,KAUAI VETERANS MEMORIAL HOSPITAL,WAIMEA,HI,96796,Critical Access Hospitals,Government - State,Yes,Not Available
121301,KAU HOSPITAL,PAHALA,HI,96777,Critical Access Hospitals,Government - State,Yes,Not Available
121302,KOHALA HOSPITAL,KAPAAU,HI,96755,Critical Access Hospitals,Government - State,Yes,Not Available
121303,MOLOKAI GENERAL HOSPITAL,KAUNAKAKAI,HI,96748,Critical Access Hospitals,Voluntary non-profit - Private,Yes,Not Available
121304,KAHUKU MEDICAL CENTER,KAHUKU,HI,96731,Critical Access Hospitals,Voluntary non-profit - Other,Yes,Not Available
121305,LANAI COMMUNITY HOSPITAL,LANAI CITY,HI,96763,Critical Access Hospitals,Voluntary non-profit - Private,Yes,Not Available
121306,SAMUEL MAHELONA MEMORIAL HOSPITAL,KAPAA,HI,96746,Critical Access Hospitals,Government - State,Yes,Not Available
121307,HALE HO'OLA HAMAKUA,HONOKAA,HI,96727,Critical Access Hospitals,Government - State,Yes,Not Available
121308,KULA HOSPITAL,KULA,HI,96790,Critical Access Hospitals,Voluntary non-profit - Private,Yes,Not Available
123300,KAPIOLANI MEDICAL CENTER FOR WOMEN & CHILDREN,HONOLULU,HI,96826,Childrens,Voluntary non-profit - Private,Yes,Not Available
123301,SHRINERS HOSPITAL FOR CHILDREN,HONOLULU,HI,96826,Childrens,Voluntary non-profit - Private,No,Not Available
124001,KAHI MOHALA,EWA BEACH,HI,96706,Psychiatric,Voluntary non-profit - Private,No,Not Available
160001,UNITYPOINT HEALTH - MARSHALLTOWN,MARSHALLTOWN,IA,50158,Acute Care Hospitals,Voluntary non-profit - Private,Yes,Not Available
160013,TRINITY MUSCATINE,MUSCATINE,IA,52761,Acute Care Hospitals,Voluntary non-profit - Private,Yes,3
160016,TRINITY REGIONAL MEDICAL CENTER,FORT DODGE,IA,50501,Acute Care Hospitals,Voluntary non-profit - Private,Yes,1
160028,CHI HEALTH MERCY COUNCIL BLUFFS,COUNCIL BLUFFS,IA,51503,Acute Care Hospitals,Voluntary non-profit - Private,Yes,3
160029,UNIVERSITY OF IOWA HEALTH CARE MEDICAL CENTER DOWN,IOWA CITY,IA,52245,Acute Care Hospitals,Voluntary non-profit - Church,Yes,3
160030,MARY GREELEY MEDICAL CENTER,AMES,IA,50010,Acute Care Hospitals,Government - Local,Yes,4
160032,MERCYONE NEWTON MEDICAL CENTER,NEWTON,IA,50208,Acute Care Hospitals,Voluntary non-profit - Private,Yes,Not Available
160033,GENESIS MEDICAL CENTER-DAVENPORT,DAVENPORT,IA,52803,Acute Care Hospitals,Voluntary non-profit - Private,Yes,1
16003F,VA CENTRAL IOWA HEALTHCARE SYSTEM,DES MOINES,IA,50310,Acute Care - Veterans Administration,Veterans Health Administration,Yes,4
160040,"SARTORI MEMORIAL HOSPITAL, INC",CEDAR FALLS,IA,50613,Acute Care Hospitals,Voluntary non-profit - Church,Yes,Not Available
160045,ST LUKES HOSPITAL,CEDAR RAPIDS,IA,52402,Acute Care Hospitals,Voluntary non-profit - Private,Yes,4
160047,METHODIST JENNIE EDMUNDSON,COUNCIL BLUFFS,IA,51503,Acute Care Hospitals,Voluntary non-profit - Private,Yes,4
16004F,IOWA CITY VA MEDICAL CENTER,IOWA CITY,IA,52246,Acute Care - Veterans Administration,Veterans Health Administration,Yes,5
160057,SOUTHEAST IOWA REGIONAL MEDICAL CENTER,WEST BURLINGTON,IA,52655,Acute Care Hospitals,Voluntary non-profit - Private,Yes,2
160058,UNIVERSITY OF IOWA HOSPITAL & CLINICS,IOWA CITY,IA,52242,Acute Care Hospitals,Government - State,Yes,3
160064,MERCYONE NORTH IOWA MEDICAL CENTER,MASON CITY,IA,50401,Acute Care Hospitals,Voluntary non-profit - Private,Yes,3
160067,MERCYONE WATERLOO MEDICAL CENTER,WATERLOO,IA,50702,Acute Care Hospitals,Voluntary non-profit - Church,Yes,4
160069,MERCYONE DUBUQUE MEDICAL CENTER,DUBUQUE,IA,52001,Acute Care Hospitals,Voluntary non-profit - Church,Yes,5
160079,MERCY MEDICAL CENTER - CEDAR RAPIDS,CEDAR RAPIDS,IA,52403,Acute Care Hospitals,Voluntary non-profit - Church,Yes,3
160080,MERCYONE CLINTON MEDICAL CENTER,CLINTON,IA,52732,Acute Care Hospitals,Voluntary non-profit - Private,Yes,4
160082,UNITYPOINT HEALTH - DES MOINES IOWA METHODIST MEDI,DES MOINES,IA,50309,Acute Care Hospitals,Voluntary non-profit - Private,Yes,3
160083,MERCYONE DES MOINES MEDICAL CENTER,DES MOINES,IA,50314,Acute Care Hospitals,Voluntary non-profit - Private,Yes,2
160089,OTTUMWA REGIONAL HEALTH CENTER,OTTUMWA,IA,52501,Acute Care Hospitals,Proprietary,Yes,2
160101,BROADLAWNS MEDICAL CENTER,DES MOINES,IA,50314,Acute Care Hospitals,Government - Local,Yes,2
160104,TRINITY - BETTENDORF,BETTENDORF,IA,52722,Acute Care Hospitals,Voluntary non-profit - Private,Yes,3
160110,ALLEN HOSPITAL,WATERLOO,IA,50703,Acute Care Hospitals,Voluntary non-profit - Private,Yes,3
160112,SPENCER MUNICIPAL HOSPITAL,SPENCER,IA,51301,Acute Care Hospitals,Government - Local,Yes,4
160117,FINLEY HOSPITAL,DUBUQUE,IA,52001,Acute Care Hospitals,Voluntary non-profit - Private,Yes,4
160124,LAKES REGIONAL HEALTHCARE,SPIRIT LAKE,IA,51360,Acute Care Hospitals,Government - Local,Yes,2
160146,ST LUKES REGIONAL MEDICAL CENTER,SIOUX CITY,IA,51104,Acute Care Hospitals,Voluntary non-profit - Private,Yes,1
160147,GRINNELL REGIONAL MEDICAL CENTER,GRINNELL,IA,50112,Acute Care Hospitals,Voluntary non-profit - Private,Yes,4
160153,MERCYONE SIOUXLAND MEDICAL CENTER,SIOUX CITY,IA,51101,Acute Care Hospitals,Voluntary non-profit - Private,Yes,1
161301,IOWA SPECIALTY HOSPITAL - BELMOND,BELMOND,IA,50421,Critical Access Hospitals,Government - Local,Yes,Not Available
161302,IOWA SPECIALTY HOSPITAL - CLARION,CLARION,IA,50525,Critical Access Hospitals,Government - Local,Yes,Not Available
161303,GRUNDY COUNTY MEMORIAL HOSPITAL,GRUNDY CENTER,IA,50638,Critical Access Hospitals,Voluntary non-profit - Other,Yes,Not Available
161304,CHI HEALTH - MERCY CORNING,CORNING,IA,50841,Critical Access Hospitals,Voluntary non-profit - Church,Yes,Not Available
161305,POCAHONTAS COMMUNITY HOSPITAL,POCAHONTAS,IA,50574,Critical Access Hospitals,Government - Local,Yes,Not Available
161306,JONES REGIONAL MEDICAL CENTER,ANAMOSA,IA,52205,Critical Access Hospitals,Voluntary non-profit - Private,Yes,Not Available
161307,HANCOCK COUNTY HEALTH SYSTEM,BRITT,IA,50423,Critical Access Hospitals,Government - Local,Yes,Not Available
161308,FRANKLIN GENERAL HOSPITAL,HAMPTON,IA,50441,Critical Access Hospitals,Government - Local,Yes,Not Available
161309,CHI HEALTH MISSOURI VALLEY,MISSOURI VALLEY,IA,51555,Critical Access Hospitals,Voluntary non-profit - Private,Yes,Not Available
161310,ADAIR COUNTY MEMORIAL HOSPITAL,GREENFIELD,IA,50849,Critical Access Hospitals,Government - Local,Yes,Not Available
161311,HAWARDEN REGIONAL HEALTHCARE,HAWARDEN,IA,51023,Critical Access Hospitals,Government - Local,Yes,Not Available
161312,GUTTENBERG MUNICIPAL HOSPITAL,GUTTENBERG,IA,52052,Critical Access Hospitals,Government - Local,Yes,Not Available
161313,GENESIS MEDICAL CENTER-DEWITT,DEWITT,IA,52742,Critical Access Hospitals,Voluntary non-profit - Private,Yes,Not Available
161314,GUTHRIE COUNTY HOSPITAL,GUTHRIE CENTER,IA,50115,Critical Access Hospitals,Voluntary non-profit - Other,Yes,Not Available
161315,KEOKUK COUNTY HEALTH CENTER,SIGOURNEY,IA,52591,Critical Access Hospitals,Government - Hospital District or Authority,Yes,Not Available
161316,GUNDERSEN PALMER LUTHERAN HOSPITAL AND CLINICS,WEST UNION,IA,52175,Critical Access Hospitals,Voluntary non-profit - Private,Yes,Not Available
161317,COMPASS MEMORIAL HEALTHCARE,MARENGO,IA,52301,Critical Access Hospitals,Government - Local,Yes,Not Available
161318,VETERANS MEMORIAL HOSPITAL,WAUKON,IA,52172,Critical Access Hospitals,Government - Local,Yes,Not Available
161319,MERCYONE ELKADER MEDICAL CENTER,ELKADER,IA,52043,Critical Access Hospitals,Voluntary non-profit - Private,Yes,Not Available
161320,COMMUNITY MEMORIAL HOSPITAL MEDICAL CENTER,SUMNER,IA,50674,Critical Access Hospitals,Voluntary non-profit - Private,Yes,Not Available
161321,AVERA MERRILL PIONEER HOSPITAL,ROCK RAPIDS,IA,51246,Critical Access Hospitals,Voluntary non-profit - Private,Yes,Not Available
161322,DALLAS COUNTY HOSPITAL,PERRY,IA,50220,Critical Access Hospitals,Government - Local,Yes,Not Available
161323,MITCHELL COUNTY REGIONAL HEALTH,OSAGE,IA,50461,Critical Access Hospitals,Government - Federal,No,Not Available
161324,GEORGE C GRAPE COMMUNITY HOSPITAL,HAMBURG,IA,51640,Critical Access Hospitals,Voluntary non-profit - Private,Yes,Not Available
161325,GREENE COUNTY MEDICAL CENTER,JEFFERSON,IA,50129,Critical Access Hospitals,Government - Local,Yes,Not Available
161326,MADISON COUNTY HEALTH CARE SYSTEM,WINTERSET,IA,50273,Critical Access Hospitals,Government - Local,Yes,Not Available
161327,DAVIS COUNTY HOSPITAL,BLOOMFIELD,IA,52537,Critical Access Hospitals,Government - Local,Yes,Not Available
161328,REGIONAL HEALTH SERVICES OF HOWARD COUNTY,CRESCO,IA,52136,Critical Access Hospitals,Government - Local,Yes,Not Available
161329,JACKSON COUNTY REGIONAL HEALTH CENTER,MAQUOKETA,IA,52060,Critical Access Hospitals,Government - Local,Yes,Not Available
161330,AUDUBON COUNTY MEMORIAL HOSPITAL,AUDUBON,IA,50025,Critical Access Hospitals,Government - Local,Yes,Not Available
161331,MERCY MEDICAL CENTER-NEW HAMPTON,NEW HAMPTON,IA,50659,Critical Access Hospitals,Voluntary non-profit - Church,Yes,Not Available
161332,MANNING REGIONAL HEALTHCARE CENTER,MANNING,IA,51455,Critical Access Hospitals,Voluntary non-profit - Private,No,Not Available
161333,STORY COUNTY HOSPITAL,NEVADA,IA,50201,Critical Access Hospitals,Government - Local,Yes,Not Available
161334,HUMBOLDT COUNTY MEMORIAL HOSPITAL,HUMBOLDT,IA,50548,Critical Access Hospitals,Voluntary non-profit - Other,Yes,Not Available
161335,BUCHANAN COUNTY HEALTH CENTER,INDEPENDENCE,IA,50644,Critical Access Hospitals,Government - Local,Yes,Not Available
161336,HEGG MEMORIAL HEALTH CENTER,ROCK VALLEY,IA,51247,Critical Access Hospitals,Voluntary non-profit - Private,Yes,Not Available
161337,VAN BUREN COUNTY HOSPITAL,KEOSAUQUA,IA,52565,Critical Access Hospitals,Government - Local,Yes,Not Available
161338,MERCYONE OELWEIN MEDICAL CENTER,OELWEIN,IA,50662,Critical Access Hospitals,Voluntary non-profit - Private,Yes,Not Available
161339,WAVERLY HEALTH CENTER,WAVERLY,IA,50677,Critical Access Hospitals,Government - Local,Yes,Not Available
161340,DECATUR COUNTY HOSPITAL,LEON,IA,50144,Critical Access Hospitals,Government - Local,Yes,Not Available
161341,LUCAS COUNTY HEALTH CENTER,CHARITON,IA,50049,Critical Access Hospitals,Voluntary non-profit - Other,Yes,Not Available
161342,MONROE COUNTY HOSPITAL,ALBIA,IA,52531,Critical Access Hospitals,Government - Local,Yes,Not Available
161343,REGIONAL MEDICAL CENTER,MANCHESTER,IA,52057,Critical Access Hospitals,Government - Local,Yes,Not Available
161344,WASHINGTON COUNTY HOSPITAL AND CLINICS,WASHINGTON,IA,52353,Critical Access Hospitals,Government - Local,Yes,Not Available
161345,OSCEOLA COMMUNITY HOSPITAL,SIBLEY,IA,51249,Critical Access Hospitals,Voluntary non-profit - Private,Yes,Not Available
161346,SIOUX CENTER HEALTH,SIOUX CENTER,IA,51250,Critical Access Hospitals,Voluntary non-profit - Private,Yes,Not Available
161347,FLOYD COUNTY MEDICAL CENTER,CHARLES CITY,IA,50616,Critical Access Hospitals,Government - Local,Yes,3
161348,CLARKE COUNTY HOSPITAL,OSCEOLA,IA,50213,Critical Access Hospitals,Voluntary non-profit - Other,Yes,Not Available
161349,VIRGINIA GAY HOSPITAL,VINTON,IA,52349,Critical Access Hospitals,Voluntary non-profit - Private,Yes,Not Available
161350,STEWART MEMORIAL COMMUNITY HOSPITAL,LAKE CITY,IA,51449,Critical Access Hospitals,Voluntary non-profit - Private,Yes,Not Available
161351,AVERA HOLY FAMILY HOSPITAL,ESTHERVILLE,IA,51334,Critical Access Hospitals,Voluntary non-profit - Private,Yes,Not Available
161352,CLARINDA REGIONAL HEALTH CENTER,CLARINDA,IA,51632,Critical Access Hospitals,Government - Local,Yes,4
161353,KOSSUTH REGIONAL HEALTH CENTER,ALGONA,IA,50511,Critical Access Hospitals,Government - Local,Yes,2
161354,HORN MEMORIAL HOSPITAL,IDA GROVE,IA,51445,Critical Access Hospitals,Voluntary non-profit - Private,Yes,Not Available
161355,KNOXVILLE HOSPITAL & CLINICS,KNOXVILLE,IA,50138,Critical Access Hospitals,Voluntary non-profit - Private,Yes,Not Available
161356,HENRY COUNTY HEALTH CENTER,MOUNT PLEASANT,IA,52641,Critical Access Hospitals,Physician,Yes,Not Available
161357,PALO ALTO COUNTY HOSPITAL,EMMETSBURG,IA,50536,Critical Access Hospitals,Government - Local,Yes,Not Available
161358,WAYNE COUNTY HOSPITAL,CORYDON,IA,50060,Critical Access Hospitals,Government - Local,Yes,Not Available
161359,BURGESS HEALTH CENTER,ONAWA,IA,51040,Critical Access Hospitals,Voluntary non-profit - Private,Yes,Not Available
161360,ORANGE CITY AREA HEALTH SYSTEM,ORANGE CITY,IA,51041,Critical Access Hospitals,Voluntary non-profit - Other,Yes,Not Available
161361,VAN DIEST MEDICAL CENTER,WEBSTER CITY,IA,50595,Critical Access Hospitals,Voluntary non-profit - Other,Yes,Not Available
161362,CHEROKEE REGIONAL MEDICAL CENTER,CHEROKEE,IA,51012,Critical Access Hospitals,Voluntary non-profit - Private,Yes,Not Available
161363,MONTGOMERY COUNTY MEMORIAL HOSPITAL,RED OAK,IA,51566,Critical Access Hospitals,Government - Local,Yes,3
161364,JEFFERSON COUNTY HEALTH CENTER,FAIRFIELD,IA,52556,Critical Access Hospitals,Government - Local,Yes,Not Available
161365,GREATER REGIONAL MEDICAL CENTER,CRESTON,IA,50801,Critical Access Hospitals,Government - Local,Yes,4
161366,SHENANDOAH MEDICAL CENTER,SHENANDOAH,IA,51601,Critical Access Hospitals,Voluntary non-profit - Private,Yes,Not Available
161367,PELLA REGIONAL HEALTH CENTER,PELLA,IA,50219,Critical Access Hospitals,Voluntary non-profit - Private,Yes,4
161368,FLOYD VALLEY HEALTHCARE,LE MARS,IA,51031,Critical Access Hospitals,Government - Local,Yes,Not Available
161369,CRAWFORD COUNTY MEMORIAL HOSPITAL,DENISON,IA,51442,Critical Access Hospitals,Government - Local,Yes,2
161370,LORING HOSPITAL,SAC CITY,IA,50583,Critical Access Hospitals,Voluntary non-profit - Private,No,Not Available
161371,WINNMED,DECORAH,IA,52101,Critical Access Hospitals,Government - Local,Yes,2
161372,BOONE COUNTY HOSPITAL,BOONE,IA,50036,Critical Access Hospitals,Government - Local,Yes,Not Available
161373,RINGGOLD COUNTY HOSPITAL,MOUNT AYR,IA,50854,Critical Access Hospitals,Government - State,Yes,Not Available
161374,MYRTUE MEDICAL CENTER,HARLAN,IA,51537,Critical Access Hospitals,Voluntary non-profit - Other,Yes,4
161375,BUENA VISTA REGIONAL MEDICAL CENTER,STORM LAKE,IA,50588,Critical Access Hospitals,Government - Local,Yes,3
161376,CASS COUNTY MEMORIAL HOSPITAL,ATLANTIC,IA,50022,Critical Access Hospitals,Government - Local,Yes,4
161377,MERCYONE CENTERVILLE MEDICAL CENTER,CENTERVILLE,IA,52544,Critical Access Hospitals,Voluntary non-profit - Private,Yes,Not Available
161378,MERCYONE DYERSVILLE MEDICAL CENTER,DYERSVILLE,IA,52040,Critical Access Hospitals,Voluntary non-profit - Private,Yes,Not Available
161379,MAHASKA  HEALTH PARTNERSHIP,OSKALOOSA,IA,52577,Critical Access Hospitals,Government - Local,Yes,2
161380,HANSEN FAMILY HOSPITAL,IOWA FALLS,IA,50126,Critical Access Hospitals,Government - Local,Yes,Not Available
161381,SANFORD SHELDON MEDICAL CENTER,SHELDON,IA,51201,Critical Access Hospitals,Voluntary non-profit - Private,Yes,Not Available
161382,ST ANTHONY REGIONAL HOSPITAL & NURSING HOME,CARROLL,IA,51401,Critical Access Hospitals,Voluntary non-profit - Private,Yes,Not Available
164002,MENTAL HEALTH INSTITUTE,CHEROKEE,IA,51012,Psychiatric,Government - State,Yes,Not Available
164003,MENTAL HEALTH INSTITUTE,INDEPENDENCE,IA,50644,Psychiatric,Government - State,No,Not Available
164006,EAGLE VIEW BEHAVIORAL HEALTH,BETTENDORF,IA,52722,Psychiatric,Proprietary,No,Not Available
164007,CLIVE BEHAVIORAL HEALTH,CLIVE,IA,50325,Psychiatric,Proprietary,No,Not Available
130002,ST LUKES MAGIC VALLEY MEDICAL CENTER,TWIN FALLS,ID,83301,Acute Care Hospitals,Voluntary non-profit - Private,Yes,5
130003,ST JOSEPH REGIONAL MEDICAL CENTER,LEWISTON,ID,83501,Acute Care Hospitals,Voluntary non-profit - Private,Yes,2
130006,ST LUKE'S REGIONAL MEDICAL CENTER,BOISE,ID,83712,Acute Care Hospitals,Voluntary non-profit - Private,Yes,4
130007,SAINT ALPHONSUS REGIONAL MEDICAL CENTER,BOISE,ID,83706,Acute Care Hospitals,Voluntary non-profit - Church,Yes,3
130013,SAINT ALPHONSUS MEDICAL CENTER - NAMPA,NAMPA,ID,83687,Acute Care Hospitals,Voluntary non-profit - Church,Yes,4
130014,WEST VALLEY MEDICAL CENTER,CALDWELL,ID,83605,Acute Care Hospitals,Proprietary,Yes,5
130018,EASTERN IDAHO REGIONAL MEDICAL CENTER,IDAHO FALLS,ID,83404,Acute Care Hospitals,Proprietary,Yes,3
130025,MADISON MEMORIAL HOSPITAL,REXBURG,ID,83440,Acute Care Hospitals,Government - Local,Yes,Not Available
130028,PORTNEUF MEDICAL CENTER,POCATELLO,ID,83201,Acute Care Hospitals,Proprietary,Yes,3
13003F,BOISE VA MEDICAL CENTER,BOISE,ID,83702,Acute Care - Veterans Administration,Veterans Health Administration,Yes,5
130049,KOOTENAI HEALTH,COEUR D'ALENE,ID,83814,Acute Care Hospitals,Government - Hospital District or Authority,Yes,4
130063,TREASURE VALLEY HOSPITAL,BOISE,ID,83704,Acute Care Hospitals,Proprietary,No,Not Available
130065,MOUNTAIN VIEW HOSPITAL,IDAHO FALLS,ID,83404,Acute Care Hospitals,Physician,Yes,3
130066,NORTHWEST SPECIALTY HOSPITAL,POST FALLS,ID,83854,Acute Care Hospitals,Proprietary,No,Not Available
130071,ST LUKE'S NAMPA MEDICAL CENTER,NAMPA,ID,83687,Acute Care Hospitals,Voluntary non-profit - Private,Yes,4
130073,GROVE CREEK MEDICAL CENTER,BLACKFOOT,ID,83221,Acute Care Hospitals,Voluntary non-profit - Private,No,Not Available
130074,"IDAHO FALLS COMMUNITY HOSPITAL, LLC",IDAHO FALLS,ID,83404,Acute Care Hospitals,Proprietary,Yes,5
130779,CASCADE MEDICAL CENTER,CASCADE,ID,83611,Rural Emergency Hospital,Government - Hospital District or Authority,Yes,Not Available
131301,BOUNDARY COMMUNITY HOSPITAL,BONNERS FERRY,ID,83805,Critical Access Hospitals,Voluntary non-profit - Other,Yes,Not Available
131302,NORTH CANYON MEDICAL CENTER,GOODING,ID,83330,Critical Access Hospitals,Voluntary non-profit - Private,No,Not Available
131303,NELL J REDFIELD MEMORIAL HOSPITAL,MALAD CITY,ID,83252,Critical Access Hospitals,Government - Local,Yes,Not Available
131304,POWER COUNTY HOSPITAL DISTRICT,AMERICAN FALLS,ID,83211,Critical Access Hospitals,Government - Hospital District or Authority,Yes,Not Available
131305,STEELE MEMORIAL MEDICAL CENTER,SALMON,ID,83467,Critical Access Hospitals,Government - Local,Yes,Not Available
131307,WEISER MEMORIAL HOSPITAL,WEISER,ID,83672,Critical Access Hospitals,Government - Hospital District or Authority,Yes,Not Available
131309,CARIBOU MEDICAL CENTER,SODA SPRINGS,ID,83276,Critical Access Hospitals,Government - Local,Yes,Not Available
131310,ST LUKE'S JEROME,JEROME,ID,83338,Critical Access Hospitals,Voluntary non-profit - Private,Yes,Not Available
131311,ST LUKE'S ELMORE MEDICAL CENTER,MOUNTAIN HOME,ID,83647,Critical Access Hospitals,Voluntary non-profit - Private,Yes,Not Available
131312,ST LUKE'S MCCALL,MCCALL,ID,83638,Critical Access Hospitals,Proprietary,Yes,Not Available
131313,TETON VALLEY HOSPITAL,DRIGGS,ID,83422,Critical Access Hospitals,Voluntary non-profit - Private,Yes,Not Available
131314,SHOSHONE MEDICAL CENTER,KELLOGG,ID,83837,Critical Access Hospitals,Government - Hospital District or Authority,Yes,Not Available
131315,SYRINGA GENERAL HOSPITAL,GRANGEVILLE,ID,83530,Critical Access Hospitals,Voluntary non-profit - Private,Yes,4
131316,BEAR LAKE MEMORIAL HOSPITAL,MONTPELIER,ID,83254,Critical Access Hospitals,Government - Local,Yes,Not Available
131317,BENEWAH COMMUNITY HOSPITAL,SAINT MARIES,ID,83861,Critical Access Hospitals,Government - Local,Yes,Not Available
131318,VALOR HEALTH,EMMETT,ID,83617,Critical Access Hospitals,Government - Local,Yes,Not Available
131319,MINIDOKA MEMORIAL HOSPITAL,RUPERT,ID,83350,Critical Access Hospitals,Government - Local,Yes,Not Available
131320,CLEARWATER VALLEY HOSPITAL & CLINICS,OROFINO,ID,83544,Critical Access Hospitals,Voluntary non-profit - Private,Yes,3
131321,ST MARY'S HOSPITAL,COTTONWOOD,ID,83522,Critical Access Hospitals,Voluntary non-profit - Private,Yes,Not Available
131322,FRANKLIN COUNTY MEDICAL CENTER,PRESTON,ID,83263,Critical Access Hospitals,Voluntary non-profit - Other,Yes,Not Available
131323,ST LUKE'S WOOD RIVER MEDICAL CENTER,KETCHUM,ID,83340,Critical Access Hospitals,Voluntary non-profit - Private,Yes,Not Available
131324,LOST RIVERS MEDICAL CENTER,ARCO,ID,83213,Critical Access Hospitals,Government - Hospital District or Authority,Yes,Not Available
131325,BINGHAM MEMORIAL HOSPITAL,BLACKFOOT,ID,83221,Critical Access Hospitals,Voluntary non-profit - Private,Yes,Not Available
131326,CASSIA REGIONAL HOSPITAL,BURLEY,ID,83318,Critical Access Hospitals,Voluntary non-profit - Private,Yes,Not Available
131327,GRITMAN MEDICAL CENTER,MOSCOW,ID,83843,Critical Access Hospitals,Voluntary non-profit - Private,Yes,3
131328,BONNER GENERAL HOSPITAL,SANDPOINT,ID,83864,Critical Access Hospitals,Voluntary non-profit - Private,Yes,1
134002,INTERMOUNTAIN HOSPITAL,BOISE,ID,83704,Psychiatric,Proprietary,No,Not Available
134009,LIFEWAYS HOSPITAL,BOISE,ID,83704,Psychiatric,Voluntary non-profit - Private,No,Not Available
134010,STATE HOSPITAL SOUTH,BLACKFOOT,ID,83221,Psychiatric,Government - State,No,Not Available
134017,COTTONWOOD CREEK BEHAVIORAL HOSPITAL,MERIDIAN,ID,83642,Psychiatric,Proprietary,No,Not Available
140001,GRAHAM HOSPITAL ASSOCIATION,CANTON,IL,61520,Acute Care Hospitals,Voluntary non-profit - Private,Yes,2
140002,ALTON MEMORIAL HOSPITAL,ALTON,IL,62002,Acute Care Hospitals,Voluntary non-profit - Private,Yes,4
140007,SAINT JOSEPH MEDICAL CENTER,JOLIET,IL,60435,Acute Care Hospitals,Voluntary non-profit - Church,Yes,1
140008,LOYOLA GOTTLIEB MEMORIAL HOSPITAL,MELROSE PARK,IL,60160,Acute Care Hospitals,Voluntary non-profit - Private,Yes,2
140010,NORTHSHORE UNIVERSITY HEALTHSYSTEM - EVANSTON HOSPITAL,EVANSTON,IL,60201,Acute Care Hospitals,Voluntary non-profit - Other,Yes,5
140011,HERRIN HOSPITAL,HERRIN,IL,62948,Acute Care Hospitals,Voluntary non-profit - Private,Yes,2
140012,OSF SAINT KATHARINE MEDICAL CENTER,DIXON,IL,61021,Acute Care Hospitals,Voluntary non-profit - Private,Yes,2
140013,CARLE HEALTH PROCTOR HOSPITAL,PEORIA,IL,61354,Acute Care Hospitals,Voluntary non-profit - Private,Yes,3
140015,BLESSING HOSPITAL,QUINCY,IL,62301,Acute Care Hospitals,Voluntary non-profit - Private,Yes,4
140018,MT SINAI HOSPITAL MEDICAL CENTER,CHICAGO,IL,60608,Acute Care Hospitals,Voluntary non-profit - Private,Yes,1
140029,COPLEY MEMORIAL HOSPITAL,AURORA,IL,60504,Acute Care Hospitals,Voluntary non-profit - Private,Yes,3
140030,ADVOCATE SHERMAN HOSPITAL,ELGIN,IL,60123,Acute Care Hospitals,Voluntary non-profit - Private,Yes,5
140032,ST ANTHONYS MEMORIAL HOSPITAL,EFFINGHAM,IL,62401,Acute Care Hospitals,Voluntary non-profit - Church,Yes,3
140034,SSM HEALTH ST MARY'S HOSPITAL -CENTRALIA,CENTRALIA,IL,62801,Acute Care Hospitals,Voluntary non-profit - Church,Yes,2
14003F,JESSE BROWN VA MEDICAL CENTER - VA CHICAGO HEALTHCARE SYSTEM,CHICAGO,IL,60612,Acute Care - Veterans Administration,Veterans Health Administration,Yes,5
140043,CGH MEDICAL CENTER,STERLING,IL,61081,Acute Care Hospitals,Government - Local,Yes,2
140046,GOOD SAMARITAN REGIONAL HLTH CENTER,MOUNT VERNON,IL,62864,Acute Care Hospitals,Voluntary non-profit - Private,Yes,3
140048,ADVOCATE TRINITY HOSPITAL,CHICAGO,IL,60617,Acute Care Hospitals,Voluntary non-profit - Church,Yes,2
140049,WEST SUBURBAN MEDICAL CENTER,OAK PARK,IL,60302,Acute Care Hospitals,Voluntary non-profit - Other,No,1
14004F,VA ILLIANA HEALTHCARE SYSTEM - DANVILLE,DANVILLE,IL,61832,Acute Care - Veterans Administration,Veterans Health Administration,No,Not Available
140052,OSF SAINT ANTHONY'S HEALTH CENTER,ALTON,IL,62002,Acute Care Hospitals,Voluntary non-profit - Church,No,3
140053,ST JOHNS HOSPITAL,SPRINGFIELD,IL,62769,Acute Care Hospitals,Voluntary non-profit - Church,Yes,3
140054,MACNEAL  HOSPITAL,BERWYN,IL,60402,Acute Care Hospitals,Proprietary,Yes,3
140059,JERSEY COMMUNITY HOSPITAL,JERSEYVILLE,IL,62052,Acute Care Hospitals,Government - Local,Yes,2
140062,PALOS COMMUNITY HOSPITAL,PALOS HEIGHTS,IL,60463,Acute Care Hospitals,Voluntary non-profit - Private,Yes,3
140063,RUSH OAK PARK HOSPITAL,OAK PARK,IL,60304,Acute Care Hospitals,Voluntary non-profit - Church,Yes,4
140064,ST MARY MEDICAL CENTER,GALESBURG,IL,61401,Acute Care Hospitals,Voluntary non-profit - Church,Yes,2
140065,UCHICAGO MEDICINE ADVENTHEALTH LA GRANGE,LA GRANGE,IL,60525,Acute Care Hospitals,Voluntary non-profit - Church,Yes,5
140067,SAINT FRANCIS MEDICAL CENTER,PEORIA,IL,61637,Acute Care Hospitals,Voluntary non-profit - Private,Yes,2
140068,ROSELAND COMMUNITY HOSPITAL,CHICAGO,IL,60628,Acute Care Hospitals,Voluntary non-profit - Private,Yes,1
140077,TOUCHETTE REGIONAL HOSPITAL INC,CENTREVILLE,IL,62207,Acute Care Hospitals,Voluntary non-profit - Private,Yes,Not Available
14007F,HINES VA MEDICAL CENTER,HINES,IL,60141,Acute Care - Veterans Administration,Veterans Health Administration,Yes,2
140080,SAINT FRANCIS HOSPITAL-EVANSTON,EVANSTON,IL,60202,Acute Care Hospitals,Voluntary non-profit - Church,Yes,2
140082,LOUIS A WEISS MEMORIAL HOSPITAL,CHICAGO,IL,60640,Acute Care Hospitals,Proprietary,Yes,1
140083,LORETTO HOSPITAL,CHICAGO,IL,60644,Acute Care Hospitals,Voluntary non-profit - Other,Yes,Not Available
140084,VISTA MEDICAL CENTER EAST,WAUKEGAN,IL,60085,Acute Care Hospitals,Proprietary,Yes,2
140088,THE UNIVERSITY OF CHICAGO MEDICAL CENTER,CHICAGO,IL,60637,Acute Care Hospitals,Voluntary non-profit - Private,Yes,4
140089,MC DONOUGH DISTRICT HOSPITAL,MACOMB,IL,61455,Acute Care Hospitals,Government - Hospital District or Authority,Yes,3
14008F,MARION IL VA MEDICAL CENTER,MARION,IL,62959,Acute Care - Veterans Administration,Veterans Health Administration,Yes,3
140091,CARLE FOUNDATION HOSPITAL,URBANA,IL,61801,Acute Care Hospitals,Voluntary non-profit - Private,Yes,3
140093,OSF SACRED HEART MEDICAL CENTER,DANVILLE,IL,61832,Acute Care Hospitals,Voluntary non-profit - Church,Yes,2
140095,SAINT ANTHONY HOSPITAL,CHICAGO,IL,60623,Acute Care Hospitals,Voluntary non-profit - Private,Yes,1
140100,"MIDWESTERN REGION MED CENTER, INC",ZION,IL,60099,Acute Care Hospitals,Proprietary,Yes,4
140101,MORRIS HOSPITAL & HEALTHCARE CENTERS,MORRIS,IL,60450,Acute Care Hospitals,Voluntary non-profit - Private,Yes,3
140103,ST BERNARD HOSPITAL,CHICAGO,IL,60621,Acute Care Hospitals,Voluntary non-profit - Church,Yes,1
140110,OSF SAINT ELIZABETH MDL CTR,OTTAWA,IL,61350,Acute Care Hospitals,Voluntary non-profit - Private,Yes,4
140113,OSF HEART OF MARY MEDICAL CENTER,URBANA,IL,61801,Acute Care Hospitals,Voluntary non-profit - Church,Yes,3
140114,SWEDISH HOSPITAL,CHICAGO,IL,60625,Acute Care Hospitals,Voluntary non-profit - Church,Yes,2
140115,THOREK MEMORIAL HOSPITAL,CHICAGO,IL,60613,Acute Care Hospitals,Voluntary non-profit - Private,Yes,Not Available
140116,NORTHWESTERN MEDICINE MCHENRY,MCHENRY,IL,60050,Acute Care Hospitals,Voluntary non-profit - Other,Yes,5
140117,AMITA HEALTH RESURRECTION MEDICAL CENTER,CHICAGO,IL,60631,Acute Care Hospitals,Voluntary non-profit - Church,Yes,4
140119,RUSH UNIVERSITY MEDICAL CENTER,CHICAGO,IL,60612,Acute Care Hospitals,Voluntary non-profit - Private,Yes,5
140120,CARLE HEALTH PEKIN HOSPITAL,PEKIN,IL,61554,Acute Care Hospitals,Voluntary non-profit - Private,Yes,2
140122,UCHICAGO MEDICINE ADVENTHEALTH HINSDALE,HINSDALE,IL,60521,Acute Care Hospitals,Voluntary non-profit - Private,Yes,4
140124,JOHN H STROGER JR HOSPITAL,CHICAGO,IL,60612,Acute Care Hospitals,Government - Local,Yes,3
140125,GATEWAY REGIONAL MEDICAL CENTER,GRANITE CITY,IL,62040,Acute Care Hospitals,Voluntary non-profit - Other,Yes,1
140127,CARLE BROMENN MEDICAL CENTER,NORMAL,IL,61761,Acute Care Hospitals,Voluntary non-profit - Church,Yes,3
140130,NORTHWESTERN LAKE FOREST HOSPITAL,LAKE FOREST,IL,60045,Acute Care Hospitals,Voluntary non-profit - Other,Yes,5
140133,HOLY CROSS HOSPITAL,CHICAGO,IL,60629,Acute Care Hospitals,Voluntary non-profit - Private,Yes,1
140135,DECATUR MEMORIAL HOSPITAL,DECATUR,IL,62526,Acute Care Hospitals,Voluntary non-profit - Other,Yes,3
140137,HSHS HOLY FAMILY HOSPITAL INC,GREENVILLE,IL,62246,Acute Care Hospitals,Voluntary non-profit - Church,Yes,Not Available
140145,ST JOSEPHS HOSPITAL,BREESE,IL,62230,Acute Care Hospitals,Voluntary non-profit - Church,Yes,4
140148,MEMORIAL MEDICAL CENTER,SPRINGFIELD,IL,62702,Acute Care Hospitals,Voluntary non-profit - Private,Yes,2
140150,UNIVERSITY OF ILLINOIS HOSPITAL AND CLINICS,CHICAGO,IL,60612,Acute Care Hospitals,Government - State,Yes,2
140155,PRESENCE ST MARYS HOSPITAL,KANKAKEE,IL,60901,Acute Care Hospitals,Voluntary non-profit - Church,Yes,4
140158,INSIGHT HOSPITAL AND MEDICAL CENTER CHICAGO,CHICAGO,IL,60616,Acute Care Hospitals,Voluntary non-profit - Private,Yes,1
140160,FHN MEMORIAL HOSPITAL,FREEPORT,IL,61032,Acute Care Hospitals,Voluntary non-profit - Private,Yes,3
140161,SAINT JAMES HOSPITAL,PONTIAC,IL,61764,Acute Care Hospitals,Voluntary non-profit - Church,No,3
140162,ST JOSEPH MEDICAL CENTER,BLOOMINGTON,IL,61701,Acute Care Hospitals,Voluntary non-profit - Church,Yes,1
140164,MEMORIAL HOSPITAL OF CARBONDALE,CARBONDALE,IL,62901,Acute Care Hospitals,Voluntary non-profit - Private,Yes,2
140166,ST MARYS HOSPITAL,DECATUR,IL,62521,Acute Care Hospitals,Voluntary non-profit - Private,Yes,1
140172,FRANCISCAN HEALTH OLYMPIA & CHICAGO HEIGHTS,OLYMPIA FIELDS,IL,60461,Acute Care Hospitals,Voluntary non-profit - Church,Yes,2
140174,PRESENCE MERCY MEDICAL CENTER,AURORA,IL,60506,Acute Care Hospitals,Voluntary non-profit - Private,Yes,3
140177,JACKSON PARK HOSPITAL,CHICAGO,IL,60649,Acute Care Hospitals,Voluntary non-profit - Private,Yes,Not Available
140179,OSF LITTLE COMPANY OF MARY MEDICAL CENTER,EVERGREEN PARK,IL,60805,Acute Care Hospitals,Voluntary non-profit - Other,Yes,2
140180,PRESENCE SAINTS MARY AND ELIZABETH MEDICAL CENTER,CHICAGO,IL,60622,Acute Care Hospitals,Voluntary non-profit - Church,Yes,3
140181,SOUTH SHORE HOSPITAL,CHICAGO,IL,60617,Acute Care Hospitals,Voluntary non-profit - Private,Yes,1
140182,ADVOCATE ILLINOIS MASONIC MEDICAL CENTER,CHICAGO,IL,60657,Acute Care Hospitals,Voluntary non-profit - Private,Yes,3
140184,HEARTLAND REGIONAL MEDICAL CENTER,MARION,IL,62959,Acute Care Hospitals,Proprietary,Yes,2
140185,MEMORIAL HOSPITAL,BELLEVILLE,IL,62226,Acute Care Hospitals,Voluntary non-profit - Private,Yes,4
140186,RIVERSIDE MEDICAL CENTER,KANKAKEE,IL,60901,Acute Care Hospitals,Voluntary non-profit - Private,Yes,4
140187,HSHS ST ELIZABETH'S HOSPITAL,O FALLON,IL,62269,Acute Care Hospitals,Voluntary non-profit - Church,Yes,4
140189,SARAH BUSH LINCOLN HEALTH CENTER,MATTOON,IL,61938,Acute Care Hospitals,Voluntary non-profit - Private,Yes,2
140191,INGALLS MEMORIAL HOSPITAL,HARVEY,IL,60426,Acute Care Hospitals,Physician,Yes,1
140197,METHODIST HOSPITAL OF CHICAGO,CHICAGO,IL,60640,Acute Care Hospitals,Voluntary non-profit - Private,Yes,Not Available
140200,ELMHURST MEMORIAL HOSPITAL,ELMHURST,IL,60126,Acute Care Hospitals,Proprietary,Yes,4
140202,ADVOCATE CONDELL MEDICAL CENTER,LIBERTYVILLE,IL,60048,Acute Care Hospitals,Voluntary non-profit - Private,Yes,4
140206,HUMBOLDT PARK HEALTH,CHICAGO,IL,60622,Acute Care Hospitals,Voluntary non-profit - Private,Yes,1
140208,ADVOCATE CHRIST HOSPITAL & MEDICAL CENTER,OAK LAWN,IL,60453,Acute Care Hospitals,Voluntary non-profit - Church,Yes,3
140209,CARLE HEALTH METHODIST HOSPITAL,PEORIA,IL,61636,Acute Care Hospitals,Voluntary non-profit - Private,Yes,1
140210,HARRISBURG MEDICAL CENTER,HARRISBURG,IL,62946,Acute Care Hospitals,Voluntary non-profit - Other,Yes,3
140211,NORTHWESTERN MEDICINE DELNOR COMMUNITY HOSPITAL,GENEVA,IL,60134,Acute Care Hospitals,Voluntary non-profit - Private,Yes,5
140213,SILVER CROSS HOSPITAL  AND MEDICAL CENTERS,NEW LENOX,IL,60451,Acute Care Hospitals,Voluntary non-profit - Private,Yes,4
140217,SAINT JOSEPH HOSPITAL-ELGIN,ELGIN,IL,60123,Acute Care Hospitals,Voluntary non-profit - Church,Yes,2
140223,ADVOCATE LUTHERAN GENERAL HOSPITAL,PARK RIDGE,IL,60068,Acute Care Hospitals,Voluntary non-profit - Church,Yes,4
140224,PRESENCE SAINT JOSEPH HOSPITAL - CHICAGO,CHICAGO,IL,60657,Acute Care Hospitals,Voluntary non-profit - Church,Yes,4
140228,UW HEALTH,ROCKFORD,IL,61104,Acute Care Hospitals,Voluntary non-profit - Private,Yes,3
140231,EDWARD HOSPITAL,NAPERVILLE,IL,60540,Acute Care Hospitals,Voluntary non-profit - Private,Yes,4
140233,SAINT ANTHONY MEDICAL CENTER,ROCKFORD,IL,61108,Acute Care Hospitals,Voluntary non-profit - Church,Yes,2
140239,JAVON BEA HOSPITAL,ROCKFORD,IL,61103,Acute Care Hospitals,Voluntary non-profit - Private,Yes,2
140242,NORTHWESTERN MEDICINE CENTRAL DUPAGE HOSPITAL,WINFIELD,IL,60190,Acute Care Hospitals,Voluntary non-profit - Private,Yes,5
140251,COMMUNITY FIRST MEDICAL CENTER,CHICAGO,IL,60634,Acute Care Hospitals,Proprietary,Yes,1
140252,NORTHWEST COMMUNITY HOSPITAL 1,ARLINGTON HEIGHTS,IL,60005,Acute Care Hospitals,Voluntary non-profit - Private,Yes,4
140258,ALEXIAN BROTHERS MEDICAL CENTER 1,ELK GROVE VILLAGE,IL,60007,Acute Care Hospitals,Voluntary non-profit - Private,Yes,4
140275,GENESIS HLTH SYSTEM DBA GENESIS MDL CTR-ILLINI,SILVIS,IL,61282,Acute Care Hospitals,Government - Local,Yes,2
140276,LOYOLA UNIVERSITY MEDICAL CENTER,MAYWOOD,IL,60153,Acute Care Hospitals,Voluntary non-profit - Private,Yes,3
140280,TRINITY ROCK ISLAND,ROCK ISLAND,IL,61201,Acute Care Hospitals,Voluntary non-profit - Private,Yes,2
140281,NORTHWESTERN MEMORIAL HOSPITAL,CHICAGO,IL,60611,Acute Care Hospitals,Voluntary non-profit - Private,Yes,5
140286,NORTHWESTERN MEDICINE KISHWAUKEE HOSPITAL,DEKALB,IL,60115,Acute Care Hospitals,Voluntary non-profit - Private,Yes,4
140288,ADVOCATE GOOD SAMARITAN HOSPITAL,DOWNERS GROVE,IL,60515,Acute Care Hospitals,Voluntary non-profit - Private,Yes,4
140289,ANDERSON HOSPITAL,MARYVILLE,IL,62062,Acute Care Hospitals,Voluntary non-profit - Private,Yes,4
140290,ST ALEXIUS MEDICAL CENTER,HOFFMAN ESTATES,IL,60169,Acute Care Hospitals,Voluntary non-profit - Church,Yes,4
140291,ADVOCATE GOOD SHEPHERD HOSPITAL,BARRINGTON,IL,60010,Acute Care Hospitals,Voluntary non-profit - Private,Yes,4
140292,UCHICAGO MEDICINE ADVENTHEALTH GLENOAKS,GLENDALE HEIGHTS,IL,60139,Acute Care Hospitals,Voluntary non-profit - Other,Yes,2
140294,DEACONESS ILLINOIS CROSSROADS,MOUNT VERNON,IL,62864,Acute Care Hospitals,Proprietary,Yes,Not Available
140300,PROVIDENT HOSPITAL OF CHICAGO,CHICAGO,IL,60615,Acute Care Hospitals,Government - Local,Yes,Not Available
140304,UCHICAGO MEDICINE ADVENTHEALTH BOLINGBROOK,BOLINGBROOK,IL,60440,Acute Care Hospitals,Voluntary non-profit - Private,Yes,4
140308,MERCYHEALTH HOSPITAL & PHYSICIAN CLINIC-CRYSTAL LA,CRYSTAL LAKE,IL,60014,Acute Care Hospitals,Voluntary non-profit - Private,Yes,Not Available
14034F,NORTH CHICAGO VA MEDICAL CENTER,NORTH CHICAGO,IL,60064,Acute Care - Veterans Administration,Veterans Health Administration,Yes,4
141300,THOMAS H BOYD MEMORIAL HOSPITAL,CARROLLTON,IL,62016,Critical Access Hospitals,Government - Local,Yes,Not Available
141301,KIRBY MEDICAL CENTER,MONTICELLO,IL,61856,Critical Access Hospitals,Voluntary non-profit - Private,Yes,Not Available
141302,MIDWEST MEDICAL CENTER,GALENA,IL,61036,Critical Access Hospitals,Voluntary non-profit - Private,Yes,Not Available
141303,WARNER HOSPITAL AND HEALTH SERVICES,CLINTON,IL,61727,Critical Access Hospitals,Government - Local,Yes,Not Available
141304,"GENESIS MEDICAL CENTER, ALEDO",ALEDO,IL,61231,Critical Access Hospitals,Voluntary non-profit - Private,Yes,Not Available
141305,MEMORIAL HOSPITAL,CARTHAGE,IL,62321,Critical Access Hospitals,Voluntary non-profit - Private,Yes,Not Available
141306,COMMUNITY HOSPITAL OF STAUNTON,STAUNTON,IL,62088,Critical Access Hospitals,Voluntary non-profit - Private,Yes,Not Available
141307,PINCKNEYVILLE COMMUNITY HOSPITAL,PINCKNEYVILLE,IL,62274,Critical Access Hospitals,Government - Hospital District or Authority,Yes,Not Available
141308,WASHINGTON COUNTY HOSPITAL,NASHVILLE,IL,62263,Critical Access Hospitals,Government - Hospital District or Authority,Yes,Not Available
141309,CARLE EUREKA  HOSPITAL,EUREKA,IL,61530,Critical Access Hospitals,Voluntary non-profit - Private,Yes,Not Available
141310,OSF SAINT PAUL MEDICAL CENTER,MENDOTA,IL,61342,Critical Access Hospitals,Voluntary non-profit - Church,Yes,Not Available
141311,FAIRFIELD MEMORIAL HOSPITAL 1,FAIRFIELD,IL,62837,Critical Access Hospitals,Voluntary non-profit - Private,Yes,3
141312,ROCHELLE COMMUNITY HOSPITAL,ROCHELLE,IL,61068,Critical Access Hospitals,Voluntary non-profit - Private,Yes,Not Available
141313,MASON DISTRICT HOSPITAL,HAVANA,IL,62644,Critical Access Hospitals,Government - Hospital District or Authority,Yes,Not Available
141315,ILLINI COMMUNITY HOSPITAL,PITTSFIELD,IL,62363,Critical Access Hospitals,Voluntary non-profit - Private,Yes,4
141316,CARLE HOOPESTON REGIONAL HEALTH CENTER,HOOPESTON,IL,60942,Critical Access Hospitals,Voluntary non-profit - Private,Yes,Not Available
141317,GIBSON COMMUNITY HOSPITAL,GIBSON CITY,IL,60936,Critical Access Hospitals,Voluntary non-profit - Private,Yes,4
141318,OSF HOLY FAMILY MEDICAL CENTER,MONMOUTH,IL,61462,Critical Access Hospitals,Voluntary non-profit - Church,Yes,Not Available
141319,HAMMOND HENRY HOSPITAL,GENESEO,IL,61254,Critical Access Hospitals,Government - Hospital District or Authority,Yes,Not Available
141320,PARIS COMMUNITY HOSPITAL,PARIS,IL,61944,Critical Access Hospitals,Voluntary non-profit - Private,Yes,2
141321,FRANKLIN HOSPITAL,BENTON,IL,62812,Critical Access Hospitals,Government - Hospital District or Authority,Yes,Not Available
141322,ABRAHAM LINCOLN MEMORIAL HOSPITAL,LINCOLN,IL,62656,Critical Access Hospitals,Voluntary non-profit - Private,Yes,2
141323,MASSAC MEMORIAL HOSPITAL,METROPOLIS,IL,62960,Critical Access Hospitals,Government - Hospital District or Authority,Yes,Not Available
141324,FERRELL HOSPITAL COMMUNITY FOUNDATIONS,ELDORADO,IL,62930,Critical Access Hospitals,Voluntary non-profit - Private,Yes,2
141325,OSF SAINT LUKE MEDICAL CENTER,KEWANEE,IL,61443,Critical Access Hospitals,Voluntary non-profit - Private,Yes,5
141326,HAMILTON MEMORIAL HOSPITAL,MCLEANSBORO,IL,62859,Critical Access Hospitals,Government - Hospital District or Authority,Yes,3
141327,WABASH GENERAL HOSPITAL 1,MOUNT CARMEL,IL,62863,Critical Access Hospitals,Government - Hospital District or Authority,Yes,Not Available
141328,HARDIN COUNTY GENERAL HOSPITAL & CLINIC,ROSICLARE,IL,62982,Critical Access Hospitals,Voluntary non-profit - Private,Yes,2
141329,MORRISON COMMUNITY HOSPITAL,MORRISON,IL,61270,Critical Access Hospitals,Government - Hospital District or Authority,Yes,Not Available
141330,HOPEDALE HOSPITAL,HOPEDALE,IL,61747,Critical Access Hospitals,Voluntary non-profit - Private,Yes,Not Available
141331,MARSHALL BROWNING HOSPITAL,DU QUOIN,IL,62832,Critical Access Hospitals,Voluntary non-profit - Private,Yes,Not Available
141332,HILLSBORO AREA HOSPITAL,HILLSBORO,IL,62049,Critical Access Hospitals,Voluntary non-profit - Private,Yes,Not Available
141333,SARAH D CULBERTSON MEMORIAL HOSPITAL,RUSHVILLE,IL,62681,Critical Access Hospitals,Government - Hospital District or Authority,Yes,Not Available
141334,ST JOSEPH MEMORIAL HOSPITAL,MURPHYSBORO,IL,62966,Critical Access Hospitals,Voluntary non-profit - Private,Yes,Not Available
141335,MERCY HARVARD HOSPITAL,HARVARD,IL,60033,Critical Access Hospitals,Voluntary non-profit - Private,Yes,Not Available
141336,ST JOSEPH'S HOSPITAL,HIGHLAND,IL,62249,Critical Access Hospitals,Voluntary non-profit - Church,Yes,2
141337,OSF SAINT CLARE MEDICAL CENTER,PRINCETON,IL,61356,Critical Access Hospitals,Voluntary non-profit - Church,Yes,Not Available
141338,MEMORIAL HOSPITAL,CHESTER,IL,62233,Critical Access Hospitals,Government - Hospital District or Authority,Yes,Not Available
141339,TAYLORVILLE MEMORIAL HOSPITAL,TAYLORVILLE,IL,62568,Critical Access Hospitals,Voluntary non-profit - Private,Yes,4
141340,VALLEY WEST COMMUNITY HOSPITAL,SANDWICH,IL,60548,Critical Access Hospitals,Voluntary non-profit - Private,Yes,Not Available
141341,PANA COMMUNITY HOSPITAL,PANA,IL,62557,Critical Access Hospitals,Voluntary non-profit - Private,Yes,Not Available
141342,DEACONESS ILLINOIS UNION COUNTY,ANNA,IL,62906,Critical Access Hospitals,Proprietary,Yes,Not Available
141343,CRAWFORD MEMORIAL HOSPITAL,ROBINSON,IL,62454,Critical Access Hospitals,Government - Hospital District or Authority,Yes,5
141344,LAWRENCE COUNTY MEMORIAL HOSPITAL,LAWRENCEVILLE,IL,62439,Critical Access Hospitals,Voluntary non-profit - Private,Yes,Not Available
141345,SALEM TOWNSHIP HOSPITAL,SALEM,IL,62881,Critical Access Hospitals,Government - Local,Yes,4
141346,FAYETTE COUNTY HOSPITAL,VANDALIA,IL,62471,Critical Access Hospitals,Voluntary non-profit - Other,Yes,Not Available
141347,CARLINVILLE AREA HOSPITAL,CARLINVILLE,IL,62626,Critical Access Hospitals,Voluntary non-profit - Private,Yes,Not Available
141348,RED BUD REGIONAL HOSPITAL,RED BUD,IL,62278,Critical Access Hospitals,Proprietary,Yes,Not Available
141349,SPARTA COMMUNITY HOSPITAL,SPARTA,IL,62286,Critical Access Hospitals,Government - Hospital District or Authority,Yes,Not Available
141350,ST FRANCIS HOSPITAL,LITCHFIELD,IL,62056,Critical Access Hospitals,Voluntary non-profit - Church,Yes,3
141351,CLAY COUNTY HOSPITAL,FLORA,IL,62839,Critical Access Hospitals,Government - Local,Yes,4
141352,JACKSONVILLE MEMORIAL HOSPITAL,JACKSONVILLE,IL,62650,Critical Access Hospitals,Voluntary non-profit - Private,Yes,Not Available
141353,IROQUOIS MEMORIAL HOSPITAL,WATSEKA,IL,60970,Critical Access Hospitals,Voluntary non-profit - Private,Yes,Not Available
141354,HSHS GOOD SHEPHERD HOSPITAL INC,SHELBYVILLE,IL,62565,Critical Access Hospitals,Voluntary non-profit - Private,Yes,Not Available
141355,CARLE RICHLAND MEMORIAL HOSPITAL,OLNEY,IL,62450,Critical Access Hospitals,Voluntary non-profit - Private,Yes,Not Available
143300,ANN & ROBERT H LURIE CHILDRENS HOSPITAL OF CHICAGO,CHICAGO,IL,60611,Childrens,Voluntary non-profit - Private,Yes,Not Available
143301,LARABIDA CHILDRENS HOSPITAL I,CHICAGO,IL,60649,Childrens,Voluntary non-profit - Private,No,Not Available
143302,SHRINERS HOSPITAL FOR CHILDREN,CHICAGO,IL,60707,Childrens,Voluntary non-profit - Private,No,Not Available
144009,"AERIES HEALTHCARE OF ILLINOIS, INC., DBA RIVEREDGE HOSPITAL",FOREST PARK,IL,60130,Psychiatric,Proprietary,No,Not Available
144010,CHICAGO READ MENTAL HEALTH CENTER,CHICAGO,IL,60634,Psychiatric,Government - State,No,Not Available
144016,ALTON MENTAL HEALTH CENTER,ALTON,IL,62002,Psychiatric,Government - State,No,Not Available
144021,ANDREW MCFARLAND MENTAL HLTH CTR,SPRINGFIELD,IL,62703,Psychiatric,Government - State,No,Not Available
144026,HARTGROVE HOSPITAL,CHICAGO,IL,60644,Psychiatric,Proprietary,Yes,Not Available
144028,MADDEN MENTAL HEALTH CENTER,HINES,IL,60141,Psychiatric,Government - State,No,Not Available
144029,THE PAVILION,CHAMPAIGN,IL,61820,Psychiatric,Voluntary non-profit - Private,No,Not Available
144031,ALEXIAN BROTHERS BEHAVIORAL HLTH HOSP,HOFFMAN ESTATES,IL,60169,Psychiatric,Voluntary non-profit - Church,No,Not Available
144034,BHC STREAMWOOD HOSPITAL INC,STREAMWOOD,IL,60107,Psychiatric,Proprietary,No,Not Available
144035,LINDEN OAKS AT EDWARD,NAPERVILLE,IL,60540,Psychiatric,Voluntary non-profit - Private,No,Not Available
144037,ELGIN MENTAL HEALTH CENTER,ELGIN,IL,60123,Psychiatric,Government - State,Yes,Not Available
144038,CHOATE MENTAL HEALTH & DEVELOPMENT CTR,ANNA,IL,62906,Psychiatric,Government - State,No,Not Available
144039,GARFIELD PARK HOSPITAL,CHICAGO,IL,60624,Psychiatric,Proprietary,No,Not Available
144040,CHICAGO BEHAVIORAL HOSPITAL,DES PLAINES,IL,60016,Psychiatric,Proprietary,No,Not Available
144041,SILVER OAKS BEHAVIORAL HOSPITAL,NEW LENOX,IL,60451,Psychiatric,Proprietary,Yes,Not Available
144042,LAKE BEHAVIORAL HOSPITAL,WAUKEGAN,IL,60085,Psychiatric,Proprietary,No,Not Available
144043,MONTROSE BEHAVIORAL HEALTH HOSPITAL,CHICAGO,IL,60640,Psychiatric,Proprietary,Yes,Not Available
150001,JOHNSON MEMORIAL HOSPITAL,FRANKLIN,IN,46131,Acute Care Hospitals,Government - Local,Yes,5
150002,METHODIST HOSPITALS INC,GARY,IN,46402,Acute Care Hospitals,Voluntary non-profit - Private,Yes,1
150005,HENDRICKS REGIONAL HEALTH,DANVILLE,IN,46122,Acute Care Hospitals,Government - Local,Yes,5
150006,NORTHWEST HEALTH-LA PORTE,LA PORTE,IN,46350,Acute Care Hospitals,Voluntary non-profit - Private,Yes,3
150007,COMMUNITY HOWARD REGIONAL HEALTH INC.,KOKOMO,IN,46902,Acute Care Hospitals,Voluntary non-profit - Private,Yes,4
150008,ST CATHERINE HOSPITAL INC,EAST CHICAGO,IN,46312,Acute Care Hospitals,Voluntary non-profit - Private,Yes,3
150009,NORTON CLARK HOSPITAL,JEFFERSONVILLE,IN,47130,Acute Care Hospitals,Voluntary non-profit - Other,Yes,3
150010,ASCENSION ST VINCENT KOKOMO,KOKOMO,IN,46904,Acute Care Hospitals,Voluntary non-profit - Church,Yes,3
150011,MARION GENERAL HOSPITAL,MARION,IN,46952,Acute Care Hospitals,Voluntary non-profit - Private,Yes,2
150012,SAINT JOSEPH REGIONAL MEDICAL CENTER,MISHAWAKA,IN,46545,Acute Care Hospitals,Voluntary non-profit - Private,Yes,2
150015,FRANCISCAN HEALTH MICHIGAN CITY,MICHIGAN CITY,IN,46360,Acute Care Hospitals,Voluntary non-profit - Church,Yes,3
150017,LUTHERAN HOSPITAL OF INDIANA,FORT WAYNE,IN,46804,Acute Care Hospitals,Proprietary,Yes,2
150018,ELKHART GENERAL HOSPITAL,ELKHART,IN,46514,Acute Care Hospitals,Government - Local,Yes,4
150021,PARKVIEW REGIONAL MEDICAL CENTER,FORT WAYNE,IN,46845,Acute Care Hospitals,Voluntary non-profit - Private,Yes,3
150022,FRANCISCAN HEALTH CRAWFORDSVILLE,CRAWFORDSVILLE,IN,47933,Acute Care Hospitals,Voluntary non-profit - Church,Yes,4
150023,UNION HOSPITAL INC,TERRE HAUTE,IN,47804,Acute Care Hospitals,Voluntary non-profit - Private,Yes,3
150024,ESKENAZI HEALTH,INDIANAPOLIS,IN,46202,Acute Care Hospitals,Government - Local,Yes,3
150026,GOSHEN HOSPITAL,GOSHEN,IN,46526,Acute Care Hospitals,Voluntary non-profit - Private,Yes,2
150030,HENRY COUNTY MEMORIAL HOSPITAL,NEW CASTLE,IN,47362,Acute Care Hospitals,Government - Local,Yes,4
150034,ST MARY MEDICAL CENTER INC,HOBART,IN,46342,Acute Care Hospitals,Voluntary non-profit - Private,Yes,3
150035,NORTHWEST HEALTH - PORTER,VALPARAISO,IN,46383,Acute Care Hospitals,Proprietary,Yes,2
150037,HANCOCK REGIONAL HOSPITAL,GREENFIELD,IN,46140,Acute Care Hospitals,Government - Local,Yes,4
15003F,INDIANAPOLIS VA MEDICAL CENTER,INDIANAPOLIS,IN,46202,Acute Care - Veterans Administration,Veterans Health Administration,Yes,5
150042,GOOD SAMARITAN HOSPITAL,VINCENNES,IN,47591,Acute Care Hospitals,Voluntary non-profit - Other,Yes,3
150044,BAPTIST HEALTH FLOYD,NEW ALBANY,IN,47150,Acute Care Hospitals,Voluntary non-profit - Private,Yes,3
150045,PARKVIEW DEKALB HOSPITAL,AUBURN,IN,46706,Acute Care Hospitals,Voluntary non-profit - Private,Yes,4
150046,TERRE HAUTE REGIONAL HOSPITAL,TERRE HAUTE,IN,47802,Acute Care Hospitals,Proprietary,Yes,3
150047,"ST JOSEPH HEALTH SYSTEM, LLC",FORT WAYNE,IN,46802,Acute Care Hospitals,Proprietary,Yes,Not Available
150048,REID HEALTH,RICHMOND,IN,47374,Acute Care Hospitals,Voluntary non-profit - Private,Yes,3
15004F,VA N. INDIANA HEALTHCARE SYSTEM,MARION,IN,46953,Acute Care - Veterans Administration,Veterans Health Administration,Yes,5
150051,INDIANA UNIVERSITY HEALTH BLOOMINGTON HOSPITAL,BLOOMINGTON,IN,47403,Acute Care Hospitals,Voluntary non-profit - Private,Yes,3
150056,INDIANA UNIVERSITY HEALTH,INDIANAPOLIS,IN,46202,Acute Care Hospitals,Voluntary non-profit - Private,Yes,2
150057,FRANCISCAN HEALTH MOORESVILLE,MOORESVILLE,IN,46158,Acute Care Hospitals,Voluntary non-profit - Church,Yes,5
150058,MEMORIAL HOSPITAL OF SOUTH BEND,SOUTH BEND,IN,46601,Acute Care Hospitals,Voluntary non-profit - Private,Yes,3
150059,RIVERVIEW HEALTH,NOBLESVILLE,IN,46060,Acute Care Hospitals,Government - Local,Yes,3
150061,DAVIESS COMMUNITY HOSPITAL,WASHINGTON,IN,47501,Acute Care Hospitals,Government - Local,Yes,3
150065,SCHNECK MEDICAL CENTER,SEYMOUR,IN,47274,Acute Care Hospitals,Government - Local,Yes,5
150069,NORTON-KING'S DAUGHTERS' HEALTH,MADISON,IN,47250,Acute Care Hospitals,Voluntary non-profit - Private,Yes,2
150072,MEMORIAL HOSPITAL,LOGANSPORT,IN,46947,Acute Care Hospitals,Government - Local,Yes,4
150074,COMMUNITY HOSPITAL EAST,INDIANAPOLIS,IN,46219,Acute Care Hospitals,Voluntary non-profit - Private,Yes,3
150075,BLUFFTON REGIONAL MEDICAL CENTER,BLUFFTON,IN,46714,Acute Care Hospitals,Proprietary,Yes,3
150076,SAINT JOSEPH REGIONAL MEDICAL CENTER - PLYMOUTH,PLYMOUTH,IN,46563,Acute Care Hospitals,Voluntary non-profit - Church,Yes,3
150082,DEACONESS HOSPITAL INC,EVANSVILLE,IN,47747,Acute Care Hospitals,Voluntary non-profit - Private,Yes,2
150084,ASCENSION ST VINCENT HOSPITAL,INDIANAPOLIS,IN,46260,Acute Care Hospitals,Voluntary non-profit - Church,Yes,3
150086,ST ELIZABETH DEARBORN HOSPITAL,LAWRENCEBURG,IN,47025,Acute Care Hospitals,Government - Local,Yes,5
150088,ASCENSION ST VINCENT ANDERSON,ANDERSON,IN,46016,Acute Care Hospitals,Voluntary non-profit - Private,Yes,2
150089,INDIANA UNIVERSITY HEALTH BALL MEMORIAL HOSPITAL,MUNCIE,IN,47303,Acute Care Hospitals,Voluntary non-profit - Private,Yes,3
150090,FRANCISCAN HEALTH DYER,DYER,IN,46311,Acute Care Hospitals,Voluntary non-profit - Church,Yes,2
150091,PARKVIEW HUNTINGTON HOSPITAL,HUNTINGTON,IN,46750,Acute Care Hospitals,Voluntary non-profit - Private,Yes,4
150097,MAJOR HOSPITAL,SHELBYVILLE,IN,46176,Acute Care Hospitals,Government - Local,Yes,3
150100,ASCENSION ST VINCENT EVANSVILLE,EVANSVILLE,IN,47750,Acute Care Hospitals,Voluntary non-profit - Private,Yes,3
150101,PARKVIEW WHITLEY HOSPITAL,COLUMBIA CITY,IN,46725,Acute Care Hospitals,Voluntary non-profit - Private,Yes,Not Available
150102,NORTHWEST HEALTH - STARKE,KNOX,IN,46534,Acute Care Hospitals,Proprietary,Yes,3
150104,WITHAM HEALTH SERVICES,LEBANON,IN,46052,Acute Care Hospitals,Government - Local,Yes,3
150109,FRANCISCAN HEALTH LAFAYETTE,LAFAYETTE,IN,47905,Acute Care Hospitals,Voluntary non-profit - Church,Yes,3
150112,COLUMBUS REGIONAL HOSPITAL,COLUMBUS,IN,47201,Acute Care Hospitals,Government - Local,Yes,4
150113,COMMUNITY HOSPITAL OF ANDERSON AND MADISON COUNTY,ANDERSON,IN,46011,Acute Care Hospitals,Voluntary non-profit - Private,Yes,4
150115,MEMORIAL HOSPITAL AND HEALTH CARE CENTER,JASPER,IN,47546,Acute Care Hospitals,Voluntary non-profit - Private,Yes,4
150125,COMMUNITY HOSPITAL,MUNSTER,IN,46321,Acute Care Hospitals,Voluntary non-profit - Private,Yes,3
150126,FRANCISCAN HEALTH CROWN POINT,CROWN POINT,IN,46307,Acute Care Hospitals,Voluntary non-profit - Church,Yes,3
150128,"COMMUNITY HOSPITAL SOUTH, INC.",INDIANAPOLIS,IN,46227,Acute Care Hospitals,Voluntary non-profit - Private,Yes,3
150133,KOSCIUSKO COMMUNITY HOSPITAL,WARSAW,IN,46580,Acute Care Hospitals,Proprietary,Yes,3
150146,PARKVIEW NOBLE HOSPITAL,KENDALLVILLE,IN,46755,Acute Care Hospitals,Voluntary non-profit - Private,Yes,4
150149,THE WOMEN'S HOSPITAL,NEWBURGH,IN,47630,Acute Care Hospitals,Proprietary,Yes,5
150150,DUPONT HOSPITAL LLC,FORT WAYNE,IN,46825,Acute Care Hospitals,Proprietary,Yes,3
150153,ST VINCENT HEART CENTER,CARMEL,IN,46290,Acute Care Hospitals,Proprietary,Yes,5
150157,ASCENSION ST VINCENT CARMEL,CARMEL,IN,46032,Acute Care Hospitals,Voluntary non-profit - Private,Yes,3
150158,IU HEALTH WEST HOSPITAL,AVON,IN,46123,Acute Care Hospitals,Proprietary,Yes,4
150160,ORTHOINDY HOSPITAL,INDIANAPOLIS,IN,46278,Acute Care Hospitals,Physician,No,Not Available
150161,INDIANA UNIVERSITY HEALTH NORTH HOSPITAL,CARMEL,IN,46032,Acute Care Hospitals,Voluntary non-profit - Private,Yes,4
150162,FRANCISCAN HEALTH INDIANAPOLIS,INDIANAPOLIS,IN,46237,Acute Care Hospitals,Voluntary non-profit - Church,Yes,3
150165,FRANCISCAN HEALTH MUNSTER,MUNSTER,IN,46321,Acute Care Hospitals,Voluntary non-profit - Private,Yes,3
150166,PINNACLE HOSPITAL,CROWN POINT,IN,46307,Acute Care Hospitals,Physician,No,Not Available
150167,ORTHOPAEDIC HOSPITAL AT PARKVIEW NORTH,FORT WAYNE,IN,46845,Acute Care Hospitals,Voluntary non-profit - Private,Yes,Not Available
150168,THE ORTHOPAEDIC HOSPITAL OF LUTHERAN HEALTH NETWOR,FT WAYNE,IN,46804,Acute Care Hospitals,Proprietary,No,Not Available
150169,COMMUNITY HOSPITAL NORTH,INDIANAPOLIS,IN,46256,Acute Care Hospitals,Voluntary non-profit - Private,Yes,4
150172,PHYSICIANS' MEDICAL CENTER LLC,NEW ALBANY,IN,47150,Acute Care Hospitals,Physician,No,Not Available
150173,INDIANA UNIVERSITY HEALTH ARNETT HOSPITAL,LAFAYETTE,IN,47905,Acute Care Hospitals,Voluntary non-profit - Private,Yes,4
150177,UNITY PHYSICIANS HOSPITAL,MISHAWAKA,IN,46545,Acute Care Hospitals,Physician,No,Not Available
150179,FAIRBANKS,INDIANAPOLIS,IN,46256,Acute Care Hospitals,Voluntary non-profit - Private,No,Not Available
150181,ASCENSION ST VINCENT FISHERS,FISHERS,IN,46037,Acute Care Hospitals,Voluntary non-profit - Private,Yes,Not Available
150183,MONROE HOSPITAL,BLOOMINGTON,IN,47403,Acute Care Hospitals,Proprietary,Yes,Not Available
150193,FRANCISCAN HEALTH ORTHOPEDIC HOSPITAL CARMEL,CARMEL,IN,46032,Acute Care Hospitals,Voluntary non-profit - Church,No,Not Available
150195,UCHICAGO MEDICINE NORTHWEST INDIANA,CROWN POINT,IN,46307,Acute Care Hospitals,Voluntary non-profit - Private,Yes,Not Available
151300,COMMUNITY HOSPITAL OF BREMEN INC,BREMEN,IN,46506,Critical Access Hospitals,Voluntary non-profit - Private,Yes,Not Available
151301,ASCENSION ST VINCENT RANDOLPH,WINCHESTER,IN,47394,Critical Access Hospitals,Voluntary non-profit - Private,Yes,Not Available
151303,ASCENSION ST VINCENT JENNINGS,NORTH VERNON,IN,47265,Critical Access Hospitals,Voluntary non-profit - Church,Yes,Not Available
151304,RUSH MEMORIAL HOSPITAL,RUSHVILLE,IN,46173,Critical Access Hospitals,Government - Local,Yes,Not Available
151305,PULASKI MEMORIAL HOSPITAL,WINAMAC,IN,46996,Critical Access Hospitals,Voluntary non-profit - Other,Yes,Not Available
151306,INDIANA UNIVERSITY HEALTH PAOLI HOSPITAL,PAOLI,IN,47454,Critical Access Hospitals,Voluntary non-profit - Private,Yes,Not Available
151307,ASCENSION ST VINCENT WILLIAMSPORT,WILLIAMSPORT,IN,47993,Critical Access Hospitals,Voluntary non-profit - Church,Yes,3
151308,ASCENSION ST VINCENT MERCY,ELWOOD,IN,46036,Critical Access Hospitals,Voluntary non-profit - Church,Yes,Not Available
151309,ASCENSION ST VINCENT CLAY,BRAZIL,IN,47834,Critical Access Hospitals,Voluntary non-profit - Private,Yes,Not Available
151310,"PARKVIEW WABASH HOSPITAL, INC",WABASH,IN,46992,Critical Access Hospitals,Voluntary non-profit - Private,Yes,4
151311,INDIANA UNIVERSITY HEALTH TIPTON HOSPITAL INC,TIPTON,IN,46072,Critical Access Hospitals,Voluntary non-profit - Other,Yes,Not Available
151312,INDIANA UNIVERSITY HEALTH WHITE MEMORIAL HOSPITAL,MONTICELLO,IN,47960,Critical Access Hospitals,Voluntary non-profit - Private,Yes,5
151313,WOODLAWN HOSPITAL,ROCHESTER,IN,46975,Critical Access Hospitals,Government - Local,Yes,Not Available
151314,ASCENSION ST VINCENT SALEM,SALEM,IN,47167,Critical Access Hospitals,Voluntary non-profit - Private,Yes,Not Available
151315,CAMERON MEMORIAL COMMUNITY HOSPITAL INC,ANGOLA,IN,46703,Critical Access Hospitals,Voluntary non-profit - Private,Yes,3
151316,INDIANA UNIVERSITY HEALTH FRANKFORT INC,FRANKFORT,IN,46041,Critical Access Hospitals,Voluntary non-profit - Private,Yes,Not Available
151317,GREENE COUNTY GENERAL HOSPITAL,LINTON,IN,47441,Critical Access Hospitals,Government - Local,Yes,3
151318,DUKES MEMORIAL HOSPITAL,PERU,IN,46970,Critical Access Hospitals,Proprietary,Yes,3
151319,GIBSON GENERAL HOSPITAL,PRINCETON,IN,47670,Critical Access Hospitals,Voluntary non-profit - Private,Yes,Not Available
151320,"INDIANA UNIVERSITY HEALTH JAY, INC.",PORTLAND,IN,47371,Critical Access Hospitals,Government - Local,Yes,Not Available
151322,PERRY COUNTY MEMORIAL HOSPITAL,TELL CITY,IN,47586,Critical Access Hospitals,Voluntary non-profit - Other,Yes,3
151323,PARKVIEW LAGRANGE HOSPITAL,LAGRANGE,IN,46761,Critical Access Hospitals,Voluntary non-profit - Private,Yes,Not Available
151324,"FRANCISCAN HEALTH RENSSELAER, INC",RENSSELAER,IN,47978,Critical Access Hospitals,Voluntary non-profit - Private,Yes,Not Available
151325,ASCENSION ST VINCENT WARRICK,BOONVILLE,IN,47601,Critical Access Hospitals,Voluntary non-profit - Private,Yes,Not Available
151326,UNION HOSPITAL CLINTON,CLINTON,IN,47842,Critical Access Hospitals,Voluntary non-profit - Private,Yes,3
151327,SULLIVAN COUNTY COMMUNITY HOSPITAL,SULLIVAN,IN,47882,Critical Access Hospitals,Government - Local,Yes,Not Available
151328,INDIANA UNIVERSITY HEALTH BEDFORD HOSPITAL,BEDFORD,IN,47421,Critical Access Hospitals,Voluntary non-profit - Private,Yes,5
151329,MARGARET MARY COMMUNITY HOSPITAL INC,BATESVILLE,IN,47006,Critical Access Hospitals,Voluntary non-profit - Private,Yes,1
151330,ADAMS MEMORIAL HOSPITAL,DECATUR,IN,46733,Critical Access Hospitals,Government - Local,Yes,Not Available
151331,HARRISON COUNTY HOSPITAL,CORYDON,IN,47112,Critical Access Hospitals,Government - Local,Yes,3
151332,DECATUR COUNTY MEMORIAL HOSPITAL,GREENSBURG,IN,47240,Critical Access Hospitals,Government - Local,Yes,3
151333,PUTNAM COUNTY HOSPITAL,GREENCASTLE,IN,46135,Critical Access Hospitals,Government - Local,Yes,5
151334,NORTON SCOTT HOSPITAL,SCOTTSBURG,IN,47170,Critical Access Hospitals,Proprietary,Yes,4
154005,"WABASH VALLEY ALLIANCE, INC. / RIVER BEND HOSPITAL",WEST LAFAYETTE,IN,47906,Psychiatric,Voluntary non-profit - Private,No,Not Available
154008,NEURODIAGNOSTIC INSTITUTE,INDIANAPOLIS,IN,46218,Psychiatric,Government - State,Yes,Not Available
154009,HAMILTON CENTER INC,TERRE HAUTE,IN,47804,Psychiatric,Voluntary non-profit - Private,No,Not Available
154011,INCOMPASS HEALTHCARE,LAWRENCEBURG,IN,47025,Psychiatric,Voluntary non-profit - Private,No,Not Available
154014,OTIS R BOWEN CENTER FOR HUMAN SERVICES INC,PIERCETON,IN,46562,Psychiatric,Voluntary non-profit - Private,No,Not Available
154018,RICHMOND STATE HOSPITAL,RICHMOND,IN,47374,Psychiatric,Proprietary,Yes,Not Available
154019,MADISON STATE HOSPITAL,MADISON,IN,47250,Psychiatric,Government - State,Yes,Not Available
154020,REGIONAL MENTAL HEALTH CENTER,MERRILLVILLE,IN,46410,Psychiatric,Voluntary non-profit - Private,Yes,Not Available
154021,"GRANT-BLACKFORD MENTAL HEALTH, INC",MARION,IN,46952,Psychiatric,Voluntary non-profit - Private,No,Not Available
154024,VALLE VISTA HEALTH SYSTEM,GREENWOOD,IN,46143,Psychiatric,Proprietary,No,Not Available
154031,OAKLAWN PSYCHIATRIC CENTER INC,GOSHEN,IN,46527,Psychiatric,Voluntary non-profit - Private,No,Not Available
154035,FOUR COUNTY COUNSELING CENTER,LOGANSPORT,IN,46947,Psychiatric,Voluntary non-profit - Private,No,Not Available
154041,BLOOMINGTON MEADOWS HOSPITAL,BLOOMINGTON,IN,47404,Psychiatric,Proprietary,No,Not Available
154047,MICHIANA BEHAVIORAL HEALTH CENTER,PLYMOUTH,IN,46563,Psychiatric,Voluntary non-profit - Other,Yes,Not Available
154050,NORTHEASTERN CENTER,AUBURN,IN,46706,Psychiatric,Voluntary non-profit - Private,No,Not Available
154051,WELLSTONE REGIONAL HOSPITAL,JEFFERSONVILLE,IN,47130,Psychiatric,Proprietary,Yes,Not Available
154052,PORTER-STARKE SERVICES INC,VALPARAISO,IN,46383,Psychiatric,Voluntary non-profit - Private,No,Not Available
154054,HARSHA BEHAVIORAL CENTER INC,TERRE HAUTE,IN,47802,Psychiatric,Voluntary non-profit - Other,No,Not Available
154055,BRENTWOOD MEADOWS LLC,NEWBURGH,IN,47630,Psychiatric,Voluntary non-profit - Private,No,Not Available
154056,EVANSVILLE STATE HOSPITAL,EVANSVILLE,IN,47714,Psychiatric,Government - State,No,Not Available
154057,OPTIONS BEHAVIORAL HEALTH SYSTEM,INDIANAPOLIS,IN,46226,Psychiatric,Proprietary,No,Not Available
154058,DOCTORS NEUROPSYCHIATRIC HOSPITAL,BREMEN,IN,46506,Psychiatric,Proprietary,No,Not Available
154059,SYCAMORE SPRINGS,LAFAYETTE,IN,47905,Psychiatric,Proprietary,No,Not Available
154060,"PARK CENTER, INC",FORT WAYNE,IN,46805,Psychiatric,Voluntary non-profit - Private,No,Not Available
154061,MEDICAL BEHAVIORAL HOSPITAL - MISHAWAKA,MISHAWAKA,IN,46545,Psychiatric,Proprietary,No,Not Available
154063,"NEUROPSYCHIATRIC HOSPITAL OF INDIANAPOLIS, LLC",INDIANAPOLIS,IN,46254,Psychiatric,Proprietary,No,Not Available
154064,ASSURANCE HEALTH PSYCHIATRIC HOSPITAL,INDIANAPOLIS,IN,46214,Psychiatric,Proprietary,No,Not Available
154065,NEURO BEHAVIORAL HOSPITAL,CROWN POINT,IN,46307,Psychiatric,Proprietary,No,Not Available
154066,BRIGHTWELL BEHAVIORAL HEALTH,CLARKSVILLE,IN,47129,Psychiatric,Proprietary,No,Not Available
154067,HENDRICKS BEHAVIORAL HOSPITAL,PLAINFIELD,IN,46168,Psychiatric,Proprietary,No,Not Available
154068,MEDICAL BEHAVIORAL HOSPITAL OF INDIANAPOLIS,GREENWOOD,IN,46143,Psychiatric,Proprietary,No,Not Available
154070,MAPLE HEIGHTS BEHAVIORAL HEALTH,FORT WAYNE,IN,46818,Psychiatric,Proprietary,Yes,Not Available
154071,ETHAN CROSSING ADDICTION CAMPUS OF INDIANAPOLIS,INDIANAPOLIS,IN,46254,Psychiatric,Proprietary,No,Not Available
170006,"MERCY HOSPITAL PITTSBURG, INC",PITTSBURG,KS,66762,Acute Care Hospitals,Voluntary non-profit - Church,Yes,4
170009,SAINT JOHN HOSPITAL,LEAVENWORTH,KS,66048,Acute Care Hospitals,Voluntary non-profit - Other,Yes,Not Available
170012,SALINA REGIONAL HEALTH CENTER,SALINA,KS,67401,Acute Care Hospitals,Voluntary non-profit - Private,Yes,3
170013,HAYS MEDICAL CENTER,HAYS,KS,67601,Acute Care Hospitals,Voluntary non-profit - Other,Yes,4
170014,ADVENTHEALTH OTTAWA,OTTAWA,KS,66067,Acute Care Hospitals,Government - Local,No,2
170016,UNIVERSITY OF KANSAS HEALTH SYSTEM - ST FRANCIS CAMPUS,TOPEKA,KS,66606,Acute Care Hospitals,Voluntary non-profit - Church,Yes,2
170017,SUSAN B ALLEN MEMORIAL HOSPITAL,EL DORADO,KS,67042,Acute Care Hospitals,Voluntary non-profit - Private,Yes,2
170020,HUTCHINSON REGIONAL MEDICAL CENTER INC,HUTCHINSON,KS,67502,Acute Care Hospitals,Voluntary non-profit - Private,Yes,3
170023,ST. CATHERINE HOSPITAL - GARDEN CITY,GARDEN CITY,KS,67846,Acute Care Hospitals,Voluntary non-profit - Church,Yes,2
170027,PRATT REGIONAL MEDICAL CENTER,PRATT,KS,67124,Acute Care Hospitals,Proprietary,Yes,5
17002F,Irwin ACH (FT Riley),Fort Riley,KS,66442,Acute Care - Department of Defense,Department of Defense,Yes,Not Available
170040,UNIVERSITY OF KANSAS HOSPITAL,KANSAS CITY,KS,66160,Acute Care Hospitals,Government - Hospital District or Authority,Yes,5
170049,UNIVERSITY OF KANSAS HEALTH SYSTEM OLATHE HOSPITAL,OLATHE,KS,66061,Acute Care Hospitals,Voluntary non-profit - Private,Yes,4
17005F,VA EASTERN KANSAS HEALTHCARE SYSTEM,TOPEKA,KS,66622,Acute Care - Veterans Administration,Veterans Health Administration,Yes,5
170068,SOUTHWEST MEDICAL CENTER,LIBERAL,KS,67901,Acute Care Hospitals,Government - Local,Yes,1
170074,"STORMONT VAIL HEALTH FLINT HILLS, LLC",JUNCTION CITY,KS,66441,Acute Care Hospitals,Voluntary non-profit - Private,Yes,Not Available
170086,STORMONT VAIL HOSPITAL,TOPEKA,KS,66604,Acute Care Hospitals,Voluntary non-profit - Private,Yes,4
17008F,WICHITA VA MEDICAL CENTER,WICHITA,KS,67218,Acute Care - Veterans Administration,Veterans Health Administration,Yes,5
170103,NMC HEALTH,NEWTON,KS,67114,Acute Care Hospitals,Voluntary non-profit - Private,Yes,4
170104,ADVENTHEALTH SHAWNEE MISSION,SHAWNEE MISSION,KS,66204,Acute Care Hospitals,Voluntary non-profit - Private,Yes,3
170105,MCPHERSON HOSPITAL,MCPHERSON,KS,67460,Acute Care Hospitals,Voluntary non-profit - Private,Yes,5
170109,MIAMI COUNTY MEDICAL CENTER,PAOLA,KS,66071,Acute Care Hospitals,Voluntary non-profit - Private,Yes,Not Available
170120,LABETTE HEALTH,PARSONS,KS,67357,Acute Care Hospitals,Government - Local,Yes,2
170122,"ASCENSION VIA CHRISTI HOSPITALS WICHITA, INC.",WICHITA,KS,67214,Acute Care Hospitals,Voluntary non-profit - Private,Yes,3
170123,WESLEY MEDICAL CENTER,WICHITA,KS,67214,Acute Care Hospitals,Proprietary,Yes,4
170137,LMH,LAWRENCE,KS,66044,Acute Care Hospitals,Government - Local,Yes,5
170142,"ASCENSION VIA CHRISTI HOSPITAL MANHATTAN, INC",MANHATTAN,KS,66502,Acute Care Hospitals,Voluntary non-profit - Private,Yes,4
170146,PROVIDENCE MEDICAL CENTER,KANSAS CITY,KS,66112,Acute Care Hospitals,Voluntary non-profit - Church,Yes,3
170175,CENTURA ST. CATHERINE-DODGE CITY,DODGE CITY,KS,67801,Acute Care Hospitals,Proprietary,Yes,2
170176,OVERLAND PARK REG MED CTR,OVERLAND PARK,KS,66215,Acute Care Hospitals,Proprietary,Yes,3
170182,MENORAH MEDICAL CENTER,OVERLAND PARK,KS,66209,Acute Care Hospitals,Proprietary,Yes,4
170183,KANSAS SURGERY & RECOVERY CENTER,WICHITA,KS,67226,Acute Care Hospitals,Voluntary non-profit - Private,No,Not Available
170185,SAINT LUKE'S SOUTH HOSPITAL,OVERLAND PARK,KS,66213,Acute Care Hospitals,Voluntary non-profit - Other,Yes,5
170186,KANSAS HEART HOSPITAL,WICHITA,KS,67226,Acute Care Hospitals,Proprietary,No,5
170187,SALINA SURGICAL HOSPITAL,SALINA,KS,67401,Acute Care Hospitals,Physician,No,Not Available
170188,KANSAS CITY ORTHOPAEDIC INSTITUTE,LEAWOOD,KS,66211,Acute Care Hospitals,Physician,No,Not Available
170190,MANHATTAN SURGICAL HOSPITAL LLC,MANHATTAN,KS,66502,Acute Care Hospitals,Physician,No,Not Available
170191,UNIVERSITY  OF KS HLTH SYSTEM GREAT BEND CAMPUS,GREAT BEND,KS,67530,Acute Care Hospitals,Government - Hospital District or Authority,Yes,4
170194,ASCENTIST HOSPITAL LLC,LEAWOOD,KS,66211,Acute Care Hospitals,Proprietary,No,Not Available
170196,"KANSAS SPINE & SPECIALTY HOSPITAL, LLC",WICHITA,KS,67226,Acute Care Hospitals,Physician,No,Not Available
170197,KANSAS MEDICAL CENTER LLC,ANDOVER,KS,67002,Acute Care Hospitals,Proprietary,Yes,2
170198,"SUMMIT SURGICAL, LLC",HUTCHINSON,KS,67502,Acute Care Hospitals,Physician,No,Not Available
170199,MINIMALLY INVASIVE SURGERY HOSPITAL,LENEXA,KS,66219,Acute Care Hospitals,Proprietary,No,Not Available
170200,"VIA CHRISTI HOSPITAL WICHITA ST TERESA, INC",WICHITA,KS,67235,Acute Care Hospitals,Voluntary non-profit - Church,Yes,4
170203,MERCY SPECIALTY HOSPITAL SOUTHEAST KANSAS,GALENA,KS,66739,Acute Care Hospitals,Voluntary non-profit - Private,No,Not Available
170204,"ROCK REGIONAL HOSPITAL, LLC",DERBY,KS,67037,Acute Care Hospitals,Proprietary,Yes,Not Available
170208,"ADVENTHEALTH SOUTH OVERLAND PARK, INC",OVERLAND PARK,KS,66223,Acute Care Hospitals,Voluntary non-profit - Private,Yes,Not Available
170779,SCK HEALTH,ARKANSAS CITY,KS,67005,Rural Emergency Hospital,Government - Local,Yes,Not Available
170780,"MERCY HOSPITAL, INC",MOUNDRIDGE,KS,67107,Rural Emergency Hospital,Voluntary non-profit - Church,Yes,Not Available
170781,RUSH COUNTY MEMORIAL HOSPITAL,LA CROSSE,KS,67548,Rural Emergency Hospital,Government - Local,Yes,Not Available
171300,GRISELL MEMORIAL HOSPITAL,RANSOM,KS,67572,Critical Access Hospitals,Government - Hospital District or Authority,Yes,Not Available
171301,ELLINWOOD DISTRICT HOSPITAL,ELLINWOOD,KS,67526,Critical Access Hospitals,Government - Hospital District or Authority,Yes,Not Available
171303,LANE COUNTY HOSPITAL,DIGHTON,KS,67839,Critical Access Hospitals,Government - Hospital District or Authority,Yes,Not Available
171304,ASHLAND HEALTH CENTER,ASHLAND,KS,67831,Critical Access Hospitals,Voluntary non-profit - Other,Yes,Not Available
171306,WICHITA COUNTY HEALTH CENTER,LEOTI,KS,67861,Critical Access Hospitals,Government - Local,Yes,Not Available
171307,RAWLINS COUNTY HEALTH CENTER,ATWOOD,KS,67730,Critical Access Hospitals,Voluntary non-profit - Other,Yes,Not Available
171308,MERCY HOSPITAL COLUMBUS,COLUMBUS,KS,66725,Critical Access Hospitals,Voluntary non-profit - Church,Yes,Not Available
171309,JEWELL COUNTY HOSPITAL,MANKATO,KS,66956,Critical Access Hospitals,Government - Local,Yes,Not Available
171310,CHEYENNE COUNTY HOSPITAL,ST FRANCIS,KS,67756,Critical Access Hospitals,Voluntary non-profit - Private,Yes,Not Available
171311,ROOKS COUNTY HEALTH CENTER,PLAINVILLE,KS,67663,Critical Access Hospitals,Government - Hospital District or Authority,Yes,Not Available
171312,COMANCHE COUNTY HOSPITAL,COLDWATER,KS,67029,Critical Access Hospitals,Government - Local,Yes,Not Available
171313,KEARNY COUNTY HOSPITAL,LAKIN,KS,67860,Critical Access Hospitals,Government - Local,Yes,Not Available
171314,F W HUSTON MEDICAL CENTER,WINCHESTER,KS,66097,Critical Access Hospitals,Voluntary non-profit - Private,Yes,Not Available
171315,NEMAHA VALLEY COMMUNITY HOSPITAL,SENECA,KS,66538,Critical Access Hospitals,Voluntary non-profit - Private,Yes,Not Available
171316,ANDERSON COUNTY HOSPITAL,GARNETT,KS,66032,Critical Access Hospitals,Voluntary non-profit - Private,Yes,Not Available
171317,EDWARDS COUNTY MEDICAL CENTER,KINSLEY,KS,67547,Critical Access Hospitals,Government - Local,No,Not Available
171318,SEDAN CITY HOSPITAL,SEDAN,KS,67361,Critical Access Hospitals,Government - Local,Yes,Not Available
171319,HOLTON COMMUNITY HOSPITAL,HOLTON,KS,66436,Critical Access Hospitals,Voluntary non-profit - Private,Yes,Not Available
171321,MEADE DISTRICT HOSPITAL,MEADE,KS,67864,Critical Access Hospitals,Government - Hospital District or Authority,Yes,Not Available
171322,HAMILTON COUNTY HOSPITAL,SYRACUSE,KS,67878,Critical Access Hospitals,Government - Local,Yes,Not Available
171323,STAFFORD COUNTY HOSPITAL,STAFFORD,KS,67578,Critical Access Hospitals,Government - Local,Yes,Not Available
171324,"SATANTA DISTRICT HOSPITAL, CLINICS, & LTCU",SATANTA,KS,67870,Critical Access Hospitals,Government - Hospital District or Authority,Yes,Not Available
171325,GRAHAM COUNTY HOSPITAL,HILL CITY,KS,67642,Critical Access Hospitals,Government - Local,Yes,Not Available
171326,LOGAN COUNTY HOSPITAL,OAKLEY,KS,67748,Critical Access Hospitals,Government - Local,Yes,Not Available
171327,ELLSWORTH COUNTY MEDICAL CENTER,ELLSWORTH,KS,67439,Critical Access Hospitals,Proprietary,Yes,4
171328,OTTAWA COUNTY HEALTH CENTER,MINNEAPOLIS,KS,67467,Critical Access Hospitals,Voluntary non-profit - Other,Yes,Not Available
171329,CALDWELL REGIONAL MEDICAL CENTER,CALDWELL,KS,67022,Critical Access Hospitals,Government - Hospital District or Authority,Yes,Not Available
171330,HOSPITAL DISTRICT #1 OF RICE COUNTY,LYONS,KS,67554,Critical Access Hospitals,Government - Hospital District or Authority,Yes,Not Available
171331,KIOWA DISTRICT HOSPITAL,KIOWA,KS,67070,Critical Access Hospitals,Government - Hospital District or Authority,Yes,Not Available
171332,KIOWA COUNTY MEMORIAL HOSPITAL,GREENSBURG,KS,67054,Critical Access Hospitals,Government - Local,Yes,Not Available
171333,CLARA BARTON HOSPITAL,HOISINGTON,KS,67544,Critical Access Hospitals,Voluntary non-profit - Private,Yes,Not Available
171334,MEDICINE LODGE MEMORIAL HOSPITAL,MEDICINE LODGE,KS,67104,Critical Access Hospitals,Government - Hospital District or Authority,Yes,Not Available
171335,STEVENS COUNTY HOSPITAL,HUGOTON,KS,67951,Critical Access Hospitals,Government - Local,Yes,Not Available
171336,NESS COUNTY HOSPITAL DISTRICT #2,NESS CITY,KS,67560,Critical Access Hospitals,Government - Hospital District or Authority,Yes,Not Available
171337,WAMEGO HEALTH CENTER,WAMEGO,KS,66547,Critical Access Hospitals,Voluntary non-profit - Other,Yes,Not Available
171338,GREAT PLAINS OF SABETHA,SABETHA,KS,66534,Critical Access Hospitals,Voluntary non-profit - Private,Yes,Not Available
171339,GREENWOOD COUNTY HOSPITAL,EUREKA,KS,67045,Critical Access Hospitals,Government - Local,Yes,Not Available
171341,HIAWATHA COMMUNITY HOSPITAL,HIAWATHA,KS,66434,Critical Access Hospitals,Voluntary non-profit - Private,Yes,3
171343,STANTON COUNTY HOSPITAL,JOHNSON,KS,67855,Critical Access Hospitals,Government - Local,Yes,Not Available
171344,WILSON MEDICAL CENTER,NEODESHA,KS,66757,Critical Access Hospitals,Government - Local,Yes,Not Available
171345,PAWNEE VALLEY COMMUNITY HOSPITAL,LARNED,KS,67550,Critical Access Hospitals,Voluntary non-profit - Private,Yes,Not Available
171346,HOSPITAL DISTRICT #6 PATTERSON HEALTH CENTER,ANTHONY,KS,67003,Critical Access Hospitals,Government - Hospital District or Authority,Yes,Not Available
171347,SHERIDAN COUNTY HOSPITAL,HOXIE,KS,67740,Critical Access Hospitals,Government - Local,Yes,Not Available
171348,NORTON COUNTY HOSPITAL,NORTON,KS,67654,Critical Access Hospitals,Government - Local,Yes,Not Available
171349,CLOUD COUNTY HEALTH CENTER,CONCORDIA,KS,66901,Critical Access Hospitals,Voluntary non-profit - Private,Yes,Not Available
171350,RUSSELL REGIONAL HOSPITAL,RUSSELL,KS,67665,Critical Access Hospitals,Voluntary non-profit - Private,Yes,Not Available
171351,WASHINGTON COUNTY HOSPITAL,WASHINGTON,KS,66968,Critical Access Hospitals,Government - Local,Yes,Not Available
171352,DECATUR HEALTH,MONUMENT,KS,67747,Critical Access Hospitals,Voluntary non-profit - Private,Yes,Not Available
171353,PHILLIPS COUNTY HOSPITAL,PHILLIPSBURG,KS,67661,Critical Access Hospitals,Government - Local,Yes,Not Available
171354,"COMMUNITY HOSPITAL, ONAGA AND ST MARYS CAMPUS",ONAGA,KS,66521,Critical Access Hospitals,Government - Hospital District or Authority,Yes,Not Available
171355,TREGO COUNTY LEMKE MEMORIAL HOSPITAL,WAKEENEY,KS,67672,Critical Access Hospitals,Government - Local,Yes,Not Available
171356,ST LUKE HOSPITAL & LIVING CENTER,MARION,KS,66861,Critical Access Hospitals,Government - Hospital District or Authority,Yes,Not Available
171357,HILLSBORO COMMUNITY HOSPITAL,HILLSBORO,KS,67063,Critical Access Hospitals,Proprietary,No,Not Available
171358,LINDSBORG COMMUNITY HOSPITAL,LINDSBORG,KS,67456,Critical Access Hospitals,Voluntary non-profit - Private,Yes,Not Available
171359,GREELEY COUNTY HEALTH SERVICES,TRIBUNE,KS,67879,Critical Access Hospitals,Government - Local,Yes,Not Available
171360,LINCOLN COUNTY HOSPITAL,LINCOLN,KS,67455,Critical Access Hospitals,Government - Local,No,Not Available
171361,REPUBLIC COUNTY HOSPITAL,BELLEVILLE,KS,66935,Critical Access Hospitals,Voluntary non-profit - Private,Yes,Not Available
171362,CITIZENS MEDICAL CENTER,COLBY,KS,67701,Critical Access Hospitals,Voluntary non-profit - Private,Yes,3
171363,"COMMUNITY MEMORIAL HEALTHCARE, INC.",MARYSVILLE,KS,66508,Critical Access Hospitals,Voluntary non-profit - Private,Yes,4
171364,OSBORNE COUNTY MEMORIAL HOSPITAL,OSBORNE,KS,67473,Critical Access Hospitals,Government - Local,Yes,Not Available
171365,HANOVER HOSPITAL,HANOVER,KS,66945,Critical Access Hospitals,Government - Hospital District or Authority,Yes,Not Available
171367,GOVE COUNTY MEDICAL CENTER,QUINTER,KS,67752,Critical Access Hospitals,Voluntary non-profit - Other,Yes,Not Available
171368,MINNEOLA DISTRICT HOSPITAL,MINNEOLA,KS,67865,Critical Access Hospitals,Government - Hospital District or Authority,Yes,Not Available
171369,HODGEMAN COUNTY HEALTH CENTER,JETMORE,KS,67854,Critical Access Hospitals,Government - Local,Yes,Not Available
171370,GOODLAND REGIONAL MEDICAL CENTER,GOODLAND,KS,67735,Critical Access Hospitals,Government - Local,Yes,4
171371,CLAY COUNTY MEDICAL CENTER,CLAY CENTER,KS,67432,Critical Access Hospitals,Government - Local,Yes,4
171372,SCOTT COUNTY HOSPITAL,SCOTT CITY,KS,67871,Critical Access Hospitals,Voluntary non-profit - Private,Yes,4
171373,ALLEN COUNTY REGIONAL HOSPITAL,IOLA,KS,66749,Critical Access Hospitals,Government - Local,Yes,Not Available
171374,FREDONIA REGIONAL HOSPITAL,FREDONIA,KS,66736,Critical Access Hospitals,Government - Local,Yes,Not Available
171375,MITCHELL COUNTY HOSPITAL HEALTH SYSTEMS,BELOIT,KS,67420,Critical Access Hospitals,Government - Local,Yes,Not Available
171376,GIRARD MEDICAL CENTER,GIRARD,KS,66743,Critical Access Hospitals,Government - Hospital District or Authority,Yes,Not Available
171377,SMITH COUNTY MEMORIAL HOSPITAL,SMITH CENTER,KS,66967,Critical Access Hospitals,Government - Local,Yes,Not Available
171378,KINGMAN HEALTHCARE CENTER,KINGMAN,KS,67068,Critical Access Hospitals,Voluntary non-profit - Private,Yes,Not Available
171379,MORRIS COUNTY HOSPITAL,COUNCIL GROVE,KS,66846,Critical Access Hospitals,Government - Local,No,Not Available
171380,NEOSHO MEMORIAL REGIONAL MEDICAL CENTER,CHANUTE,KS,66720,Critical Access Hospitals,Government - Local,Yes,2
171381,MEMORIAL HOSPITAL,ABILENE,KS,67410,Critical Access Hospitals,Government - Hospital District or Authority,Yes,Not Available
171382,AMBERWELL ATCHISON ASSOCIATION,ATCHISON,KS,66002,Critical Access Hospitals,Voluntary non-profit - Private,Yes,Not Available
171383,WILLIAM NEWTON HOSPITAL,WINFIELD,KS,67156,Critical Access Hospitals,Government - Local,Yes,2
171384,NEWMAN REGIONAL HEALTH,EMPORIA,KS,66801,Critical Access Hospitals,Government - Local,Yes,2
171385,COFFEY COUNTY HOSPITAL,BURLINGTON,KS,66839,Critical Access Hospitals,Government - Local,Yes,Not Available
171386,MORTON COUNTY HOSPITAL,ELKHART,KS,67950,Critical Access Hospitals,Government - Local,Yes,Not Available
171388,BOB WILSON MEMORIAL HOSPITAL,ULYSSES,KS,67880,Critical Access Hospitals,Voluntary non-profit - Church,Yes,Not Available
173300,CHILDREN'S MERCY SOUTH,OVERLAND PARK,KS,66211,Childrens,Voluntary non-profit - Private,No,Not Available
174006,LARNED STATE HOSPITAL,LARNED,KS,67550,Psychiatric,Government - State,No,Not Available
174020,COTTONWOOD SPRINGS LLC,OLATHE,KS,66062,Psychiatric,Proprietary,No,Not Available
174022,ADAIR ACUTE CARE AT OSAWATOMIE STATE HOSPITAL,OSAWATOMIE,KS,66064,Psychiatric,Government - State,No,Not Available
174026,CORTERRA OF WICHITA LLC,WICHITA,KS,67205,Psychiatric,Proprietary,No,Not Available
174027,ST VERONICA,BEL AIRE,KS,67226,Psychiatric,Voluntary non-profit - Church,No,Not Available
180001,ST ELIZABETH FT THOMAS,FORT THOMAS,KY,41075,Acute Care Hospitals,Voluntary non-profit - Private,Yes,3
180002,WHITESBURG ARH HOSPITAL,WHITESBURG,KY,41858,Acute Care Hospitals,Voluntary non-profit - Other,Yes,3
180004,OWENSBORO HEALTH MUHLENBERG COMMUNITY HOSPITAL,GREENVILLE,KY,42345,Acute Care Hospitals,Voluntary non-profit - Private,Yes,4
180005,HIGHLANDS ARH REGIONAL MEDICAL CENTER,PRESTONSBURG,KY,41653,Acute Care Hospitals,Proprietary,Yes,2
180009,KING'S DAUGHTERS' MEDICAL CENTER,ASHLAND,KY,41101,Acute Care Hospitals,Voluntary non-profit - Private,Yes,3
180010,SAINT JOSEPH HOSPITAL,LEXINGTON,KY,40504,Acute Care Hospitals,Voluntary non-profit - Church,Yes,2
180011,SAINT JOSEPH LONDON,LONDON,KY,40741,Acute Care Hospitals,Voluntary non-profit - Private,Yes,3
180012,BAPTIST HEALTH HARDIN,ELIZABETHTOWN,KY,42701,Acute Care Hospitals,Government - Local,Yes,2
180013,THE MEDICAL CENTER (BOWLING GREEN),BOWLING GREEN,KY,42101,Acute Care Hospitals,Voluntary non-profit - Private,Yes,2
180016,UOFL HEALTH - SHELBYVILLE HOSPITAL,SHELBYVILLE,KY,40065,Acute Care Hospitals,Voluntary non-profit - Private,Yes,Not Available
180017,T J SAMSON COMMUNITY HOSPITAL,GLASGOW,KY,42141,Acute Care Hospitals,Voluntary non-profit - Other,Yes,3
180018,ST CLAIRE REGIONAL MEDICAL CENTER,MOREHEAD,KY,40351,Acute Care Hospitals,Government - Federal,Yes,4
180019,MEADOWVIEW REGIONAL MEDICAL CENTER,MAYSVILLE,KY,41056,Acute Care Hospitals,Proprietary,Yes,4
180020,MIDDLESBORO ARH HOSPITAL,MIDDLESBORO,KY,40965,Acute Care Hospitals,Voluntary non-profit - Private,Yes,2
180024,SPRING VIEW HOSPITAL,LEBANON,KY,40033,Acute Care Hospitals,Proprietary,Yes,Not Available
180025,CHI SAINT JOSEPH FLAGET MEMORIAL HOSPITAL,BARDSTOWN,KY,40004,Acute Care Hospitals,Voluntary non-profit - Private,Yes,Not Available
180027,MURRAY-CALLOWAY COUNTY HOSPITAL,MURRAY,KY,42071,Acute Care Hospitals,Voluntary non-profit - Other,Yes,2
180029,HAZARD ARH REGIONAL MEDICAL CENTER,HAZARD,KY,41701,Acute Care Hospitals,Voluntary non-profit - Private,Yes,2
180035,ST ELIZABETH EDGEWOOD,EDGEWOOD,KY,41017,Acute Care Hospitals,Voluntary non-profit - Church,Yes,4
180038,OWENSBORO HEALTH REGIONAL HOSPITAL,OWENSBORO,KY,42303,Acute Care Hospitals,Voluntary non-profit - Private,Yes,2
18003F,Blanchfield ACH (FT Campbell),Fort Campbell,KY,42223,Acute Care - Department of Defense,Department of Defense,Yes,Not Available
180040,UOFL HEALTH - JEWISH HOSPITAL and Mary & Elizabeth Hospital,LOUISVILLE,KY,40202,Acute Care Hospitals,Voluntary non-profit - Private,Yes,2
180043,AdventHealthManchester,MANCHESTER,KY,40962,Acute Care Hospitals,Voluntary non-profit - Church,Yes,Not Available
180044,PIKEVILLE MEDICAL CENTER,PIKEVILLE,KY,41501,Acute Care Hospitals,Voluntary non-profit - Private,Yes,1
180045,ST ELIZABETH FLORENCE,FLORENCE,KY,41042,Acute Care Hospitals,Voluntary non-profit - Private,Yes,4
180046,BOURBON COMMUNITY HOSPITAL,PARIS,KY,40361,Acute Care Hospitals,Proprietary,Yes,4
180048,EPHRAIM MCDOWELL REGIONAL MEDICAL CENTER,DANVILLE,KY,40422,Acute Care Hospitals,Voluntary non-profit - Private,Yes,2
180049,BAPTIST HEALTH RICHMOND,RICHMOND,KY,40475,Acute Care Hospitals,Voluntary non-profit - Private,Yes,3
180050,HARLAN ARH HOSPITAL,HARLAN,KY,40831,Acute Care Hospitals,Voluntary non-profit - Other,Yes,2
180051,JENNIE STUART MEDICAL CENTER,HOPKINSVILLE,KY,42241,Acute Care Hospitals,Voluntary non-profit - Private,Yes,1
180056,DEACONESS HENDERSON HOSPITAL,HENDERSON,KY,42420,Acute Care Hospitals,Voluntary non-profit - Church,Yes,2
180064,SAINT JOSEPH MOUNT STERLING,MOUNT STERLING,KY,40353,Acute Care Hospitals,Voluntary non-profit - Private,Yes,Not Available
180066,The Medical Center at Russellville,RUSSELLVILLE,KY,42276,Acute Care Hospitals,Proprietary,Yes,Not Available
180067,UNIVERSITY OF KENTUCKY HOSPITAL,LEXINGTON,KY,40536,Acute Care Hospitals,Government - State,Yes,4
180069,TUG VALLEY ARH REGIONAL MEDICAL CENTER,SOUTH WILLIAMSON,KY,41503,Acute Care Hospitals,Proprietary,Yes,3
18006F,LOUISVILLE VA MEDICAL CENTER,LOUISVILLE,KY,40206,Acute Care - Veterans Administration,Veterans Health Administration,Yes,5
180070,OWENSBORO HEALTH TWIN LAKES MEDICAL CENTER,LEITCHFIELD,KY,42754,Acute Care Hospitals,Voluntary non-profit - Other,Yes,3
180078,PAINTSVILLE ARH HOSPITAL,PAINTSVILLE,KY,41240,Acute Care Hospitals,Proprietary,Yes,2
180079,HARRISON MEMORIAL HOSPITAL,CYNTHIANA,KY,41031,Acute Care Hospitals,Voluntary non-profit - Other,Yes,3
18007F,LEXINGTON VA MEDICAL CENTER,LEXINGTON,KY,40502,Acute Care - Veterans Administration,Veterans Health Administration,Yes,4
180080,BAPTIST HEALTH CORBIN,CORBIN,KY,40701,Acute Care Hospitals,Voluntary non-profit - Private,Yes,4
180087,TAYLOR REGIONAL HOSPITAL,CAMPBELLSVILLE,KY,42718,Acute Care Hospitals,Government - Hospital District or Authority,Yes,2
180088,"NORTON HOSPITALS, INC",LOUISVILLE,KY,40202,Acute Care Hospitals,Voluntary non-profit - Private,Yes,2
180092,CLARK REGIONAL MEDICAL CENTER,WINCHESTER,KY,40391,Acute Care Hospitals,Proprietary,Yes,4
180093,BAPTIST HEALTH DEACONESS MADISONVILLE,MADISONVILLE,KY,42431,Acute Care Hospitals,Voluntary non-profit - Private,Yes,3
180101,GEORGETOWN COMMUNITY HOSPITAL,GEORGETOWN,KY,40324,Acute Care Hospitals,Proprietary,Yes,3
180102,MERCY HEALTH - LOURDES HOSPITAL,PADUCAH,KY,42003,Acute Care Hospitals,Voluntary non-profit - Church,Yes,2
180103,BAPTIST HEALTH LEXINGTON,LEXINGTON,KY,40503,Acute Care Hospitals,Voluntary non-profit - Other,Yes,4
180104,BAPTIST HEALTH PADUCAH,PADUCAH,KY,42003,Acute Care Hospitals,Voluntary non-profit - Church,Yes,5
180105,MONROE COUNTY MEDICAL CENTER,TOMPKINSVILLE,KY,42167,Acute Care Hospitals,Voluntary non-profit - Other,Yes,1
180115,"ROCKCASTLE COUNTY HOSPITAL, INC.",MOUNT VERNON,KY,40456,Acute Care Hospitals,Voluntary non-profit - Private,Yes,2
180116,JACKSON PURCHASE MEDICAL CENTER,MAYFIELD,KY,42066,Acute Care Hospitals,Government - Hospital District or Authority,Yes,2
180124,TRISTAR GREENVIEW REGIONAL HOSPITAL,BOWLING GREEN,KY,42104,Acute Care Hospitals,Proprietary,Yes,2
180127,FRANKFORT REGIONAL MEDICAL CENTER,FRANKFORT,KY,40601,Acute Care Hospitals,Proprietary,Yes,2
180128,THREE RIVERS MEDICAL CENTER,LOUISA,KY,41230,Acute Care Hospitals,Proprietary,Yes,2
180130,BAPTIST HEALTH LOUISVILLE,LOUISVILLE,KY,40207,Acute Care Hospitals,Voluntary non-profit - Private,Yes,3
180132,LAKE CUMBERLAND REGIONAL HOSPITAL,SOMERSET,KY,42503,Acute Care Hospitals,Proprietary,Yes,1
180138,BAPTIST HEALTH LAGRANGE,LA GRANGE,KY,40031,Acute Care Hospitals,Voluntary non-profit - Private,Yes,4
180141,UNIVERSITY OF LOUISVILLE HOSPITAL,LOUISVILLE,KY,40202,Acute Care Hospitals,Voluntary non-profit - Private,Yes,1
180143,SAINT JOSEPH EAST,LEXINGTON,KY,40509,Acute Care Hospitals,Voluntary non-profit - Private,Yes,3
180149,TJ HEALTH COLUMBIA,COLUMBIA,KY,42728,Acute Care Hospitals,Government - Hospital District or Authority,Yes,Not Available
180154,"PINEVILLE COMMUNITY HEALTH CENTER, INC",PINEVILLE,KY,40977,Acute Care Hospitals,Voluntary non-profit - Private,Yes,Not Available
180779,CRITTENDEN COMMUNITY HOSPITAL,MARION,KY,42064,Rural Emergency Hospital,Government - Local,Yes,Not Available
181301,MARCUM AND WALLACE MEMORIAL HOSPITAL,IRVINE,KY,40336,Critical Access Hospitals,Voluntary non-profit - Private,Yes,4
181302,THE JAMES B. HAGGIN MEMORIAL HOSPITAL,HARRODSBURG,KY,40330,Critical Access Hospitals,Voluntary non-profit - Other,Yes,Not Available
181304,TRIGG COUNTY HOSPITAL,CADIZ,KY,42211,Critical Access Hospitals,Voluntary non-profit - Private,Yes,Not Available
181305,ARH OUR LADY OF THE WAY,MARTIN,KY,41649,Critical Access Hospitals,Voluntary non-profit - Private,Yes,Not Available
181306,METHODIST HOSPITAL UNION COUNTY,MORGANFIELD,KY,42437,Critical Access Hospitals,Voluntary non-profit - Church,Yes,Not Available
181307,MORGAN COUNTY ARH HOSPITAL,WEST LIBERTY,KY,41472,Critical Access Hospitals,Voluntary non-profit - Private,Yes,Not Available
181308,BLUEGRASS COMMUNITY HOSPITAL,VERSAILLES,KY,40383,Critical Access Hospitals,Proprietary,Yes,Not Available
181309,CASEY COUNTY HOSPITAL,LIBERTY,KY,42539,Critical Access Hospitals,Government - Hospital District or Authority,Yes,2
181310,CARROLL COUNTY MEMORIAL HOSPITAL,CARROLLTON,KY,41008,Critical Access Hospitals,Voluntary non-profit - Private,Yes,Not Available
181311,ST ELIZABETH GRANT,WILLIAMSTOWN,KY,41097,Critical Access Hospitals,Voluntary non-profit - Church,Yes,Not Available
181314,CAVERNA MEMORIAL HOSPITAL,HORSE CAVE,KY,42749,Critical Access Hospitals,Voluntary non-profit - Private,Yes,Not Available
181315,EPHRAIM MCDOWELL FORT LOGAN HOSPITAL,STANFORD,KY,40484,Critical Access Hospitals,Voluntary non-profit - Private,Yes,Not Available
181316,MARY BRECKINRIDGE ARH HOSPITAL,HYDEN,KY,41749,Critical Access Hospitals,Voluntary non-profit - Private,Yes,Not Available
181317,CUMBERLAND COUNTY HOSPITAL,BURKESVILLE,KY,42717,Critical Access Hospitals,Government - Local,Yes,Not Available
181318,THE MEDICAL CENTER AT FRANKLIN,FRANKLIN,KY,42135,Critical Access Hospitals,Voluntary non-profit - Private,Yes,Not Available
181319,BRECKINRIDGE MEMORIAL HOSPITAL,HARDINSBURG,KY,40143,Critical Access Hospitals,Government - Local,Yes,2
181320,"LIVINGSTON HOSPITAL AND HEALTHCARE SERVICES, INC",SALEM,KY,42078,Critical Access Hospitals,Voluntary non-profit - Private,Yes,Not Available
181321,WAYNE COUNTY HOSPITAL,MONTICELLO,KY,42633,Critical Access Hospitals,Voluntary non-profit - Private,Yes,Not Available
181322,CALDWELL MEDICAL CENTER,PRINCETON,KY,42445,Critical Access Hospitals,Voluntary non-profit - Private,Yes,Not Available
181323,OHIO COUNTY HOSPITAL,HARTFORD,KY,42347,Critical Access Hospitals,Proprietary,Yes,Not Available
181324,THE MEDICAL CENTER AT SCOTTSVILLE,SCOTTSVILLE,KY,42164,Critical Access Hospitals,Voluntary non-profit - Private,Yes,Not Available
181325,JANE TODD CRAWFORD HOSPITAL,GREENSBURG,KY,42743,Critical Access Hospitals,Voluntary non-profit - Private,Yes,Not Available
181327,MARSHALL COUNTY HOSPITAL,BENTON,KY,42025,Critical Access Hospitals,Government - Hospital District or Authority,Yes,Not Available
181328,KNOX COUNTY HOSPITAL,BARBOURVILLE,KY,40906,Critical Access Hospitals,Government - Local,Yes,Not Available
181329,CHI SAINT JOSEPH BEREA NF,BEREA,KY,40403,Critical Access Hospitals,Voluntary non-profit - Private,Yes,Not Available
181330,RUSSELL COUNTY HOSPITAL,RUSSELL SPRINGS,KY,42642,Critical Access Hospitals,Government - Local,Yes,Not Available
181331,MCDOWELL ARH HOSPITAL,MC DOWELL,KY,41647,Critical Access Hospitals,Voluntary non-profit - Private,Yes,Not Available
181333,THE MEDICAL CENTER AT ALBANY,ALBANY,KY,42602,Critical Access Hospitals,Voluntary non-profit - Private,Yes,Not Available
181334,KENTUCKY RIVER MEDICAL CENTER,JACKSON,KY,41339,Critical Access Hospitals,Proprietary,Yes,Not Available
184002,WESTERN STATE HOSPITAL,HOPKINSVILLE,KY,42240,Psychiatric,Government - Local,No,Not Available
184004,EASTERN STATE HOSPITAL,LEXINGTON,KY,40511,Psychiatric,Voluntary non-profit - Private,No,Not Available
184006,SUN BEHAVIORAL HEALTH,ERLANGER,KY,41018,Psychiatric,Proprietary,No,Not Available
184007,THE BROOK HOSPITAL - DUPONT,LOUISVILLE,KY,40207,Psychiatric,Voluntary non-profit - Private,No,Not Available
184008,THE BROOK HOSPITAL - KMI,LOUISVILLE,KY,40242,Psychiatric,Government - Federal,Yes,Not Available
184009,THE RIDGE BEHAVIORAL HEALTH SYSTEM,LEXINGTON,KY,40509,Psychiatric,Proprietary,No,Not Available
184012,LINCOLN TRAIL BEHAVIORAL HEALTH SYSTEM,RADCLIFF,KY,40160,Psychiatric,Proprietary,No,Not Available
184014,CUMBERLAND HALL HOSPITAL,HOPKINSVILLE,KY,42240,Psychiatric,Proprietary,No,Not Available
184015,CENTRAL STATE HOSPITAL,LOUISVILLE,KY,40223,Psychiatric,Government - State,No,Not Available
184017,RIVENDELL BEHAVIORAL HEALTH SERVICES,BOWLING GREEN,KY,42103,Psychiatric,Government - Federal,No,Not Available
190002,OCHSNER LAFAYETTE GENERAL MEDICAL CENTER,LAFAYETTE,LA,70503,Acute Care Hospitals,Voluntary non-profit - Private,Yes,3
190004,THIBODAUX REGIONAL MEDICAL CENTER,THIBODAUX,LA,70301,Acute Care Hospitals,Voluntary non-profit - Private,Yes,3
190005,UNIVERSITY MEDICAL CENTER NEW ORLEANS,NEW ORLEANS,LA,70112,Acute Care Hospitals,Voluntary non-profit - Private,Yes,2
190006,OCHSNER UNIVERSITY HOSPITAL AND CLINICS,LAFAYETTE,LA,70506,Acute Care Hospitals,Voluntary non-profit - Private,Yes,1
190007,NATCHITOCHES REGIONAL MEDICAL CENTER,NATCHITOCHES,LA,71457,Acute Care Hospitals,Government - Hospital District or Authority,Yes,3
190008,TERREBONNE GENERAL MEDICAL CENTER - PARISH,HOUMA,LA,70360,Acute Care Hospitals,Government - Hospital District or Authority,Yes,4
190011,OCHSNER LSU HEALTH MONROE,MONROE,LA,71202,Acute Care Hospitals,Voluntary non-profit - Private,Yes,3
190013,WEST CALCASIEU CAMERON HOSPITAL,SULPHUR,LA,70663,Acute Care Hospitals,Government - Hospital District or Authority,Yes,4
190014,OCHSNER ST MARY,MORGAN CITY,LA,70380,Acute Care Hospitals,Voluntary non-profit - Private,Yes,2
190015,NORTH OAKS MEDICAL CENTER,HAMMOND,LA,70403,Acute Care Hospitals,Government - Hospital District or Authority,Yes,2
190017,OPELOUSAS GENERAL HEALTH SYSTEM,OPELOUSAS,LA,70570,Acute Care Hospitals,Government - Hospital District or Authority,Yes,3
190019,CHRISTUS ST FRANCES CABRINI HOSPITAL,ALEXANDRIA,LA,71301,Acute Care Hospitals,Voluntary non-profit - Private,Yes,2
190020,LANE REGIONAL MEDICAL CENTER,ZACHARY,LA,70791,Acute Care Hospitals,Government - Hospital District or Authority,Yes,4
190025,SAVOY MEDICAL CENTER,MAMOU,LA,70554,Acute Care Hospitals,Voluntary non-profit - Other,Yes,Not Available
190026,RAPIDES REGIONAL MEDICAL CENTER,ALEXANDRIA,LA,71301,Acute Care Hospitals,Proprietary,Yes,2
190027,CHRISTUS OCHSNER ST PATRICK HOSPITAL,LAKE CHARLES,LA,70601,Acute Care Hospitals,Voluntary non-profit - Private,Yes,4
190034,ABBEVILLE GENERAL HOSPITAL,ABBEVILLE,LA,70510,Acute Care Hospitals,Government - Hospital District or Authority,Yes,Not Available
190036,OCHSNER MEDICAL CENTER ACUTE,NEW ORLEANS,LA,70121,Acute Care Hospitals,Voluntary non-profit - Private,Yes,4
190039,WEST JEFFERSON MEDICAL CENTER,MARRERO,LA,70072,Acute Care Hospitals,Voluntary non-profit - Private,Yes,3
190040,SLIDELL MEMORIAL HOSPITAL,SLIDELL,LA,70458,Acute Care Hospitals,Government - Hospital District or Authority,Yes,2
190041,CHRISTUS SHREVEPORT-BOSSIER HEALTH SYSTEM,SHREVEPORT,LA,71105,Acute Care Hospitals,Voluntary non-profit - Private,Yes,4
190044,ACADIA GENERAL HOSPITAL,CROWLEY,LA,70526,Acute Care Hospitals,Voluntary non-profit - Private,Yes,3
190045,ST TAMMANY PARISH HOSPITAL,COVINGTON,LA,70433,Acute Care Hospitals,Government - Hospital District or Authority,Yes,4
190046,TOURO INFIRMARY,NEW ORLEANS,LA,70115,Acute Care Hospitals,Voluntary non-profit - Private,Yes,3
190050,BEAUREGARD MEMORIAL HOSPITAL,DERIDDER,LA,70634,Acute Care Hospitals,Government - Hospital District or Authority,Yes,2
190053,OCHSNER AMERICAN LEGION HOSPITAL,JENNINGS,LA,70546,Acute Care Hospitals,Voluntary non-profit - Private,Yes,2
190054,IBERIA MEDICAL CENTER,NEW IBERIA,LA,70560,Acute Care Hospitals,Voluntary non-profit - Private,Yes,3
190060,LAKE CHARLES MEMORIAL HOSPITAL,LAKE CHARLES,LA,70601,Acute Care Hospitals,Voluntary non-profit - Private,Yes,4
190064,OUR LADY OF THE LAKE REGIONAL MEDICAL CENTER,BATON ROUGE,LA,70808,Acute Care Hospitals,Voluntary non-profit - Church,Yes,3
190065,BATON ROUGE GENERAL MEDICAL CENTER,BATON ROUGE,LA,70809,Acute Care Hospitals,Voluntary non-profit - Private,Yes,3
190079,ST CHARLES PARISH HOSPITAL,LULING,LA,70070,Acute Care Hospitals,Government - Hospital District or Authority,Yes,Not Available
190086,NORTHERN LOUISIANA MEDICAL CENTER,RUSTON,LA,71270,Acute Care Hospitals,Proprietary,Yes,3
190088,SPRINGHILL MEDICAL CENTER,SPRINGHILL,LA,71075,Acute Care Hospitals,Voluntary non-profit - Private,Yes,Not Available
190090,WINN PARISH MEDICAL CENTER,WINNFIELD,LA,71483,Acute Care Hospitals,Proprietary,Yes,Not Available
190098,OCHSNER LSU HEALTH SHREVEPORT,SHREVEPORT,LA,71130,Acute Care Hospitals,Voluntary non-profit - Private,Yes,2
190099,AVOYELLES HOSPITAL,MARKSVILLE,LA,71351,Acute Care Hospitals,Proprietary,Yes,Not Available
190102,"OUR LADY OF LOURDES REGIONAL MEDICAL CENTER, INC",LAFAYETTE,LA,70508,Acute Care Hospitals,Voluntary non-profit - Private,Yes,2
190106,OAKDALE COMMUNITY HOSPITAL,OAKDALE,LA,71463,Acute Care Hospitals,Proprietary,Yes,Not Available
190111,WILLIS KNIGHTON MEDICAL CENTER,SHREVEPORT,LA,71103,Acute Care Hospitals,Voluntary non-profit - Private,Yes,3
190114,CLAIBORNE MEMORIAL MEDICAL CENTER,HOMER,LA,71040,Acute Care Hospitals,Government - Hospital District or Authority,Yes,Not Available
190116,MOREHOUSE GENERAL HOSPITAL,BASTROP,LA,71220,Acute Care Hospitals,Government - Hospital District or Authority,Yes,Not Available
190118,DESOTO REGIONAL HEALTH SYSTEM,MANSFIELD,LA,71052,Acute Care Hospitals,Voluntary non-profit - Private,Yes,Not Available
190125,ST FRANCIS MEDICAL CENTER,MONROE,LA,71201,Acute Care Hospitals,Voluntary non-profit - Private,Yes,3
190128,WOMANS HOSPITAL,BATON ROUGE,LA,70817,Acute Care Hospitals,Voluntary non-profit - Private,Yes,3
190133,ALLEN PARISH HOSPITAL,KINDER,LA,70648,Acute Care Hospitals,Government - Hospital District or Authority,Yes,Not Available
190140,FRANKLIN MEDICAL CENTER,WINNSBORO,LA,71295,Acute Care Hospitals,Government - Hospital District or Authority,Yes,Not Available
190144,MINDEN MEDICAL CENTER,MINDEN,LA,71055,Acute Care Hospitals,Proprietary,Yes,3
190145,LASALLE GENERAL HOSPITAL,JENA,LA,71342,Acute Care Hospitals,Government - Hospital District or Authority,No,Not Available
190151,RICHARDSON MEDICAL CENTER,RAYVILLE,LA,71269,Acute Care Hospitals,Government - Hospital District or Authority,Yes,Not Available
190160,GLENWOOD REGIONAL MEDICAL CENTER,WEST MONROE,LA,71291,Acute Care Hospitals,Proprietary,Yes,2
190164,BYRD REGIONAL HOSPITAL,LEESVILLE,LA,71446,Acute Care Hospitals,Proprietary,Yes,3
190167,MERCY REGIONAL MEDICAL CENTER,VILLE PLATTE,LA,70586,Acute Care Hospitals,Proprietary,Yes,3
190176,EAST JEFFERSON GENERAL HOSPITAL,METAIRIE,LA,70006,Acute Care Hospitals,Voluntary non-profit - Private,Yes,2
190183,LEONARD J CHABERT MEDICAL CENTER,HOUMA,LA,70363,Acute Care Hospitals,Voluntary non-profit - Other,Yes,3
190184,CITIZENS MEDICAL CENTER,COLUMBIA,LA,71418,Acute Care Hospitals,Government - Hospital District or Authority,Yes,3
190190,"CALDWELL MEMORIAL HOSPITAL, INC",COLUMBIA,LA,71418,Acute Care Hospitals,Proprietary,No,Not Available
190201,CHRISTUS OCHSNER LAKE AREA HOSPITAL,LAKE CHARLES,LA,70605,Acute Care Hospitals,Voluntary non-profit - Private,Yes,Not Available
190202,OCHSNER MEDICAL CENTER - BATON ROUGE,BATON ROUGE,LA,70816,Acute Care Hospitals,Voluntary non-profit - Private,Yes,3
190208,EAST CARROLL PARISH HOSPITAL,LAKE PROVIDENCE,LA,71254,Acute Care Hospitals,Government - Hospital District or Authority,Yes,Not Available
190218,SABINE MEDICAL CENTER,MANY,LA,71449,Acute Care Hospitals,Proprietary,Yes,Not Available
190241,PHYSICIANS MEDICAL CENTER,HOUMA,LA,70360,Acute Care Hospitals,Physician,No,Not Available
190245,MONROE SURGICAL HOSPITAL,MONROE,LA,71201,Acute Care Hospitals,Proprietary,No,Not Available
190251,SURGICAL SPECIALTY CENTER OF BATON ROUGE,BATON ROUGE,LA,70810,Acute Care Hospitals,Physician,No,Not Available
190255,PARK PLACE SURGICAL HOSPITAL,LAFAYETTE,LA,70508,Acute Care Hospitals,Physician,No,Not Available
190256,STERLING SURGICAL HOSPITAL,SLIDELL,LA,70458,Acute Care Hospitals,Proprietary,No,Not Available
190259,LAFAYETTE SURGICAL SPECIALTY HOSPITAL,LAFAYETTE,LA,70508,Acute Care Hospitals,Physician,No,Not Available
190266,THE SPINE HOSPITAL OF LOUISIANA,BATON ROUGE,LA,70810,Acute Care Hospitals,Physician,No,Not Available
190267,AVALA,COVINGTON,LA,70433,Acute Care Hospitals,Physician,No,Not Available
190270,OUR LADY OF THE LAKE SURGICAL HOSPITAL,SLIDELL,LA,70458,Acute Care Hospitals,Physician,No,Not Available
190274,OCHSNER MEDICAL CENTER-KENNER,KENNER,LA,70065,Acute Care Hospitals,Voluntary non-profit - Private,Yes,4
190278,SPECIALISTS HOSPITAL SHREVEPORT,SHREVEPORT,LA,71101,Acute Care Hospitals,Proprietary,No,Not Available
190298,CHRISTUS CENTRAL LOUISIANA SURGICAL HOSPITAL,ALEXANDRIA,LA,71301,Acute Care Hospitals,Proprietary,No,Not Available
190300,ST CHARLES SURGICAL HOSPITAL,NEW ORLEANS,LA,70130,Acute Care Hospitals,Physician,No,Not Available
190302,"OMEGA HOSPITAL, LLC",METAIRIE,LA,70002,Acute Care Hospitals,Physician,No,Not Available
190303,CYPRESS POINTE SURGICAL HOSPITAL,HAMMOND,LA,70403,Acute Care Hospitals,Physician,No,Not Available
190308,ST BERNARD PARISH HOSPITAL,CHALMETTE,LA,70043,Acute Care Hospitals,Government - Hospital District or Authority,Yes,Not Available
190312,OUR LADY OF THE ANGELS HOSPITAL,BOGALUSA,LA,70427,Acute Care Hospitals,Voluntary non-profit - Private,Yes,Not Available
190313,NEW ORLEANS EAST HOSPITAL,NEW ORLEANS,LA,70127,Acute Care Hospitals,Government - Hospital District or Authority,Yes,Not Available
190316,THE GENERAL,BATON ROUGE,LA,70806,Acute Care Hospitals,Voluntary non-profit - Private,Yes,Not Available
190317,OCHSNER LSU HEALTH SHREVEPORT-ST MARY MEDICAL CENT,SHREVEPORT,LA,71101,Acute Care Hospitals,Voluntary non-profit - Private,No,3
190318,ACADIAN MEDICAL CENTER,EUNICE,LA,70535,Acute Care Hospitals,Proprietary,Yes,2
190319,ALEXANDRIA EMERGENCY HOSPITAL,ALEXANDRIA,LA,71303,Acute Care Hospitals,Proprietary,Yes,Not Available
19043F,ALEXANDRIA VA MEDICAL CENTER,PINEVILLE,LA,71360,Acute Care - Veterans Administration,Veterans Health Administration,No,Not Available
19047F,SOUTHEAST LOUISIANA VETERANS HEALTH CARE SYSTEM,NEW ORLEANS,LA,70119,Acute Care - Veterans Administration,Veterans Health Administration,Yes,4
19048F,OVERTON BROOKS VA MEDICAL CENTER (SHREVEPORT),SHREVEPORT,LA,71101,Acute Care - Veterans Administration,Veterans Health Administration,Yes,2
19050F,Bayne-Jones ACH (Ft Johnson),Fort Johnson,LA,71459,Acute Care - Department of Defense,Department of Defense,Yes,Not Available
190779,ASSUMPTION COMMUNITY HOSPITAL,NAPOLEONVILLE,LA,70390,Rural Emergency Hospital,Voluntary non-profit - Private,Yes,Not Available
191300,ST HELENA PARISH HOSPITAL,GREENSBURG,LA,70441,Critical Access Hospitals,Government - Hospital District or Authority,Yes,Not Available
191301,UNION GENERAL HOSPITAL,FARMERVILLE,LA,71241,Critical Access Hospitals,Voluntary non-profit - Private,Yes,Not Available
191302,OCHSNER ST MARTIN HOSPITAL,BREAUX BRIDGE,LA,70517,Critical Access Hospitals,Voluntary non-profit - Private,Yes,Not Available
191304,NORTH CADDO MEDICAL CENTER,VIVIAN,LA,71082,Critical Access Hospitals,Government - Hospital District or Authority,Yes,Not Available
191305,ST JAMES PARISH HOSPITAL,LUTCHER,LA,70071,Critical Access Hospitals,Government - Hospital District or Authority,Yes,Not Available
191306,WEST FELICIANA PARISH HOSPITAL,SAINT FRANCISVILLE,LA,70775,Critical Access Hospitals,Government - Hospital District or Authority,Yes,Not Available
191307,DEQUINCY MEMORIAL HOSPITAL,DEQUINCY,LA,70633,Critical Access Hospitals,Proprietary,Yes,Not Available
191308,PREVOST MEMORIAL HOSPITAL,DONALDSONVILLE,LA,70346,Critical Access Hospitals,Government - Hospital District or Authority,Yes,Not Available
191309,HOOD MEMORIAL HOSPITAL,AMITE,LA,70422,Critical Access Hospitals,Government - Hospital District or Authority,Yes,Not Available
191310,BAYOU BEND HEALTH SYSTEM,FRANKLIN,LA,70538,Critical Access Hospitals,Government - Hospital District or Authority,Yes,Not Available
191311,BUNKIE GENERAL HOSPITAL,BUNKIE,LA,71322,Critical Access Hospitals,Government - Hospital District or Authority,Yes,Not Available
191312,CHRISTUS COUSHATTA HEALTH CARE CENTER,COUSHATTA,LA,71019,Critical Access Hospitals,Voluntary non-profit - Private,Yes,4
191313,RIVERSIDE MEDICAL CENTER,FRANKLINTON,LA,70438,Critical Access Hospitals,Government - Hospital District or Authority,Yes,Not Available
191314,MADISON PARISH HOSPITAL,TALLULAH,LA,71282,Critical Access Hospitals,Government - Hospital District or Authority,Yes,Not Available
191315,HARDTNER MEDICAL CENTER,OLLA,LA,71465,Critical Access Hospitals,Government - Hospital District or Authority,Yes,Not Available
191316,POINTE COUPEE GENERAL HOSPITAL,NEW ROADS,LA,70760,Critical Access Hospitals,Government - Hospital District or Authority,Yes,Not Available
191317,JACKSON PARISH HOSPITAL,JONESBORO,LA,71251,Critical Access Hospitals,Government - Hospital District or Authority,Yes,Not Available
191318,RIVERLAND MEDICAL CENTER,FERRIDAY,LA,71334,Critical Access Hospitals,Government - Hospital District or Authority,Yes,Not Available
191319,ACADIA ST LANDRY,CHURCH POINT,LA,70525,Critical Access Hospitals,Government - Hospital District or Authority,Yes,Not Available
191320,BIENVILLE MEDICAL CENTER,ARCADIA,LA,71001,Critical Access Hospitals,Proprietary,Yes,Not Available
191321,LALLIE KEMP MEDICAL CENTER,INDEPENDENCE,LA,70443,Critical Access Hospitals,Government - State,Yes,Not Available
191322,ABROM KAPLAN MEMORIAL HOSPITAL,KAPLAN,LA,70548,Critical Access Hospitals,Voluntary non-profit - Private,Yes,Not Available
191323,RICHLAND PARISH HOSPITAL-DELHI,DELHI,LA,71232,Critical Access Hospitals,Government - Hospital District or Authority,Yes,Not Available
191324,OCHSNER ST ANNE GENERAL HOSPITAL,RACELAND,LA,70394,Critical Access Hospitals,Voluntary non-profit - Other,Yes,Not Available
191325,LADY OF THE SEA GENERAL HOSPITAL,CUT OFF,LA,70345,Critical Access Hospitals,Government - Hospital District or Authority,Yes,Not Available
191326,REEVES MEMORIAL MEDICAL CENTER,BERNICE,LA,71222,Critical Access Hospitals,Government - Hospital District or Authority,Yes,Not Available
191327,WEST CARROLL MEMORIAL HOSPITAL,OAK GROVE,LA,71263,Critical Access Hospitals,Proprietary,Yes,Not Available
192008,SAGE SPECIALTY HOSPITAL,DENHAM SPRINGS,LA,70726,Long-term,Proprietary,No,Not Available
192010,INTENSIVE SPECIALTY HOSPITAL,SHREVEPORT,LA,71101,Long-term,Voluntary non-profit - Private,No,Not Available
193300,CHILDRENS HOSPITAL,NEW ORLEANS,LA,70118,Childrens,Voluntary non-profit - Private,Yes,Not Available
194007,NORTHLAKE BEHAVIORAL HEALTH SYSTEM,MANDEVILLE,LA,70470,Psychiatric,Voluntary non-profit - Private,No,Not Available
194008,EASTERN LA MENTAL HEALTH SYSTEM,JACKSON,LA,70748,Psychiatric,Government - State,No,Not Available
194020,BRENTWOOD HOSPITAL,SHREVEPORT,LA,71106,Psychiatric,Proprietary,No,Not Available
194022,LONGLEAF HOSPITAL,ALEXANDRIA,LA,71303,Psychiatric,Proprietary,No,Not Available
194025,CENTRAL LOUISIANA STATE HOSPITAL,PINEVILLE,LA,71360,Psychiatric,Government - State,No,Not Available
194031,RIVER OAKS HOSPITAL,NEW ORLEANS,LA,70123,Psychiatric,Proprietary,No,Not Available
194044,VERMILION BEHAVIORAL HEALTH SYSTEMS,LAFAYETTE,LA,70507,Psychiatric,Proprietary,No,Not Available
194056,COMMUNITY CARE HOSPITAL,NEW ORLEANS,LA,70115,Psychiatric,Proprietary,No,Not Available
194069,GREENBRIER BEHAVIORAL HEALTH,COVINGTON,LA,70433,Psychiatric,Proprietary,No,Not Available
194073,OCEANS HOSPITAL OF BROUSSARD,BROUSSARD,LA,70518,Psychiatric,Proprietary,No,Not Available
194074,SERENITY SPRINGS SPECIALTY HOSPITAL,RUSTON,LA,71270,Psychiatric,Proprietary,No,Not Available
194079,"RED RIVER BEHAVIORAL CENTER, LLC",BOSSIER CITY,LA,71111,Psychiatric,Proprietary,No,Not Available
194080,"BEACON BEHAVIORAL HOSPITAL - NORTHSHORE, LLC",LACOMBE,LA,70445,Psychiatric,Proprietary,No,Not Available
194081,OCEANS BEHAVIORAL HOSPITAL OF DERIDDER,DERIDDER,LA,70634,Psychiatric,Proprietary,No,Not Available
194082,COMPASS SENIOR CARE HOSPITAL,JENNINGS,LA,70546,Psychiatric,Proprietary,No,Not Available
194083,FREEDOM BEHAVIORAL HOSPITAL OF BASTROP,BASTROP,LA,71220,Psychiatric,Proprietary,Yes,Not Available
194084,"BEACON BEHAVIORAL HOSPITAL- NEW ORLEANS, LLC",NEW ORLEANS,LA,70128,Psychiatric,Proprietary,No,Not Available
194085,COMPASS BEHAVIORAL CENTER OF LAFAYETTE,LAFAYETTE,LA,70508,Psychiatric,Proprietary,No,Not Available
194086,OCEANS BEHAVIORAL HOSPITAL OF BATON ROUGE,BATON ROUGE,LA,70815,Psychiatric,Proprietary,No,Not Available
194087,FREEDOM BEHAVIORAL HOSPITAL OF MONROE,MONROE,LA,71203,Psychiatric,Proprietary,No,Not Available
194088,"ST JAMES BEHAVIORAL HEALTH HOSPITAL, INC",GONZALES,LA,70737,Psychiatric,Physician,No,Not Available
194089,GENESIS BEHAVIORAL HOSPITAL,BREAUX BRIDGE,LA,70517,Psychiatric,Proprietary,No,Not Available
194090,OCEANS BEHAVIORAL HOSPITAL OF LAKE CHARLES,LAKE CHARLES,LA,70605,Psychiatric,Proprietary,No,Not Available
194091,OCEANS BEHAVIORAL HOSPITAL OF KENTWOOD,KENTWOOD,LA,70444,Psychiatric,Proprietary,No,Not Available
194094,PHYSICIANS BEHAVIORAL HOSPITAL,SHREVEPORT,LA,71103,Psychiatric,Proprietary,No,Not Available
194095,OCEANS BEHAVIORAL HOSPITAL OF OPELOUSAS,OPELOUSAS,LA,70570,Psychiatric,Proprietary,No,Not Available
194096,OCEANS BEHAVIORAL HOSPITAL OF ALEXANDRIA,ALEXANDRIA,LA,71303,Psychiatric,Proprietary,No,Not Available
194098,OCEANS BEHAVIORAL HOSPITAL OF GREATER NEW ORLEANS,KENNER,LA,70065,Psychiatric,Proprietary,No,Not Available
194102,BEACON BEHAVIORAL HOSPITAL - LUTCHER,LUTCHER,LA,70071,Psychiatric,Proprietary,No,Not Available
194103,SEASIDE HEALTH SYSTEM,BATON ROUGE,LA,70806,Psychiatric,Government - Federal,No,Not Available
194105,"APOLLO BEHAVIORAL HEALTH HOSPITAL, L L C",BATON ROUGE,LA,70809,Psychiatric,Proprietary,No,Not Available
194106,"COMPASS BEHAVIORAL CENTER OF ALEXANDRIA, INC",ALEXANDRIA,LA,71301,Psychiatric,Proprietary,No,Not Available
194107,BATON ROUGE BEHAVIORAL HOSPITAL,BATON ROUGE,LA,70806,Psychiatric,Proprietary,No,Not Available
194109,"COMPASS BEHAVIORAL CENTER OF HOUMA, LLC",HOUMA,LA,70364,Psychiatric,Proprietary,No,Not Available
194112,BEACON BEHAVIORAL HOSPITAL - CENTRAL,BUNKIE,LA,71322,Psychiatric,Proprietary,No,Not Available
194113,PERIMETER BEHAVIORAL HOSPITAL OF NEW ORLEANS,KENNER,LA,70065,Psychiatric,Proprietary,No,Not Available
194114,RIVER PLACE BEHAVIORAL HEALTH,LAPLACE,LA,70068,Psychiatric,Proprietary,No,Not Available
194115,REGIONS BEHAVIORAL HOSPITAL,BATON ROUGE,LA,70806,Psychiatric,Voluntary non-profit - Private,No,Not Available
194116,LOUISIANA BEHAVIORAL HEALTH,SHREVEPORT,LA,71106,Psychiatric,Proprietary,No,Not Available
194117,UNIVERSAL BEHAVIORAL HEALTH HOSPITAL,HAMMOND,LA,70403,Psychiatric,Proprietary,No,Not Available
194118,MERCY BEHAVIORAL HOSPITAL,LECOMPTE,LA,71346,Psychiatric,Proprietary,No,Not Available
194119,FREEDOM BEHAVIORAL HOSPITAL OF FERRIDAY,FERRIDAY,LA,71334,Psychiatric,Proprietary,No,Not Available
194120,STONEBRIDGE BEHAVIORAL HOSPITAL,LAKE CHARLES,LA,70601,Psychiatric,Proprietary,No,Not Available
194121,FREEDOM BEHAVIORAL HOSPITAL OF LEESVILLE,LEESVILLE,LA,71446,Psychiatric,Proprietary,No,Not Available
220001,UMASS MEMORIAL HEALTHALLIANCE HOSPITALS,LEOMINSTER,MA,01453,Acute Care Hospitals,Voluntary non-profit - Other,Yes,2
220002,MOUNT AUBURN HOSPITAL,CAMBRIDGE,MA,02138,Acute Care Hospitals,Voluntary non-profit - Private,Yes,4
220008,STURDY MEMORIAL HOSPITAL,ATTLEBORO,MA,02703,Acute Care Hospitals,Voluntary non-profit - Other,Yes,3
220010,LAWRENCE GENERAL HOSPITAL,LAWRENCE,MA,01842,Acute Care Hospitals,Voluntary non-profit - Private,Yes,3
220011,CAMBRIDGE HEALTH ALLIANCE,CAMBRIDGE,MA,02139,Acute Care Hospitals,Government - Local,Yes,4
220012,CAPE COD HOSPITAL,HYANNIS,MA,02601,Acute Care Hospitals,Voluntary non-profit - Private,Yes,3
220015,"COOLEY DICKINSON HOSPITAL INC,THE",NORTHAMPTON,MA,01061,Acute Care Hospitals,Voluntary non-profit - Private,Yes,3
220016,BAYSTATE FRANKLIN MEDICAL CENTER,GREENFIELD,MA,01301,Acute Care Hospitals,Voluntary non-profit - Private,Yes,4
220017,CARNEY HOSPITAL,BOSTON,MA,02124,Acute Care Hospitals,Proprietary,Yes,Not Available
220019,UMASS MEMORIAL HEALTH - HARRINGTON HOSPITAL,SOUTHBRIDGE,MA,01550,Acute Care Hospitals,Voluntary non-profit - Private,Yes,2
22001F,BEDFORD VA MEDICAL CENTER,BEDFORD,MA,01730,Acute Care - Veterans Administration,Veterans Health Administration,No,Not Available
220020,SAINT ANNE'S HOSPITAL,FALL RIVER,MA,02721,Acute Care Hospitals,Proprietary,Yes,3
220024,HOLYOKE MEDICAL CENTER,HOLYOKE,MA,01040,Acute Care Hospitals,Voluntary non-profit - Private,Yes,2
220029,ANNA JAQUES HOSPITAL,NEWBURYPORT,MA,01950,Acute Care Hospitals,Voluntary non-profit - Private,Yes,3
220030,BAYSTATE WING HOSPITAL,PALMER,MA,01069,Acute Care Hospitals,Voluntary non-profit - Other,Yes,5
220031,BOSTON MEDICAL CENTER,BOSTON,MA,02118,Acute Care Hospitals,Voluntary non-profit - Private,Yes,3
220033,NORTHEAST HOSPITAL CORPORATION,BEVERLY,MA,01915,Acute Care Hospitals,Voluntary non-profit - Private,Yes,3
220035,NORTH SHORE MEDICAL CENTER -,SALEM,MA,01970,Acute Care Hospitals,Voluntary non-profit - Private,Yes,4
220036,BOSTON MEDICAL CENTER-BRIGHTON,BRIGHTON,MA,02135,Acute Care Hospitals,Proprietary,Yes,2
220046,BERKSHIRE MEDICAL CENTER,PITTSFIELD,MA,01201,Acute Care Hospitals,Voluntary non-profit - Other,Yes,4
220049,UMASS MEMORIAL HEALTHCARE-MARLBOROUGH HOSPITAL,MARLBOROUGH,MA,01752,Acute Care Hospitals,Voluntary non-profit - Private,Yes,2
220052,SIGNATURE HEALTHCARE BROCKTON HOSPITAL,BROCKTON,MA,02302,Acute Care Hospitals,Voluntary non-profit - Other,Yes,4
220060,BETH ISRAEL DEACONESS HOSPITAL PLYMOUTH,PLYMOUTH,MA,02360,Acute Care Hospitals,Voluntary non-profit - Private,Yes,4
220062,ADCARE HOSPITAL OF WORCESTER INC,WORCESTER,MA,01605,Acute Care Hospitals,Proprietary,No,Not Available
220063,LOWELL GENERAL HOSPITAL,LOWELL,MA,01854,Acute Care Hospitals,Voluntary non-profit - Private,Yes,2
220065,BAYSTATE NOBLE HOSPITAL,WESTFIELD,MA,01086,Acute Care Hospitals,Voluntary non-profit - Private,Yes,2
220066,MERCY MEDICAL CTR,SPRINGFIELD,MA,01104,Acute Care Hospitals,Voluntary non-profit - Private,Yes,2
220070,MELROSEWAKEFIELD HEALTHCARE,MELROSE,MA,02176,Acute Care Hospitals,Voluntary non-profit - Private,Yes,2
220071,MASSACHUSETTS GENERAL HOSPITAL,BOSTON,MA,02114,Acute Care Hospitals,Voluntary non-profit - Private,Yes,5
220073,BROWN UNIVERSITY HEALTH MORTON HOSPITAL,TAUNTON,MA,02780,Acute Care Hospitals,Proprietary,Yes,2
220074,SOUTHCOAST HOSPITALS GROUP,FALL RIVER,MA,02720,Acute Care Hospitals,Voluntary non-profit - Private,Yes,4
220075,MASSACHUSETTS EYE AND EAR INFIRMARY -,BOSTON,MA,02114,Acute Care Hospitals,Voluntary non-profit - Private,Yes,Not Available
220077,BAYSTATE MEDICAL CENTER,SPRINGFIELD,MA,01199,Acute Care Hospitals,Voluntary non-profit - Private,Yes,1
220080,HOLY FAMILY HOSPITAL,METHUEN,MA,01844,Acute Care Hospitals,Proprietary,Yes,2
220083,BETH ISRAEL DEACONESS HOSPITAL - NEEDHAM,NEEDHAM,MA,02494,Acute Care Hospitals,Voluntary non-profit - Private,Yes,4
220084,EMERSON HOSPITAL -,W CONCORD,MA,01742,Acute Care Hospitals,Voluntary non-profit - Private,Yes,3
220086,BETH ISRAEL DEACONESS MEDICAL CENTER,BOSTON,MA,02215,Acute Care Hospitals,Voluntary non-profit - Private,Yes,4
220088,NEW ENGLAND BAPTIST HOSPITAL,BOSTON,MA,02120,Acute Care Hospitals,Voluntary non-profit - Private,No,5
220090,MILFORD REGIONAL MEDICAL CENTER,MILFORD,MA,01757,Acute Care Hospitals,Voluntary non-profit - Other,Yes,3
220095,HEYWOOD HOSPITAL -,GARDNER,MA,01440,Acute Care Hospitals,Voluntary non-profit - Private,Yes,3
220098,NASHOBA VALLEY MEDICAL CENTER,AYER,MA,01432,Acute Care Hospitals,Proprietary,Yes,Not Available
22009F,NORTHAMPTON VA MEDICAL CENTER,LEEDS,MA,01053,Acute Care - Veterans Administration,Veterans Health Administration,No,Not Available
220100,SOUTH SHORE HOSPITAL,SOUTH WEYMOUTH,MA,02190,Acute Care Hospitals,Voluntary non-profit - Private,Yes,3
220101,NEWTON-WELLESLEY HOSPITAL,NEWTON,MA,02462,Acute Care Hospitals,Voluntary non-profit - Private,Yes,5
220105,WINCHESTER HOSPITAL,WINCHESTER,MA,01890,Acute Care Hospitals,Voluntary non-profit - Private,Yes,3
220108,BETH ISRAEL DEACONESS HOSPITAL - MILTON,MILTON,MA,02186,Acute Care Hospitals,Government - Federal,Yes,4
22010F,VA BOSTON HEALTHCARE SYSTEM - JAMAICA PLAIN,JAMAICA PLAIN,MA,02130,Acute Care - Veterans Administration,Veterans Health Administration,Yes,4
220110,BRIGHAM AND WOMEN'S HOSPITAL,BOSTON,MA,02115,Acute Care Hospitals,Voluntary non-profit - Private,Yes,5
220111,GOOD SAMARITAN MEDICAL CENTER,BROCKTON,MA,02301,Acute Care Hospitals,Proprietary,Yes,1
220116,TUFTS MEDICAL CENTER,BOSTON,MA,02111,Acute Care Hospitals,Voluntary non-profit - Private,Yes,3
220119,BRIGHAM AND WOMEN FAULKNER HOSPITAL,JAMAICA PLAIN,MA,02130,Acute Care Hospitals,Voluntary non-profit - Private,Yes,5
220126,NORWOOD HOSPITAL,NORWOOD,MA,02062,Acute Care Hospitals,Proprietary,Yes,Not Available
220135,FALMOUTH HOSPITAL,FALMOUTH,MA,02540,Acute Care Hospitals,Voluntary non-profit - Private,Yes,4
220163,UMASS MEMORIAL MEDICAL CENTER/UNIVERSITY CAMPUS,WORCESTER,MA,01655,Acute Care Hospitals,Voluntary non-profit - Private,Yes,3
220171,"LAHEY HOSPITAL & MEDICAL CENTER, BURLINGTON",BURLINGTON,MA,01803,Acute Care Hospitals,Voluntary non-profit - Private,Yes,5
220175,METROWEST MEDICAL CENTER,FRAMINGHAM,MA,01701,Acute Care Hospitals,Voluntary non-profit - Private,Yes,1
220176,ST VINCENT HOSPITAL,WORCESTER,MA,01608,Acute Care Hospitals,Proprietary,Yes,2
220177,NANTUCKET COTTAGE HOSPITAL,NANTUCKET,MA,02554,Acute Care Hospitals,Voluntary non-profit - Private,Yes,Not Available
221300,MARTHA'S VINEYARD HOSPITAL INC,OAK BLUFFS,MA,02557,Critical Access Hospitals,Voluntary non-profit - Private,Yes,4
221302,FAIRVIEW HOSPITAL,GREAT BARRINGTON,MA,01230,Critical Access Hospitals,Voluntary non-profit - Private,Yes,3
221303,ATHOL MEMORIAL HOSPITAL,ATHOL,MA,01331,Critical Access Hospitals,Voluntary non-profit - Private,Yes,4
221304,NORTH ADAMS REGIONAL HOSPITAL CORPORATION,NORTH ADAMS,MA,01247,Critical Access Hospitals,Government - Federal,Yes,Not Available
223300,FRANCISCAN CHILDREN'S HOSPITAL & REHAB CENTER,BRIGHTON,MA,02135,Childrens,Voluntary non-profit - Private,No,Not Available
223302,BOSTON CHILDREN'S HOSPITAL,BOSTON,MA,02115,Childrens,Voluntary non-profit - Private,Yes,Not Available
223304,THE SHRINERS' HOSPITAL FOR CHILDREN - BOSTON,BOSTON,MA,02114,Childrens,Proprietary,No,Not Available
224001,TAUNTON STATE HOSPITAL,TAUNTON,MA,02780,Psychiatric,Government - State,No,Not Available
224007,MCLEAN HOSPITAL CORPORATION,BELMONT,MA,02478,Psychiatric,Voluntary non-profit - Private,No,Not Available
224013,ARBOUR HOSPITAL,BOSTON,MA,02130,Psychiatric,Proprietary,No,Not Available
224018,ARBOUR HUMAN RESOURCE INSTITUTE,BROOKLINE,MA,02446,Psychiatric,Proprietary,No,Not Available
224021,ARBOUR-FULLER HOSPITAL,SOUTH ATTLEBORO,MA,02703,Psychiatric,Proprietary,No,Not Available
224022,BOURNEWOOD HOSPITAL,BROOKLINE,MA,02467,Psychiatric,Proprietary,No,Not Available
224023,WESTWOOD PEMBROKE HEALTH SYSTEMS,WESTWOOD,MA,02090,Psychiatric,Proprietary,Yes,Not Available
224028,DR JOHN C CORRIGAN MENTAL HEALTH CENTER,FALL RIVER,MA,02720,Psychiatric,Government - State,No,Not Available
224031,CAPE COD & ISLANDS COMMUNITY MENTAL HEALTH CENTER,POCASSET,MA,02559,Psychiatric,Government - State,No,Not Available
224032,WORCESTER RECOVERY CENTER AND HOSPITAL,WORCESTER,MA,01604,Psychiatric,Government - State,No,Not Available
224038,"WALDEN BEHAVIORAL CARE, LLC",DEDHAM,MA,02026,Psychiatric,Government - Federal,No,Not Available
224039,WHITTIER PAVILION,HAVERHILL,MA,01830,Psychiatric,Proprietary,No,Not Available
224040,DR SOLOMON CARTER FULLER MENTAL HEALTH CENTER,BOSTON,MA,02118,Psychiatric,Government - State,No,Not Available
224041,SOUTHCOAST BEHAVIORAL HEALTH,DARTMOUTH,MA,02747,Psychiatric,Proprietary,No,Not Available
224043,TARAVISTA BEHAVIORAL HEALTH CENTER,DEVENS,MA,01434,Psychiatric,Proprietary,No,Not Available
224044,WESTBOROUGH BEHAVIORAL HEALTHCARE HOSPITAL LLC,WESTBOROUGH,MA,01581,Psychiatric,Proprietary,No,Not Available
224045,HOSPITAL FOR BEHAVIORAL MEDICINE,WORCESTER,MA,01606,Psychiatric,Proprietary,No,Not Available
224046,MIRAVISTA BEHAVIORAL HEALTH CENTER,HOLYOKE,MA,01040,Psychiatric,Proprietary,No,Not Available
224047,VALLEY SPRINGS BEHAVIORAL HEALTH HOSPITAL,HOLYOKE,MA,01040,Psychiatric,Proprietary,No,Not Available
210001,MERITUS MEDICAL CENTER,HAGERSTOWN,MD,21742,Acute Care Hospitals,Voluntary non-profit - Private,Yes,2
210002,UNIVERSITY OF MARYLAND MEDICAL CENTER,BALTIMORE,MD,21201,Acute Care Hospitals,Voluntary non-profit - Private,Yes,2
210003,UNIVERSITY OF MD CAPITAL REGION MEDICAL CENTER,UPPER MARLBORO,MD,20774,Acute Care Hospitals,Voluntary non-profit - Private,Yes,3
210004,HOLY CROSS HOSPITAL,SILVER SPRING,MD,20910,Acute Care Hospitals,Voluntary non-profit - Church,No,2
210005,FREDERICK HEALTH HOSPITAL,FREDERICK,MD,21701,Acute Care Hospitals,Voluntary non-profit - Private,Yes,3
210008,MERCY MEDICAL CENTER INC,BALTIMORE,MD,21202,Acute Care Hospitals,Voluntary non-profit - Church,Yes,4
210009,"JOHNS HOPKINS HOSPITAL, THE",BALTIMORE,MD,21287,Acute Care Hospitals,Voluntary non-profit - Private,Yes,4
210011,SAINT AGNES HOSPITAL,BALTIMORE,MD,21229,Acute Care Hospitals,Voluntary non-profit - Church,Yes,3
210012,SINAI HOSPITAL OF BALTIMORE,BALTIMORE,MD,21215,Acute Care Hospitals,Voluntary non-profit - Private,Yes,2
210015,MEDSTAR FRANKLIN SQUARE MEDICAL CENTER,ROSEDALE,MD,21237,Acute Care Hospitals,Voluntary non-profit - Private,Yes,3
210016,ADVENTIST HEALTHCARE WHITE OAK MEDICAL CENTER,SILVER SPRING,MD,20904,Acute Care Hospitals,Voluntary non-profit - Private,Yes,2
210017,GARRETT REGIONAL MEDICAL CENTER,OAKLAND,MD,21550,Acute Care Hospitals,Voluntary non-profit - Private,Yes,4
210018,MEDSTAR MONTGOMERY MEDICAL CENTER,OLNEY,MD,20832,Acute Care Hospitals,Voluntary non-profit - Private,Yes,3
210019,"TIDALHEALTH PENINSULA REGIONAL, INC",SALISBURY,MD,21801,Acute Care Hospitals,Voluntary non-profit - Private,Yes,3
210022,SUBURBAN HOSPITAL,BETHESDA,MD,20814,Acute Care Hospitals,Voluntary non-profit - Private,Yes,3
210023,"LUMINIS HEALTH ANNE ARUNDEL MEDICAL CENTER, INC",ANNAPOLIS,MD,21401,Acute Care Hospitals,Voluntary non-profit - Private,Yes,3
210024,MEDSTAR UNION MEMORIAL HOSPITAL,BALTIMORE,MD,21218,Acute Care Hospitals,Voluntary non-profit - Other,Yes,5
210027,WESTERN MARYLAND REGIONAL MEDICAL CENTER,CUMBERLAND,MD,21502,Acute Care Hospitals,Voluntary non-profit - Private,Yes,4
210028,MEDSTAR SAINT MARY'S HOSPITAL,LEONARDTOWN,MD,20650,Acute Care Hospitals,Voluntary non-profit - Private,Yes,4
210029,JOHNS HOPKINS BAYVIEW MEDICAL CENTER,BALTIMORE,MD,21224,Acute Care Hospitals,Voluntary non-profit - Private,Yes,3
210030,UNIVERSITY OF MD SHORE MEDICAL CTR AT CHESTERTOWN,CHESTERTOWN,MD,21620,Acute Care Hospitals,Voluntary non-profit - Private,Yes,5
210032,UNION HOSPITAL OF CECIL COUNTY,ELKTON,MD,21921,Acute Care Hospitals,Voluntary non-profit - Private,No,3
210033,CARROLL HOSPITAL CENTER,WESTMINSTER,MD,21157,Acute Care Hospitals,Voluntary non-profit - Private,Yes,3
210034,MEDSTAR HARBOR HOSPITAL,BALTIMORE,MD,21225,Acute Care Hospitals,Voluntary non-profit - Private,No,4
210035,UNIVERSITY OF MD CHARLES REGIONAL  MEDICAL CENTER,LA PLATA,MD,20646,Acute Care Hospitals,Voluntary non-profit - Private,Yes,4
210037,UNIVERSITY OF MD SHORE MEDICAL CENTER AT EASTON,EASTON,MD,21601,Acute Care Hospitals,Voluntary non-profit - Private,Yes,2
210038,UNIVERSITY OF MD MEDICAL CENTER MIDTOWN CAMPUS,BALTIMORE,MD,21201,Acute Care Hospitals,Voluntary non-profit - Other,Yes,3
210039,CALVERTHEALTH MEDICAL CENTER,PRINCE FREDERICK,MD,20678,Acute Care Hospitals,Voluntary non-profit - Other,Yes,5
210040,NORTHWEST HOSPITAL CENTER,RANDALLSTOWN,MD,21133,Acute Care Hospitals,Voluntary non-profit - Private,Yes,2
210043,UNIVERSITY OF MD BALTIMORE WASHINGTON MEDICAL CENTER,GLEN BURNIE,MD,21061,Acute Care Hospitals,Voluntary non-profit - Other,Yes,4
210044,GREATER BALTIMORE MEDICAL CENTER,BALTIMORE,MD,21204,Acute Care Hospitals,Voluntary non-profit - Private,Yes,4
210048,JOHNS HOPKINS HOWARD COUNTY MEDICAL CENTER,COLUMBIA,MD,21044,Acute Care Hospitals,Voluntary non-profit - Private,Yes,3
210049,UMD UPPER CHESAPEAKE MEDICAL CENTER,BEL AIR,MD,21014,Acute Care Hospitals,Voluntary non-profit - Other,Yes,2
210051,"LUMINIS HEALTH DOCTORS COMMUNITY MEDICAL CTR, INC",LANHAM,MD,20706,Acute Care Hospitals,Proprietary,Yes,2
210056,MEDSTAR GOOD SAMARITAN HOSPITAL,BALTIMORE,MD,21239,Acute Care Hospitals,Voluntary non-profit - Other,Yes,3
210057,ADVENTIST HEALTHCARE SHADY GROVE MEDICAL CENTER,ROCKVILLE,MD,20850,Acute Care Hospitals,Voluntary non-profit - Private,Yes,2
210058,UMD REHABILITATION &  ORTHOPAEDIC INSTITUTE,BALTIMORE,MD,21207,Acute Care Hospitals,Voluntary non-profit - Private,No,Not Available
210060,ADVENTIST HEALTHCARE FORT WASHINGTON MEDICAL CTR,FORT WASHINGTON,MD,20744,Acute Care Hospitals,Voluntary non-profit - Other,Yes,2
210061,ATLANTIC GENERAL HOSPITAL,BERLIN,MD,21811,Acute Care Hospitals,Voluntary non-profit - Private,Yes,3
210062,MEDSTAR SOUTHERN MARYLAND HOSPITAL CENTER,CLINTON,MD,20735,Acute Care Hospitals,Voluntary non-profit - Private,Yes,2
210063,UNIVERSITY OF MD ST JOSEPH MEDICAL CENTER,TOWSON,MD,21204,Acute Care Hospitals,Voluntary non-profit - Private,Yes,5
210064,LEVINDALE HEBREW GERIATRIC CENTER AND HOSPITAL,BALTIMORE,MD,21209,Acute Care Hospitals,Voluntary non-profit - Private,No,Not Available
210065,HOLY CROSS GERMANTOWN HOSPITAL,GERMANTOWN,MD,20876,Acute Care Hospitals,Voluntary non-profit - Private,Yes,2
21007F,Walter Reed National Military Med Cen,Bethesda,MD,20814,Acute Care - Department of Defense,Department of Defense,Yes,Not Available
21010F,VA MARYLAND HEALTHCARE SYSTEM - PERRY POINT,PERRY POINT,MD,21902,Acute Care - Veterans Administration,Veterans Health Administration,No,Not Available
21020F,VA MARYLAND HEALTHCARE SYSTEM - BALTIMORE,BALTIMORE,MD,21201,Acute Care - Veterans Administration,Veterans Health Administration,Yes,3
213300,MOUNT WASHINGTON PEDIATRIC HOSPITAL,BALTIMORE,MD,21209,Childrens,Voluntary non-profit - Private,No,Not Available
213301,KENNEDY KRIEGER INSTITUTE,BALTIMORE,MD,21205,Childrens,Voluntary non-profit - Private,Yes,Not Available
214000,"SHEPPARD AND ENOCH PRATT HOSPITAL, THE",BALTIMORE,MD,21204,Psychiatric,Voluntary non-profit - Private,No,Not Available
214002,EASTERN SHORE HOSPITAL CENTER,CAMBRIDGE,MD,21613,Psychiatric,Government - State,No,Not Available
214003,BROOK LANE HEALTH SERVICES,HAGERSTOWN,MD,21742,Psychiatric,Voluntary non-profit - Private,No,Not Available
214004,SPRINGFIELD HOSPITAL CENTER,SYKESVILLE,MD,21784,Psychiatric,Government - State,No,Not Available
214012,THOMAS B FINAN CENTER,CUMBERLAND,MD,21502,Psychiatric,Government - Local,No,Not Available
214018,SPRING GROVE HOSPITAL CENTER,CATONSVILLE,MD,21228,Psychiatric,Government - State,No,Not Available
214020,LUMINIS HEALTH J KENT MCNEW FAMILY MEDICAL CENTER,ANNAPOLIS,MD,21401,Psychiatric,Voluntary non-profit - Private,Yes,Not Available
214022,UM UPPER CHESAPEAKE BEHAVIORAL HEALTH PAVILION AT,ABERDEEN,MD,21001,Psychiatric,Voluntary non-profit - Private,Yes,Not Available
200001,ST JOSEPH HOSPITAL,BANGOR,ME,04401,Acute Care Hospitals,Voluntary non-profit - Church,Yes,3
200008,NORTHERN LIGHT MERCY HOSPITAL,PORTLAND,ME,04101,Acute Care Hospitals,Voluntary non-profit - Church,Yes,3
200009,MAINEHEALTH MAINE MEDICAL CENTER,PORTLAND,ME,04102,Acute Care Hospitals,Voluntary non-profit - Private,Yes,4
200018,NORTHERN LIGHT  A R GOULD HOSPITAL,PRESQUE ISLE,ME,04769,Acute Care Hospitals,Voluntary non-profit - Private,Yes,2
200020,YORK HOSPITAL,YORK,ME,03909,Acute Care Hospitals,Voluntary non-profit - Private,Yes,3
200021,MAINEHEALTH MID COAST HOSPITAL,BRUNSWICK,ME,04011,Acute Care Hospitals,Voluntary non-profit - Private,Yes,2
200024,CENTRAL MAINE MEDICAL CENTER,LEWISTON,ME,04240,Acute Care Hospitals,Voluntary non-profit - Private,Yes,4
200031,CARY MEDICAL CENTER,CARIBOU,ME,04736,Acute Care Hospitals,Government - Local,Yes,2
200033,NORTHERN LIGHT EASTERN MAINE MEDICAL CENTER,BANGOR,ME,04401,Acute Care Hospitals,Voluntary non-profit - Private,Yes,4
200034,ST MARY'S REGIONAL MEDICAL CENTER,LEWISTON,ME,04243,Acute Care Hospitals,Voluntary non-profit - Church,Yes,3
200039,MAINE GENERAL MEDICAL CENTER,AUGUSTA,ME,04330,Acute Care Hospitals,Voluntary non-profit - Other,Yes,4
20003F,TOGUS VA MEDICAL CENTER,AUGUSTA,ME,04330,Acute Care - Veterans Administration,Veterans Health Administration,Yes,4
200050,NORTHERN LIGHT MAINE COAST HOSPITAL,ELLSWORTH,ME,04605,Acute Care Hospitals,Voluntary non-profit - Other,Yes,2
200063,MAINEHEALTH PEN BAY HOSPITAL,ROCKPORT,ME,04856,Acute Care Hospitals,Voluntary non-profit - Private,Yes,2
201300,NORTHERN LIGHT BLUE HILL MEMORIAL HOSPITAL,BLUE HILL,ME,04614,Critical Access Hospitals,Voluntary non-profit - Private,Yes,Not Available
201301,NORTHERN LIGHT C A DEAN HOSPITAL,GREENVILLE,ME,04441,Critical Access Hospitals,Government - Hospital District or Authority,No,Not Available
201302,LINCOLNHEALTH,DAMARISCOTTA,ME,04543,Critical Access Hospitals,Voluntary non-profit - Private,Yes,4
201303,PENOBSCOT VALLEY HOSPITAL,LINCOLN,ME,04457,Critical Access Hospitals,Voluntary non-profit - Private,Yes,Not Available
201304,MOUNT DESERT ISLAND HOSPITAL,BAR HARBOR,ME,04609,Critical Access Hospitals,Voluntary non-profit - Private,Yes,Not Available
201305,CALAIS COMMUNITY HOSPITAL,CALAIS,ME,04619,Critical Access Hospitals,Voluntary non-profit - Private,Yes,Not Available
201306,RUMFORD  HOSPITAL,RUMFORD,ME,04276,Critical Access Hospitals,Proprietary,Yes,Not Available
201307,MILLINOCKET REGIONAL HOSPITAL,MILLINOCKET,ME,04462,Critical Access Hospitals,Voluntary non-profit - Private,Yes,4
201308,HOULTON REGIONAL HOSPITAL,HOULTON,ME,04730,Critical Access Hospitals,Voluntary non-profit - Private,Yes,2
201309,NORTHERN LIGHT MAYO HOSPITAL,DOVER FOXCROFT,ME,04426,Critical Access Hospitals,Government - Hospital District or Authority,Yes,2
201310,BRIDGTON HOSPITAL,BRIDGTON,ME,04009,Critical Access Hospitals,Voluntary non-profit - Private,Yes,Not Available
201311,DOWN EAST COMMUNITY HOSPITAL,MACHIAS,ME,04654,Critical Access Hospitals,Voluntary non-profit - Private,Yes,Not Available
201312,MAINEHEALTH WALDO HOSPITAL,BELFAST,ME,04915,Critical Access Hospitals,Voluntary non-profit - Private,Yes,2
201313,NORTHERN LIGHT SEBASTICOOK VALLEY HOSPITAL,PITTSFIELD,ME,04967,Critical Access Hospitals,Voluntary non-profit - Private,Yes,Not Available
201314,REDINGTON FAIRVIEW GENERAL HOSPITAL,SKOWHEGAN,ME,04976,Critical Access Hospitals,Proprietary,Yes,4
201315,MAINEHEALTH STEPHENS HOSPITAL,NORWAY,ME,04268,Critical Access Hospitals,Voluntary non-profit - Private,Yes,4
201316,MAINEHEALTH FRANKLIN HOSPITAL,FARMINGTON,ME,04938,Critical Access Hospitals,Voluntary non-profit - Private,Yes,Not Available
201317,NORTHERN MAINE MEDICAL CENTER,FORT KENT,ME,04743,Critical Access Hospitals,Voluntary non-profit - Private,Yes,Not Available
204004,DOROTHEA DIX PSYCHIATRIC CENTER,BANGOR,ME,04401,Psychiatric,Government - Local,No,Not Available
204005,MAINEHEALTH BEHAVIORAL HEALTH AT SPRING HARBOR,WESTBROOK,ME,04092,Psychiatric,Government - Federal,Yes,Not Available
204006,NORTHERN LIGHT ACADIA HOSPITAL,BANGOR,ME,04401,Psychiatric,Voluntary non-profit - Private,No,Not Available
204008,RIVERVIEW PSYCHIATRIC CENTER,AUGUSTA,ME,04330,Psychiatric,Government - State,No,Not Available
230002,ST JOE MERCY HOSPITAL SYSTEM LIVONIA,LIVONIA,MI,48154,Acute Care Hospitals,Voluntary non-profit - Private,Yes,2
230003,COREWELL HEALTH ZEELAND HOSPITAL,ZEELAND,MI,49464,Acute Care Hospitals,Voluntary non-profit - Private,Yes,Not Available
230005,PROMEDICA CHARLES AND VIRGINIA HICKMAN HOSPITAL,ADRIAN,MI,49221,Acute Care Hospitals,Voluntary non-profit - Private,Yes,4
230015,THREE RIVERS HEALTH,THREE RIVERS,MI,49093,Acute Care Hospitals,Government - Hospital District or Authority,No,3
230017,BRONSON METHODIST HOSPITAL,KALAMAZOO,MI,49007,Acute Care Hospitals,Voluntary non-profit - Private,Yes,4
230019,"ASCENSION PROVIDENCE HOSPITAL, SOUTHFIELD AND NOVI",SOUTHFIELD,MI,48075,Acute Care Hospitals,Voluntary non-profit - Church,Yes,4
230020,BEAUMONT HOSPITAL - DEARBORN,DEARBORN,MI,48124,Acute Care Hospitals,Voluntary non-profit - Private,Yes,1
230021,"LAKELAND HOSPITAL, ST JOSEPH",ST JOSEPH,MI,49085,Acute Care Hospitals,Voluntary non-profit - Private,Yes,4
230022,INSIGHT HOSPITAL AND MEDICAL CENTER COLDWATER,COLDWATER,MI,49036,Acute Care Hospitals,Government - Local,Yes,2
230024,SINAI-GRACE HOSPITAL,DETROIT,MI,48235,Acute Care Hospitals,Proprietary,Yes,1
230029,TRINITY HEALTH OAKLAND HOSPITAL,PONTIAC,MI,48341,Acute Care Hospitals,Voluntary non-profit - Private,Yes,2
230030,MYMICHIGAN MEDICAL CENTER ALMA,ALMA,MI,48801,Acute Care Hospitals,Voluntary non-profit - Private,Yes,3
230031,LAKE HURON MEDICAL CENTER,PORT HURON,MI,48060,Acute Care Hospitals,Voluntary non-profit - Church,Yes,4
230035,SPECTRUM HEALTH UNITED HOSPITAL,GREENVILLE,MI,48838,Acute Care Hospitals,Voluntary non-profit - Other,No,4
230036,MYMICHIGAN MEDICAL CENTER ALPENA,ALPENA,MI,49707,Acute Care Hospitals,Proprietary,Yes,5
230037,HILLSDALE HOSPITAL,HILLSDALE,MI,49242,Acute Care Hospitals,Voluntary non-profit - Private,Yes,2
230038,SPECTRUM HEALTH,GRAND RAPIDS,MI,49503,Acute Care Hospitals,Voluntary non-profit - Private,Yes,5
230041,MCLAREN BAY REGION,BAY CITY,MI,48708,Acute Care Hospitals,Voluntary non-profit - Private,Yes,2
230046,UNIVERSITY OF MICHIGAN HEALTH SYSTEM,ANN ARBOR,MI,48109,Acute Care Hospitals,Voluntary non-profit - Private,Yes,4
230047,HENRY FORD MACOMB HOSPITAL,CLINTON TOWNSHIP,MI,48038,Acute Care Hospitals,Voluntary non-profit - Private,Yes,3
230053,HENRY FORD HEALTH HOSPITAL,DETROIT,MI,48202,Acute Care Hospitals,Voluntary non-profit - Private,Yes,3
230054,UPHS MARQUETTE DLP HOSPITAL,MARQUETTE,MI,49855,Acute Care Hospitals,Government - Local,Yes,3
230055,DICKINSON COUNTY MEMORIAL HOSPITAL,IRON MOUNTAIN,MI,49801,Acute Care Hospitals,Government - Local,Yes,4
230058,MUNSON HEALTHCARE GRAYLING HOSPITAL,GRAYLING,MI,49738,Acute Care Hospitals,Voluntary non-profit - Church,Yes,3
230059,MERCY HEALTH SAINT MARY'S,GRAND RAPIDS,MI,49503,Acute Care Hospitals,Voluntary non-profit - Church,Yes,4
23005F,IRON MOUNTAIN MI VA MEDICAL CENTER,IRON MOUNTAIN,MI,49801,Acute Care - Veterans Administration,Veterans Health Administration,No,5
230066,TRINITY HEALTH MUSKEGON HOSPITAL,MUSKEGON,MI,49441,Acute Care Hospitals,Voluntary non-profit - Private,Yes,2
230069,TRINITY HEALTH LIVINGSTON HOSPITAL,HOWELL,MI,48843,Acute Care Hospitals,Voluntary non-profit - Other,Yes,4
230070,COVENANT MEDICAL CENTER,SAGINAW,MI,48602,Acute Care Hospitals,Voluntary non-profit - Private,Yes,2
230071,STRAITH HOSPITAL FOR SPECIAL SURGERY,SOUTHFIELD,MI,48033,Acute Care Hospitals,Voluntary non-profit - Private,No,Not Available
230072,HOLLAND COMMUNITY HOSPITAL,HOLLAND,MI,49423,Acute Care Hospitals,Voluntary non-profit - Private,Yes,5
230075,BRONSON BATTLE CREEK HOSPITAL,BATTLE CREEK,MI,49017,Acute Care Hospitals,Proprietary,Yes,4
230077,ASCENSION ST MARY'S HOSPITAL,SAGINAW,MI,48601,Acute Care Hospitals,Voluntary non-profit - Church,Yes,2
230078,COREWELL HEALTH WATERVLIET HOSPITAL,WATERVLIET,MI,49098,Acute Care Hospitals,Voluntary non-profit - Private,Yes,Not Available
230080,MCLAREN CENTRAL MICHIGAN,MOUNT PLEASANT,MI,48858,Acute Care Hospitals,Voluntary non-profit - Private,Yes,4
230081,MUNSON HEALTHCARE CADILLAC HOSPITAL,CADILLAC,MI,49601,Acute Care Hospitals,Voluntary non-profit - Church,Yes,4
230085,BRONSON SOUTH HAVEN HOSPITAL,SOUTH HAVEN,MI,49090,Acute Care Hospitals,Government - Hospital District or Authority,Yes,Not Available
230089,BEAUMONT HOSPITAL - GROSSE POINTE,GROSSE POINTE,MI,48230,Acute Care Hospitals,Voluntary non-profit - Private,Yes,4
230092,HENRY FORD ALLEGIANCE HEALTH,JACKSON,MI,49201,Acute Care Hospitals,Voluntary non-profit - Other,Yes,3
230093,COREWELL HEALTH BIG RAPIDS HOSPITAL,BIG RAPIDS,MI,49307,Acute Care Hospitals,Voluntary non-profit - Private,Yes,3
230095,MYMICHIGAN MEDICAL CENTER WEST BRANCH,WEST BRANCH,MI,48661,Acute Care Hospitals,Government - Local,Yes,4
230097,MUNSON MEDICAL CENTER,TRAVERSE CITY,MI,49684,Acute Care Hospitals,Voluntary non-profit - Other,Yes,4
230099,PROMEDICA MONROE REGIONAL HOSPITAL,MONROE,MI,48162,Acute Care Hospitals,Voluntary non-profit - Other,Yes,2
230100,TAWAS ST JOSEPH HOSPITAL,TAWAS CITY,MI,48764,Acute Care Hospitals,Government - Hospital District or Authority,Yes,3
230104,HARPER UNIVERSITY HOSPITAL,DETROIT,MI,48201,Acute Care Hospitals,Proprietary,Yes,1
230105,MCLAREN NORTHERN MICHIGAN,PETOSKEY,MI,49770,Acute Care Hospitals,Voluntary non-profit - Other,Yes,4
230108,UP HEALTH SYSTEM PORTAGE,HANCOCK,MI,49930,Acute Care Hospitals,Voluntary non-profit - Other,Yes,Not Available
230110,COREWELL HEALTH LUDINGTON HOSPITAL,LUDINGTON,MI,49431,Acute Care Hospitals,Voluntary non-profit - Private,Yes,4
230117,BORGESS MEDICAL CENTER,KALAMAZOO,MI,49048,Acute Care Hospitals,Voluntary non-profit - Other,Yes,3
23011F,VA ANN ARBOR HEALTHCARE SYSTEM,ANN ARBOR,MI,48105,Acute Care - Veterans Administration,Veterans Health Administration,Yes,5
230121,MEMORIAL HEALTHCARE,OWOSSO,MI,48867,Acute Care Hospitals,Voluntary non-profit - Other,Yes,4
23012F,BATTLE CREEK VA MEDICAL CENTER,BATTLE CREEK,MI,49037,Acute Care - Veterans Administration,Veterans Health Administration,No,Not Available
230130,BEAUMONT HOSPITAL ROYAL OAK,ROYAL OAK,MI,48073,Acute Care Hospitals,Voluntary non-profit - Private,Yes,3
230132,HURLEY MEDICAL CENTER,FLINT,MI,48503,Acute Care Hospitals,Voluntary non-profit - Other,Yes,2
230133,MUNSON HEALTHCARE OTSEGO MEMORIAL HOSPITAL,GAYLORD,MI,49735,Acute Care Hospitals,Voluntary non-profit - Private,No,4
230141,MCLAREN FLINT,FLINT,MI,48532,Acute Care Hospitals,Voluntary non-profit - Private,Yes,1
230142,COREWELL HEALTH WAYNE HOSPITAL,WAYNE,MI,48184,Acute Care Hospitals,Voluntary non-profit - Private,Yes,1
230144,FOREST HEALTH MEDICAL CENTER,YPSILANTI,MI,48198,Acute Care Hospitals,Government - Hospital District or Authority,No,Not Available
230146,WYANDOTTE HOSPITAL AND MEDICAL CENTER,WYANDOTTE,MI,48192,Acute Care Hospitals,Voluntary non-profit - Private,Yes,2
230151,BEAUMONT HOSPITAL - FARMINGTON HILLS,FARMINGTON HILLS,MI,48336,Acute Care Hospitals,Voluntary non-profit - Private,Yes,2
230156,TRINITY HEALTH ANN ARBOR HOSPITAL,ANN ARBOR,MI,48106,Acute Care Hospitals,Voluntary non-profit - Church,Yes,4
230165,HENRY FORD HEALTH ST JOHN HOSPITAL,DETROIT,MI,48236,Acute Care Hospitals,Voluntary non-profit - Church,Yes,2
230167,MCLAREN GREATER LANSING,LANSING,MI,48910,Acute Care Hospitals,Voluntary non-profit - Private,Yes,2
230174,TRINITY HEALTH GRAND HAVEN HOSPITAL,GRAND HAVEN,MI,49417,Acute Care Hospitals,Government - Hospital District or Authority,Yes,Not Available
230176,COREWELL HEALTH TRENTON HOSPITAL,TRENTON,MI,48183,Acute Care Hospitals,Voluntary non-profit - Private,Yes,1
230180,MYMICHIGAN MEDICAL CENTER CLARE,CLARE,MI,48617,Acute Care Hospitals,Voluntary non-profit - Other,No,Not Available
230193,MCLAREN LAPEER REGION,LAPEER,MI,48446,Acute Care Hospitals,Voluntary non-profit - Private,Yes,2
230195,Henry Ford Health Warren Hospital,WARREN,MI,48093,Acute Care Hospitals,Voluntary non-profit - Private,Yes,2
230197,ASCENSION GENESYS HOSPITAL,GRAND BLANC,MI,48439,Acute Care Hospitals,Voluntary non-profit - Church,Yes,2
230207,MCLAREN OAKLAND,PONTIAC,MI,48342,Acute Care Hospitals,Voluntary non-profit - Private,Yes,2
230208,UNIVERSITY OF MICHIGAN HEALTH-SPARROW CARSON,CARSON CITY,MI,48811,Acute Care Hospitals,Voluntary non-profit - Other,Yes,4
230216,MCLAREN PORT HURON,PORT HURON,MI,48061,Acute Care Hospitals,Voluntary non-profit - Private,Yes,2
230217,OAKLAWN HOSPITAL,MARSHALL,MI,49068,Acute Care Hospitals,Voluntary non-profit - Other,Yes,4
230222,MYMICHIGAN MEDICAL CENTER MIDLAND,MIDLAND,MI,48670,Acute Care Hospitals,Voluntary non-profit - Other,No,4
230227,MCLAREN MACOMB,MOUNT CLEMENS,MI,48043,Acute Care Hospitals,Voluntary non-profit - Private,Yes,1
230230,EDWARD W SPARROW HOSPITAL,LANSING,MI,48912,Acute Care Hospitals,Voluntary non-profit - Other,Yes,3
230236,UNIVERSITY OF MICHIGAN HEALTH - WEST,WYOMING,MI,49519,Acute Care Hospitals,Voluntary non-profit - Private,Yes,4
230239,CHIPPEWA COUNTY WAR MEMORIAL HOSPITAL,SAULT STE MARIE,MI,49783,Acute Care Hospitals,Voluntary non-profit - Private,Yes,1
230241,ASCENSION RIVER DISTRICT HOSPITAL,EAST CHINA,MI,48054,Acute Care Hospitals,Government - Hospital District or Authority,Yes,3
230244,GARDEN CITY HOSPITAL,GARDEN CITY,MI,48135,Acute Care Hospitals,Voluntary non-profit - Private,Yes,2
230254,ASCENSION PROVIDENCE ROCHESTER HOSPITAL,ROCHESTER,MI,48307,Acute Care Hospitals,Voluntary non-profit - Private,Yes,2
230259,CHELSEA HOSPITAL,CHELSEA,MI,48118,Acute Care Hospitals,Voluntary non-profit - Private,Yes,3
230264,SOUTHEAST MICHIGAN SURGICAL HOSPITAL LLC,WARREN,MI,48091,Acute Care Hospitals,Voluntary non-profit - Private,No,Not Available
230269,"BEAUMONT HOSPITAL, TROY",TROY,MI,48085,Acute Care Hospitals,Voluntary non-profit - Private,Yes,3
230270,BEAUMONT HOSPITAL - TAYLOR,TAYLOR,MI,48180,Acute Care Hospitals,Voluntary non-profit - Private,Yes,1
230273,DETROIT RECEIVING HOSPITAL,DETROIT,MI,48201,Acute Care Hospitals,Proprietary,Yes,1
230275,HEALTHSOURCE SAGINAW,SAGINAW,MI,48603,Acute Care Hospitals,Voluntary non-profit - Other,Yes,Not Available
230277,HURON VALLEY-SINAI HOSPITAL,COMMERCE TOWNSHIP,MI,48382,Acute Care Hospitals,Proprietary,Yes,2
230279,HENRY FORD HEALTH BRIGHTON CENTER FOR RECOVERY,BRIGHTON,MI,48116,Acute Care Hospitals,Voluntary non-profit - Private,No,Not Available
230297,KARMANOS CANCER CENTER,DETROIT,MI,48201,Acute Care Hospitals,Proprietary,No,3
230301,SURGEONS CHOICE MEDICAL CENTER,SOUTHFIELD,MI,48075,Acute Care Hospitals,Proprietary,No,Not Available
230302,HENRY FORD HEALTH WEST BLOOMFIELD HOSPITAL,W BLOOMFIELD,MI,48322,Acute Care Hospitals,Voluntary non-profit - Private,Yes,3
230303,MUNSON HEALTHCARE MANISTEE HOSPITAL,MANISTEE,MI,49660,Acute Care Hospitals,Voluntary non-profit - Other,Yes,4
23037F,DETROIT (JOHN D. DINGELL) VA MEDICAL CENTER,DETROIT,MI,48201,Acute Care - Veterans Administration,Veterans Health Administration,Yes,5
230779,STURGIS HOSPITAL,STURGIS,MI,49091,Rural Emergency Hospital,Government - Local,Yes,Not Available
231300,PAUL OLIVER MEMORIAL HOSPITAL,FRANKFORT,MI,49635,Critical Access Hospitals,Government - Local,Yes,Not Available
231301,KALKASKA MEMORIAL HEALTH CENTER,KALKASKA,MI,49646,Critical Access Hospitals,Government - Hospital District or Authority,Yes,Not Available
231303,SCHOOLCRAFT MEMORIAL HOSPITAL,MANISTIQUE,MI,49854,Critical Access Hospitals,Government - Local,Yes,Not Available
231304,HELEN NEWBERRY JOY HOSPITAL,NEWBERRY,MI,49868,Critical Access Hospitals,Government - Local,Yes,Not Available
231305,SAINT MARY'S STANDISH COMMUNITY HOSPITAL,STANDISH,MI,48658,Critical Access Hospitals,Voluntary non-profit - Church,Yes,Not Available
231306,MACKINAC STRAITS HOSPITAL AND HEALTH CENTER,SAINT IGNACE,MI,49781,Critical Access Hospitals,Voluntary non-profit - Private,Yes,Not Available
231307,BARAGA COUNTY MEMORIAL HOSPITAL,L' ANSE,MI,49946,Critical Access Hospitals,Government - Local,Yes,Not Available
231308,MUNISING MEMORIAL HOSPITAL,MUNISING,MI,49862,Critical Access Hospitals,Voluntary non-profit - Private,Yes,Not Available
231310,SCHEURER HOSPITAL,PIGEON,MI,48755,Critical Access Hospitals,Voluntary non-profit - Other,Yes,Not Available
231311,DECKERVILLE COMMUNITY HOSPITAL,DECKERVILLE,MI,48427,Critical Access Hospitals,Voluntary non-profit - Private,Yes,Not Available
231312,SHERIDAN COMMUNITY HOSPITAL,SHERIDAN,MI,48884,Critical Access Hospitals,Voluntary non-profit - Private,Yes,Not Available
231313,HARBOR BEACH COMMUNITY HOSPITAL,HARBOR BEACH,MI,48441,Critical Access Hospitals,Voluntary non-profit - Private,Yes,Not Available
231314,MCKENZIE HEALTH SYSTEM,SANDUSKY,MI,48471,Critical Access Hospitals,Voluntary non-profit - Private,Yes,Not Available
231315,ASCENSION BORGESS LEE HOSPITAL,DOWAGIAC,MI,49047,Critical Access Hospitals,Voluntary non-profit - Church,Yes,Not Available
231316,HILLS & DALES GENERAL HOSPITAL,CASS CITY,MI,48726,Critical Access Hospitals,Voluntary non-profit - Private,Yes,Not Available
231318,"ASPIRUS IRON RIVER HOSPITAL & CLINICS, INC",IRON RIVER,MI,49935,Critical Access Hospitals,Voluntary non-profit - Other,Yes,Not Available
231319,ASPIRUS KEWEENAW HOSPITAL AND CLINICS,LAURIUM,MI,49913,Critical Access Hospitals,Voluntary non-profit - Private,Yes,Not Available
231320,MERCY HEALTH LAKESHORE CAMPUS,SHELBY,MI,49455,Critical Access Hospitals,Voluntary non-profit - Private,Yes,Not Available
231321,BELL HOSPITAL,ISHPEMING,MI,49849,Critical Access Hospitals,Proprietary,Yes,Not Available
231322,CHARLEVOIX AREA HOSPITAL,CHARLEVOIX,MI,49720,Critical Access Hospitals,Voluntary non-profit - Other,Yes,Not Available
231323,COREWELL HEALTH REED CITY HOSPITAL,REED CITY,MI,49677,Critical Access Hospitals,Voluntary non-profit - Private,Yes,Not Available
231324,EATON RAPIDS MEDICAL CENTER,EATON RAPIDS,MI,48827,Critical Access Hospitals,Voluntary non-profit - Private,Yes,Not Available
231325,MYMICHIGAN MEDICAL CENTER GLADWIN,GLADWIN,MI,48624,Critical Access Hospitals,Voluntary non-profit - Private,Yes,Not Available
231326,SPARROW CLINTON HOSPITAL,SAINT JOHNS,MI,48879,Critical Access Hospitals,Proprietary,Yes,3
231327,UNIVERSITY OF MICHIGAN HEALTH - SPARROW EATON,CHARLOTTE,MI,48813,Critical Access Hospitals,Voluntary non-profit - Other,Yes,Not Available
231328,ASCENSION BORGESS ALLEGAN HOSPITAL,ALLEGAN,MI,49010,Critical Access Hospitals,Voluntary non-profit - Private,Yes,Not Available
231329,MCLAREN CARO REGION,CARO,MI,48723,Critical Access Hospitals,Voluntary non-profit - Private,Yes,Not Available
231330,MARLETTE REGIONAL HOSPITAL,MARLETTE,MI,48453,Critical Access Hospitals,Voluntary non-profit - Private,Yes,Not Available
231331,SPARROW IONIA HOSPITAL,IONIA,MI,48846,Critical Access Hospitals,Voluntary non-profit - Private,Yes,4
231332,BRONSON LAKEVIEW HOSPITAL,PAW PAW,MI,49079,Critical Access Hospitals,Voluntary non-profit - Private,Yes,4
231333,ASPIRUS IRONWOOD HOSPITAL,IRONWOOD,MI,49938,Critical Access Hospitals,Voluntary non-profit - Private,Yes,Not Available
231337,OSF ST FRANCIS HOSPITAL AND MEDICAL GROUP,ESCANABA,MI,49829,Critical Access Hospitals,Voluntary non-profit - Church,Yes,3
231338,COREWELL HEALTH GERBER HOSPITAL,FREMONT,MI,49412,Critical Access Hospitals,Voluntary non-profit - Private,Yes,4
231339,COREWELL HEALTH PENNOCK HOSPITAL,HASTINGS,MI,49058,Critical Access Hospitals,Voluntary non-profit - Other,Yes,3
231340,MCLAREN THUMB REGION,BAD AXE,MI,48413,Critical Access Hospitals,Voluntary non-profit - Private,Yes,Not Available
233300,CHILDREN'S HOSPITAL OF MICHIGAN,DETROIT,MI,48201,Childrens,Proprietary,Yes,Not Available
234006,PINE REST CHRISTIAN MENTAL HEALTH SERVICES,GRAND RAPIDS,MI,49548,Psychiatric,Government - Federal,No,Not Available
234011,HENRY FORD HEALTH BEHAVIORAL HEALTH HOSPITAL,FERNDALE,MI,48220,Psychiatric,Voluntary non-profit - Private,No,Not Available
234021,HARBOR OAKS HOSPITAL,NEW BALTIMORE,MI,48047,Psychiatric,Proprietary,No,Not Available
234023,HAVENWYCK HOSPITAL,AUBURN HILLS,MI,48326,Psychiatric,Proprietary,No,Not Available
234025,CARO PSYCHIATRIC HOSPITAL,CARO,MI,48723,Psychiatric,Government - State,No,Not Available
234026,KALAMAZOO REGIONAL PSYCHIATRIC HOSPITAL,KALAMAZOO,MI,49008,Psychiatric,Government - State,Yes,Not Available
234030,FOREST VIEW PSYCHIATRIC HOSPITAL,GRAND RAPIDS,MI,49546,Psychiatric,Proprietary,No,Not Available
234035,WALTER P REUTHER PSYCHIATRIC HOSPITAL,WESTLAND,MI,48186,Psychiatric,Government - State,No,Not Available
234038,BCA STONECREST CENTER,DETROIT,MI,48205,Psychiatric,Proprietary,No,Not Available
234040,SAMARITAN BEHAVIORAL CENTER,DETROIT,MI,48213,Psychiatric,Voluntary non-profit - Private,No,Not Available
234041,THE CENTER FOR FORENSIC PSYCHIATRY,SALINE,MI,48176,Psychiatric,Government - State,No,Not Available
234042,THE BEHAVIORAL CENTER OF MICHIGAN,WARREN,MI,48092,Psychiatric,Proprietary,No,Not Available
234043,CEDAR CREEK HOSPITAL,SAINT JOHNS,MI,48879,Psychiatric,Proprietary,No,Not Available
234044,BRIGHTWELL BEHAVIORAL HEALTH,EAST LANSING,MI,48823,Psychiatric,Proprietary,No,Not Available
234045,METROPOLITAN BEHAVIORAL HEALTH,DEARBORN,MI,48124,Psychiatric,Proprietary,No,Not Available
234046,BRONSON BEHAVIORAL HEALTH HOSPITAL,BATTLE CREEK,MI,49015,Psychiatric,Proprietary,No,Not Available
234047,KALAMAZOO BEHAVIORAL HEALTH HOSPITAL,KALAMAZOO,MI,49009,Psychiatric,Proprietary,No,Not Available
240001,NORTH MEMORIAL HEALTH HOSPITAL,ROBBINSDALE,MN,55422,Acute Care Hospitals,Voluntary non-profit - Private,Yes,2
240002,ESSENTIA HEALTH ST MARY'S MEDICAL CENTER,DULUTH,MN,55805,Acute Care Hospitals,Voluntary non-profit - Private,Yes,4
240004,HENNEPIN COUNTY MEDICAL CENTER,MINNEAPOLIS,MN,55415,Acute Care Hospitals,Government - Local,Yes,3
240006,OLMSTED MEDICAL CENTER,ROCHESTER,MN,55904,Acute Care Hospitals,Voluntary non-profit - Private,Yes,4
240010,MAYO CLINIC HOSPITAL ROCHESTER,ROCHESTER,MN,55902,Acute Care Hospitals,Voluntary non-profit - Church,Yes,5
240014,NORTHFIELD HOSPITAL,NORTHFIELD,MN,55057,Acute Care Hospitals,Government - Local,Yes,Not Available
240018,MAYO CLINIC HEALTH SYSTEM IN RED WING,RED WING,MN,55066,Acute Care Hospitals,Voluntary non-profit - Private,Yes,4
240019,ESSENTIA HEALTH DULUTH,DULUTH,MN,55805,Acute Care Hospitals,Voluntary non-profit - Private,No,4
240020,CAMBRIDGE MEDICAL CENTER,CAMBRIDGE,MN,55008,Acute Care Hospitals,Voluntary non-profit - Private,Yes,3
240022,SANFORD WORTHINGTON MEDICAL CENTER,WORTHINGTON,MN,56187,Acute Care Hospitals,Voluntary non-profit - Private,Yes,3
24002F,ST CLOUD VA MEDICAL CENTER,ST. CLOUD,MN,56303,Acute Care - Veterans Administration,Veterans Health Administration,No,Not Available
240030,ALOMERE HEALTH,ALEXANDRIA,MN,56308,Acute Care Hospitals,Government - Local,Yes,4
240036,ST CLOUD HOSPITAL,SAINT CLOUD,MN,56303,Acute Care Hospitals,Voluntary non-profit - Private,Yes,4
240038,ALLINA UNITED HOSPITAL,SAINT PAUL,MN,55102,Acute Care Hospitals,Voluntary non-profit - Private,Yes,3
24003F,MINNEAPOLIS VA MEDICAL CENTER,MINNEAPOLIS,MN,55417,Acute Care - Veterans Administration,Veterans Health Administration,Yes,5
240040,RANGE REGIONAL HEALTH SERVICES,HIBBING,MN,55746,Acute Care Hospitals,Voluntary non-profit - Other,No,Not Available
240043,MAYO CLINIC HEALTH SYSTEM - ALBERT LEA AND AUSTIN,ALBERT LEA,MN,56007,Acute Care Hospitals,Voluntary non-profit - Private,Yes,5
240044,WINONA HEALTH SERVICES,WINONA,MN,55987,Acute Care Hospitals,Voluntary non-profit - Private,Yes,2
240047,ST LUKES HOSPITAL,DULUTH,MN,55805,Acute Care Hospitals,Voluntary non-profit - Private,Yes,3
240050,FAIRVIEW LAKES HEALTH SERVICES,WYOMING,MN,55092,Acute Care Hospitals,Voluntary non-profit - Private,Yes,3
240052,LAKE REGION HEALTHCARE CORPORATION,FERGUS FALLS,MN,56537,Acute Care Hospitals,Voluntary non-profit - Private,Yes,5
240053,PARK NICOLLET METHODIST HOSPITAL,SAINT LOUIS PARK,MN,55426,Acute Care Hospitals,Voluntary non-profit - Private,Yes,3
240056,RIDGEVIEW MEDICAL CENTER,WACONIA,MN,55387,Acute Care Hospitals,Voluntary non-profit - Private,Yes,5
240057,ABBOTT NORTHWESTERN HOSPITAL,MINNEAPOLIS,MN,55407,Acute Care Hospitals,Voluntary non-profit - Private,Yes,4
240064,GRAND ITASCA CLINIC AND HOSPITAL,GRAND RAPIDS,MN,55744,Acute Care Hospitals,Voluntary non-profit - Private,Yes,4
240066,LAKEVIEW MEMORIAL HOSPITAL,STILLWATER,MN,55082,Acute Care Hospitals,Voluntary non-profit - Other,Yes,4
240069,OWATONNA HOSPITAL,OWATONNA,MN,55060,Acute Care Hospitals,Voluntary non-profit - Other,Yes,3
240071,ALLINA HEALTH FARIBAULT MEDICAL CENTER,FARIBAULT,MN,55021,Acute Care Hospitals,Voluntary non-profit - Private,Yes,Not Available
240075,ESSENTIA HEALTH ST JOSEPH'S MEDICAL CENTER,BRAINERD,MN,56401,Acute Care Hospitals,Voluntary non-profit - Private,Yes,5
240076,BUFFALO HOSPITAL,BUFFALO,MN,55313,Acute Care Hospitals,Voluntary non-profit - Other,No,5
240078,M HEALTH FAIRVIEW SOUTHDALE HOSPITAL,EDINA,MN,55435,Acute Care Hospitals,Voluntary non-profit - Private,Yes,4
240080,M HEALTH FAIRVIEW UNIVERSITY OF MN MEDICAL CENTER,MINNEAPOLIS,MN,55454,Acute Care Hospitals,Voluntary non-profit - Private,Yes,3
240084,ESSENTIA HEALTH VIRGINIA,VIRGINIA,MN,55792,Acute Care Hospitals,Government - Local,No,3
240088,CENTRACARE- RICE MEMORIAL HOSPITAL,WILLMAR,MN,56201,Acute Care Hospitals,Government - Local,Yes,2
240093,MAYO CLINIC HEALTH SYSTEM - MANKATO,MANKATO,MN,56002,Acute Care Hospitals,Voluntary non-profit - Private,Yes,5
240100,SANFORD BEMIDJI MEDICAL CENTER,BEMIDJI,MN,56601,Acute Care Hospitals,Voluntary non-profit - Private,Yes,4
240101,ESSENTIA HEALTH ST MARYS - DETROIT LAKES,DETROIT LAKES,MN,56501,Acute Care Hospitals,Voluntary non-profit - Church,No,4
240104,ST FRANCIS REGIONAL MEDICAL CENTER,SHAKOPEE,MN,55379,Acute Care Hospitals,Voluntary non-profit - Church,Yes,4
240106,REGIONS HOSPITAL,SAINT PAUL,MN,55101,Acute Care Hospitals,Voluntary non-profit - Private,Yes,4
240115,MERCY HOSPITAL,COON RAPIDS,MN,55433,Acute Care Hospitals,Voluntary non-profit - Private,Yes,3
240141,FAIRVIEW NORTHLAND REGIONAL HOSPITAL,PRINCETON,MN,55371,Acute Care Hospitals,Voluntary non-profit - Other,Yes,Not Available
240166,MAYO CLINIC HEALTH SYSTEM - FAIRMONT,FAIRMONT,MN,56031,Acute Care Hospitals,Voluntary non-profit - Private,Yes,4
240187,HUTCHINSON HEALTH,HUTCHINSON,MN,55350,Acute Care Hospitals,Voluntary non-profit - Private,Yes,Not Available
240206,RED LAKE HOSPITAL,REDLAKE,MN,56671,Acute Care Hospitals,Government - Federal,No,Not Available
240207,M HEALTH FAIRVIEW RIDGES HOSPITAL,BURNSVILLE,MN,55337,Acute Care Hospitals,Voluntary non-profit - Church,Yes,4
240210,M HEALTH FAIRVIEW ST JOHN'S HOSPITAL,MAPLEWOOD,MN,55109,Acute Care Hospitals,Voluntary non-profit - Private,Yes,4
240213,M HEALTH FAIRVIEW WOODWINDS HOSPITAL,WOODBURY,MN,55125,Acute Care Hospitals,Voluntary non-profit - Private,Yes,5
240214,MAPLE GROVE HOSPITAL,MAPLE GROVE,MN,55369,Acute Care Hospitals,Voluntary non-profit - Private,Yes,4
240779,MAHNOMEN HEALTH CENTER,MAHNOMEN,MN,56557,Rural Emergency Hospital,Government - Local,Yes,Not Available
241301,LAKEWOOD HEALTH CENTER,BAUDETTE,MN,56623,Critical Access Hospitals,Voluntary non-profit - Church,Yes,Not Available
241302,SANFORD WESTBROOK MEDICAL CENTER,WESTBROOK,MN,56183,Critical Access Hospitals,Voluntary non-profit - Private,Yes,Not Available
241303,SANFORD TRACY MEDICAL CENTER,TRACY,MN,56175,Critical Access Hospitals,Voluntary non-profit - Private,Yes,Not Available
241304,SANFORD WHEATON MEDICAL CENTER,WHEATON,MN,56296,Critical Access Hospitals,Voluntary non-profit - Private,No,Not Available
241305,RIVERWOOD HEALTHCARE CENTER,AITKIN,MN,56431,Critical Access Hospitals,Voluntary non-profit - Private,Yes,Not Available
241306,OLIVIA HOSPITAL & CLINIC,OLIVIA,MN,56277,Critical Access Hospitals,Voluntary non-profit - Private,Yes,Not Available
241308,LAKE VIEW MEMORIAL HOSPITAL,TWO HARBORS,MN,55616,Critical Access Hospitals,Voluntary non-profit - Private,Yes,Not Available
241309,ESSENTIA HEALTH SANDSTONE,SANDSTONE,MN,55072,Critical Access Hospitals,Voluntary non-profit - Private,Yes,Not Available
241311,RIDGEVIEW SIBLEY MEDICAL CENTER,ARLINGTON,MN,55307,Critical Access Hospitals,Voluntary non-profit - Private,Yes,Not Available
241312,COOK HOSPITAL,COOK,MN,55723,Critical Access Hospitals,Government - Hospital District or Authority,Yes,Not Available
241313,ESSENTIA HEALTH ADA,ADA,MN,56510,Critical Access Hospitals,Voluntary non-profit - Private,Yes,Not Available
241314,JOHNSON MEMORIAL HOSPITAL,DAWSON,MN,56232,Critical Access Hospitals,Government - Hospital District or Authority,Yes,Not Available
241315,SANFORD JACKSON MEDICAL CENTER,JACKSON,MN,56143,Critical Access Hospitals,Voluntary non-profit - Private,Yes,Not Available
241316,BIGFORK VALLEY HOSPITAL,BIGFORK,MN,56628,Critical Access Hospitals,Government - Hospital District or Authority,Yes,Not Available
241317,NORTH SHORE HEALTH,GRAND MARAIS,MN,55604,Critical Access Hospitals,Government - Hospital District or Authority,Yes,Not Available
241318,ELY - BLOOMENSON COMMUNITY HOSPITAL,ELY,MN,55731,Critical Access Hospitals,Voluntary non-profit - Private,Yes,Not Available
241319,MURRAY COUNTY MEMORIAL HOSPITAL,SLAYTON,MN,56172,Critical Access Hospitals,Government - Local,Yes,Not Available
241320,RIVERVIEW HOSPITAL,CROOKSTON,MN,56716,Critical Access Hospitals,Voluntary non-profit - Private,Yes,Not Available
241321,ESSENTIA HEALTH HOLY TRINITY HOSPITAL,GRACEVILLE,MN,56240,Critical Access Hospitals,Voluntary non-profit - Private,Yes,Not Available
241322,RAINY LAKE MEDICAL CENTER,INTERNATIONAL FALLS,MN,56649,Critical Access Hospitals,Voluntary non-profit - Private,Yes,Not Available
241323,MADELIA HEALTH,MADELIA,MN,56062,Critical Access Hospitals,Voluntary non-profit - Other,Yes,Not Available
241325,CHIPPEWA COUNTY HOSPITAL,MONTEVIDEO,MN,56265,Critical Access Hospitals,Government - Local,Yes,Not Available
241326,CENTRACARE HEALTH SYSTEM - LONG PRAIRIE,LONG PRAIRIE,MN,56347,Critical Access Hospitals,Voluntary non-profit - Private,Yes,Not Available
241327,SLEEPY EYE MEDICAL CENTER,SLEEPY EYE,MN,56085,Critical Access Hospitals,Government - Local,Yes,Not Available
241328,SANFORD BAGLEY MEDICAL CENTER,BAGLEY,MN,56621,Critical Access Hospitals,Voluntary non-profit - Private,Yes,Not Available
241329,LAKEWOOD HEALTH SYSTEM,STAPLES,MN,56479,Critical Access Hospitals,Voluntary non-profit - Other,Yes,Not Available
241330,CENTRACARE HEALTH SYSTEM - MELROSE HOSPITAL,MELROSE,MN,56352,Critical Access Hospitals,Voluntary non-profit - Private,No,Not Available
241332,WINDOM AREA HEALTH,WINDOM,MN,56101,Critical Access Hospitals,Government - Local,Yes,Not Available
241333,MAYO CLINIC HEALTH SYSTEM ST. JAMES,ST JAMES,MN,56081,Critical Access Hospitals,Voluntary non-profit - Private,Yes,Not Available
241334,RIVER'S EDGE HOSPITAL & CLINIC,ST PETER,MN,56082,Critical Access Hospitals,Government - Local,Yes,Not Available
241335,ST ELIZABETH MEDICAL CENTER,WABASHA,MN,55981,Critical Access Hospitals,Proprietary,Yes,Not Available
241336,KITTSON HEALTHCARE,HALLOCK,MN,56728,Critical Access Hospitals,Voluntary non-profit - Private,Yes,Not Available
241337,NORTH VALLEY HEALTH CENTER,WARREN,MN,56762,Critical Access Hospitals,Voluntary non-profit - Private,Yes,Not Available
241338,MAYO CLINIC HEALTH SYSTEM - LAKE CITY,LAKE CITY,MN,55041,Critical Access Hospitals,Voluntary non-profit - Private,Yes,Not Available
241339,HENDRICKS COMMUNITY HOSPITAL,HENDRICKS,MN,56136,Critical Access Hospitals,Voluntary non-profit - Private,Yes,Not Available
241340,ESSENTIA HEALTH NORTHERN PINES MEDICAL CENTER,AURORA,MN,55705,Critical Access Hospitals,Voluntary non-profit - Private,Yes,Not Available
241341,APPLETON AREA HEALTH,APPLETON,MN,56208,Critical Access Hospitals,Government - Local,Yes,Not Available
241342,ORTONVILLE AREA HEALTH SERVICES,ORTONVILLE,MN,56278,Critical Access Hospitals,Government - Local,Yes,Not Available
241343,AVERA GRANITE FALLS,GRANITE FALLS,MN,56241,Critical Access Hospitals,Government - Local,Yes,Not Available
241344,LIFECARE MEDICAL CENTER,ROSEAU,MN,56751,Critical Access Hospitals,Voluntary non-profit - Private,Yes,Not Available
241345,MAYO CLINIC HEALTH SYSTEM - WASECA,WASECA,MN,56093,Critical Access Hospitals,Voluntary non-profit - Private,Yes,Not Available
241346,MAYO CLINIC HEALTH SYSTEM - CANNON FALLS,CANNON FALLS,MN,55009,Critical Access Hospitals,Voluntary non-profit - Private,Yes,Not Available
241347,SANFORD CANBY MEDICAL CENTER,CANBY,MN,56220,Critical Access Hospitals,Government - Hospital District or Authority,Yes,Not Available
241348,AVERA TYLER HOSPITAL,TYLER,MN,56178,Critical Access Hospitals,Voluntary non-profit - Private,Yes,Not Available
241349,CENTRACARE HEALTH PAYNESVILLE LLC,PAYNESVILLE,MN,56362,Critical Access Hospitals,Voluntary non-profit - Private,Yes,Not Available
241350,ESSENTIA HEALTH MOOSE LAKE,MOOSE LAKE,MN,55767,Critical Access Hospitals,Government - Hospital District or Authority,Yes,Not Available
241351,CENTRACARE - REDWOOD,REDWOOD FALLS,MN,56283,Critical Access Hospitals,Government - Local,Yes,Not Available
241353,CUYUNA REGIONAL MEDICAL CENTER,CROSBY,MN,56441,Critical Access Hospitals,Government - Hospital District or Authority,Yes,Not Available
241354,ASTERA HEALTH,WADENA,MN,56482,Critical Access Hospitals,Voluntary non-profit - Other,Yes,Not Available
241355,GLENCOE REGIONAL HEALTH,GLENCOE,MN,55336,Critical Access Hospitals,Voluntary non-profit - Other,Yes,Not Available
241356,MILLE LACS HEALTH SYSTEM,ONAMIA,MN,56359,Critical Access Hospitals,Voluntary non-profit - Other,Yes,Not Available
241357,ESSENTIA HEALTH FOSSTON,FOSSTON,MN,56542,Critical Access Hospitals,Voluntary non-profit - Private,Yes,Not Available
241358,CASS LAKE INDIAN HEALTH SERVICES HOSPITAL,CASS LAKE,MN,56633,Critical Access Hospitals,Government - Federal,Yes,Not Available
241359,AVERA MARSHALL REGIONAL MEDICAL CTR,MARSHALL,MN,56258,Critical Access Hospitals,Voluntary non-profit - Private,Yes,Not Available
241360,ESSENTIA HEALTH DEER RIVER,DEER RIVER,MN,56636,Critical Access Hospitals,Voluntary non-profit - Private,Yes,Not Available
241361,MAYO CLINIC HEALTH SYSTEM NEW PRAGUE,NEW PRAGUE,MN,56071,Critical Access Hospitals,Voluntary non-profit - Private,Yes,Not Available
241362,CENTRACARE HEALTH - MONTICELLO,MONTICELLO,MN,55362,Critical Access Hospitals,Voluntary non-profit - Private,Yes,Not Available
241363,STEVENS COMMUNITY MEDICAL CENTER,MORRIS,MN,56267,Critical Access Hospitals,Voluntary non-profit - Private,Yes,Not Available
241364,COMMUNITY MEMORIAL HOSPITAL,CLOQUET,MN,55720,Critical Access Hospitals,Voluntary non-profit - Private,Yes,Not Available
241365,CENTRACARE - BENSON,BENSON,MN,56215,Critical Access Hospitals,Government - Hospital District or Authority,Yes,Not Available
241366,MEEKER MEMORIAL HOSPITAL,LITCHFIELD,MN,55355,Critical Access Hospitals,Government - Local,Yes,Not Available
241367,WELIA HEALTH,MORA,MN,55051,Critical Access Hospitals,Government - Local,Yes,Not Available
241368,CENTRACARE HEALTH SYSTEM - SAUK CENTRE,SAUK CENTRE,MN,56378,Critical Access Hospitals,Voluntary non-profit - Private,Yes,Not Available
241369,UNITED HOSPITAL DISTRICT,BLUE EARTH,MN,56013,Critical Access Hospitals,Government - Hospital District or Authority,Yes,Not Available
241370,ST GABRIELS HOSPITAL,LITTLE FALLS,MN,56345,Critical Access Hospitals,Voluntary non-profit - Private,Yes,Not Available
241371,SANFORD LUVERNE MEDICAL CENTER,LUVERNE,MN,56156,Critical Access Hospitals,Voluntary non-profit - Private,Yes,Not Available
241372,MADISON HOSPITAL,MADISON,MN,56256,Critical Access Hospitals,Voluntary non-profit - Private,Yes,Not Available
241373,PERHAM HEALTH,PERHAM,MN,56573,Critical Access Hospitals,Government - Hospital District or Authority,Yes,Not Available
241374,PIPESTONE COUNTY  MEDICAL CENTER,PIPESTONE,MN,56164,Critical Access Hospitals,Government - Local,Yes,Not Available
241375,MINNESOTA VALLEY HEALTH CENTER  INC,LE SUEUR,MN,56058,Critical Access Hospitals,Voluntary non-profit - Private,Yes,Not Available
241376,GLACIAL RIDGE HOSPITAL,GLENWOOD,MN,56334,Critical Access Hospitals,Government - Hospital District or Authority,Yes,Not Available
241377,ST FRANCIS MEDICAL CENTER,BRECKENRIDGE,MN,56520,Critical Access Hospitals,Voluntary non-profit - Church,Yes,Not Available
241378,NEW ULM MEDICAL CENTER,NEW ULM,MN,56073,Critical Access Hospitals,Voluntary non-profit - Private,Yes,Not Available
241379,PRAIRIE RIDGE HOSPITAL AND HEALTH SERVICES,ELBOW LAKE,MN,56531,Critical Access Hospitals,Voluntary non-profit - Private,Yes,Not Available
241380,ST JOSEPHS AREA  HEALTH SERVICES,PARK RAPIDS,MN,56470,Critical Access Hospitals,Voluntary non-profit - Private,Yes,Not Available
241381,SANFORD THIEF RIVER FALLS MEDICAL CENTER,THIEF RIVER FALLS,MN,56701,Critical Access Hospitals,Voluntary non-profit - Private,Yes,Not Available
243300,GILLETTE CHILDRENS SPECIALTY HOSPITAL,SAINT PAUL,MN,55106,Childrens,Government - Hospital District or Authority,No,Not Available
243302,CHILDREN'S HOSPITALS & CLINICS OF MN,MINNEAPOLIS,MN,55404,Childrens,Voluntary non-profit - Private,Yes,Not Available
244002,ANOKA METRO REGIONAL TREATMENT CENTER,ANOKA,MN,55303,Psychiatric,Government - State,No,Not Available
244005,CHILD AND ADOLESCENT BEHAVIORAL HEALTH HOSPITAL,WILLMAR,MN,56201,Psychiatric,Government - State,No,Not Available
244011,COMMUNITY BEHAVIORAL HEALTH HOSPITAL ANNANDALE,ANNANDALE,MN,55302,Psychiatric,Government - State,No,Not Available
244012,COMMUNITY BEHAVIORAL HEALTH HOSPITAL ALEXANDRIA,ALEXANDRIA,MN,56308,Psychiatric,Government - State,No,Not Available
244013,COMMUNITY BEHAVIORAL HEALTH HOSPITAL FERGUS FALLS,FERGUS FALLS,MN,56537,Psychiatric,Government - State,No,Not Available
244014,COMMUNITY BEHAVIORAL HEALTH HOSPITAL - BEMIDJI,BEMIDJI,MN,56601,Psychiatric,Government - State,No,Not Available
244015,COMMUNITY BEHAVIORAL HEALTH HOSPITAL - BAXTER,BAXTER,MN,56425,Psychiatric,Government - State,No,Not Available
244017,COMMUNITY BEHAVIORAL HEALTH HOSPITAL ROCHESTER,ROCHESTER,MN,55904,Psychiatric,Government - State,No,Not Available
244018,SANFORD BEHAVIORAL HEALTH CENTER,THIEF RIVER FALLS,MN,56701,Psychiatric,Voluntary non-profit - Private,No,Not Available
260001,MERCY HOSPITAL JOPLIN,JOPLIN,MO,64804,Acute Care Hospitals,Voluntary non-profit - Church,Yes,1
260005,SSM ST JOSEPH HEALTH CENTER,SAINT CHARLES,MO,63301,Acute Care Hospitals,Voluntary non-profit - Private,Yes,2
260006,MOSAIC LIFE CARE AT ST JOSEPH,SAINT JOSEPH,MO,64506,Acute Care Hospitals,Voluntary non-profit - Private,Yes,4
260009,BOTHWELL REGIONAL HEALTH CENTER,SEDALIA,MO,65301,Acute Care Hospitals,Government - Local,Yes,3
260011,SSM HEALTH ST. MARY'S HOSPITAL - JEFFERSON CITY,JEFFERSON CITY,MO,65109,Acute Care Hospitals,Proprietary,Yes,3
260017,PHELPS COUNTY REGIONAL MEDICAL CENTER,ROLLA,MO,65401,Acute Care Hospitals,Government - Local,Yes,2
260020,MERCY HOSPITAL ST LOUIS,SAINT LOUIS,MO,63141,Acute Care Hospitals,Voluntary non-profit - Private,Yes,3
260022,NORTHEAST REGIONAL MEDICAL CENTER,KIRKSVILLE,MO,63501,Acute Care Hospitals,Proprietary,Yes,3
260023,MERCY HOSPITAL JEFFERSON,CRYSTAL CITY,MO,63019,Acute Care Hospitals,Voluntary non-profit - Private,Yes,3
260024,TEXAS COUNTY MEMORIAL HOSPITAL,HOUSTON,MO,65483,Acute Care Hospitals,Government - Local,Yes,2
260025,HANNIBAL REGIONAL HOSPITAL,HANNIBAL,MO,63401,Acute Care Hospitals,Voluntary non-profit - Other,Yes,2
260027,RESEARCH MEDICAL CENTER,KANSAS CITY,MO,64132,Acute Care Hospitals,Proprietary,Yes,2
26002F,General Leonard Wood ACH (FT Leonard Wood),Fort Leonard Wood,MO,65473,Acute Care - Department of Defense,Department of Defense,Yes,Not Available
260032,BARNES JEWISH HOSPITAL,SAINT LOUIS,MO,63110,Acute Care Hospitals,Voluntary non-profit - Other,Yes,4
260034,BATES COUNTY MEMORIAL HOSPITAL,BUTLER,MO,64730,Acute Care Hospitals,Government - Local,Yes,Not Available
260040,COX MEDICAL CENTERS,SPRINGFIELD,MO,65807,Acute Care Hospitals,Voluntary non-profit - Private,Yes,3
260048,TRUMAN MEDICAL CENTER HOSPITAL HILL,KANSAS CITY,MO,64108,Acute Care Hospitals,Voluntary non-profit - Private,Yes,3
26004F,KANSAS CITY VA MEDICAL CENTER,KANSAS CITY,MO,64128,Acute Care - Veterans Administration,Veterans Health Administration,Yes,5
260052,MERCY HOSPITAL WASHINGTON,WASHINGTON,MO,63090,Acute Care Hospitals,Voluntary non-profit - Private,Yes,3
260057,CAMERON REGIONAL MEDICAL CENTER,CAMERON,MO,64429,Acute Care Hospitals,Voluntary non-profit - Private,Yes,3
260059,MERCY HOSPITAL LEBANON,LEBANON,MO,65536,Acute Care Hospitals,Voluntary non-profit - Church,Yes,Not Available
260061,NEVADA REGIONAL MEDICAL CENTER,NEVADA,MO,64772,Acute Care Hospitals,Government - Local,Yes,Not Available
260062,SAINT LUKES NORTH HOSPITAL,KANSAS CITY,MO,64154,Acute Care Hospitals,Voluntary non-profit - Private,Yes,5
260065,MERCY HOSPITAL SPRINGFIELD,SPRINGFIELD,MO,65804,Acute Care Hospitals,Voluntary non-profit - Private,Yes,2
260068,BOONE HOSPITAL CENTER,COLUMBIA,MO,65201,Acute Care Hospitals,Voluntary non-profit - Other,Yes,4
260070,PEMISCOT COUNTY MEMORIAL HOSPITAL,HAYTI,MO,63851,Acute Care Hospitals,Voluntary non-profit - Other,Yes,Not Available
260074,MOBERLY REGIONAL MEDICAL CENTER,MOBERLY,MO,65270,Acute Care Hospitals,Proprietary,Yes,2
260077,MERCY HOSPITAL SOUTH,SAINT LOUIS,MO,63128,Acute Care Hospitals,Voluntary non-profit - Private,Yes,3
260078,OZARKS HEALTHCARE,WEST PLAINS,MO,65775,Acute Care Hospitals,Voluntary non-profit - Private,Yes,2
26007F,POPLAR BLUFF VA MEDICAL CENTER,POPLAR BLUFF,MO,63901,Acute Care - Veterans Administration,Veterans Health Administration,No,Not Available
260081,SSM ST CLARE HEALTH CENTER,FENTON,MO,63026,Acute Care Hospitals,Voluntary non-profit - Private,Yes,3
260085,ST JOSEPH MEDICAL CENTER,KANSAS CITY,MO,64114,Acute Care Hospitals,Proprietary,Yes,3
260091,SSM HEALTH ST MARY'S HOSPITAL - ST LOUIS,SAINT LOUIS,MO,63117,Acute Care Hospitals,Voluntary non-profit - Private,Yes,2
260094,COX MEDICAL CENTER BRANSON,BRANSON,MO,65615,Acute Care Hospitals,Voluntary non-profit - Private,Yes,4
260095,CENTERPOINT MEDICAL CENTER,INDEPENDENCE,MO,64057,Acute Care Hospitals,Proprietary,Yes,3
260096,NORTH KANSAS CITY HOSPITAL,NORTH KANSAS CITY,MO,64116,Acute Care Hospitals,Government - Local,Yes,4
260097,WESTERN MISSOURI MEDICAL CENTER,WARRENSBURG,MO,64093,Acute Care Hospitals,Government - Local,Yes,3
26009F,ST LOUIS-JOHN COCHRAN VA MEDICAL CENTER,ST. LOUIS,MO,63106,Acute Care - Veterans Administration,Veterans Health Administration,Yes,5
260102,UNIVERSITY HEALTH LAKEWOOD MEDICAL CENTER,KANSAS CITY,MO,64139,Acute Care Hospitals,Voluntary non-profit - Private,Yes,2
260104,SSM HEALTH DEPAUL HOSPITAL ST LOUIS,BRIDGETON,MO,63044,Acute Care Hospitals,Voluntary non-profit - Church,Yes,3
260105,SSM HEALTH SAINT LOUIS UNIVERSITY HOSPITAL,SAINT LOUIS,MO,63104,Acute Care Hospitals,Voluntary non-profit - Church,Yes,1
260108,MISSOURI BAPTIST MEDICAL CENTER,SAINT LOUIS,MO,63131,Acute Care Hospitals,Voluntary non-profit - Private,Yes,4
260110,MERCY HOSPITAL SOUTHEAST,CAPE GIRARDEAU,MO,63701,Acute Care Hospitals,Voluntary non-profit - Private,Yes,2
260113,MISSOURI DELTA MEDICAL CENTER,SIKESTON,MO,63801,Acute Care Hospitals,Voluntary non-profit - Private,Yes,2
260119,POPLAR BLUFF REGIONAL MEDICAL CENTER,POPLAR BLUFF,MO,63901,Acute Care Hospitals,Proprietary,Yes,2
260137,FREEMAN HEALTH SYSTEM - FREEMAN WEST,JOPLIN,MO,64804,Acute Care Hospitals,Voluntary non-profit - Private,Yes,2
260138,ST LUKES HOSPITAL OF KANSAS CITY,KANSAS CITY,MO,64111,Acute Care Hospitals,Voluntary non-profit - Private,Yes,4
260141,UNIVERSITY OF MISSOURI HEALTH CARE,COLUMBIA,MO,65212,Acute Care Hospitals,Government - State,Yes,3
260142,FITZGIBBON HOSPITAL,MARSHALL,MO,65340,Acute Care Hospitals,Voluntary non-profit - Private,Yes,3
260160,MERCY HOSPITAL STODDARD,DEXTER,MO,63841,Acute Care Hospitals,Voluntary non-profit - Private,Yes,3
260162,BARNES-JEWISH WEST COUNTY HOSPITAL,CREVE COEUR,MO,63141,Acute Care Hospitals,Voluntary non-profit - Private,Yes,4
260163,PARKLAND HEALTH CENTER,FARMINGTON,MO,63640,Acute Care Hospitals,Voluntary non-profit - Private,Yes,4
260175,GOLDEN VALLEY MEMORIAL HOSPITAL,CLINTON,MO,64735,Acute Care Hospitals,Government - Hospital District or Authority,Yes,4
260176,ST LUKE'S DES PERES HOSPITAL,ST LOUIS,MO,63122,Acute Care Hospitals,Proprietary,Yes,3
260177,LIBERTY HOSPITAL,LIBERTY,MO,64068,Acute Care Hospitals,Voluntary non-profit - Private,Yes,4
260179,ST LUKES HOSPITAL,CHESTERFIELD,MO,63017,Acute Care Hospitals,Voluntary non-profit - Private,Yes,4
260180,CHRISTIAN HOSPITAL NORTHEAST,SAINT LOUIS,MO,63136,Acute Care Hospitals,Voluntary non-profit - Private,Yes,4
260183,SAINT FRANCIS MEDICAL CENTER,CAPE GIRARDEAU,MO,63703,Acute Care Hospitals,Voluntary non-profit - Private,Yes,2
260186,LAKE REGIONAL HEALTH SYSTEM,OSAGE BEACH,MO,65065,Acute Care Hospitals,Voluntary non-profit - Other,Yes,4
260190,LEE'S SUMMIT MEDICAL CENTER,LEES SUMMIT,MO,64063,Acute Care Hospitals,Proprietary,Yes,3
260191,BARNES-JEWISH ST PETERS HOSPITAL,SAINT PETERS,MO,63376,Acute Care Hospitals,Voluntary non-profit - Other,Yes,4
260193,ST MARY'S MEDICAL CENTER,BLUE SPRINGS,MO,64014,Acute Care Hospitals,Proprietary,Yes,3
260195,CITIZENS MEMORIAL HOSPITAL,BOLIVAR,MO,65613,Acute Care Hospitals,Government - Hospital District or Authority,Yes,4
260200,SSM ST JOSEPH HOSPITAL WEST,LAKE SAINT LOUIS,MO,63367,Acute Care Hospitals,Voluntary non-profit - Church,Yes,3
260214,BELTON REGIONAL MEDICAL CENTER,BELTON,MO,64012,Acute Care Hospitals,Voluntary non-profit - Private,Yes,2
260216,SAINT LUKE'S EAST  HOSPITAL,LEES SUMMIT,MO,64086,Acute Care Hospitals,Voluntary non-profit - Private,Yes,4
260219,PROGRESS WEST HOSPITAL,OFALLON,MO,63368,Acute Care Hospitals,Voluntary non-profit - Private,Yes,3
26023F,COLUMBIA MO VA MEDICAL CENTER,COLUMBIA,MO,65201,Acute Care - Veterans Administration,Veterans Health Administration,Yes,4
260779,PARKLAND HEALTH CENTER - BONNE TERRE,BONNE TERRE,MO,63628,Rural Emergency Hospital,Voluntary non-profit - Private,Yes,Not Available
261301,ELLETT MEMORIAL HOSPITAL,APPLETON CITY,MO,64724,Critical Access Hospitals,Government - Hospital District or Authority,Yes,Not Available
261302,MADISON MEDICAL CENTER,FREDERICKTOWN,MO,63645,Critical Access Hospitals,Voluntary non-profit - Other,Yes,Not Available
261303,COMMUNITY HOSPITAL ASSOCIATION,FAIRFAX,MO,64446,Critical Access Hospitals,Voluntary non-profit - Private,Yes,4
261305,PUTNAM COUNTY MEMORIAL HOSPITAL,UNIONVILLE,MO,63565,Critical Access Hospitals,Government - Local,Yes,Not Available
261306,SULLIVAN COUNTY MEMORIAL HOSPITAL,MILAN,MO,63556,Critical Access Hospitals,Government - Local,Yes,Not Available
261307,PERSHING MEMORIAL HOSPITAL,BROOKFIELD,MO,64628,Critical Access Hospitals,Voluntary non-profit - Private,Yes,Not Available
261308,WASHINGTON COUNTY MEMORIAL HOSPITAL,POTOSI,MO,63664,Critical Access Hospitals,Government - Local,Yes,Not Available
261309,WRIGHT MEMORIAL HOSPITAL,TRENTON,MO,64683,Critical Access Hospitals,Voluntary non-profit - Private,Yes,Not Available
261310,SCOTLAND COUNTY  HOSPITAL,MEMPHIS,MO,63555,Critical Access Hospitals,Government - Hospital District or Authority,Yes,Not Available
261311,MERCY HOSPITAL PERRY,PERRYVILLE,MO,63775,Critical Access Hospitals,Voluntary non-profit - Private,Yes,3
261312,HARRISON COUNTY COMMUNITY HOSPITAL,BETHANY,MO,64424,Critical Access Hospitals,Government - Hospital District or Authority,Yes,Not Available
261313,MACON COUNTY SAMARITAN MEMORIAL HOSPITAL,MACON,MO,63552,Critical Access Hospitals,Government - Local,Yes,Not Available
261314,HERMANN AREA DISTRICT HOSPITAL,HERMANN,MO,65041,Critical Access Hospitals,Government - Hospital District or Authority,Yes,Not Available
261316,MERCY HOSPITAL AURORA,AURORA,MO,65605,Critical Access Hospitals,Voluntary non-profit - Church,Yes,Not Available
261317,MERCY HOSPITAL - CASSVILLE,CASSVILLE,MO,65625,Critical Access Hospitals,Voluntary non-profit - Church,Yes,Not Available
261318,SALEM MEMORIAL DISTRICT HOSPITAL,SALEM,MO,65560,Critical Access Hospitals,Government - Hospital District or Authority,Yes,4
261319,MERCY HOSPITAL LINCOLN,TROY,MO,63379,Critical Access Hospitals,Government - Local,Yes,Not Available
261320,LAFAYETTE REGIONAL HEALTH CENTER,LEXINGTON,MO,64067,Critical Access Hospitals,Proprietary,Yes,Not Available
261321,HEDRICK MEDICAL CENTER,CHILLICOTHE,MO,64601,Critical Access Hospitals,Voluntary non-profit - Private,Yes,5
261322,EXCELSIOR SPRINGS HOSPITAL,EXCELSIOR SPRINGS,MO,64024,Critical Access Hospitals,Government - Local,Yes,Not Available
261323,CEDAR COUNTY MEMORIAL HOSPITAL,EL DORADO SPRINGS,MO,64744,Critical Access Hospitals,Government - Local,Yes,Not Available
261324,CASS REGIONAL MEDICAL CENTER,HARRISONVILLE,MO,64701,Critical Access Hospitals,Government - Local,Yes,Not Available
261325,COX BARTON COUNTY HOSPITAL,LAMAR,MO,64759,Critical Access Hospitals,Government - Local,Yes,Not Available
261327,RAY COUNTY MEMORIAL HOSPITAL,RICHMOND,MO,64085,Critical Access Hospitals,Government - Local,Yes,Not Available
261328,MOSAIC MEDICAL CENTER ALBANY,ALBANY,MO,64402,Critical Access Hospitals,Voluntary non-profit - Private,Yes,Not Available
261329,COX MONETT HOSPITAL,MONETT,MO,65708,Critical Access Hospitals,Voluntary non-profit - Private,Yes,Not Available
261330,STE GENEVIEVE COUNTY MEMORIAL HOSPITAL,SAINTE GENEVIEVE,MO,63670,Critical Access Hospitals,Government - Hospital District or Authority,Yes,Not Available
261331,FREEMAN NEOSHO HOSPITAL,NEOSHO,MO,64850,Critical Access Hospitals,Voluntary non-profit - Private,Yes,Not Available
261332,CARROLL COUNTY MEMORIAL HOSPITAL,CARROLLTON,MO,64633,Critical Access Hospitals,Voluntary non-profit - Private,Yes,Not Available
261333,PIKE COUNTY MEMORIAL HOSPITAL,LOUISIANA,MO,63353,Critical Access Hospitals,Government - Local,Yes,Not Available
261335,MERCY ST FRANCIS HOSPITAL,MOUNTAIN VIEW,MO,65548,Critical Access Hospitals,Voluntary non-profit - Private,Yes,Not Available
261336,IRON COUNTY MEDICAL CENTER,PILOT KNOB,MO,63663,Critical Access Hospitals,Government - Hospital District or Authority,Yes,Not Available
261337,MISSOURI BAPTIST SULLIVAN HOSPITAL,SULLIVAN,MO,63080,Critical Access Hospitals,Voluntary non-profit - Private,Yes,2
261338,MERCY HOSPITAL CARTHAGE,CARTHAGE,MO,64836,Critical Access Hospitals,Voluntary non-profit - Private,Yes,Not Available
261340,MOSAIC MEDICAL CENTER - MARYVILLE,MARYVILLE,MO,64468,Critical Access Hospitals,Voluntary non-profit - Private,Yes,Not Available
263301,ST LOUIS CHILDRENS HOSPITAL,SAINT LOUIS,MO,63110,Childrens,Voluntary non-profit - Other,Yes,Not Available
263302,THE CHILDREN'S MERCY HOSPITAL,KANSAS CITY,MO,64108,Childrens,Voluntary non-profit - Private,Yes,Not Available
263303,RANKEN JORDAN PEDIATRIC BRIDGE HOSPITAL,MARYLAND HEIGHTS,MO,63043,Childrens,Voluntary non-profit - Other,No,Not Available
263304,SHRINERS HOSPITALS FOR CHILDREN,SAINT LOUIS,MO,63110,Childrens,Voluntary non-profit - Private,No,Not Available
264004,CENTER FOR BEHAVIORAL MEDICINE,FULTON,MO,65251,Psychiatric,Government - State,No,Not Available
264005,SOUTHEAST MISSOURI MENTAL HLTH CTR,FARMINGTON,MO,63640,Psychiatric,Government - State,No,Not Available
264007,NORTHWEST MISSOURI PSYCHIATRIC REHAB CTR,SAINT JOSEPH,MO,64502,Psychiatric,Government - State,No,Not Available
264008,CENTER FOR BEHAVIORAL MEDICINE,KANSAS CITY,MO,64108,Psychiatric,Government - State,No,Not Available
264010,ST LOUIS FORENSIC TREATMENT CENTER,SAINT LOUIS,MO,63139,Psychiatric,Government - State,No,Not Available
264012,CENTERPOINTE HOSPITAL,SAINT CHARLES,MO,63304,Psychiatric,Proprietary,No,Not Available
264020,ROYAL OAKS HOSPITAL,WINDSOR,MO,65360,Psychiatric,Voluntary non-profit - Private,No,Not Available
264024,LAKELAND BEHAVIORAL HEALTH SYSTEM,SPRINGFIELD,MO,65806,Psychiatric,Proprietary,Yes,Not Available
264031,OSAGE BEACH CENTER FOR BEHAVIORAL HEALTH,OSAGE BEACH,MO,65065,Psychiatric,Proprietary,No,Not Available
264032,CENTERPOINTE HOSPITAL OF COLUMBIA,COLUMBIA,MO,65202,Psychiatric,Proprietary,No,Not Available
264033,PERIMETER BEHAVIORAL HOSPITAL OF SPRINGFIELD,SPRINGFIELD,MO,65803,Psychiatric,Proprietary,No,Not Available
264034,SOUTHEAST BEHAVIORAL HOSPITAL,CAPE GIRARDEAU,MO,63703,Psychiatric,Proprietary,No,Not Available
264035,MARYLAND HEIGHTS CENTER FOR BEHAVIORAL HEALTH,MARYLAND HEIGHTS,MO,63043,Psychiatric,Voluntary non-profit - Other,No,Not Available
660001,COMMONWEALTH HEALTH CENTER,GARAPAN,MP,96950,Acute Care Hospitals,Government - State,Yes,Not Available
250001,UNIVERSITY OF MISSISSIPPI MED CENTER,JACKSON,MS,39216,Acute Care Hospitals,Government - State,Yes,2
250002,TISHOMINGO HEALTH SERVICES INC,IUKA,MS,38852,Acute Care Hospitals,Voluntary non-profit - Private,Yes,5
250004,NORTH MISSISSIPPI MEDICAL CENTER,TUPELO,MS,38801,Acute Care Hospitals,Voluntary non-profit - Private,Yes,2
250006,BAPTIST MEMORIAL HOSPITAL UNION COUNTY,NEW ALBANY,MS,38652,Acute Care Hospitals,Voluntary non-profit - Other,Yes,3
250007,Memorial Hospital Biloxi,BILOXI,MS,39530,Acute Care Hospitals,Proprietary,Yes,1
250009,MAGNOLIA REGIONAL HEALTH CENTER,CORINTH,MS,38834,Acute Care Hospitals,Voluntary non-profit - Other,Yes,3
250017,PROGRESSIVE HEALTH GROUP OF HOUSTON,HOUSTON,MS,38851,Acute Care Hospitals,Proprietary,No,Not Available
250018,JASPER GENERAL HOSPITAL,BAY SPRINGS,MS,39422,Acute Care Hospitals,Government - Local,No,Not Available
250019,MEMORIAL HOSPITAL AT GULFPORT,GULFPORT,MS,39502,Acute Care Hospitals,Government - Local,Yes,3
250020,WEBSTER GENERAL HOSPITAL/ SWING BED,EUPORA,MS,39744,Acute Care Hospitals,Voluntary non-profit - Other,Yes,3
250025,NORTH MISSISSIPPI MEDICAL CENTER-GILMORE AMORY,AMORY,MS,38821,Acute Care Hospitals,Proprietary,Yes,4
250027,WINSTON MEDICAL CENTER,LOUISVILLE,MS,39339,Acute Care Hospitals,Voluntary non-profit - Private,Yes,Not Available
250031,MERIT HEALTH RIVER REGION,VICKSBURG,MS,39183,Acute Care Hospitals,Proprietary,Yes,2
250034,BAPTIST MEMORIAL HOSPITAL NORTH MS,OXFORD,MS,38655,Acute Care Hospitals,Voluntary non-profit - Private,Yes,3
250036,GEORGE REGIONAL HEALTH SYSTEM,LUCEDALE,MS,39452,Acute Care Hospitals,Government - Local,Yes,Not Available
250038,MERIT HEALTH MADISON,CANTON,MS,39046,Acute Care Hospitals,Proprietary,Yes,3
250040,SINGING RIVER HEALTH SYSTEM,PASCAGOULA,MS,39581,Acute Care Hospitals,Government - Local,Yes,2
250042,NORTHWEST MISSISSISSIPPI REGIONAL MEDICAL CENTER,CLARKSDALE,MS,38614,Acute Care Hospitals,Proprietary,Yes,Not Available
250043,NESHOBA COUNTY GENERAL HOSPITAL,PHILADELPHIA,MS,39350,Acute Care Hospitals,Government - Local,Yes,4
250044,BAPTIST MEMORIAL HOSPITAL BOONEVILLE,BOONEVILLE,MS,38829,Acute Care Hospitals,Voluntary non-profit - Church,Yes,4
250048,ST DOMINIC-JACKSON MEMORIAL HOSPITAL,JACKSON,MS,39216,Acute Care Hospitals,Voluntary non-profit - Church,Yes,1
250049,BEACHAM MEMORIAL HOSPITAL,MAGNOLIA,MS,39652,Acute Care Hospitals,Proprietary,No,Not Available
250050,OCH REGIONAL MEDICAL CENTER,STARKVILLE,MS,39759,Acute Care Hospitals,Government - Local,Yes,2
250057,KING'S DAUGHTERS MEDICAL CENTER-BROOKHAVEN,BROOKHAVEN,MS,39601,Acute Care Hospitals,Voluntary non-profit - Other,Yes,3
250058,SOUTH CENTRAL REG MED CTR,LAUREL,MS,39440,Acute Care Hospitals,Government - Local,Yes,1
250061,YALOBUSHA GENERAL HOSPITAL,WATER VALLEY,MS,38965,Acute Care Hospitals,Government - Local,No,4
250067,CLAY COUNTY MEDICAL CORPORATION,WEST POINT,MS,39773,Acute Care Hospitals,Voluntary non-profit - Private,Yes,Not Available
250069,OCHSNER RUSH HOSPITAL,MERIDIAN,MS,39301,Acute Care Hospitals,Voluntary non-profit - Private,Yes,3
250072,MERIT HEALTH CENTRAL,JACKSON,MS,39204,Acute Care Hospitals,Proprietary,Yes,1
250077,WAYNE GENERAL HOSPITAL,WAYNESBORO,MS,39367,Acute Care Hospitals,Government - Local,Yes,2
250078,FORREST GENERAL HOSPITAL,HATTIESBURG,MS,39401,Acute Care Hospitals,Government - Local,Yes,2
250081,ANDERSON REGIONAL MEDICAL CENTER SOUTH CAMPUS,MERIDIAN,MS,39301,Acute Care Hospitals,Proprietary,Yes,Not Available
250082,DELTA HEALTH SYSTEM - THE MEDICAL CENTER,GREENVILLE,MS,38701,Acute Care Hospitals,Government - Local,Yes,1
250084,MERIT HEALTH NATCHEZ,NATCHEZ,MS,39120,Acute Care Hospitals,Proprietary,Yes,2
250085,MARION GENERAL HOSPITAL,COLUMBIA,MS,39429,Acute Care Hospitals,Government - Local,Yes,Not Available
250093,BOLIVAR MEDICAL CENTER,CLEVELAND,MS,38732,Acute Care Hospitals,Proprietary,Yes,1
250094,MERIT HEALTH WESLEY,HATTIESBURG,MS,39402,Acute Care Hospitals,Voluntary non-profit - Private,Yes,2
250095,SOUTH SUNFLOWER COUNTY HOSPITAL,INDIANOLA,MS,38751,Acute Care Hospitals,Government - Local,Yes,Not Available
250096,CROSSGATES RIVER OAKS HOSPITAL,BRANDON,MS,39042,Acute Care Hospitals,Proprietary,Yes,1
250097,SOUTHWEST MS REGIONAL MEDICAL CENTER,MCCOMB,MS,39649,Acute Care Hospitals,Government - Local,Yes,1
250099,GREENWOOD LEFLORE HOSPITAL,GREENWOOD,MS,38930,Acute Care Hospitals,Government - Local,Yes,1
250100,BMH-GOLDEN TRIANGLE,COLUMBUS,MS,39705,Acute Care Hospitals,Voluntary non-profit - Private,Yes,3
250102,MISSISSIPPI BAPTIST MEDICAL CENTER,JACKSON,MS,39202,Acute Care Hospitals,Voluntary non-profit - Private,Yes,2
250104,ANDERSON REGIONAL MEDICAL CENTER,MERIDIAN,MS,39301,Acute Care Hospitals,Voluntary non-profit - Private,Yes,2
250117,HIGHLAND COMMUNITY  HOSPITAL,PICAYUNE,MS,39466,Acute Care Hospitals,Government - Local,Yes,1
250123,SINGING RIVER GULFPORT,GULFPORT,MS,39503,Acute Care Hospitals,Proprietary,Yes,2
250124,MAGEE GENERAL HOSPITAL,MAGEE,MS,39111,Acute Care Hospitals,Voluntary non-profit - Private,Yes,2
250127,CHOCTAW HEALTH CENTER,PHILADELPHIA,MS,39350,Acute Care Hospitals,Government - Federal,Yes,Not Available
250134,WHITFIELD MEDICAL SURGICAL HOSPITAL,WHITFIELD,MS,39193,Acute Care Hospitals,Government - State,No,Not Available
250136,MERIT HEALTH WOMEN'S HOSPITAL,FLOWOOD,MS,39232,Acute Care Hospitals,Proprietary,No,Not Available
250138,MERIT HEALTH RIVER OAKS,FLOWOOD,MS,39232,Acute Care Hospitals,Proprietary,Yes,1
250141,BAPTIST MEMORIAL HOSPITAL DESOTO,SOUTHAVEN,MS,38671,Acute Care Hospitals,Proprietary,Yes,2
250151,ALLIANCE HEALTH CENTER,MERIDIAN,MS,39301,Acute Care Hospitals,Proprietary,No,Not Available
250152,MISSISSIPPI METHODIST REHAB CTR,JACKSON,MS,39216,Acute Care Hospitals,Voluntary non-profit - Private,No,Not Available
250162,OCHSNER MEDICAL CENTER-HANCOCK,BAY SAINT LOUIS,MS,39520,Acute Care Hospitals,Government - Local,Yes,Not Available
250167,METHODIST HEALTHCARE - OLIVE BRANCH HOSPITAL,OLIVE BRANCH,MS,38654,Acute Care Hospitals,Voluntary non-profit - Private,Yes,5
250168,UNIVERSITY OF MISSISSIPPI MEDICAL CENTER- GRENADA,GRENADA,MS,38901,Acute Care Hospitals,Government - State,Yes,2
250172,HIGHLAND HILLS MEDICAL CENTER,SENATOBIA,MS,38668,Acute Care Hospitals,Voluntary non-profit - Private,Yes,Not Available
250174,"ALLIANCE HEALTHCARE SYSTEM, INC",HOLLY SPRINGS,MS,38635,Acute Care Hospitals,Proprietary,No,Not Available
25039F,81st Medical Group (Keesler AFB),Biloxi,MS,39534,Acute Care - Department of Defense,Department of Defense,Yes,Not Available
25042F,VA GULF COAST HEALTHCARE SYSTEM,BILOXI,MS,39531,Acute Care - Veterans Administration,Veterans Health Administration,Yes,5
25043F,G. V. (SONNY) MONTGOMERY VA MEDICAL CENTER (JACKSON),JACKSON,MS,39216,Acute Care - Veterans Administration,Veterans Health Administration,Yes,4
250780,JEFFERSON COUNTY HOSPITAL,FAYETTE,MS,39069,Rural Emergency Hospital,Proprietary,Yes,Not Available
250781,PANOLA MEDICAL CENTER,BATESVILLE,MS,38606,Rural Emergency Hospital,Proprietary,Yes,Not Available
250782,GREENE COUNTY HOSPITAL,LEAKESVILLE,MS,39451,Rural Emergency Hospital,Government - Local,Yes,Not Available
250783,PERRY COUNTY GENERAL HOSPITAL,RICHTON,MS,39476,Rural Emergency Hospital,Government - Local,Yes,Not Available
250784,SHARKEY ISSAQUENA COMMUNITY HOSPITAL,ROLLING FORK,MS,39159,Rural Emergency Hospital,Government - Local,Yes,Not Available
250785,PROGRESSIVE HEALTH GROUP OF HOUSTON,HOUSTON,MS,38851,Rural Emergency Hospital,Proprietary,Yes,Not Available
251300,S E LACKEY MEMORIAL HOSPITAL,FOREST,MS,39074,Critical Access Hospitals,Voluntary non-profit - Private,Yes,Not Available
251302,MONROE REGIONAL HOSPITAL,ABERDEEN,MS,39730,Critical Access Hospitals,Voluntary non-profit - Private,Yes,Not Available
251304,TALLAHATCHIE GENERAL HOSPITAL-CAH,CHARLESTON,MS,38921,Critical Access Hospitals,Government - Local,Yes,Not Available
251305,LAWRENCE COUNTY HOSPITAL CAH,MONTICELLO,MS,39654,Critical Access Hospitals,Government - Local,Yes,Not Available
251307,NOXUBEE GENERAL CRITICAL ACCESS HOSP,MACON,MS,39341,Critical Access Hospitals,Government - State,Yes,Not Available
251308,PONTOTOC HEALTH SERVICE INC CAH,PONTOTOC,MS,38863,Critical Access Hospitals,Voluntary non-profit - Private,Yes,Not Available
251309,FIELD HEALTH SYSTEM,CENTREVILLE,MS,39631,Critical Access Hospitals,Government - Local,Yes,Not Available
251312,TYLER HOLMES MEMORIAL HOSPITAL CAH,WINONA,MS,38967,Critical Access Hospitals,Government - Local,Yes,Not Available
251313,BAPTIST MEDICAL CENTER-YAZOO,YAZOO CITY,MS,39194,Critical Access Hospitals,Voluntary non-profit - Private,Yes,Not Available
251315,BAPTIST MEDICAL CENTER-LEAKE,CARTHAGE,MS,39051,Critical Access Hospitals,Voluntary non-profit - Private,Yes,4
251316,OCHSNER WATKINS HOSPITAL,QUITMAN,MS,39355,Critical Access Hospitals,Voluntary non-profit - Private,Yes,Not Available
251317,SIMPSON GENERAL HOSPITAL CAH,MENDENHALL,MS,39114,Critical Access Hospitals,Voluntary non-profit - Private,Yes,Not Available
251318,NORTH SUNFLOWER MEDICAL CENTER CAH,RULEVILLE,MS,38771,Critical Access Hospitals,Government - Local,Yes,Not Available
251319,HOLMES COUNTY HOSPITAL AND CLINICS,LEXINGTON,MS,39095,Critical Access Hospitals,Government - State,Yes,Not Available
251320,CLAIBORNE COUNTY HOSPITAL,PORT GIBSON,MS,39150,Critical Access Hospitals,Government - Local,Yes,Not Available
251322,OCHSNER LAIRD HOSPITAL,UNION,MS,39365,Critical Access Hospitals,Voluntary non-profit - Private,Yes,Not Available
251323,OCHSNER SCOTT REGIONAL,MORTON,MS,39117,Critical Access Hospitals,Voluntary non-profit - Private,Yes,Not Available
251324,WALTHALL COUNTY GENERAL HOSPITAL CAH,TYLERTOWN,MS,39667,Critical Access Hospitals,Government - Local,Yes,Not Available
251325,COVINGTON COUNTY HOSPITAL CAH,COLLINS,MS,39428,Critical Access Hospitals,Government - Local,Yes,Not Available
251326,JEFFERSON DAVIS COMMUNITY HOSPITAL CAH,PRENTISS,MS,39474,Critical Access Hospitals,Government - State,Yes,Not Available
251327,COPIAH COUNTY MEDICAL CENTER,HAZLEHURST,MS,39083,Critical Access Hospitals,Government - Local,Yes,Not Available
251330,FRANKLIN COUNTY MEMORIAL HOSPITAL,MEADVILLE,MS,39653,Critical Access Hospitals,Government - Local,Yes,Not Available
251331,BMH-CALHOUN,CALHOUN CITY,MS,38916,Critical Access Hospitals,Voluntary non-profit - Private,Yes,Not Available
251333,PEARL RIVER COUNTY HOSPITAL,POPLARVILLE,MS,39470,Critical Access Hospitals,Government - Local,Yes,Not Available
251334,CHOCTAW REGIONAL MEDICAL CENTER,ACKERMAN,MS,39735,Critical Access Hospitals,Government - Local,Yes,Not Available
251335,OCHSNER STENNIS MEMORIAL HOSPITAL,DE KALB,MS,39328,Critical Access Hospitals,Voluntary non-profit - Private,Yes,Not Available
251336,BAPTIST MEDICAL CENTER ATTALA,KOSCIUSKO,MS,39090,Critical Access Hospitals,Voluntary non-profit - Other,Yes,Not Available
251337,TIPPAH COUNTY HOSPITAL,RIPLEY,MS,38663,Critical Access Hospitals,Government - Local,Yes,5
251339,QUITMAN COMMUNITY HOSPITAL,MARKS,MS,38646,Critical Access Hospitals,Government - Local,Yes,Not Available
252013,ALLEGIANCE SPECIALTY HOSPITAL OF GREENVILLE,GREENVILLE,MS,38701,Long-term,Proprietary,No,Not Available
254005,PARKWOOD BEHAVIORAL HEALTH SYSTEM,OLIVE BRANCH,MS,38654,Psychiatric,Proprietary,No,Not Available
254007,BRENTWOOD BEHAVIORAL HEALTHCARE OF MS,FLOWOOD,MS,39232,Psychiatric,Proprietary,Yes,Not Available
254008,SOUTH MISSISSIPPI STATE HOSPITAL,PURVIS,MS,39475,Psychiatric,Government - State,No,Not Available
254009,NORTH MISSISSIPPI STATE HOSPITAL,TUPELO,MS,38804,Psychiatric,Government - State,No,Not Available
254010,MS STATE HOSPITAL-WHITFIELD,WHITFIELD,MS,39193,Psychiatric,Government - Local,Yes,Not Available
254011,GULFPORT BEHAVIORAL HEALTH  SYSTEM,GPT,MS,39503,Psychiatric,Proprietary,No,Not Available
254012,OCEANS BEHAVIORAL HOSPITAL- BILOXI,BILOXI,MS,39531,Psychiatric,Proprietary,No,Not Available
254013,OCEANS BEHAVIORAL HOSPITAL OF TUPELO,TUPELO,MS,38801,Psychiatric,Proprietary,No,Not Available
270003,ST PETERS HEALTH,HELENA,MT,59601,Acute Care Hospitals,Voluntary non-profit - Private,Yes,4
270004,BILLINGS CLINIC,BILLINGS,MT,59101,Acute Care Hospitals,Voluntary non-profit - Private,Yes,4
270012,BENEFIS HOSPITALS INC,GREAT FALLS,MT,59405,Acute Care Hospitals,Voluntary non-profit - Private,Yes,2
270014,ST. PATRICK HOSPITAL,MISSOULA,MT,59802,Acute Care Hospitals,Voluntary non-profit - Church,Yes,5
270017,ST JAMES HOSPITAL,BUTTE,MT,59701,Acute Care Hospitals,Voluntary non-profit - Private,Yes,2
270023,COMMUNITY MEDICAL CENTER,MISSOULA,MT,59804,Acute Care Hospitals,Voluntary non-profit - Private,Yes,4
27003F,VA MONTANA HEALTHCARE SYSTEM,FORT HARRISON,MT,59636,Acute Care - Veterans Administration,Veterans Health Administration,Yes,5
270049,INTERMOUNTAIN HEALTH ST VINCENT REGIONAL HOSPITAL,BILLINGS,MT,59107,Acute Care Hospitals,Voluntary non-profit - Church,Yes,4
270051,LOGAN HEALTH MEDICAL CENTER,KALISPELL,MT,59901,Acute Care Hospitals,Voluntary non-profit - Private,Yes,4
270057,BOZEMAN HEALTH DEACONESS HOSPITAL,BOZEMAN,MT,59715,Acute Care Hospitals,Voluntary non-profit - Private,Yes,4
270074,P H S INDIAN HOSPITAL AT BROWNING - BLACKFEET,BROWNING,MT,59417,Acute Care Hospitals,Government - Federal,Yes,Not Available
270086,GREAT FALLS CLINIC HOSPITAL,GREAT FALLS,MT,59405,Acute Care Hospitals,Proprietary,Yes,3
271300,POPLAR COMMUNITY HOSPITAL,POPLAR,MT,59255,Critical Access Hospitals,Voluntary non-profit - Private,Yes,Not Available
271301,FALLON MEDICAL COMPLEX HOSPITAL,BAKER,MT,59313,Critical Access Hospitals,Voluntary non-profit - Private,Yes,Not Available
271302,DAHL MEMORIAL HEALTHCARE ASSOCIATION INC,EKALAKA,MT,59324,Critical Access Hospitals,Voluntary non-profit - Private,Yes,Not Available
271303,GRANITE COUNTY MEDICAL CENTER,PHILIPSBURG,MT,59858,Critical Access Hospitals,Government - Hospital District or Authority,Yes,Not Available
271304,MISSOURI RIVER MEDICAL CENTER,FORT BENTON,MT,59442,Critical Access Hospitals,Government - Hospital District or Authority,Yes,Not Available
271305,MCCONE COUNTY HEALTH CENTER,CIRCLE,MT,59215,Critical Access Hospitals,Voluntary non-profit - Other,Yes,Not Available
271306,MOUNTAINVIEW MEDICAL CENTER,WHITE SULPHUR SPRING,MT,59645,Critical Access Hospitals,Voluntary non-profit - Private,Yes,Not Available
271307,BENEFIS TETON MEDICAL CENTER,CHOTEAU,MT,59422,Critical Access Hospitals,Voluntary non-profit - Private,Yes,Not Available
271308,ROOSEVELT MEDICAL CENTER,CULBERTSON,MT,59218,Critical Access Hospitals,Voluntary non-profit - Private,Yes,Not Available
271309,PRAIRIE COMMUNITY CAH,TERRY,MT,59349,Critical Access Hospitals,Government - Hospital District or Authority,Yes,Not Available
271310,GARFIELD COUNTY HEALTH CENTER,JORDAN,MT,59337,Critical Access Hospitals,Government - Local,Yes,Not Available
271311,BIG SANDY MEDICAL CENTER,BIG SANDY,MT,59520,Critical Access Hospitals,Voluntary non-profit - Private,Yes,Not Available
271312,PHILLIPS COUNTY HOSPITAL - CAH,MALTA,MT,59538,Critical Access Hospitals,Voluntary non-profit - Private,Yes,Not Available
271313,PIONEER MEDICAL CENTER,BIG TIMBER,MT,59011,Critical Access Hospitals,Voluntary non-profit - Private,Yes,Not Available
271314,DEER LODGE MEDICAL CENTER,DEER LODGE,MT,59722,Critical Access Hospitals,Voluntary non-profit - Private,Yes,Not Available
271315,P H S INDIAN HOSPITAL-FT BELKNAP AT HARLEM - CAH,HARLEM,MT,59526,Critical Access Hospitals,Government - Federal,Yes,Not Available
271316,FRANCES MAHON DEACONESS HOSPITAL,GLASGOW,MT,59230,Critical Access Hospitals,Voluntary non-profit - Private,Yes,Not Available
271317,LIVINGSTON HEALTHCARE,LIVINGSTON,MT,59047,Critical Access Hospitals,Physician,Yes,1
271318,BARRETT HOSPITAL & HEALTHCARE,DILLON,MT,59725,Critical Access Hospitals,Government - Hospital District or Authority,Yes,Not Available
271319,RUBY VALLEY MEDICAL CENTER,SHERIDAN,MT,59749,Critical Access Hospitals,Government - Hospital District or Authority,Yes,Not Available
271320,CABINET PEAKS MEDICAL CENTER,LIBBY,MT,59923,Critical Access Hospitals,Voluntary non-profit - Private,Yes,Not Available
271321,WHEATLAND MEMORIAL HOSPITAL,HARLOWTON,MT,59036,Critical Access Hospitals,Voluntary non-profit - Private,Yes,Not Available
271322,SHERIDAN MEMORIAL HOSPTIAL,PLENTYWOOD,MT,59254,Critical Access Hospitals,Voluntary non-profit - Private,Yes,Not Available
271323,CLARK FORK VALLEY HOSPITAL,PLAINS,MT,59859,Critical Access Hospitals,Voluntary non-profit - Private,Yes,Not Available
271324,PONDERA MEDICAL CENTER,CONRAD,MT,59425,Critical Access Hospitals,Voluntary non-profit - Private,Yes,Not Available
271325,ST LUKE COMMUNITY HOSPITAL,RONAN,MT,59864,Critical Access Hospitals,Voluntary non-profit - Private,Yes,Not Available
271326,BEARTOOTH BILLINGS CLINIC,RED LODGE,MT,59068,Critical Access Hospitals,Voluntary non-profit - Private,No,Not Available
271327,ROSEBUD HEALTH CARE CENTER,FORSYTH,MT,59327,Critical Access Hospitals,Voluntary non-profit - Private,Yes,Not Available
271328,LOGAN HEALTH - SHELBY,SHELBY,MT,59474,Critical Access Hospitals,Voluntary non-profit - Private,Yes,Not Available
271329,MADISON VALLEY MEDICAL CENTER,ENNIS,MT,59729,Critical Access Hospitals,Voluntary non-profit - Private,Yes,Not Available
271330,STILLWATER BILLINGS CLINIC,COLUMBUS,MT,59019,Critical Access Hospitals,Voluntary non-profit - Private,Yes,Not Available
271331,MINERAL COMMUNITY HOSPITAL,SUPERIOR,MT,59872,Critical Access Hospitals,Government - Hospital District or Authority,Yes,Not Available
271332,GLENDIVE MEDICAL CENTER,GLENDIVE,MT,59330,Critical Access Hospitals,Voluntary non-profit - Private,Yes,Not Available
271333,BILLINGS CLINIC BROADWATER,TOWNSEND,MT,59644,Critical Access Hospitals,Voluntary non-profit - Private,Yes,Not Available
271334,LOGAN HEALTH - CHESTER,CHESTER,MT,59522,Critical Access Hospitals,Voluntary non-profit - Private,Yes,Not Available
271335,COMMUNITY HOSPITAL OF ANACONDA,ANACONDA,MT,59711,Critical Access Hospitals,Voluntary non-profit - Private,Yes,3
271336,LOGAN HEALTH - WHITEFISH,WHITEFISH,MT,59937,Critical Access Hospitals,Voluntary non-profit - Private,Yes,4
271337,NORTHERN ROCKIES MEDICAL CENTER,CUT BANK,MT,59427,Critical Access Hospitals,Voluntary non-profit - Private,No,Not Available
271338,BIG HORN HOSPITAL,HARDIN,MT,59034,Critical Access Hospitals,Voluntary non-profit - Private,Yes,Not Available
271339,P H S INDIAN HOSPITAL CROW / NORTHERN CHEYENNE,CROW AGENCY,MT,59022,Critical Access Hospitals,Government - Federal,Yes,Not Available
271340,BITTERROOT HEALTH - DALY HOSPITAL,HAMILTON,MT,59840,Critical Access Hospitals,Voluntary non-profit - Private,Yes,4
271341,TRINITY HOSPITAL,WOLF POINT,MT,59201,Critical Access Hospitals,Voluntary non-profit - Private,Yes,Not Available
271342,DANIELS MEMORIAL HOSPITAL,SCOBEY,MT,59263,Critical Access Hospitals,Voluntary non-profit - Private,Yes,Not Available
271343,PROVIDENCE ST JOSEPH MEDICAL CENTER,POLSON,MT,59860,Critical Access Hospitals,Voluntary non-profit - Private,Yes,Not Available
271344,SIDNEY HEALTH CENTER,SIDNEY,MT,59270,Critical Access Hospitals,Voluntary non-profit - Private,Yes,5
271345,CENTRAL MONTANA MEDICAL CENTER,LEWISTOWN,MT,59457,Critical Access Hospitals,Voluntary non-profit - Private,Yes,Not Available
271346,ROUNDUP MEMORIAL HEALTHCARE,ROUNDUP,MT,59072,Critical Access Hospitals,Voluntary non-profit - Private,Yes,Not Available
271347,HOLY ROSARY HOSPITAL,MILES CITY,MT,59301,Critical Access Hospitals,Voluntary non-profit - Private,Yes,Not Available
271348,NORTHERN MONTANA HOSPITAL,HAVRE,MT,59501,Critical Access Hospitals,Voluntary non-profit - Private,Yes,Not Available
271389,BOZEMAN HEALTH BIG SKY MEDICAL CENTER,BIG SKY,MT,59716,Critical Access Hospitals,Voluntary non-profit - Private,Yes,Not Available
274004,SHODAIR CHILDREN'S HOSPITAL,HELENA,MT,59601,Psychiatric,Voluntary non-profit - Private,No,Not Available
340001,CAROLINAS MEDICAL CENTER-NORTHEAST,CONCORD,NC,28025,Acute Care Hospitals,Government - Hospital District or Authority,Yes,3
340002,MEMORIAL MISSION HOSPITAL AND ASHEVILLE SURGERY CE,ASHEVILLE,NC,28801,Acute Care Hospitals,Voluntary non-profit - Private,Yes,4
340003,NORTHERN REGIONAL HOSPITAL,MOUNT AIRY,NC,27030,Acute Care Hospitals,Government - Hospital District or Authority,Yes,4
340004,HIGH POINT REGIONAL HEALTH SYSTEM,HIGH POINT,NC,27261,Acute Care Hospitals,Voluntary non-profit - Private,Yes,2
340008,SCOTLAND MEMORIAL HOSPITAL,LAURINBURG,NC,28352,Acute Care Hospitals,Voluntary non-profit - Private,Yes,3
340010,UNC HEALTH CARE WAYNE,GOLDSBORO,NC,27534,Acute Care Hospitals,Voluntary non-profit - Private,Yes,3
340013,RUTHERFORD REGIONAL MEDICAL CENTER,RUTHERFORDTON,NC,28139,Acute Care Hospitals,Proprietary,Yes,3
340014,NOVANT HEALTH FORSYTH MEDICAL CENTER,WINSTON-SALEM,NC,27103,Acute Care Hospitals,Voluntary non-profit - Private,Yes,4
340015,NOVANT HEALTH ROWAN MEDICAL CENTER,SALISBURY,NC,28144,Acute Care Hospitals,Voluntary non-profit - Private,Yes,2
340016,HARRIS REGIONAL HOSPITAL,SYLVA,NC,28779,Acute Care Hospitals,Proprietary,Yes,3
340017,PARDEE HOSPITAL HENDERSON COUNTY,HENDERSONVILLE,NC,28791,Acute Care Hospitals,Government - Local,Yes,5
340020,CENTRAL CAROLINA HOSPITAL,SANFORD,NC,27330,Acute Care Hospitals,Voluntary non-profit - Private,Yes,1
340021,ATRIUM HEALTH CLEVELAND,SHELBY,NC,28150,Acute Care Hospitals,Government - Hospital District or Authority,Yes,2
340023,ADVENTHEALTH HENDERSONVILLE,HENDERSONVILLE,NC,28792,Acute Care Hospitals,Voluntary non-profit - Private,Yes,4
340024,SAMPSON REGIONAL MEDICAL CENTER,CLINTON,NC,28328,Acute Care Hospitals,Government - Local,Yes,3
340027,UNC LENOIR HEALTH CARE,KINSTON,NC,28501,Acute Care Hospitals,Voluntary non-profit - Private,Yes,3
340028,CAPE FEAR VALLEY MEDICAL CENTER,FAYETTEVILLE,NC,28302,Acute Care Hospitals,Voluntary non-profit - Private,Yes,1
340030,DUKE UNIVERSITY HOSPITAL,DURHAM,NC,27705,Acute Care Hospitals,Proprietary,Yes,5
340032,CAROMONT REGIONAL MEDICAL CENTER,GASTONIA,NC,28052,Acute Care Hospitals,Voluntary non-profit - Private,Yes,4
340039,IREDELL MEMORIAL HOSPITAL INC,STATESVILLE,NC,28677,Acute Care Hospitals,Voluntary non-profit - Private,Yes,3
340040,ECU HEALTH MEDICAL CENTER,GREENVILLE,NC,27834,Acute Care Hospitals,Voluntary non-profit - Private,Yes,2
340041,CALDWELL MEMORIAL HOSPITAL,LENOIR,NC,28645,Acute Care Hospitals,Voluntary non-profit - Other,Yes,1
340042,ONSLOW MEMORIAL HOSPITAL,JACKSONVILLE,NC,28546,Acute Care Hospitals,Government - Hospital District or Authority,Yes,1
340047,NORTH CAROLINA BAPTIST HOSPITAL,WINSTON-SALEM,NC,27157,Acute Care Hospitals,Voluntary non-profit - Private,Yes,3
340049,NORTH CAROLINA SPECIALTY HOSPITAL,DURHAM,NC,27704,Acute Care Hospitals,Proprietary,No,Not Available
340050,SOUTHEASTERN REGIONAL MEDICAL CENTER,LUMBERTON,NC,28359,Acute Care Hospitals,Voluntary non-profit - Private,Yes,2
340051,WATAUGA MEDICAL CENTER,BOONE,NC,28607,Acute Care Hospitals,Government - Local,Yes,4
340053,NOVANT HEALTH PRESBYTERIAN MEDICAL CENTER,CHARLOTTE,NC,28233,Acute Care Hospitals,Voluntary non-profit - Private,Yes,4
340060,UNC ROCKINGHAM,EDEN,NC,27288,Acute Care Hospitals,Voluntary non-profit - Private,Yes,2
340061,UNC HOSPITALS,CHAPEL HILL,NC,27514,Acute Care Hospitals,Government - State,Yes,5
340064,WILKES REGIONAL MEDICAL CENTER,NORTH WILKESBORO,NC,28659,Acute Care Hospitals,Government - Local,Yes,3
340068,COLUMBUS REGIONAL HEALTHCARE SYSTEM,WHITEVILLE,NC,28472,Acute Care Hospitals,Voluntary non-profit - Other,Yes,1
340069,"WAKEMED, RALEIGH CAMPUS",RALEIGH,NC,27610,Acute Care Hospitals,Voluntary non-profit - Private,Yes,4
340070,ALAMANCE REGIONAL MEDICAL CENTER,BURLINGTON,NC,27216,Acute Care Hospitals,Voluntary non-profit - Private,Yes,2
340071,BETSY JOHNSON REGIONAL HOSPITAL,DUNN,NC,28334,Acute Care Hospitals,Voluntary non-profit - Private,Yes,3
340075,"BLUE RIDGE HEALTHCARE HOSPITALS, INC",MORGANTON,NC,28655,Acute Care Hospitals,Proprietary,Yes,2
340084,ATRIUM HEALTH ANSON,WADESBORO,NC,28170,Acute Care Hospitals,Government - Hospital District or Authority,Yes,Not Available
340085,NOVANT HEALTH THOMASVILLE MEDICAL CENTER,THOMASVILLE,NC,27360,Acute Care Hospitals,Voluntary non-profit - Private,Yes,3
340087,THE MCDOWELL HOSPITAL,MARION,NC,28752,Acute Care Hospitals,Voluntary non-profit - Private,Yes,3
340090,JOHNSTON HEALTH,SMITHFIELD,NC,27577,Acute Care Hospitals,Government - Hospital District or Authority,Yes,3
340091,"MOSES H. CONE MEMORIAL HOSPITAL, THE",GREENSBORO,NC,27401,Acute Care Hospitals,Voluntary non-profit - Private,Yes,4
340096,LEXINGTON MEMORIAL HOSPITAL INC,LEXINGTON,NC,27293,Acute Care Hospitals,Voluntary non-profit - Private,Yes,3
340097,HUGH CHATHAM MEMORIAL HOSPITAL,ELKIN,NC,28621,Acute Care Hospitals,Voluntary non-profit - Private,Yes,3
340098,ATRIUM HEALTH PINEVILLE,CHARLOTTE,NC,28210,Acute Care Hospitals,Government - Hospital District or Authority,Yes,3
340099,VIDANT ROANOKE CHOWAN HOSPITAL,AHOSKIE,NC,27910,Acute Care Hospitals,Voluntary non-profit - Private,Yes,2
340107,VIDANT EDGECOMBE HOSPITAL,TARBORO,NC,27886,Acute Care Hospitals,Government - Local,Yes,2
340109,SENTARA ALBEMARLE MEDICAL CENTER,ELIZABETH CITY,NC,27909,Acute Care Hospitals,Government - Hospital District or Authority,Yes,3
340113,CAROLINAS MEDICAL CENTER/BEHAV HEALTH,CHARLOTTE,NC,28203,Acute Care Hospitals,Government - Hospital District or Authority,Yes,3
340114,REX HOSPITAL,RALEIGH,NC,27607,Acute Care Hospitals,Government - State,Yes,5
340115,FIRSTHEALTH MOORE REGIONAL HOSPITAL,PINEHURST,NC,28374,Acute Care Hospitals,Voluntary non-profit - Private,Yes,4
340116,FRYE REGIONAL MEDICAL CENTER,HICKORY,NC,28601,Acute Care Hospitals,Proprietary,Yes,2
340119,STANLY REGIONAL MEDICAL CENTER,ALBEMARLE,NC,28001,Acute Care Hospitals,Voluntary non-profit - Private,Yes,3
34011F,NMC Camp Lejeune,Camp Lejeune,NC,28547,Acute Care - Department of Defense,Department of Defense,Yes,Not Available
340120,VIDANT DUPLIN HOSPITAL,KENANSVILLE,NC,28349,Acute Care Hospitals,Government - Local,Yes,4
340123,RANDOLPH HOSPITAL,ASHEBORO,NC,27203,Acute Care Hospitals,Voluntary non-profit - Private,Yes,3
340126,WILSON MEDICAL CENTER,WILSON,NC,27893,Acute Care Hospitals,Voluntary non-profit - Private,Yes,2
340127,GRANVILLE HEALTH SYSTEMS,OXFORD,NC,27565,Acute Care Hospitals,Government - Local,Yes,2
340129,DUKE HEALTH LAKE NORMAN HOSPITAL,MOORESVILLE,NC,28117,Acute Care Hospitals,Proprietary,Yes,2
34012F,DURHAM VA MEDICAL CENTER,DURHAM,NC,27705,Acute Care - Veterans Administration,Veterans Health Administration,Yes,4
340130,ATRIUM HEALTH UNION,MONROE,NC,28112,Acute Care Hospitals,Government - Hospital District or Authority,Yes,3
340131,CAROLINA EAST MEDICAL CENTER,NEW BERN,NC,28560,Acute Care Hospitals,Government - Hospital District or Authority,Yes,3
340132,MARIA PARHAM MEDICAL CENTER,HENDERSON,NC,27536,Acute Care Hospitals,Proprietary,Yes,2
34013F,FAYETTEVILLE NC VA MEDICAL CENTER,FAYETTEVILLE,NC,28301,Acute Care - Veterans Administration,Veterans Health Administration,No,3
340141,NOVANT HEALTH NEW HANOVER REGIONAL MEDICAL CENTER,WILMINGTON,NC,28402,Acute Care Hospitals,Government - Local,Yes,2
340142,CARTERET GENERAL HOSPITAL,MOREHEAD CITY,NC,28557,Acute Care Hospitals,Proprietary,Yes,1
340143,CATAWBA VALLEY MEDICAL CENTER,HICKORY,NC,28602,Acute Care Hospitals,Voluntary non-profit - Other,Yes,3
340145,ATRIUM HEALTH LINCOLN,LINCOLNTON,NC,28092,Acute Care Hospitals,Government - Hospital District or Authority,Yes,4
340147,UNC HEALTH NASH,ROCKY MOUNT,NC,27804,Acute Care Hospitals,Government - Hospital District or Authority,Yes,3
340148,NOVANT HEALTH MEDICAL PARK HOSPITAL,WINSTON-SALEM,NC,27103,Acute Care Hospitals,Voluntary non-profit - Other,No,4
34014F,Womack AMC (FT Bragg),Fort Bragg,NC,28310,Acute Care - Department of Defense,Department of Defense,Yes,Not Available
340151,ECU HEALTH NORTH HOSPITAL,ROANOKE RAPIDS,NC,27870,Acute Care Hospitals,Voluntary non-profit - Private,Yes,2
340155,DUKE REGIONAL HOSPITAL,DURHAM,NC,27704,Acute Care Hospitals,Government - Local,Yes,4
340156,CHEROKEE INDIAN HOSPITAL AUTHORITY,CHEROKEE,NC,28719,Acute Care Hospitals,Government - Federal,Yes,Not Available
340158,NOVANT HEALTH BRUNSWICK MEDICAL CENTER,SUPPLY,NC,28462,Acute Care Hospitals,Voluntary non-profit - Other,Yes,4
340159,PERSON MEMORIAL HOSPITAL,ROXBORO,NC,27573,Acute Care Hospitals,Proprietary,Yes,Not Available
340166,ATRIUM HEALTH UNIVERSITY CITY,CHARLOTTE,NC,28262,Acute Care Hospitals,Government - Hospital District or Authority,Yes,3
340168,WILMINGTON TREATMENT CENTER,WILMINGTON,NC,28401,Acute Care Hospitals,Voluntary non-profit - Private,No,Not Available
340171,NOVANT HEALTH MATTHEWS MEDICAL CENTER,MATTHEWS,NC,28106,Acute Care Hospitals,Voluntary non-profit - Other,Yes,4
340173,"WAKEMED, CARY HOSPITAL",CARY,NC,27518,Acute Care Hospitals,Voluntary non-profit - Private,Yes,5
34017F,W.G. (BILL) HEFNER SALISBURY VA MEDICAL CENTER (SALSBURY),SALISBURY,NC,28144,Acute Care - Veterans Administration,Veterans Health Administration,Yes,4
340183,NOVANT HEALTH HUNTERSVILLE MEDICAL CENTER,HUNTERSVILLE,NC,28078,Acute Care Hospitals,Voluntary non-profit - Private,Yes,4
340184,HAYWOOD REGIONAL MEDICAL CENTER,CLYDE,NC,28721,Acute Care Hospitals,Government - Hospital District or Authority,Yes,3
340188,CAPE FEAR VALLEY HOKE HOSPITAL,RAEFORD,NC,28376,Acute Care Hospitals,Voluntary non-profit - Private,Yes,4
340190,NOVANT HEALTH MINT HILL MEDICAL CENTER,CHARLOTTE,NC,28215,Acute Care Hospitals,Voluntary non-profit - Private,Yes,4
340195,NOVANT HEALTH BALLANTYNE MEDICAL CENTER,CHARLOTTE,NC,28277,Acute Care Hospitals,Voluntary non-profit - Private,Yes,Not Available
34036F,ASHEVILLE-OTEEN VA MEDICAL CENTER,ASHEVILLE,NC,28805,Acute Care - Veterans Administration,Veterans Health Administration,Yes,5
341303,FIRSTHEALTH MONTGOMERY MEMORIAL HOSP,TROY,NC,27371,Critical Access Hospitals,Voluntary non-profit - Private,Yes,Not Available
341304,ECU HEALTH BERTIE HOSPITAL,WINDSOR,NC,27983,Critical Access Hospitals,Voluntary non-profit - Private,Yes,5
341305,DLP SWAIN COUNTY HOSPITAL LLC,BRYSON CITY,NC,28713,Critical Access Hospitals,Voluntary non-profit - Private,Yes,Not Available
341307,PENDER MEMORIAL HOSPITAL,BURGAW,NC,28425,Critical Access Hospitals,Government - Local,Yes,Not Available
341311,CHATHAM HOSPITAL INC,SILER CITY,NC,27344,Critical Access Hospitals,Voluntary non-profit - Private,Yes,Not Available
341314,WASHINGTON COUNTY HOSP INC,PLYMOUTH,NC,27962,Critical Access Hospitals,Proprietary,Yes,Not Available
341315,CAPE FEAR VALLEY-BLADEN COUNTY HOSPITAL,ELIZABETHTOWN,NC,28337,Critical Access Hospitals,Voluntary non-profit - Private,Yes,Not Available
341316,HIGHLANDS CASHIERS HOSPITAL,HIGHLANDS,NC,28741,Critical Access Hospitals,Voluntary non-profit - Private,Yes,Not Available
341317,LIFEBRITE COMMUNITY HOSPITAL OF STOKES,DANBURY,NC,27016,Critical Access Hospitals,Proprietary,Yes,Not Available
341318,VIDANT CHOWAN HOSPITAL,EDENTON,NC,27932,Critical Access Hospitals,Government - Local,Yes,2
341319,"TRANSYLVANIA REGIONAL HOSPITAL, INC",BREVARD,NC,28712,Critical Access Hospitals,Voluntary non-profit - Private,Yes,1
341320,ALLEGHANY  MEMORIAL HOSPITAL,SPARTA,NC,28675,Critical Access Hospitals,Voluntary non-profit - Private,Yes,Not Available
341322,ST LUKES HOSPITAL,COLUMBUS,NC,28722,Critical Access Hospitals,Voluntary non-profit - Private,Yes,Not Available
341323,CHARLES A CANNON JR MEMORIAL HOSPITAL,LINVILLE,NC,28646,Critical Access Hospitals,Voluntary non-profit - Private,Yes,Not Available
341324,"THE OUTER BANKS HOSPITAL, INC",NAGS HEAD,NC,27959,Critical Access Hospitals,Voluntary non-profit - Private,Yes,4
341325,ASHE MEMORIAL HOSPITAL,JEFFERSON,NC,28640,Critical Access Hospitals,Voluntary non-profit - Private,Yes,3
341326,ANGEL MEDICAL CENTER,FRANKLIN,NC,28734,Critical Access Hospitals,Voluntary non-profit - Private,Yes,2
341327,J ARTHUR DOSHER MEMORIAL HOSPITAL,SOUTHPORT,NC,28461,Critical Access Hospitals,Voluntary non-profit - Other,Yes,Not Available
341328,ERLANGER MURPHY MEDICAL CENTER,MURPHY,NC,28906,Critical Access Hospitals,Voluntary non-profit - Private,Yes,1
341329,BLUE RIDGE REGIONAL HOSPITAL,SPRUCE PINE,NC,28777,Critical Access Hospitals,Voluntary non-profit - Private,Yes,3
344004,CENTRAL REGIONAL HOSPITAL,BUTNER,NC,27509,Psychiatric,Voluntary non-profit - Church,Yes,Not Available
344007,OLD VINEYARD YOUTH SERVICES,WINSTON SALEM,NC,27104,Psychiatric,Proprietary,No,Not Available
344014,HOLLY HILL MENTAL HEALTH SERVICES,RALEIGH,NC,27610,Psychiatric,Proprietary,No,Not Available
344016,BRYNN MARR HOSP,JACKSONVILLE,NC,28540,Psychiatric,Government - Federal,Yes,Not Available
344023,JULIAN F KEITH ALCOHOL & DRUG ABUSE TX,BLACK MOUNTAIN,NC,28711,Psychiatric,Government - State,No,Not Available
344025,BROUGHTON HOSPITAL,MORGANTON,NC,28655,Psychiatric,Government - State,No,Not Available
344026,CHERRY HOSPITAL,GOLDSBORO,NC,27530,Psychiatric,Government - State,No,Not Available
344029,"GOOD HOPE HOSPITAL, INC",ERWIN,NC,28339,Psychiatric,Voluntary non-profit - Private,No,Not Available
344030,STRATEGIC BEHAVIORAL CENTER-LELAND,LELAND,NC,28451,Psychiatric,Proprietary,No,Not Available
344032,TRIANGLE SPRINGS,RALEIGH,NC,27617,Psychiatric,Proprietary,No,Not Available
344033,WALTER B JONES CENTER LAKESIDE PSYCHIATRIC HOSPITA,GREENVILLE,NC,27834,Psychiatric,Government - State,No,Not Available
344034,APPALACHIAN REGIONAL BEHAVIORAL HEALTHCARE,LINVILLE,NC,28646,Psychiatric,Voluntary non-profit - Private,No,Not Available
344035,RALEIGH OAKS BEHAVIORAL HEALTH,GARNER,NC,27529,Psychiatric,Proprietary,No,Not Available
344036,IREDELL DAVIS BEHAVIORAL HEALTH HOSPITAL,STATESVILLE,NC,28677,Psychiatric,Proprietary,Yes,Not Available
350002,CHI ST ALEXIUS HEALTH,BISMARCK,ND,58501,Acute Care Hospitals,Voluntary non-profit - Church,Yes,2
350006,TRINITY HOSPITALS,MINOT,ND,58701,Acute Care Hospitals,Voluntary non-profit - Private,Yes,3
350011,SANFORD MEDICAL CENTER FARGO,FARGO,ND,58122,Acute Care Hospitals,Voluntary non-profit - Private,Yes,4
350015,SANFORD MEDICAL CENTER BISMARCK,BISMARCK,ND,58506,Acute Care Hospitals,Voluntary non-profit - Private,Yes,4
350019,ALTRU HOSPITAL,GRAND FORKS,ND,58201,Acute Care Hospitals,Government - Local,Yes,3
35002F,FARGO VA MEDICAL CENTER,FARGO,ND,58102,Acute Care - Veterans Administration,Veterans Health Administration,Yes,5
350063,P H S INDIAN HOSP AT BELCOURT-QUENTIN N BURDICK,BELCOURT,ND,58316,Acute Care Hospitals,Government - Federal,Yes,Not Available
350070,ESSENTIA HEALTH,FARGO,ND,58104,Acute Care Hospitals,Voluntary non-profit - Private,Yes,4
351300,TIOGA MEDICAL CENTER,TIOGA,ND,58852,Critical Access Hospitals,Voluntary non-profit - Private,Yes,Not Available
351301,MOUNTRAIL COUNTY MEDICAL CENTER INC,STANLEY,ND,58784,Critical Access Hospitals,Voluntary non-profit - Private,Yes,Not Available
351302,MCKENZIE COUNTY HEALTHCARE SYSTEMS INC,WATFORD CITY,ND,58854,Critical Access Hospitals,Voluntary non-profit - Private,Yes,Not Available
351303,GARRISON MEMORIAL HOSPITAL,GARRISON,ND,58540,Critical Access Hospitals,Voluntary non-profit - Church,Yes,Not Available
351304,CHI ST ALEXIUS HEALTH TURTLE LAKE,TURTLE LAKE,ND,58575,Critical Access Hospitals,Voluntary non-profit - Church,Yes,Not Available
351305,TRINITY KENMARE COMMUNITY HOSPITAL,KENMARE,ND,58746,Critical Access Hospitals,Voluntary non-profit - Private,Yes,Not Available
351306,COOPERSTOWN MEDICAL CENTER,COOPERSTOWN,ND,58425,Critical Access Hospitals,Voluntary non-profit - Private,Yes,Not Available
351307,ST ANDREW'S HOSPITAL,BOTTINEAU,ND,58318,Critical Access Hospitals,Voluntary non-profit - Church,Yes,Not Available
351308,NELSON COUNTY HEALTH SYSTEM,MCVILLE,ND,58254,Critical Access Hospitals,Voluntary non-profit - Private,Yes,Not Available
351309,SANFORD MAYVILLE,MAYVILLE,ND,58257,Critical Access Hospitals,Voluntary non-profit - Private,Yes,Not Available
351310,SAKAKAWEA MEDICAL CENTER - CAH,HAZEN,ND,58545,Critical Access Hospitals,Voluntary non-profit - Private,Yes,Not Available
351311,LISBON AREA HEALTH SERVICES,LISBON,ND,58054,Critical Access Hospitals,Voluntary non-profit - Private,Yes,Not Available
351312,NORTHWOOD DEACONESS HEALTH CENTER,NORTHWOOD,ND,58267,Critical Access Hospitals,Voluntary non-profit - Church,Yes,Not Available
351313,SOUTHWEST HEALTHCARE SERVICES,BOWMAN,ND,58623,Critical Access Hospitals,Voluntary non-profit - Private,Yes,Not Available
351314,JACOBSON MEMORIAL HOSPITAL CARE CENTER,ELGIN,ND,58533,Critical Access Hospitals,Voluntary non-profit - Private,Yes,Not Available
351315,CHI OAKES HOSPITAL,OAKES,ND,58474,Critical Access Hospitals,Voluntary non-profit - Church,Yes,Not Available
351316,PRESENTATION MEDICAL CENTER,ROLLA,ND,58367,Critical Access Hospitals,Voluntary non-profit - Private,Yes,Not Available
351318,CARRINGTON HEALTH CENTER,CARRINGTON,ND,58421,Critical Access Hospitals,Voluntary non-profit - Private,Yes,Not Available
351319,PEMBINA COUNTY MEMORIAL HOSPITAL,CAVALIER,ND,58220,Critical Access Hospitals,Voluntary non-profit - Private,Yes,Not Available
351320,UNITY MEDICAL CENTER,GRAFTON,ND,58237,Critical Access Hospitals,Voluntary non-profit - Private,Yes,Not Available
351321,SOUTH CENTRAL HEALTH,WISHEK,ND,58495,Critical Access Hospitals,Government - Local,Yes,Not Available
351322,ASHLEY MEDICAL CENTER,ASHLEY,ND,58413,Critical Access Hospitals,Voluntary non-profit - Private,Yes,Not Available
351323,CAVALIER COUNTY MEMORIAL HOSPITAL ASSOCIATION,LANGDON,ND,58249,Critical Access Hospitals,Voluntary non-profit - Private,Yes,Not Available
351324,CHI MERCY HEALTH,VALLEY CITY,ND,58072,Critical Access Hospitals,Voluntary non-profit - Church,Yes,Not Available
351325,ST LUKE'S HOSPITAL,CROSBY,ND,58730,Critical Access Hospitals,Voluntary non-profit - Private,Yes,Not Available
351326,FIRST CARE HEALTH CENTER,PARK RIVER,ND,58270,Critical Access Hospitals,Voluntary non-profit - Private,Yes,Not Available
351327,SMP HEALTH ST ALOISIUS,HARVEY,ND,58341,Critical Access Hospitals,Voluntary non-profit - Private,Yes,Not Available
351328,LINTON HOSPITAL - CAH,LINTON,ND,58552,Critical Access Hospitals,Voluntary non-profit - Private,Yes,Not Available
351329,SANFORD HILLSBORO,HILLSBORO,ND,58045,Critical Access Hospitals,Voluntary non-profit - Private,Yes,Not Available
351330,WEST RIVER REGIONAL MEDICAL CENTER,HETTINGER,ND,58639,Critical Access Hospitals,Voluntary non-profit - Private,Yes,4
351331,TOWNER COUNTY MEDICAL CENTER,CANDO,ND,58324,Critical Access Hospitals,Voluntary non-profit - Private,Yes,Not Available
351332,HEART OF AMERICA MEDICAL CENTER,RUGBY,ND,58368,Critical Access Hospitals,Voluntary non-profit - Private,Yes,Not Available
351333,CHI ST ALEXIUS HEALTH DEVILS LAKE,DEVILS LAKE,ND,58301,Critical Access Hospitals,Voluntary non-profit - Private,Yes,Not Available
351334,CHI ST ALEXIUS HEALTH WILLISTON,WILLISTON,ND,58801,Critical Access Hospitals,Voluntary non-profit - Church,Yes,Not Available
351335,JAMESTOWN REGIONAL MEDICAL CENTER,JAMESTOWN,ND,58401,Critical Access Hospitals,Voluntary non-profit - Private,Yes,3
351336,CHI ST ALEXIUS HEALTH DICKINSON,DICKINSON,ND,58601,Critical Access Hospitals,Voluntary non-profit - Church,Yes,Not Available
351364,STANDING ROCK SERVICE UNIT,"FORT YATES,",ND,58538,Critical Access Hospitals,Government - Federal,Yes,Not Available
354003,NORTH DAKOTA STATE HOSPITAL,JAMESTOWN,ND,58401,Psychiatric,Government - State,No,Not Available
354004,PRAIRIE ST JOHN'S,FARGO,ND,58103,Psychiatric,Proprietary,No,Not Available
280003,BRYAN MEDICAL CENTER,LINCOLN,NE,68506,Acute Care Hospitals,Voluntary non-profit - Private,Yes,3
280009,CHI HEALTH GOOD SAMARITAN,KEARNEY,NE,68848,Acute Care Hospitals,Voluntary non-profit - Church,Yes,4
280013,THE NEBRASKA MEDICAL CENTER,OMAHA,NE,68198,Acute Care Hospitals,Voluntary non-profit - Private,Yes,3
280020,CHI HEALTH ST. ELIZABETH,LINCOLN,NE,68510,Acute Care Hospitals,Voluntary non-profit - Private,Yes,3
280023,CHI HEALTH ST. FRANCIS,GRAND ISLAND,NE,68803,Acute Care Hospitals,Voluntary non-profit - Church,Yes,4
280032,MARY LANNING HEALTHCARE,HASTINGS,NE,68901,Acute Care Hospitals,Voluntary non-profit - Other,Yes,3
280040,THE NEBRASKA METHODIST HOSPITAL,OMAHA,NE,68114,Acute Care Hospitals,Voluntary non-profit - Private,Yes,4
280059,TWELVE CLANS UNITY HOSPITAL,WINNEBAGO,NE,68071,Acute Care Hospitals,Tribal,Yes,Not Available
280060,CHI HEALTH BERGAN MERCY,OMAHA,NE,68124,Acute Care Hospitals,Voluntary non-profit - Private,Yes,3
280061,REGIONAL WEST MEDICAL CENTER,SCOTTSBLUFF,NE,69361,Acute Care Hospitals,Voluntary non-profit - Private,Yes,1
280065,GREAT PLAINS HEALTH,NORTH PLATTE,NE,69101,Acute Care Hospitals,Voluntary non-profit - Private,Yes,3
28006F,OMAHA VA MEDICAL CENTER (VA NEBRASKA WESTERN IOWA HEALTHCARE SYSTEM),OMAHA,NE,68105,Acute Care - Veterans Administration,Veterans Health Administration,Yes,5
280077,METHODIST FREMONT HEALTH,FREMONT,NE,68025,Acute Care Hospitals,Voluntary non-profit - Private,Yes,3
280081,CHI HEALTH IMMANUEL,OMAHA,NE,68122,Acute Care Hospitals,Voluntary non-profit - Private,Yes,3
280105,CHI HEALTH MIDLANDS,PAPILLION,NE,68046,Acute Care Hospitals,Voluntary non-profit - Church,Yes,Not Available
280111,"COLUMBUS COMMUNITY HOSPITAL, INC",COLUMBUS,NE,68601,Acute Care Hospitals,Voluntary non-profit - Other,Yes,3
280125,FAITH REGIONAL HEALTH SERVICES,NORFOLK,NE,68701,Acute Care Hospitals,Voluntary non-profit - Church,Yes,4
280127,LINCOLN SURGICAL HOSPITAL,LINCOLN,NE,68506,Acute Care Hospitals,Proprietary,No,Not Available
280128,CHI HEALTH NEBRASKA HEART,LINCOLN,NE,68526,Acute Care Hospitals,Voluntary non-profit - Private,No,3
280129,NEBRASKA ORTHOPAEDIC HOSPITAL,OMAHA,NE,68144,Acute Care Hospitals,Physician,Yes,Not Available
280130,CHI HEALTH LAKESIDE,OMAHA,NE,68130,Acute Care Hospitals,Voluntary non-profit - Church,Yes,5
280131,MIDWEST SURGICAL HOSPITAL LLC,OMAHA,NE,68114,Acute Care Hospitals,Physician,No,Not Available
280132,BELLEVUE MEDICAL CENTER,BELLEVUE,NE,68123,Acute Care Hospitals,Proprietary,Yes,5
280133,"NEBRASKA SPINE HOSPITAL, LLC",OMAHA,NE,68122,Acute Care Hospitals,Proprietary,No,Not Available
280134,KEARNEY REGIONAL MEDICAL CENTER,KEARNEY,NE,68845,Acute Care Hospitals,Proprietary,Yes,4
280139,GRAND ISLAND REGIONAL MEDICAL CENTER,GRAND ISLAND,NE,68803,Acute Care Hospitals,Voluntary non-profit - Private,Yes,2
280779,FRIEND COMMUNITY HEALTHCARE SYSTEM,FRIEND,NE,68359,Rural Emergency Hospital,Government - Local,Yes,Not Available
281300,HARLAN COUNTY HEALTH SYSTEM,ALMA,NE,68920,Critical Access Hospitals,Government - Local,No,Not Available
281301,FILLMORE COUNTY HOSPITAL,GENEVA,NE,68361,Critical Access Hospitals,Government - Local,Yes,Not Available
281302,PAWNEE COUNTY MEMORIAL HOSPITAL,PAWNEE CITY,NE,68420,Critical Access Hospitals,Government - Local,Yes,Not Available
281303,NIOBRARA VALLEY HOSPITAL,LYNCH,NE,68746,Critical Access Hospitals,Voluntary non-profit - Private,Yes,Not Available
281304,THAYER COUNTY HEALTH SERVICES,HEBRON,NE,68370,Critical Access Hospitals,Government - Local,Yes,Not Available
281305,KIMBALL HEALTH SERVICES,KIMBALL,NE,69145,Critical Access Hospitals,Government - Local,Yes,Not Available
281306,KEARNEY COUNTY HEALTH SERVICES HOSPITAL,MINDEN,NE,68959,Critical Access Hospitals,Government - Local,Yes,Not Available
281307,SAUNDERS MEDICAL CENTER,WAHOO,NE,68066,Critical Access Hospitals,Government - Local,Yes,Not Available
281308,HENDERSON COMMUNITY HOSPITAL,HENDERSON,NE,68371,Critical Access Hospitals,Voluntary non-profit - Private,Yes,Not Available
281309,SYRACUSE AREA HEALTH,SYRACUSE,NE,68446,Critical Access Hospitals,Government - Hospital District or Authority,No,Not Available
281310,GARDEN COUNTY HEALTH SERVICES,OSHKOSH,NE,69154,Critical Access Hospitals,Voluntary non-profit - Private,Yes,Not Available
281311,FRANKLIN COUNTY MEMORIAL HOSPITAL,FRANKLIN,NE,68939,Critical Access Hospitals,Government - Local,Yes,Not Available
281312,GENOA COMMUNITY HOSPITAL,GENOA,NE,68640,Critical Access Hospitals,Government - Local,Yes,Not Available
281313,GOTHENBURG HEALTH,GOTHENBURG,NE,69138,Critical Access Hospitals,Government - Hospital District or Authority,Yes,Not Available
281314,ANNIE JEFFREY MEMORIAL COUNTY HEALTH CENTER,OSCEOLA,NE,68651,Critical Access Hospitals,Government - Local,Yes,Not Available
281315,BRODSTONE HEALTHCARE,SUPERIOR,NE,68978,Critical Access Hospitals,Voluntary non-profit - Private,Yes,Not Available
281316,WEBSTER COUNTY COMMUNITY HOSPITAL,RED CLOUD,NE,68970,Critical Access Hospitals,Government - Local,Yes,Not Available
281318,MORRILL COUNTY COMMUNITY HOSPITAL,BRIDGEPORT,NE,69336,Critical Access Hospitals,Government - Local,Yes,Not Available
281319,JEFFERSON COMMUNITY HEALTH & LIFE,FAIRBURY,NE,68352,Critical Access Hospitals,Voluntary non-profit - Private,Yes,Not Available
281320,MEMORIAL HOSPITAL,AURORA,NE,68818,Critical Access Hospitals,Voluntary non-profit - Private,Yes,Not Available
281322,ST FRANCIS MEMORIAL HOSPITAL,WEST POINT,NE,68788,Critical Access Hospitals,Voluntary non-profit - Private,Yes,2
281323,CHI HEALTH SCHUYLER,SCHUYLER,NE,68661,Critical Access Hospitals,Voluntary non-profit - Private,Yes,Not Available
281324,NEMAHA COUNTY HOSPITAL,AUBURN,NE,68305,Critical Access Hospitals,Government - Local,Yes,Not Available
281325,BROWN COUNTY HOSPITAL,AINSWORTH,NE,69210,Critical Access Hospitals,Government - Local,Yes,Not Available
281326,ANTELOPE MEMORIAL HOSPITAL,NELIGH,NE,68756,Critical Access Hospitals,Voluntary non-profit - Private,Yes,Not Available
281327,COZAD COMMUNITY HOSPITAL,COZAD,NE,69130,Critical Access Hospitals,Government - Hospital District or Authority,Yes,Not Available
281328,MERRICK MEDICAL CENTER,CENTRAL CITY,NE,68826,Critical Access Hospitals,Voluntary non-profit - Private,Yes,Not Available
281329,AVERA ST ANTHONY'S HOSPITAL,O' NEILL,NE,68763,Critical Access Hospitals,Voluntary non-profit - Church,Yes,Not Available
281331,AVERA CREIGHTON HOSPITAL,CREIGHTON,NE,68729,Critical Access Hospitals,Voluntary non-profit - Private,Yes,Not Available
281332,BUTLER COUNTY HEALTH,DAVID CITY,NE,68632,Critical Access Hospitals,Government - Local,Yes,Not Available
281333,ROCK COUNTY HOSPITAL,BASSETT,NE,68714,Critical Access Hospitals,Government - Local,Yes,Not Available
281334,BOONE COUNTY HEALTH CENTER,ALBION,NE,68620,Critical Access Hospitals,Government - Local,Yes,3
281335,CALLAWAY DISTRICT HOSPITAL,CALLAWAY,NE,68825,Critical Access Hospitals,Government - Hospital District or Authority,Yes,Not Available
281336,YORK GENERAL HEALTH CARE SERVICES,YORK,NE,68467,Critical Access Hospitals,Voluntary non-profit - Private,Yes,4
281338,HOWARD COUNTY MEDICAL CENTER,ST PAUL,NE,68873,Critical Access Hospitals,Voluntary non-profit - Other,Yes,Not Available
281339,MEMORIAL HEALTH CARE SYSTEMS,SEWARD,NE,68434,Critical Access Hospitals,Voluntary non-profit - Private,Yes,Not Available
281340,DUNDY COUNTY HOSPITAL,BENKELMAN,NE,69021,Critical Access Hospitals,Government - Local,Yes,Not Available
281341,CHADRON COMMUNITY HOSPITAL AND HEALTH SERVICES,CHADRON,NE,69337,Critical Access Hospitals,Voluntary non-profit - Private,Yes,Not Available
281342,CHI HEALTH ST. MARYS,NEBRASKA CITY,NE,68410,Critical Access Hospitals,Voluntary non-profit - Church,Yes,Not Available
281343,WEST HOLT MEMORIAL HOSPITAL,ATKINSON,NE,68713,Critical Access Hospitals,Voluntary non-profit - Private,Yes,Not Available
281344,CHERRY COUNTY HOSPITAL,VALENTINE,NE,69201,Critical Access Hospitals,Government - Local,Yes,Not Available
281345,PROVIDENCE MEDICAL CENTER,WAYNE,NE,68787,Critical Access Hospitals,Voluntary non-profit - Private,Yes,Not Available
281346,CHI HEALTH PLAINVIEW HOSPITAL,PLAINVIEW,NE,68769,Critical Access Hospitals,Voluntary non-profit - Church,Yes,Not Available
281347,OSMOND GENERAL HOSPITAL,OSMOND,NE,68765,Critical Access Hospitals,Voluntary non-profit - Private,Yes,Not Available
281348,TRI VALLEY HEALTH SYSTEM,CAMBRIDGE,NE,69022,Critical Access Hospitals,Voluntary non-profit - Private,Yes,Not Available
281349,PENDER COMMUNITY HOSPITAL,PENDER,NE,68047,Critical Access Hospitals,Government - Local,Yes,Not Available
281350,JOHNSON COUNTY HOSPITAL,TECUMSEH,NE,68450,Critical Access Hospitals,Government - Local,Yes,Not Available
281351,CHASE COUNTY COMMUNITY HOSPITAL,IMPERIAL,NE,69033,Critical Access Hospitals,Government - Local,Yes,Not Available
281352,"COMMUNITY MEDICAL CENTER, INC",FALLS CITY,NE,68355,Critical Access Hospitals,Voluntary non-profit - Private,Yes,4
281353,VALLEY COUNTY HEALTH SYSTEM,ORD,NE,68862,Critical Access Hospitals,Government - Local,Yes,Not Available
281354,CRETE AREA MEDICAL CENTER,CRETE,NE,68333,Critical Access Hospitals,Voluntary non-profit - Private,Yes,Not Available
281355,OGALLALA COMMUNITY HOSPITAL,OGALLALA,NE,69153,Critical Access Hospitals,Government - Hospital District or Authority,Yes,Not Available
281356,PERKINS COUNTY HEALTH SERVICES,GRANT,NE,69140,Critical Access Hospitals,Government - Hospital District or Authority,Yes,Not Available
281357,SIDNEY REGIONAL MEDICAL CENTER,SIDNEY,NE,69162,Critical Access Hospitals,Voluntary non-profit - Private,Yes,Not Available
281358,GORDON MEMORIAL HOSPITAL DISTRICT,GORDON,NE,69343,Critical Access Hospitals,Government - Hospital District or Authority,Yes,Not Available
281359,MEMORIAL COMMUNITY HOSPITAL & HEALTH SYSTEM,BLAIR,NE,68008,Critical Access Hospitals,Voluntary non-profit - Private,Yes,Not Available
281360,BOX BUTTE GENERAL HOSPITAL,ALLIANCE,NE,69301,Critical Access Hospitals,Government - Local,Yes,Not Available
281361,LEXINGTON REGIONAL HEALTH CENTER,LEXINGTON,NE,68850,Critical Access Hospitals,Government - Hospital District or Authority,Yes,Not Available
281362,PHELPS MEMORIAL HEALTH CENTER,HOLDREGE,NE,68949,Critical Access Hospitals,Voluntary non-profit - Private,Yes,Not Available
281363,COMMUNITY HOSPITAL,MCCOOK,NE,69001,Critical Access Hospitals,Voluntary non-profit - Other,Yes,3
281364,"BEATRICE COMMUNITY HOSPITAL & HEALTH CENTER, INC",BEATRICE,NE,68310,Critical Access Hospitals,Voluntary non-profit - Private,Yes,3
281365,JENNIE M MELHAM MEMORIAL MEDICAL CENTER,BROKEN BOW,NE,68822,Critical Access Hospitals,Voluntary non-profit - Private,Yes,Not Available
283300,BOYS TOWN NATIONAL RESEARCH HOSPITAL,BOYS TOWN,NE,68010,Childrens,Voluntary non-profit - Private,No,Not Available
283301,CHILDREN'S NEBRASKA,OMAHA,NE,68114,Childrens,Voluntary non-profit - Private,Yes,Not Available
284003,LINCOLN REGIONAL CENTER,LINCOLN,NE,68522,Psychiatric,Government - State,No,Not Available
284009,DOUGLAS COUNTY COMMUNITY MENTAL HEALTH CENTER,OMAHA,NE,68105,Psychiatric,Government - Local,No,Not Available
300001,CONCORD HOSPITAL,CONCORD,NH,03301,Acute Care Hospitals,Voluntary non-profit - Private,No,3
300003,MARY HITCHCOCK MEMORIAL HOSPITAL,LEBANON,NH,03756,Acute Care Hospitals,Voluntary non-profit - Private,Yes,4
300005,CONCORD HOSPITAL- LACONIA,LACONIA,NH,03246,Acute Care Hospitals,Voluntary non-profit - Private,Yes,3
300011,ST JOSEPH HOSPITAL,NASHUA,NH,03060,Acute Care Hospitals,Voluntary non-profit - Other,Yes,4
300012,ELLIOT HOSPITAL,MANCHESTER,NH,03103,Acute Care Hospitals,Voluntary non-profit - Private,Yes,2
300014,FRISBIE MEMORIAL HOSPITAL,ROCHESTER,NH,03867,Acute Care Hospitals,Proprietary,Yes,2
300017,PARKLAND MEDICAL CENTER,DERRY,NH,03038,Acute Care Hospitals,Proprietary,Yes,4
300018,WENTWORTH-DOUGLASS HOSPITAL,DOVER,NH,03820,Acute Care Hospitals,Voluntary non-profit - Private,Yes,4
300019,CHESHIRE MEDICAL CENTER,KEENE,NH,03431,Acute Care Hospitals,Voluntary non-profit - Private,Yes,4
300020,SOUTHERN NH MEDICAL CENTER,NASHUA,NH,03060,Acute Care Hospitals,Voluntary non-profit - Private,Yes,3
300023,EXETER HOSPITAL INC,EXETER,NH,03833,Acute Care Hospitals,Voluntary non-profit - Private,Yes,5
300029,PORTSMOUTH REGIONAL HOSPITAL,PORTSMOUTH,NH,03801,Acute Care Hospitals,Proprietary,Yes,3
300034,CATHOLIC MEDICAL CENTER,MANCHESTER,NH,03102,Acute Care Hospitals,Voluntary non-profit - Private,Yes,3
301300,UPPER CONNECTICUT VALLEY HOSPITAL,COLEBROOK,NH,03576,Critical Access Hospitals,Voluntary non-profit - Private,Yes,Not Available
301301,COTTAGE HOSPITAL,WOODSVILLE,NH,03785,Critical Access Hospitals,Voluntary non-profit - Private,Yes,Not Available
301302,LITTLETON REGIONAL HEALTHCARE,LITTLETON,NH,03561,Critical Access Hospitals,Voluntary non-profit - Private,Yes,2
301303,WEEKS MEDICAL CENTER,LANCASTER,NH,03584,Critical Access Hospitals,Voluntary non-profit - Private,Yes,Not Available
301304,NEW LONDON HOSPITAL,NEW LONDON,NH,03257,Critical Access Hospitals,Voluntary non-profit - Private,Yes,Not Available
301305,ALICE PECK DAY MEMORIAL HOSPITAL,LEBANON,NH,03766,Critical Access Hospitals,Voluntary non-profit - Private,Yes,Not Available
301306,CONCORD HOSPITAL- FRANKLIN,FRANKLIN,NH,03235,Critical Access Hospitals,Voluntary non-profit - Private,Yes,Not Available
301307,"MEMORIAL HOSPITAL, THE",NORTH CONWAY,NH,03860,Critical Access Hospitals,Voluntary non-profit - Private,Yes,3
301308,VALLEY REGIONAL HOSPITAL,CLAREMONT,NH,03743,Critical Access Hospitals,Voluntary non-profit - Private,Yes,4
301309,MONADNOCK COMMUNITY HOSPITAL,PETERBOROUGH,NH,03458,Critical Access Hospitals,Voluntary non-profit - Private,Yes,2
301310,ANDROSCOGGIN VALLEY HOSPITAL,BERLIN,NH,03570,Critical Access Hospitals,Voluntary non-profit - Private,Yes,4
301311,SPEARE MEMORIAL HOSPITAL,PLYMOUTH,NH,03264,Critical Access Hospitals,Voluntary non-profit - Private,Yes,3
301312,HUGGINS HOSPITAL,WOLFEBORO,NH,03894,Critical Access Hospitals,Voluntary non-profit - Private,Yes,3
304000,NEW HAMPSHIRE HOSPITAL,CONCORD,NH,03301,Psychiatric,Government - State,Yes,Not Available
304001,HAMPSTEAD HOSPITAL,HAMPSTEAD,NH,03841,Psychiatric,Proprietary,No,Not Available
310001,HACKENSACK UNIVERSITY MEDICAL CENTER,HACKENSACK,NJ,07601,Acute Care Hospitals,Voluntary non-profit - Private,Yes,5
310002,NEWARK BETH ISRAEL MEDICAL CENTER,NEWARK,NJ,07112,Acute Care Hospitals,Voluntary non-profit - Private,Yes,2
310003,PALISADES MEDICAL CENTER,NORTH BERGEN,NJ,07047,Acute Care Hospitals,Voluntary non-profit - Private,Yes,3
310005,HUNTERDON MEDICAL CENTER,FLEMINGTON,NJ,08822,Acute Care Hospitals,Voluntary non-profit - Private,No,4
310006,ST MARY'S GENERAL HOSPITAL,PASSAIC,NJ,07055,Acute Care Hospitals,Proprietary,Yes,3
310008,HOLY NAME MEDICAL CENTER,TEANECK,NJ,07666,Acute Care Hospitals,Voluntary non-profit - Private,Yes,4
310009,CLARA MAASS MEDICAL CENTER,BELLEVILLE,NJ,07109,Acute Care Hospitals,Voluntary non-profit - Private,Yes,2
310010,UNIVERSITY MEDICAL CENTER OF PRINCETON AT PLAINSBORO,PLAINSBORO,NJ,08536,Acute Care Hospitals,Voluntary non-profit - Private,Yes,3
310011,CAPE REGIONAL MEDICAL CENTER INC,CAPE MAY COURT HOUSE,NJ,08210,Acute Care Hospitals,Voluntary non-profit - Private,Yes,3
310012,VALLEY HOSPITAL,PARAMUS,NJ,07652,Acute Care Hospitals,Voluntary non-profit - Private,Yes,3
310014,COOPER UNIVERSITY HOSPITAL,CAMDEN,NJ,08103,Acute Care Hospitals,Voluntary non-profit - Private,Yes,2
310015,MORRISTOWN MEDICAL CENTER,MORRISTOWN,NJ,07962,Acute Care Hospitals,Voluntary non-profit - Private,Yes,5
310016,CAREPOINT HEALTH-CHRIST HOSPITAL,JERSEY CITY,NJ,07306,Acute Care Hospitals,Voluntary non-profit - Church,No,2
310017,CHILTON MEDICAL CENTER,POMPTON PLAINS,NJ,07444,Acute Care Hospitals,Voluntary non-profit - Private,Yes,4
310019,ST JOSEPH'S UNIVERSITY MEDICAL CENTER INC,PATERSON,NJ,07503,Acute Care Hospitals,Voluntary non-profit - Church,No,3
31001F,VA NEW JERSEY HEALTH CARE SYSTEM,EAST ORANGE,NJ,07018,Acute Care - Veterans Administration,Veterans Health Administration,Yes,3
310022,WEST JERSEY HOSPITAL,VOORHEES,NJ,08043,Acute Care Hospitals,Voluntary non-profit - Private,Yes,3
310024,ROBERT WOOD JOHNSON UNIVERSITY HOSPITAL AT RAHWAY,RAHWAY,NJ,07065,Acute Care Hospitals,Voluntary non-profit - Private,Yes,3
310025,CAREPOINT HEALTH - BAYONNE MEDICAL CENTER,BAYONNE,NJ,07002,Acute Care Hospitals,Voluntary non-profit - Private,No,2
310027,TRINITAS REGIONAL MEDICAL CENTER,ELIZABETH,NJ,07207,Acute Care Hospitals,Voluntary non-profit - Private,Yes,2
310028,NEWTON MEDICAL CENTER,NEWTON,NJ,07860,Acute Care Hospitals,Voluntary non-profit - Private,Yes,4
310029,VIRTUA OUR LADY OF LOURDES HOSPITAL,CAMDEN,NJ,08103,Acute Care Hospitals,Government - State,Yes,2
310031,DEBORAH HEART AND LUNG CENTER,BROWNS MILLS,NJ,08015,Acute Care Hospitals,Voluntary non-profit - Private,No,4
310032,INSPIRA MEDICAL CENTER VINELAND,VINELAND,NJ,08360,Acute Care Hospitals,Voluntary non-profit - Private,Yes,2
310034,RIVERVIEW MEDICAL CENTER,RED BANK,NJ,07701,Acute Care Hospitals,Voluntary non-profit - Private,Yes,4
310038,ROBERT WOOD JOHNSON UNIVERSITY HOSPITAL,NEW BRUNSWICK,NJ,08901,Acute Care Hospitals,Voluntary non-profit - Private,Yes,2
310039,RARITAN BAY MEDICAL CENTER,PERTH AMBOY,NJ,08861,Acute Care Hospitals,Voluntary non-profit - Private,Yes,3
310040,CAREPOINT HEALTH-HOBOKEN UNIVERSITY MEDICAL CENTER,HOBOKEN,NJ,07030,Acute Care Hospitals,Voluntary non-profit - Church,No,1
310041,COMMUNITY MEDICAL CENTER,TOMS RIVER,NJ,08755,Acute Care Hospitals,Voluntary non-profit - Private,Yes,1
310044,CAPITAL HEALTH MEDICAL CENTER - HOPEWELL,PENNINGTON,NJ,08534,Acute Care Hospitals,Voluntary non-profit - Private,Yes,3
310045,ENGLEWOOD HOSPITAL AND MEDICAL CENTER,ENGLEWOOD,NJ,07631,Acute Care Hospitals,Voluntary non-profit - Private,Yes,4
310047,SHORE MEDICAL CENTER,SOMERS POINT,NJ,08244,Acute Care Hospitals,Voluntary non-profit - Private,Yes,4
310048,ROBERT WOOD JOHNSON UNIVERSITY HOSPITAL - SOMERSET,SOMERVILLE,NJ,08876,Acute Care Hospitals,Voluntary non-profit - Private,Yes,3
310050,SAINT CLARE'S HOSPITAL/ DENVILLE CAMPUS,DENVILLE,NJ,07834,Acute Care Hospitals,Proprietary,Yes,3
310051,OVERLOOK MEDICAL CENTER,SUMMIT,NJ,07901,Acute Care Hospitals,Voluntary non-profit - Private,Yes,4
310052,OCEAN MEDICAL CENTER,BRICK,NJ,08724,Acute Care Hospitals,Voluntary non-profit - Other,Yes,3
310054,HACKENSACK MERIDIAN MOUNTAINSIDE MEDICAL,MONTCLAIR,NJ,07042,Acute Care Hospitals,Proprietary,Yes,3
310057,VIRTUA MOUNT HOLLY HOSPITAL,MOUNT HOLLY,NJ,08060,Acute Care Hospitals,Voluntary non-profit - Private,Yes,3
310058,BERGEN NEW BRIDGE MEDICAL CENTER,PARAMUS,NJ,07652,Acute Care Hospitals,Voluntary non-profit - Private,Yes,Not Available
310060,ST LUKE'S WARREN HOSPITAL,PHILLIPSBURG,NJ,08865,Acute Care Hospitals,Voluntary non-profit - Private,Yes,5
310061,VIRTUA WILLINGBORO HOSPITAL,WILLINGBORO,NJ,08046,Acute Care Hospitals,Voluntary non-profit - Private,Yes,2
310064,ATLANTICARE REGIONAL MEDICAL CENTER - CITY CAMPUS,ATLANTIC CITY,NJ,08401,Acute Care Hospitals,Voluntary non-profit - Private,Yes,3
310069,INSPIRA MEDICAL CENTER MULLICA HILL,ELMER,NJ,08318,Acute Care Hospitals,Voluntary non-profit - Private,Yes,3
310070,SAINT PETER'S UNIVERSITY HOSPITAL,NEW BRUNSWICK,NJ,08901,Acute Care Hospitals,Voluntary non-profit - Private,Yes,4
310073,JERSEY SHORE UNIVERSITY MEDICAL CENTER,NEPTUNE,NJ,07754,Acute Care Hospitals,Voluntary non-profit - Private,Yes,3
310074,JERSEY CITY MEDICAL CENTER,JERSEY CITY,NJ,07302,Acute Care Hospitals,Voluntary non-profit - Private,Yes,2
310075,MONMOUTH MEDICAL CENTER,LONG BRANCH,NJ,07740,Acute Care Hospitals,Voluntary non-profit - Private,Yes,3
310076,COOPERMAN BARNABAS MEDICAL CENTER,LIVINGSTON,NJ,07039,Acute Care Hospitals,Voluntary non-profit - Private,Yes,3
310083,CAREWELL HEALTH MEDICAL CENTER,EAST ORANGE,NJ,07018,Acute Care Hospitals,Proprietary,Yes,1
310084,MONMOUTH MEDICAL CENTER-SOUTHERN CAMPUS,LAKEWOOD,NJ,08701,Acute Care Hospitals,Voluntary non-profit - Private,Yes,2
310086,JEFFERSON STRATFORD HOSPITAL,STRATFORD,NJ,08084,Acute Care Hospitals,Voluntary non-profit - Private,Yes,2
310092,CAPITAL HEALTH REGIONAL MEDICAL CENTER,TRENTON,NJ,08638,Acute Care Hospitals,Voluntary non-profit - Private,Yes,2
310096,SAINT MICHAEL'S MEDICAL CENTER,NEWARK,NJ,07102,Acute Care Hospitals,Voluntary non-profit - Private,Yes,4
310108,JFK UNIVERSITY MEDICAL CENTER,EDISON,NJ,08818,Acute Care Hospitals,Voluntary non-profit - Private,Yes,3
310110,ROBERT WOOD JOHNSON UNIVERSITY HOSPITAL AT HAMILTON,HAMILTON,NJ,08690,Acute Care Hospitals,Voluntary non-profit - Private,Yes,3
310111,CENTRASTATE MEDICAL CENTER,FREEHOLD,NJ,07728,Acute Care Hospitals,Voluntary non-profit - Private,Yes,2
310112,BAYSHORE MEDICAL CENTER,HOLMDEL,NJ,07733,Acute Care Hospitals,Voluntary non-profit - Private,Yes,3
310113,SOUTHERN OCEAN MEDICAL CENTER,MANAHAWKIN,NJ,08050,Acute Care Hospitals,Voluntary non-profit - Private,Yes,4
310115,AHS HOSPITAL CORP,HACKETTSTOWN,NJ,07840,Acute Care Hospitals,Voluntary non-profit - Private,Yes,3
310118,HUDSON REGIONAL HOSPITAL,SECAUCUS,NJ,07094,Acute Care Hospitals,Proprietary,Yes,1
310119,THE UNIVERSITY HOSPITAL,NEWARK,NJ,07103,Acute Care Hospitals,Government - State,Yes,1
310130,HACKENSACK MERIDIAN HEALTH PASCACK VALLEY MEDICAL,WESTWOOD,NJ,07675,Acute Care Hospitals,Proprietary,Yes,4
312024,SILVER LAKE HOSPITAL LTACH,NEWARK,NJ,07107,Long-term,Voluntary non-profit - Church,No,Not Available
313300,CHILDREN'S SPECIALIZED HOSPITAL,NEW BRUNSWICK,NJ,08901,Childrens,Voluntary non-profit - Private,No,Not Available
313302,WEISMAN CHILDRENS REHABILITATION HOSPITAL,MARLTON,NJ,08053,Childrens,Proprietary,No,Not Available
314001,SUMMIT OAKS HOSPITAL,SUMMIT,NJ,07901,Psychiatric,Voluntary non-profit - Other,No,Not Available
314005,ANCORA PSYCH HOSP,HAMMONTON,NJ,08037,Psychiatric,Government - State,No,Not Available
314011,UNIVERSITY BEHAVIORAL HEALTH CARE,PISCATAWAY,NJ,08854,Psychiatric,Government - State,Yes,Not Available
314012,HACKENSACK MERIDIAN HEALTH CARRIER CLINIC,BELLE MEAD,NJ,08502,Psychiatric,Voluntary non-profit - Private,No,Not Available
314013,TRENTON PSYCHIATRIC HOSP,TRENTON,NJ,08625,Psychiatric,Government - State,No,Not Available
314016,GREYSTONE PARK PSYCHIATRIC HOSPITAL,MORRIS PLAINS,NJ,07950,Psychiatric,Government - State,No,Not Available
314018,NORTHBROOK BEHAVIORAL HEALTH HOSPITAL,BLACKWOOD,NJ,08012,Psychiatric,Proprietary,No,Not Available
314019,RAMAPO RIDGE BEHAVIORAL HEALTH HOSPITAL,WYCKOFF,NJ,07481,Psychiatric,Voluntary non-profit - Private,No,Not Available
314020,ESSEX COUNTY HOSPITAL CENTER,CEDAR GROVE,NJ,07009,Psychiatric,Government - Local,No,Not Available
314021,HAMPTON BEHAVIORAL HEALTH CENTER,WESTAMPTON,NJ,08060,Psychiatric,Proprietary,No,Not Available
314022,SAINT BARNABAS BEHAVIORAL HEALTH CENTER,TOMS RIVER,NJ,08755,Psychiatric,Voluntary non-profit - Private,No,Not Available
314023,ASPEN HILLS HEALTHCARE CENTER,PEMBERTON,NJ,08068,Psychiatric,Proprietary,No,Not Available
314024,HUDSON COUNTY MEADOWVIEW PSYCHIATRIC H,SECAUCUS,NJ,07094,Psychiatric,Government - Local,No,Not Available
314027,MOUNTAINVIEW BEHAVIORAL HOSPITAL,BERKELEY HEIGHTS,NJ,07922,Psychiatric,Proprietary,No,Not Available
320001,UNM HOSPITAL,ALBUQUERQUE,NM,87106,Acute Care Hospitals,Government - State,Yes,2
320002,CHRISTUS ST VINCENT REGIONAL MEDICAL CENTER,SANTA FE,NM,87505,Acute Care Hospitals,Voluntary non-profit - Private,Yes,5
320004,CHRISTUS SOUTHERN NEW MEXICO,ALAMOGORDO,NM,88310,Acute Care Hospitals,Voluntary non-profit - Private,Yes,3
320005,SAN JUAN REGIONAL MEDICAL CENTER INC,FARMINGTON,NM,87401,Acute Care Hospitals,Voluntary non-profit - Private,Yes,2
320006,EASTERN NEW MEXICO MEDICAL CENTER,ROSWELL,NM,88201,Acute Care Hospitals,Proprietary,Yes,2
320009,LOVELACE MEDICAL CENTER,ALBUQUERQUE,NM,87102,Acute Care Hospitals,Proprietary,Yes,3
320011,PRESBYTERIAN ESPANOLA HOSPITAL,ESPANOLA,NM,87532,Acute Care Hospitals,Voluntary non-profit - Private,Yes,Not Available
320017,LOVELACE WOMEN'S HOSPITAL,ALBUQUERQUE,NM,87109,Acute Care Hospitals,Proprietary,Yes,2
320018,MEMORIAL MEDICAL CENTER,LAS CRUCES,NM,88011,Acute Care Hospitals,Proprietary,Yes,1
320021,PRESBYTERIAN HOSPITAL,ALBUQUERQUE,NM,87106,Acute Care Hospitals,Voluntary non-profit - Private,Yes,3
320022,PLAINS REGIONAL MEDICAL CENTER,CLOVIS,NM,88101,Acute Care Hospitals,Voluntary non-profit - Private,Yes,2
320030,ARTESIA GENERAL HOSPITAL,ARTESIA,NM,88210,Acute Care Hospitals,Voluntary non-profit - Other,Yes,Not Available
320033,LOS ALAMOS MEDICAL CENTER,LOS ALAMOS,NM,87544,Acute Care Hospitals,Proprietary,Yes,Not Available
320057,SANTA FE PHS INDIAN HOSPITAL,SANTA FE,NM,87501,Acute Care Hospitals,Government - Federal,No,Not Available
320059,NORTHERN NAVAJO MEDICAL CENTER,SHIPROCK,NM,87420,Acute Care Hospitals,Government - Federal,Yes,Not Available
32005F,VA NEW MEXICO HEALTHCARE SYSTEM,ALBUQUERQUE,NM,87108,Acute Care - Veterans Administration,Veterans Health Administration,Yes,3
320060,ZUNI COMPREHENSIVE COMMUNITY HEALTH CENTER,ZUNI,NM,87327,Acute Care Hospitals,Government - Federal,No,Not Available
320061,GALLUP INDIAN MEDICAL CENTER,GALLUP,NM,87301,Acute Care Hospitals,Government - Federal,Yes,2
320062,CROWNPOINT HEALTHCARE FACILITY,CROWNPOINT,NM,87313,Acute Care Hospitals,Government - Federal,Yes,Not Available
320063,CARLSBAD MEDICAL CENTER,CARLSBAD,NM,88220,Acute Care Hospitals,Voluntary non-profit - Other,Yes,2
320065,COVENANT HEALTH HOBBS HOSPITAL,HOBBS,NM,88240,Acute Care Hospitals,Voluntary non-profit - Private,Yes,3
320074,LOVELACE WESTSIDE HOSPITAL,ALBUQUERQUE,NM,87114,Acute Care Hospitals,Proprietary,Yes,Not Available
320084,ROOSEVELT GENERAL HOSPITAL,PORTALES,NM,88130,Acute Care Hospitals,Government - Hospital District or Authority,Yes,Not Available
320085,MOUNTAIN VIEW REGIONAL MEDICAL CENTER,LAS CRUCES,NM,88011,Acute Care Hospitals,Proprietary,Yes,1
320086,LOVELACE REGIONAL HOSPITAL - ROSWELL,ROSWELL,NM,88201,Acute Care Hospitals,Proprietary,Yes,Not Available
320090,PRESBYTERIAN SANTA FE MEDICAL CENTER,SANTA FE,NM,87507,Acute Care Hospitals,Voluntary non-profit - Private,Yes,3
320091,THREE CROSSES REGIONAL HOSPITAL LLC,LAS CRUCES,NM,88001,Acute Care Hospitals,Proprietary,Yes,3
320779,GUADALUPE COUNTY HOSPITAL,SANTA ROSA,NM,88435,Rural Emergency Hospital,Government - Local,Yes,Not Available
321300,SIERRA VISTA HOSPITAL,T OR C,NM,87901,Critical Access Hospitals,Government - Local,No,Not Available
321301,SOCORRO GENERAL HOSPITAL,SOCORRO,NM,87801,Critical Access Hospitals,Voluntary non-profit - Private,Yes,Not Available
321302,DR DAN C TRIGG MEMORIAL HOSPITAL,TUCUMCARI,NM,88401,Critical Access Hospitals,Voluntary non-profit - Private,Yes,Not Available
321304,UNION COUNTY GENERAL HOSPITAL,CLAYTON,NM,88415,Critical Access Hospitals,Government - Local,Yes,Not Available
321305,NOR-LEA HOSPITAL DISTRICT,LOVINGTON,NM,88260,Critical Access Hospitals,Government - Hospital District or Authority,Yes,Not Available
321306,LINCOLN COUNTY MEDICAL CENTER,RUIDOSO,NM,88345,Critical Access Hospitals,Voluntary non-profit - Private,Yes,2
321307,MINERS' COLFAX MEDICAL CENTER,RATON,NM,87740,Critical Access Hospitals,Government - State,Yes,Not Available
321308,CIBOLA GENERAL HOSPITAL,GRANTS,NM,87020,Critical Access Hospitals,Voluntary non-profit - Private,Yes,Not Available
321309,MIMBRES VALLEY MEDICAL CENTER,DEMING,NM,88031,Critical Access Hospitals,Proprietary,Yes,Not Available
321310,HOLY CROSS HOSPITAL A DIV OF TAOS HEALTH SYSTEMS,TAOS,NM,87571,Critical Access Hospitals,Voluntary non-profit - Private,Yes,3
321311,GILA REGIONAL MEDICAL CENTER,SILVER CITY,NM,88061,Critical Access Hospitals,Government - Local,Yes,2
321312,ALTA VISTA REGIONAL HOSPITAL,LAS VEGAS,NM,87701,Critical Access Hospitals,Proprietary,Yes,Not Available
321313,REHOBOTH MCKINLEY CHRISTIAN HEALTH CARE SERVICES,GALLUP,NM,87301,Critical Access Hospitals,Voluntary non-profit - Private,Yes,Not Available
324010,"BHC MESILLA VALLEY HOSPITAL, LLC",LAS CRUCES,NM,88012,Psychiatric,Proprietary,No,Not Available
324012,"PEAK BEHAVIORAL HEALTH SERVICES, LLC",SANTA TERESA,NM,88008,Psychiatric,Proprietary,No,Not Available
324013,HAVEN BEHAVIORAL HOSPITAL OF ALBUQUERQUE,ALBUQUERQUE,NM,87108,Psychiatric,Proprietary,No,Not Available
324014,CENTRAL DESERT BEHAVIORAL HEALTH HOSPITAL,ALBUQUERQUE,NM,87102,Psychiatric,Proprietary,No,Not Available
290001,RENOWN REGIONAL MEDICAL CENTER,RENO,NV,89502,Acute Care Hospitals,Voluntary non-profit - Private,Yes,3
290003,SUNRISE HOSPITAL AND MEDICAL CENTER,LAS VEGAS,NV,89109,Acute Care Hospitals,Proprietary,Yes,2
290005,NORTH VISTA HOSPITAL,NORTH LAS VEGAS,NV,89030,Acute Care Hospitals,Voluntary non-profit - Private,Yes,3
290007,UNIVERSITY MEDICAL CENTER,LAS VEGAS,NV,89102,Acute Care Hospitals,Voluntary non-profit - Other,Yes,2
290008,NORTHEASTERN NEVADA REGIONAL HOSPITAL,ELKO,NV,89801,Acute Care Hospitals,Proprietary,Yes,2
290009,SAINT MARY'S REGIONAL MEDICAL CENTER,RENO,NV,89503,Acute Care Hospitals,Proprietary,Yes,3
290012,SAINT ROSE DOMINICAN HOSPITALS - ROSE DE LIMA,HENDERSON,NV,89015,Acute Care Hospitals,Voluntary non-profit - Private,Yes,Not Available
290019,CARSON TAHOE REGIONAL MEDICAL CENTER,CARSON CITY,NV,89703,Acute Care Hospitals,Voluntary non-profit - Private,Yes,3
29001F,99th Medical Group (Nellis AFB),Nellis AFB,NV,89191,Acute Care - Department of Defense,Department of Defense,Yes,Not Available
290021,VALLEY HOSPITAL MEDICAL CENTER,LAS VEGAS,NV,89106,Acute Care Hospitals,Proprietary,Yes,2
29002F,VA SIERRA NEVADA HEALTHCARE SYSTEM,RENO,NV,89502,Acute Care - Veterans Administration,Veterans Health Administration,Yes,5
290032,NORTHERN NEVADA MEDICAL CENTER,SPARKS,NV,89434,Acute Care Hospitals,Voluntary non-profit - Private,Yes,4
290039,MOUNTAINVIEW HOSPITAL,LAS VEGAS,NV,89128,Acute Care Hospitals,Proprietary,Yes,3
290041,SUMMERLIN HOSPITAL MEDICAL CENTER,LAS VEGAS,NV,89144,Acute Care Hospitals,Proprietary,Yes,3
290042,HARMON HOSPITAL,LAS VEGAS,NV,89119,Acute Care Hospitals,Proprietary,No,Not Available
290045,SAINT ROSE DOMINICAN HOSPITALS - SIENA CAMPUS,HENDERSON,NV,89052,Acute Care Hospitals,Voluntary non-profit - Private,Yes,2
290046,SPRING VALLEY HOSPITAL MEDICAL CENTER,LAS VEGAS,NV,89118,Acute Care Hospitals,Proprietary,Yes,2
290047,SOUTHERN HILLS HOSPITAL AND MEDICAL CENTER,LAS VEGAS,NV,89148,Acute Care Hospitals,Proprietary,Yes,4
290049,RENOWN SOUTH MEADOWS MEDICAL CENTER,RENO,NV,89521,Acute Care Hospitals,Voluntary non-profit - Private,Yes,2
29004F,VA SOUTHERN NEVADA HEALTHCARE SYSTEM,N. LAS VEGAS,NV,89086,Acute Care - Veterans Administration,Veterans Health Administration,Yes,5
290053,SAINT ROSE DOMINICAN HOSPITALS - SAN MARTIN CAMPUS,LAS VEGAS,NV,89113,Acute Care Hospitals,Voluntary non-profit - Private,Yes,3
290054,CENTENNIAL HILLS HOSPITAL MEDICAL CENTER,LAS VEGAS,NV,89149,Acute Care Hospitals,Proprietary,Yes,1
290057,HENDERSON HOSPITAL,HENDERSON,NV,89011,Acute Care Hospitals,Proprietary,Yes,2
290058,SAINT ROSE DOMINICAN HOSPITALS - NORTH LAS VEGAS,NORTH LAS VEGAS,NV,89031,Acute Care Hospitals,Proprietary,Yes,Not Available
290062,WEST HENDERSON HOSPITAL,HENDERSON,NV,89052,Acute Care Hospitals,Proprietary,Yes,Not Available
291300,MOUNT GRANT GENERAL HOSPITAL,HAWTHORNE,NV,89415,Critical Access Hospitals,Government - Hospital District or Authority,Yes,Not Available
291301,INCLINE VILLAGE COMMUNITY HOSPITAL,INCLINE VILLAGE,NV,89451,Critical Access Hospitals,Government - Hospital District or Authority,Yes,Not Available
291302,WILLIAM BEE RIRIE HOSPITAL,ELY,NV,89301,Critical Access Hospitals,Government - Hospital District or Authority,Yes,Not Available
291303,BATTLE MOUNTAIN GENERAL HOSPITAL,BATTE MTN,NV,89820,Critical Access Hospitals,Government - Hospital District or Authority,Yes,Not Available
291304,PERSHING GENERAL HOSPITAL,LOVELOCK,NV,89419,Critical Access Hospitals,Government - Hospital District or Authority,Yes,Not Available
291306,CARSON VALLEY HEALTH,GARDNERVILLE,NV,89410,Critical Access Hospitals,Voluntary non-profit - Private,Yes,4
291307,MESA VIEW REGIONAL HOSPITAL,MESQUITE,NV,89027,Critical Access Hospitals,Proprietary,Yes,1
291308,HUMBOLDT GENERAL HOSPITAL,WINNEMUCCA,NV,89445,Critical Access Hospitals,Government - Hospital District or Authority,Yes,3
291309,BOULDER CITY HOSPITAL,BOULDER CITY,NV,89005,Critical Access Hospitals,Voluntary non-profit - Private,Yes,Not Available
291311,DESERT VIEW HOSPITAL,PAHRUMP,NV,89048,Critical Access Hospitals,Proprietary,Yes,2
291312,GROVER C DILS MEDICAL CENTER,CALIENTE,NV,89008,Critical Access Hospitals,Voluntary non-profit - Private,Yes,Not Available
291313,BANNER CHURCHILL COMMUNITY HOSPITAL,FALLON,NV,89406,Critical Access Hospitals,Voluntary non-profit - Private,Yes,2
291314,SOUTH LYON MEDICAL CENTER,YERINGTON,NV,89447,Critical Access Hospitals,Voluntary non-profit - Private,Yes,Not Available
294000,DINI-TOWNSEND HOSPITAL AT NNMH,SPARKS,NV,89431,Psychiatric,Government - State,No,Not Available
294002,SOUTHERN NEVADA ADULT MENTAL HEALTH SERVICES,LAS VEGAS,NV,89146,Psychiatric,Government - State,No,Not Available
294010,SPRING MOUNTAIN SAHARA,LAS VEGAS,NV,89146,Psychiatric,Proprietary,No,Not Available
294011,SPRING MOUNTAIN TREATMENT CENTER,LAS VEGAS,NV,89117,Psychiatric,Proprietary,No,Not Available
294012,SEVEN HILLS HOSPITAL,HENDERSON,NV,89052,Psychiatric,Proprietary,No,Not Available
294013,"DESERT PARKWAY BEHAVIORAL HEALTHCARE HOSPITAL, LLC",LAS VEGAS,NV,89109,Psychiatric,Proprietary,No,Not Available
294015,"RENO BEHAVIORAL HEALTHCARE HOSPITAL, LLC",RENO,NV,89511,Psychiatric,Proprietary,No,Not Available
294016,"THRIVE BEHAVIORAL HOSPITAL, LLC",LAS VEGAS,NV,89103,Psychiatric,Proprietary,No,Not Available
330005,KALEIDA HEALTH,BUFFALO,NY,14210,Acute Care Hospitals,Voluntary non-profit - Private,Yes,3
330006,ST JOSEPH'S MEDICAL CENTER,YONKERS,NY,10701,Acute Care Hospitals,Voluntary non-profit - Private,Yes,1
330009,BRONXCARE HOSPITAL CENTER,BRONX,NY,10456,Acute Care Hospitals,Voluntary non-profit - Private,Yes,1
330011,"OUR LADY OF LOURDES MEMORIAL HOSPITAL, INC",BINGHAMTON,NY,13905,Acute Care Hospitals,Voluntary non-profit - Private,Yes,2
330013,ALBANY MEDICAL CENTER HOSPITAL,ALBANY,NY,12208,Acute Care Hospitals,Voluntary non-profit - Private,Yes,2
330014,JAMAICA HOSPITAL MEDICAL CENTER,JAMAICA,NY,11418,Acute Care Hospitals,Voluntary non-profit - Private,Yes,1
330019,"NEW YORK COMMUNITY HOSPITAL OF BROOKLYN, INC.",BROOKLYN,NY,11229,Acute Care Hospitals,Voluntary non-profit - Private,Yes,1
330023,VASSAR BROTHERS MEDICAL CENTER,POUGHKEEPSIE,NY,12601,Acute Care Hospitals,Voluntary non-profit - Private,Yes,3
330024,MOUNT SINAI HOSPITAL,NEW YORK,NY,10029,Acute Care Hospitals,Voluntary non-profit - Private,Yes,3
330027,NASSAU UNIVERSITY MEDICAL CENTER,EAST MEADOW,NY,11554,Acute Care Hospitals,Government - State,Yes,1
330028,RICHMOND UNIVERSITY MEDICAL CENTER,STATEN ISLAND,NY,10310,Acute Care Hospitals,Voluntary non-profit - Private,Yes,1
330030,NEWARK-WAYNE COMMUNITY HOSPITAL,NEWARK,NY,14513,Acute Care Hospitals,Voluntary non-profit - Private,Yes,2
330033,CHENANGO MEMORIAL HOSPITAL,NORWICH,NY,13815,Acute Care Hospitals,Voluntary non-profit - Private,Yes,Not Available
330043,NS/LIJ HS SOUTHSIDE HOSPITAL,BAY SHORE,NY,11706,Acute Care Hospitals,Voluntary non-profit - Private,Yes,3
330044,WYNN HOSPITAL,UTICA,NY,13503,Acute Care Hospitals,Voluntary non-profit - Private,Yes,1
330045,NS/LIJ HS HUNTINGTON HOSPITAL,HUNTINGTON,NY,11743,Acute Care Hospitals,Voluntary non-profit - Private,Yes,5
330046,MOUNT SINAI WEST,NEW YORK,NY,10019,Acute Care Hospitals,Voluntary non-profit - Church,Yes,3
330047,ST MARY'S HEALTHCARE,AMSTERDAM,NY,12010,Acute Care Hospitals,Voluntary non-profit - Private,Yes,2
330049,NORTHERN DUTCHESS HOSPITAL,RHINEBECK,NY,12572,Acute Care Hospitals,Voluntary non-profit - Private,Yes,4
330055,NEW YORK-PRESBYTERIAN/QUEENS,FLUSHING,NY,11355,Acute Care Hospitals,Voluntary non-profit - Private,Yes,4
330056,BROOKLYN HOSPITAL CENTER - DOWNTOWN CAMPUS,BROOKLYN,NY,11201,Acute Care Hospitals,Voluntary non-profit - Other,Yes,2
330057,ST PETER'S HOSPITAL,ALBANY,NY,12208,Acute Care Hospitals,Voluntary non-profit - Private,Yes,3
330058,GENEVA GENERAL HOSPITAL,GENEVA,NY,14456,Acute Care Hospitals,Voluntary non-profit - Other,Yes,1
330059,MONTEFIORE MEDICAL CENTER,BRONX,NY,10467,Acute Care Hospitals,Voluntary non-profit - Private,Yes,3
330060,"CARTHAGE AREA HOSPITAL, INC",CARTHAGE,NY,13619,Acute Care Hospitals,Voluntary non-profit - Private,Yes,Not Available
330065,NIAGARA FALLS MEMORIAL MEDICAL CENTER,NIAGARA FALLS,NY,14302,Acute Care Hospitals,Voluntary non-profit - Other,Yes,1
330073,UNITED MEMORIAL MEDICAL CENTER,BATAVIA,NY,14020,Acute Care Hospitals,Voluntary non-profit - Private,Yes,3
330074,F F THOMPSON HOSPITAL,CANANDAIGUA,NY,14424,Acute Care Hospitals,Voluntary non-profit - Private,Yes,2
330078,SISTERS OF CHARITY HOSPITAL,BUFFALO,NY,14214,Acute Care Hospitals,Voluntary non-profit - Private,Yes,3
330079,ADIRONDACK MEDICAL CENTER - SARANAC LAKE,SARANAC LAKE,NY,12983,Acute Care Hospitals,Voluntary non-profit - Other,Yes,4
330080,LINCOLN MEDICAL & MENTAL HEALTH CENTER,BRONX,NY,10451,Acute Care Hospitals,Government - Local,Yes,1
330085,AURELIA OSBORN FOX MEMORIAL HOSPITAL,ONEONTA,NY,13820,Acute Care Hospitals,Voluntary non-profit - Private,Yes,3
330086,MONTEFIORE MOUNT VERNON HOSPITAL,MOUNT VERNON,NY,10550,Acute Care Hospitals,Voluntary non-profit - Private,Yes,Not Available
330090,ARNOT OGDEN MEDICAL CENTER,ELMIRA,NY,14905,Acute Care Hospitals,Voluntary non-profit - Private,Yes,1
330094,COLUMBIA MEMORIAL HOSPITAL,HUDSON,NY,12534,Acute Care Hospitals,Voluntary non-profit - Private,Yes,2
330096,JONES MEMORIAL HOSPITAL,WELLSVILLE,NY,14895,Acute Care Hospitals,Voluntary non-profit - Private,Yes,4
33009F,ALBANY VA MEDICAL CENTER,ALBANY,NY,12208,Acute Care - Veterans Administration,Veterans Health Administration,Yes,3
330100,NY EYE AND EAR INFIRMARY OF MOUNT SINAI,NEW YORK,NY,10003,Acute Care Hospitals,Voluntary non-profit - Private,No,Not Available
330101,NEW YORK-PRESBYTERIAN HOSPITAL,NEW YORK,NY,10065,Acute Care Hospitals,Voluntary non-profit - Private,Yes,5
330102,KENMORE MERCY HOSPITAL,KENMORE,NY,14217,Acute Care Hospitals,Voluntary non-profit - Private,Yes,2
330103,OLEAN GENERAL HOSPITAL,OLEAN,NY,14760,Acute Care Hospitals,Proprietary,Yes,1
330104,NYACK HOSPITAL,NYACK,NY,10960,Acute Care Hospitals,Voluntary non-profit - Other,No,2
330106,NORTH SHORE UNIVERSITY HOSPITAL,MANHASSET,NY,11030,Acute Care Hospitals,Voluntary non-profit - Private,Yes,4
330107,PECONIC BAY MEDICAL CENTER,RIVERHEAD,NY,11901,Acute Care Hospitals,Voluntary non-profit - Other,Yes,3
330111,BERTRAND CHAFFEE HOSPITAL,SPRINGVILLE,NY,14141,Acute Care Hospitals,Voluntary non-profit - Private,Yes,2
330115,ONEIDA HEALTH HOSPITAL,ONEIDA,NY,13421,Acute Care Hospitals,Voluntary non-profit - Private,Yes,3
330119,LENOX HILL HOSPITAL,NEW YORK,NY,10075,Acute Care Hospitals,Voluntary non-profit - Private,Yes,4
33011F,BATH VA MEDICAL CENTER,BATH,NY,14810,Acute Care - Veterans Administration,Veterans Health Administration,No,Not Available
330125,ROCHESTER GENERAL HOSPITAL,ROCHESTER,NY,14621,Acute Care Hospitals,Voluntary non-profit - Private,Yes,1
330126,GARNET HEALTH MEDICAL CENTER,MIDDLETOWN,NY,10940,Acute Care Hospitals,Voluntary non-profit - Private,Yes,3
330127,JACOBI MEDICAL CENTER,BRONX,NY,10461,Acute Care Hospitals,Government - Local,Yes,1
330128,ELMHURST HOSPITAL CENTER,ELMHURST,NY,11373,Acute Care Hospitals,Government - Local,Yes,2
33012F,UPSTATE NEW YORK VA HEALTHCARE SYSTEM (WESTERN NY VA HEALTHCARE SYSTEM),BUFFALO,NY,14215,Acute Care - Veterans Administration,Veterans Health Administration,Yes,4
330135,BON SECOURS COMMUNITY HOSPITAL,PORT JERVIS,NY,12771,Acute Care Hospitals,Voluntary non-profit - Church,Yes,2
330136,BASSETT HEALTHCARE,COOPERSTOWN,NY,13326,Acute Care Hospitals,Voluntary non-profit - Private,Yes,2
330140,ST JOSEPH'S HOSPITAL HEALTH CENTER,SYRACUSE,NY,13203,Acute Care Hospitals,Voluntary non-profit - Private,Yes,2
330141,LONG ISLAND COMMUNITY HOSPITAL,PATCHOGUE,NY,11772,Acute Care Hospitals,Voluntary non-profit - Private,Yes,2
330151,ST JAMES HOSPITAL,HORNELL,NY,14843,Acute Care Hospitals,Voluntary non-profit - Private,Yes,2
330153,ELLIS HOSPITAL,SCHENECTADY,NY,12308,Acute Care Hospitals,Voluntary non-profit - Private,Yes,3
330157,SAMARITAN MEDICAL CENTER,WATERTOWN,NY,13601,Acute Care Hospitals,Voluntary non-profit - Private,Yes,3
330158,GOOD SAMARITAN HOSPITAL OF SUFFERN,SUFFERN,NY,10901,Acute Care Hospitals,Voluntary non-profit - Private,Yes,2
33015F,VA HUDSON VALLEY HEALTHCARE SYSTEM,MONTROSE,NY,10548,Acute Care - Veterans Administration,Veterans Health Administration,No,5
330160,STATEN ISLAND UNIVERSITY HOSPITAL,STATEN ISLAND,NY,10305,Acute Care Hospitals,Voluntary non-profit - Private,Yes,2
330162,NORTHERN WESTCHESTER HOSPITAL,MOUNT KISCO,NY,10549,Acute Care Hospitals,Voluntary non-profit - Private,Yes,5
330164,HIGHLAND HOSPITAL,ROCHESTER,NY,14617,Acute Care Hospitals,Voluntary non-profit - Private,Yes,1
330166,"WESTFIELD MEMORIAL HOSPITAL, INC",WESTFIELD,NY,14787,Acute Care Hospitals,Voluntary non-profit - Private,Yes,Not Available
330169,MOUNT SINAI BETH ISRAEL,NEW YORK,NY,10003,Acute Care Hospitals,Voluntary non-profit - Private,Yes,2
33016F,BRONX VA MEDICAL CENTER,BRONX,NY,10468,Acute Care - Veterans Administration,Veterans Health Administration,Yes,3
330175,GUTHRIE CORTLAND REGIONAL MEDICAL CENTER,CORTLAND,NY,13045,Acute Care Hospitals,Voluntary non-profit - Private,Yes,3
33017F,VA NEW YORK HARBOR HEALTHCARE SYSTEM - NY DIV.,NEW YORK,NY,10010,Acute Care - Veterans Administration,Veterans Health Administration,Yes,2
330180,"SAMARITAN HOSPITAL OF TROY, NEW YORK",TROY,NY,12180,Acute Care Hospitals,Voluntary non-profit - Private,Yes,3
330181,NORTHWELL HOSPITAL GLEN COVE,GLEN COVE,NY,11542,Acute Care Hospitals,Voluntary non-profit - Private,Yes,5
330182,ST FRANCIS HOSPITAL - THE HEART CENTER,ROSLYN,NY,11576,Acute Care Hospitals,Voluntary non-profit - Church,Yes,5
330184,MONTEFIORE NEW ROCHELLE HOSPITAL,NEW ROCHELLE,NY,10802,Acute Care Hospitals,Voluntary non-profit - Private,Yes,1
330185,JOHN T MATHER MEMORIAL HOSPITAL  OF PORT JEFFERSON,PORT JEFFERSON,NY,11777,Acute Care Hospitals,Voluntary non-profit - Private,Yes,5
330188,MOUNT ST. MARY'S HOSPITAL & HEALTH CENTER,LEWISTON,NY,14092,Acute Care Hospitals,Voluntary non-profit - Private,Yes,3
330191,GLENS FALLS HOSPITAL,GLENS FALLS,NY,12801,Acute Care Hospitals,Voluntary non-profit - Private,Yes,2
330193,FLUSHING HOSPITAL MEDICAL CENTER,FLUSHING,NY,11355,Acute Care Hospitals,Voluntary non-profit - Private,Yes,2
330194,MAIMONIDES MEDICAL CENTER,BROOKLYN,NY,11219,Acute Care Hospitals,Voluntary non-profit - Private,Yes,2
330195,LONG ISLAND JEWISH MEDICAL CENTER,NEW HYDE PARK,NY,11040,Acute Care Hospitals,Voluntary non-profit - Private,Yes,3
330196,SOUTH BROOKLYN HEALTH,BROOKLYN,NY,11235,Acute Care Hospitals,Voluntary non-profit - Other,Yes,1
330197,CANTON-POTSDAM HOSPITAL,POTSDAM,NY,13676,Acute Care Hospitals,Voluntary non-profit - Private,Yes,2
330198,MOUNT SINAI SOUTH NASSAU,OCEANSIDE,NY,11572,Acute Care Hospitals,Voluntary non-profit - Private,Yes,3
330199,METROPOLITAN HOSPITAL CENTER,NEW YORK,NY,10029,Acute Care Hospitals,Government - Local,Yes,3
33019F,NORTHPORT VA MEDICAL CENTER,NORTHPORT,NY,11768,Acute Care - Veterans Administration,Veterans Health Administration,Yes,4
330202,KINGS COUNTY HOSPITAL CENTER,BROOKLYN,NY,11203,Acute Care Hospitals,Government - Local,Yes,1
330203,CROUSE HOSPITAL,SYRACUSE,NY,13210,Acute Care Hospitals,Voluntary non-profit - Private,Yes,2
330204,BELLEVUE HOSPITAL CENTER,NEW YORK,NY,10016,Acute Care Hospitals,Government - Local,Yes,2
330205,ST ANTHONY COMMUNITY HOSPITAL,WARWICK,NY,10990,Acute Care Hospitals,Voluntary non-profit - Church,No,5
330208,ST JOHN'S RIVERSIDE HOSPITAL,YONKERS,NY,10701,Acute Care Hospitals,Voluntary non-profit - Private,Yes,2
33020F,VA NEW YORK HARBOR HEALTHCARE SYSTEM - BROOKLYN,BROOKLYN,NY,11209,Acute Care - Veterans Administration,Veterans Health Administration,Yes,5
330214,NYU LANGONE HOSPITALS,NEW YORK,NY,10016,Acute Care Hospitals,Voluntary non-profit - Private,Yes,5
330215,"ROME MEMORIAL HOSPITAL, INC",ROME,NY,13440,Acute Care Hospitals,Voluntary non-profit - Private,Yes,1
330218,OSWEGO HOSPITAL,OSWEGO,NY,13069,Acute Care Hospitals,Voluntary non-profit - Private,Yes,3
330219,ERIE COUNTY MEDICAL CENTER,BUFFALO,NY,14215,Acute Care Hospitals,Voluntary non-profit - Other,Yes,2
330221,WYCKOFF HEIGHTS MEDICAL CENTER,BROOKLYN,NY,11237,Acute Care Hospitals,Voluntary non-profit - Private,Yes,2
330222,SARATOGA HOSPITAL,SARATOGA SPRINGS,NY,12866,Acute Care Hospitals,Voluntary non-profit - Private,Yes,3
330224,HEALTHALLIANCE HOSPITAL MARYS AVENUE CAMPUS,KINGSTON,NY,12401,Acute Care Hospitals,Voluntary non-profit - Private,Yes,2
330226,UNITY HOSPITAL,ROCHESTER,NY,14626,Acute Care Hospitals,Voluntary non-profit - Private,Yes,1
330229,"BROOKS-TLC HOSPITAL SYSTEM, INC",DUNKIRK,NY,14048,Acute Care Hospitals,Voluntary non-profit - Private,Yes,2
330231,QUEENS HOSPITAL CENTER,JAMAICA,NY,11432,Acute Care Hospitals,Voluntary non-profit - Other,Yes,2
330233,BROOKDALE HOSPITAL MEDICAL CENTER,BROOKLYN,NY,11212,Acute Care Hospitals,Voluntary non-profit - Private,Yes,1
330234,WESTCHESTER MEDICAL CENTER,VALHALLA,NY,10595,Acute Care Hospitals,Voluntary non-profit - Other,Yes,1
330235,AUBURN  COMMUNITY  HOSPITAL,AUBURN,NY,13021,Acute Care Hospitals,Voluntary non-profit - Private,Yes,2
330238,NICHOLAS H NOYES MEMORIAL HOSPITAL,DANSVILLE,NY,14437,Acute Care Hospitals,Voluntary non-profit - Private,Yes,3
330239,UPMC CHAUTAUQUA AT WCA,JAMESTOWN,NY,14701,Acute Care Hospitals,Voluntary non-profit - Private,Yes,3
330240,HARLEM HOSPITAL CENTER,NEW YORK,NY,10037,Acute Care Hospitals,Government - Local,Yes,1
330241,UNIVERSITY HOSPITAL S U N Y HEALTH SCIENCE CENTER,SYRACUSE,NY,13210,Acute Care Hospitals,Government - State,Yes,2
330246,ST CHARLES HOSPITAL,PORT JEFFERSON,NY,11777,Acute Care Hospitals,Voluntary non-profit - Church,Yes,4
33024F,SYRACUSE VA MEDICAL CENTER,SYRACUSE,NY,13210,Acute Care - Veterans Administration,Veterans Health Administration,Yes,2
330250,CHAMPLAIN VALLEY PHYSICIANS HOSPITAL MEDICAL CTR,PLATTSBURGH,NY,12901,Acute Care Hospitals,Voluntary non-profit - Private,Yes,2
330259,MERCY MEDICAL CENTER,ROCKVILLE CENTRE,NY,11571,Acute Care Hospitals,Voluntary non-profit - Church,Yes,3
33025F,Keller ACH (West Point),West Point,NY,10996,Acute Care - Department of Defense,Department of Defense,Yes,Not Available
330261,PHELPS HOSPITAL,SLEEPY HOLLOW,NY,10591,Acute Care Hospitals,Voluntary non-profit - Private,Yes,3
330264,MONTEFIORE ST LUKE'S CORNWALL,NEWBURGH,NY,12550,Acute Care Hospitals,Voluntary non-profit - Other,Yes,3
330265,CLIFTON SPRINGS HOSPITAL AND CLINIC,CLIFTON SPRINGS,NY,14432,Acute Care Hospitals,Voluntary non-profit - Private,Yes,Not Available
330267,HUDSON VALLEY HOSPITAL CENTER,CORTLANDT MANOR,NY,10567,Acute Care Hospitals,Voluntary non-profit - Private,Yes,4
330270,HOSPITAL FOR SPECIAL SURGERY,NEW YORK,NY,10021,Acute Care Hospitals,Voluntary non-profit - Private,Yes,5
330273,PUTNAM HOSPITAL CENTER,CARMEL,NY,10512,Acute Care Hospitals,Voluntary non-profit - Private,Yes,3
330276,NATHAN LITTAUER HOSPITAL,GLOVERSVILLE,NY,12078,Acute Care Hospitals,Voluntary non-profit - Private,Yes,2
330277,CORNING HOSPITAL,CORNING,NY,14830,Acute Care Hospitals,Voluntary non-profit - Private,Yes,3
330279,MERCY HOSPITAL OF BUFFALO,BUFFALO,NY,14220,Acute Care Hospitals,Voluntary non-profit - Private,Yes,2
330285,STRONG MEMORIAL HOSPITAL,ROCHESTER,NY,14642,Acute Care Hospitals,Voluntary non-profit - Private,Yes,2
330286,GOOD SAMARITAN HOSPITAL MEDICAL CENTER,WEST ISLIP,NY,11795,Acute Care Hospitals,Voluntary non-profit - Private,Yes,2
330304,WHITE PLAINS HOSPITAL CENTER,WHITE PLAINS,NY,10601,Acute Care Hospitals,Voluntary non-profit - Private,Yes,5
330307,CAYUGA MEDICAL CENTER AT ITHACA,ITHACA,NY,14850,Acute Care Hospitals,Voluntary non-profit - Private,Yes,3
330331,PLAINVIEW HOSPITAL,PLAINVIEW,NY,11803,Acute Care Hospitals,Voluntary non-profit - Private,Yes,4
330332,CHSLI ST JOSEPH HOSPITAL,BETHPAGE,NY,11714,Acute Care Hospitals,Voluntary non-profit - Private,Yes,3
330350,SUNY/DOWNSTATE UNIVERSITY HOSPITAL OF BROOKLYN,BROOKLYN,NY,11203,Acute Care Hospitals,Government - State,Yes,1
330386,GARNET HEALTH  MEDICAL CENTER CATSKILLS,HARRIS,NY,12742,Acute Care Hospitals,Voluntary non-profit - Private,Yes,1
330393,SUNY/STONY BROOK UNIVERSITY HOSPITAL,STONY BROOK,NY,11794,Acute Care Hospitals,Government - State,Yes,4
330394,"UNITED HEALTH SERVICES HOSPITALS, INC",BINGHAMTON,NY,13903,Acute Care Hospitals,Voluntary non-profit - Private,Yes,2
330395,ST JOHN'S EPISCOPAL HOSPITAL AT SOUTH SHORE,FAR ROCKAWAY,NY,11691,Acute Care Hospitals,Voluntary non-profit - Private,Yes,1
330396,WOODHULL MEDICAL & MENTAL HEALTH CENTER,BROOKLYN,NY,11206,Acute Care Hospitals,Government - Local,Yes,1
330399,ST BARNABAS HOSPITAL,BRONX,NY,10457,Acute Care Hospitals,Voluntary non-profit - Private,Yes,1
330401,ST CATHERINE OF SIENA HOSPITAL,SMITHTOWN,NY,11787,Acute Care Hospitals,Voluntary non-profit - Church,Yes,4
330405,HELEN HAYES HOSPITAL,WEST HAVERSTRAW,NY,10993,Acute Care Hospitals,Government - State,No,Not Available
330406,SUNNYVIEW HOSPITAL AND REHABILITATION CENTER,SCHENECTADY,NY,12308,Acute Care Hospitals,Voluntary non-profit - Private,No,Not Available
330411,UNITY SPECIALTY HOSPITAL,ROCHESTER,NY,14611,Acute Care Hospitals,Voluntary non-profit - Private,No,Not Available
330799,CLIFTON-FINE HOSPITAL,STAR LAKE,NY,13690,Rural Emergency Hospital,Voluntary non-profit - Other,Yes,Not Available
331301,"CUBA MEMORIAL HOSPITAL, INC",CUBA,NY,14727,Critical Access Hospitals,Voluntary non-profit - Private,No,Not Available
331302,ELIZABETHTOWN COMMUNITY HOSPITAL,ELIZABETHTOWN,NY,12932,Critical Access Hospitals,Voluntary non-profit - Private,Yes,Not Available
331303,GARNET HEALTH MEDICAL CENTER CATSKILLS,CALLICOON,NY,12723,Critical Access Hospitals,Voluntary non-profit - Private,Yes,Not Available
331304,MARGARETVILLE MEMORIAL HOSPITAL,MARGARETVILLE,NY,12455,Critical Access Hospitals,Voluntary non-profit - Private,Yes,Not Available
331305,O'CONNOR HOSPITAL,DELHI,NY,13753,Critical Access Hospitals,Voluntary non-profit - Private,Yes,Not Available
331309,RIVER HOSPITAL CLINICS,ALEXANDRIA BAY,NY,13607,Critical Access Hospitals,Voluntary non-profit - Private,Yes,Not Available
331310,ELLENVILLE REGIONAL HOSPITAL,ELLENVILLE,NY,12428,Critical Access Hospitals,Voluntary non-profit - Private,Yes,Not Available
331311,LITTLE FALLS HOSPITAL,LITTLE FALLS,NY,13365,Critical Access Hospitals,Voluntary non-profit - Private,Yes,Not Available
331312,"DELAWARE VALLEY HOSPITAL, INC",WALTON,NY,13856,Critical Access Hospitals,Voluntary non-profit - Private,Yes,Not Available
331313,SCHUYLER HOSPITAL,MONTOUR FALLS,NY,14865,Critical Access Hospitals,Voluntary non-profit - Private,Yes,Not Available
331314,SOLDIERS AND SAILORS MEMORIAL HOSPITAL OF YATES,PENN YAN,NY,14527,Critical Access Hospitals,Voluntary non-profit - Private,Yes,Not Available
331315,GOUVERNEUR HOSPITAL,GOUVERNEUR,NY,13642,Critical Access Hospitals,Voluntary non-profit - Private,Yes,Not Available
331316,"COMMUNITY MEMORIAL HOSPITAL, INC",HAMILTON,NY,13346,Critical Access Hospitals,Voluntary non-profit - Private,Yes,3
331317,LEWIS COUNTY GENERAL HOSPITAL,LOWVILLE,NY,13367,Critical Access Hospitals,Government - Local,Yes,Not Available
331318,"CARTHAGE AREA HOSPITAL, INC",CARTHAGE,NY,13619,Critical Access Hospitals,Voluntary non-profit - Private,Yes,Not Available
331319,MEDINA MEMORIAL HOSPITAL,MEDINA,NY,14103,Critical Access Hospitals,Voluntary non-profit - Private,Yes,Not Available
331320,COBLESKILL REGIONAL HOSPITAL,COBLESKILL,NY,12043,Critical Access Hospitals,Voluntary non-profit - Private,Yes,3
331321,THE UNIVERSITY OF VERMONT HEALTH NETWORK-ALICE HY,MALONE,NY,12953,Critical Access Hospitals,Voluntary non-profit - Private,Yes,1
331322,"SLHS MASSENA, INC",MASSENA,NY,13662,Critical Access Hospitals,Voluntary non-profit - Private,Yes,Not Available
331323,WYOMING COUNTY,WARSAW,NY,14569,Critical Access Hospitals,Government - Local,Yes,Not Available
333301,BLYTHEDALE CHILDREN'S HOSPITAL,VALHALLA,NY,10595,Childrens,Voluntary non-profit - Private,No,Not Available
334001,HUTCHINGS PSYCHIATRIC CTR,SYRACUSE,NY,13210,Psychiatric,Government - State,Yes,Not Available
334002,FOUR WINDS,KATONAH,NY,10536,Psychiatric,Proprietary,No,Not Available
334003,ST LAWRENCE PSYCHIATRIC CENTER,OGDENSBURG,NY,13669,Psychiatric,Government - State,No,Not Available
334004,CREEDMOOR PSYCHIATRIC CENTER,QUEENS VILLAGE,NY,11427,Psychiatric,Government - State,No,Not Available
334009,NEW YORK STATE PSYCHIATRIC INSTITUTE,NEW YORK,NY,10032,Psychiatric,Government - State,No,Not Available
334012,GREATER BINGHAMTON HEALTH CENTER,BINGHAMTON,NY,13901,Psychiatric,Government - State,Yes,Not Available
334013,PILGRIM PSYCHIATRIC CENTER,WEST BRENTWOOD,NY,11717,Psychiatric,Government - State,No,Not Available
334015,ROCKLAND PSYCH CTR,ORANGEBURG,NY,10962,Psychiatric,Government - State,No,Not Available
334020,ROCHESTER PSYCHIATRIC CENTER,ROCHESTER,NY,14620,Psychiatric,Government - State,Yes,Not Available
334021,MOHAWK VALLEY PSYCHIATRIC CENTER,UTICA,NY,13502,Psychiatric,Government - Local,No,Not Available
334022,BRYLIN HOSP,BUFFALO,NY,14209,Psychiatric,Proprietary,No,Not Available
334026,"BRUNSWICK HOSPITAL CENTER, INC.",AMITYVILLE,NY,11701,Psychiatric,Proprietary,No,Not Available
334027,SOUTH OAKS HOSP,AMITYVILLE,NY,11701,Psychiatric,Voluntary non-profit - Private,No,Not Available
334043,SOUTH BEACH PSYCHIATRIC CENTER,STATEN ISLAND,NY,10305,Psychiatric,Government - State,No,Not Available
334045,ELMIRA PSYCH CENTER,ELMIRA,NY,14901,Psychiatric,Government - State,No,Not Available
334046,CAPITAL DISTRICT PSYCH CENTER,ALBANY,NY,12208,Psychiatric,Government - State,No,Not Available
334048,GRACIE SQUARE HOSP,NEW YORK,NY,10021,Psychiatric,Voluntary non-profit - Private,No,Not Available
334049,FOUR WINDS OF SARATOGA,SARATOGA SPRINGS,NY,12866,Psychiatric,Proprietary,Yes,Not Available
334052,BUFFALO PSYCHIATRIC CENTER,BUFFALO,NY,14213,Psychiatric,Government - State,No,Not Available
334053,BRONX PSYCHIATRIC CENTER,BRONX,NY,10461,Psychiatric,Government - State,No,Not Available
334054,MANHATTAN PSYCHIATRIC CENTER,NEW YORK,NY,10035,Psychiatric,Government - State,No,Not Available
334060,KIRBY FORENSIC PSYCHIATRIC CENTER,NEW YORK,NY,10035,Psychiatric,Government - State,No,Not Available
334061,MID HUDSON FORENSIC PSYCHIATRIC CTR,NEW HAMPTON,NY,10958,Psychiatric,Government - State,No,Not Available
334063,KINGSBORO PSYCHIATRIC HOSPITAL,BROOKLYN,NY,11203,Psychiatric,Government - State,No,Not Available
334064,SAGAMORE CHILDREN'S PSYCHIATRIC CENTER,DIX HILLS,NY,11746,Psychiatric,Government - State,No,Not Available
334065,WESTERN NY CHILDRENS PSYCHIATRIC CENTER,WEST SENECA,NY,14224,Psychiatric,Government - State,Yes,Not Available
334066,ROCKLAND CHILDREN'S PSYCHIATRIC CENTER,ORANGEBURG,NY,10962,Psychiatric,Government - State,No,Not Available
334067,NEW YORK CITY CHILDRENS PSYCH CENTER,BELLEROSE,NY,11426,Psychiatric,Government - State,No,Not Available
334068,CLAXTON-HEPBURN MEDICAL CENTER,OGDENSBURG,NY,13669,Psychiatric,Voluntary non-profit - Private,No,Not Available
360001,MERCY HEALTH-ANDERSON HOSPITAL,CINCINNATI,OH,45255,Acute Care Hospitals,Voluntary non-profit - Private,Yes,2
360002,UNIVERSITY HOSPITALS SAMARITAN MEDICAL CENTER,ASHLAND,OH,44805,Acute Care Hospitals,Voluntary non-profit - Other,No,3
360003,"UNIVERSITY OF CINCINNATI MEDICAL CENTER, LLC",CINCINNATI,OH,45219,Acute Care Hospitals,Voluntary non-profit - Private,Yes,3
360006,RIVERSIDE METHODIST HOSPITAL,COLUMBUS,OH,43214,Acute Care Hospitals,Voluntary non-profit - Private,Yes,4
360008,SOUTHERN OHIO MEDICAL CENTER,PORTSMOUTH,OH,45662,Acute Care Hospitals,Voluntary non-profit - Other,Yes,4
360009,LIMA MEMORIAL HEALTH SYSTEM,LIMA,OH,45804,Acute Care Hospitals,Voluntary non-profit - Other,Yes,4
360010,UNION HOSPITAL,DOVER,OH,44622,Acute Care Hospitals,Voluntary non-profit - Other,Yes,3
360011,MARION GENERAL HOSPITAL,MARION,OH,43302,Acute Care Hospitals,Voluntary non-profit - Private,Yes,4
360012,MOUNT CARMEL ST ANN'S,WESTERVILLE,OH,43081,Acute Care Hospitals,Voluntary non-profit - Private,Yes,4
360013,WILSON MEMORIAL HOSPITAL,SIDNEY,OH,45365,Acute Care Hospitals,Voluntary non-profit - Private,Yes,3
360014,OHIOHEALTH O'BLENESS HOSPITAL,ATHENS,OH,45701,Acute Care Hospitals,Voluntary non-profit - Other,Yes,4
360016,THE JEWISH HOSPITAL-MERCY HEALTH,CINCINNATI,OH,45236,Acute Care Hospitals,Voluntary non-profit - Private,Yes,3
360017,GRANT MEDICAL CENTER,COLUMBUS,OH,43215,Acute Care Hospitals,Voluntary non-profit - Church,Yes,3
36001F,LOUIS STOKES CLEVELAND VA MEDICAL CENTER,CLEVELAND,OH,44106,Acute Care - Veterans Administration,Veterans Health Administration,Yes,5
360020,SUMMA HEALTH SYSTEM,AKRON,OH,44309,Acute Care Hospitals,Voluntary non-profit - Private,Yes,2
360025,FIRELANDS REGIONAL MEDICAL CENTER,SANDUSKY,OH,44870,Acute Care Hospitals,Voluntary non-profit - Private,Yes,3
360026,KETTERING HEALTH GREENE MEMORIAL,XENIA,OH,45385,Acute Care Hospitals,Voluntary non-profit - Private,Yes,Not Available
360027,AKRON GENERAL MEDICAL CENTER,AKRON,OH,44307,Acute Care Hospitals,Voluntary non-profit - Private,Yes,3
360029,WOOD COUNTY HOSPITAL,BOWLING GREEN,OH,43402,Acute Care Hospitals,Voluntary non-profit - Private,Yes,4
360032,GRAND LAKE HEALTH SYSTEM,SAINT MARYS,OH,45885,Acute Care Hospitals,Voluntary non-profit - Private,Yes,3
360035,MOUNT CARMEL EAST & WEST,COLUMBUS,OH,43213,Acute Care Hospitals,Voluntary non-profit - Private,Yes,3
360036,WOOSTER COMMUNITY HOSPITAL,WOOSTER,OH,44691,Acute Care Hospitals,Government - Local,Yes,4
360039,GENESIS HOSPITAL,ZANESVILLE,OH,43701,Acute Care Hospitals,Voluntary non-profit - Private,Yes,4
36003F,CINCINNATI VA MEDICAL CENTER,CINCINNATI,OH,45220,Acute Care - Veterans Administration,Veterans Health Administration,Yes,5
360040,KNOX COMMUNITY HOSPITAL,MOUNT VERNON,OH,43050,Acute Care Hospitals,Voluntary non-profit - Other,Yes,3
360041,PARMA COMMUNITY GENERAL HOSPITAL,PARMA,OH,44129,Acute Care Hospitals,Voluntary non-profit - Private,No,4
360046,MCCULLOUGH-HYDE MEMORIAL HOSPITAL,OXFORD,OH,45056,Acute Care Hospitals,Voluntary non-profit - Private,Yes,5
360048,UNIVERSITY OF TOLEDO MEDICAL CENTER,TOLEDO,OH,43614,Acute Care Hospitals,Government - State,Yes,3
360051,MIAMI VALLEY HOSPITAL,DAYTON,OH,45409,Acute Care Hospitals,Voluntary non-profit - Private,Yes,3
360054,HOLZER MEDICAL CENTER,GALLIPOLIS,OH,45631,Acute Care Hospitals,Voluntary non-profit - Private,Yes,4
360055,INSIGHT HOSPITAL AND MEDICAL CENTER TRUMBULL,WARREN,OH,44482,Acute Care Hospitals,Proprietary,Yes,2
360056,MERCY HEALTH - FAIRFIELD HOSPITAL,FAIRFIELD,OH,45014,Acute Care Hospitals,Voluntary non-profit - Private,Yes,3
360058,MERCER COUNTY JOINT TOWNSHIP COMMUNITY HOSPITAL,COLDWATER,OH,45828,Acute Care Hospitals,Government - Hospital District or Authority,No,3
360059,METROHEALTH SYSTEM,CLEVELAND,OH,44109,Acute Care Hospitals,Voluntary non-profit - Other,Yes,3
360064,ST ELIZABETH YOUNGSTOWN HOSPITAL,YOUNGSTOWN,OH,44501,Acute Care Hospitals,Voluntary non-profit - Church,Yes,2
360065,FISHER-TITUS HOSPITAL,NORWALK,OH,44857,Acute Care Hospitals,Voluntary non-profit - Private,Yes,4
360066,MERCY HEALTH-ST RITA'S MEDICAL CENTER,LIMA,OH,45801,Acute Care Hospitals,Voluntary non-profit - Private,Yes,4
360068,PROMEDICA TOLEDO HOSPITAL,TOLEDO,OH,43606,Acute Care Hospitals,Voluntary non-profit - Private,Yes,4
36006F,88th Medical Group (Wright-Patterson AFB),Wright-Patterson AFB,OH,45433,Acute Care - Department of Defense,Department of Defense,Yes,Not Available
360070,MERCY MEDICAL CENTER,CANTON,OH,44708,Acute Care Hospitals,Voluntary non-profit - Private,Yes,2
360071,VAN WERT COUNTY HOSPITAL,VAN WERT,OH,45891,Acute Care Hospitals,Voluntary non-profit - Private,No,4
360072,FAIRFIELD MEDICAL CENTER,LANCASTER,OH,43130,Acute Care Hospitals,Voluntary non-profit - Other,Yes,2
360075,UH REGIONAL HOSPITALS,CHARDON,OH,44024,Acute Care Hospitals,Proprietary,Yes,4
360076,ATRIUM MEDICAL CENTER,FRANKLIN,OH,45005,Acute Care Hospitals,Voluntary non-profit - Private,Yes,4
360077,FAIRVIEW HOSPITAL,CLEVELAND,OH,44111,Acute Care Hospitals,Voluntary non-profit - Private,Yes,5
360078,UNIVERSITY HOSPITALS PORTAGE MEDICAL CENTER,RAVENNA,OH,44266,Acute Care Hospitals,Voluntary non-profit - Private,Yes,3
360079,KETTERING HEALTH MAIN CAMPUS,KETTERING,OH,45429,Acute Care Hospitals,Voluntary non-profit - Church,Yes,3
36007F,DAYTON VA MEDICAL CENTER,DAYTON,OH,45428,Acute Care - Veterans Administration,Veterans Health Administration,Yes,4
360080,EAST OHIO REGIONAL HOSPITAL,MARTINS FERRY,OH,43935,Acute Care Hospitals,Voluntary non-profit - Other,No,2
360082,EUCLID HOSPITAL,EUCLID,OH,44119,Acute Care Hospitals,Voluntary non-profit - Other,No,3
360084,AULTMAN HOSPITAL,CANTON,OH,44710,Acute Care Hospitals,Voluntary non-profit - Other,Yes,3
360085,OHIO STATE UNIVERSITY STATE HEALTH SYSTEM,COLUMBUS,OH,43210,Acute Care Hospitals,Government - State,Yes,3
360086,SPRINGFIELD REGIONAL MEDICAL CENTER,SPRINGFIELD,OH,45504,Acute Care Hospitals,Voluntary non-profit - Private,Yes,3
360087,LUTHERAN HOSPITAL,CLEVELAND,OH,44113,Acute Care Hospitals,Voluntary non-profit - Private,Yes,3
360089,MERCY HEALTH - TIFFIN HOSPITAL,TIFFIN,OH,44883,Acute Care Hospitals,Voluntary non-profit - Church,Yes,4
36008F,CHILLICOTHE VA MEDICAL CENTER,CHILLICOTHE,OH,45601,Acute Care - Veterans Administration,Veterans Health Administration,No,Not Available
360091,MEDINA HOSPITAL,MEDINA,OH,44256,Acute Care Hospitals,Voluntary non-profit - Private,Yes,5
360092,MEMORIAL HOSPITAL,MARYSVILLE,OH,43040,Acute Care Hospitals,Government - Local,Yes,5
360095,BLANCHARD VALLEY HOSPITAL,FINDLAY,OH,45840,Acute Care Hospitals,Voluntary non-profit - Other,No,3
360096,EAST LIVERPOOL CITY HOSPITAL,EAST LIVERPOOL,OH,43920,Acute Care Hospitals,Voluntary non-profit - Private,Yes,4
360098,LAKE HEALTH,CONCORD,OH,44077,Acute Care Hospitals,Voluntary non-profit - Private,Yes,3
360107,BELLEVUE HOSPITAL,BELLEVUE,OH,44811,Acute Care Hospitals,Voluntary non-profit - Other,No,3
360109,COSHOCTON REGIONAL MEDICAL CENTER,COSHOCTON,OH,43812,Acute Care Hospitals,Voluntary non-profit - Private,Yes,Not Available
360112,MERCY ST VINCENT MEDICAL CENTER,TOLEDO,OH,43608,Acute Care Hospitals,Voluntary non-profit - Church,Yes,3
360118,OHIOHEALTH MANSFIELD HOSPITAL,MANSFIELD,OH,44903,Acute Care Hospitals,Voluntary non-profit - Private,Yes,2
360121,COMMUNITY HOSPITALS AND WELLNESS CENTERS,BRYAN,OH,43506,Acute Care Hospitals,Voluntary non-profit - Other,No,4
360123,UH ST JOHN MEDICAL CENTER,WESTLAKE,OH,44145,Acute Care Hospitals,Voluntary non-profit - Private,Yes,4
360125,ASHTABULA COUNTY MEDICAL CENTER,ASHTABULA,OH,44004,Acute Care Hospitals,Voluntary non-profit - Private,Yes,3
360131,ALLIANCE COMMUNITY HOSPITAL,ALLIANCE,OH,44601,Acute Care Hospitals,Voluntary non-profit - Private,Yes,4
360132,FORT HAMILTON HUGHES MEMORIAL HOSPITAL,HAMILTON,OH,45013,Acute Care Hospitals,Voluntary non-profit - Private,Yes,3
360133,KETTERING HEALTH DAYTON,DAYTON,OH,45405,Acute Care Hospitals,Voluntary non-profit - Other,No,2
360134,GOOD SAMARITAN HOSPITAL,CINCINNATI,OH,45220,Acute Care Hospitals,Voluntary non-profit - Private,Yes,3
360137,UH CLEVELAND MEDICAL CENTER,CLEVELAND,OH,44106,Acute Care Hospitals,Voluntary non-profit - Private,Yes,3
360143,MARYMOUNT HOSPITAL,GARFIELD HEIGHTS,OH,44125,Acute Care Hospitals,Voluntary non-profit - Private,Yes,5
360144,SOUTH POINTE HOSPITAL,WARRENSVILLE HEIGHTS,OH,44122,Acute Care Hospitals,Voluntary non-profit - Other,No,4
360145,UNIVERSITY HOSPITALS - ELYRIA MEDICAL CENTER,ELYRIA,OH,44035,Acute Care Hospitals,Voluntary non-profit - Private,No,4
360147,MARIETTA MEMORIAL HOSPITAL,MARIETTA,OH,45750,Acute Care Hospitals,Voluntary non-profit - Other,Yes,3
360148,POMERENE HOSPITAL,MILLERSBURG,OH,44654,Acute Care Hospitals,Voluntary non-profit - Private,Yes,Not Available
360150,SUMMA WESTERN RESERVE HOSPITAL,CUYAHOGA FALLS,OH,44223,Acute Care Hospitals,Voluntary non-profit - Other,Yes,4
360152,DOCTORS HOSPITAL,COLUMBUS,OH,43228,Acute Care Hospitals,Voluntary non-profit - Church,Yes,4
360155,SOUTHWEST GENERAL HEALTH CENTER,MIDDLEBURG HEIGHTS,OH,44130,Acute Care Hospitals,Voluntary non-profit - Private,Yes,4
360156,MEMORIAL HOSPITAL,FREMONT,OH,43420,Acute Care Hospitals,Voluntary non-profit - Other,No,3
360159,ADENA REGIONAL MEDICAL CENTER,CHILLICOTHE,OH,45601,Acute Care Hospitals,Voluntary non-profit - Private,Yes,3
360161,MH ST JOSEPH WARREN HOSPITAL,WARREN,OH,44484,Acute Care Hospitals,Voluntary non-profit - Private,Yes,2
360163,CHRIST HOSPITAL,CINCINNATI,OH,45219,Acute Care Hospitals,Voluntary non-profit - Private,Yes,5
360170,BERGER HOSPITAL,CIRCLEVILLE,OH,43113,Acute Care Hospitals,Government - Local,Yes,2
360172,MERCY REGIONAL MEDICAL CENTER,LORAIN,OH,44053,Acute Care Hospitals,Voluntary non-profit - Private,Yes,2
360174,UPPER VALLEY MEDICAL CENTER,TROY,OH,45373,Acute Care Hospitals,Voluntary non-profit - Private,Yes,4
360175,CLINTON MEMORIAL HOSPITAL,WILMINGTON,OH,45177,Acute Care Hospitals,Government - Local,No,2
360179,BETHESDA NORTH,CINCINNATI,OH,45242,Acute Care Hospitals,Voluntary non-profit - Church,Yes,3
360180,CLEVELAND CLINIC,CLEVELAND,OH,44195,Acute Care Hospitals,Voluntary non-profit - Private,Yes,5
360185,SALEM REGIONAL MEDICAL CENTER,SALEM,OH,44460,Acute Care Hospitals,Voluntary non-profit - Private,Yes,2
360189,MADISON HEALTH,LONDON,OH,43140,Acute Care Hospitals,Voluntary non-profit - Private,Yes,Not Available
360197,MARY RUTAN HOSPITAL,BELLEFONTAINE,OH,43311,Acute Care Hospitals,Voluntary non-profit - Private,Yes,3
360203,SOUTHEASTERN OHIO REGIONAL MEDICAL CENTER,CAMBRIDGE,OH,43725,Acute Care Hospitals,Voluntary non-profit - Private,Yes,3
360210,GRADY MEMORIAL HOSPITAL,DELAWARE,OH,43015,Acute Care Hospitals,Voluntary non-profit - Private,Yes,4
360211,TRINITY MEDICAL CTR EAST &TRINITY MEDICAL CTR WEST,STEUBENVILLE,OH,43952,Acute Care Hospitals,Voluntary non-profit - Other,Yes,2
360218,LICKING MEMORIAL HOSPITAL,NEWARK,OH,43055,Acute Care Hospitals,Voluntary non-profit - Private,Yes,2
360230,HILLCREST HOSPITAL,MAYFIELD HEIGHTS,OH,44124,Acute Care Hospitals,Voluntary non-profit - Private,No,5
360234,MERCY HEALTH - WEST HOSPITAL,CINCINNATI,OH,45211,Acute Care Hospitals,Voluntary non-profit - Private,Yes,4
360236,MERCY HEALTH - CLERMONT HOSPITAL,BATAVIA,OH,45103,Acute Care Hospitals,Voluntary non-profit - Church,Yes,4
360239,KETTERING HEALTH MIAMISBURG,MIAMISBURG,OH,45342,Acute Care Hospitals,Voluntary non-profit - Church,Yes,3
360245,GLENBEIGH HEALTH SOURCES,ROCK CREEK,OH,44084,Acute Care Hospitals,Proprietary,No,Not Available
360259,BAY PARK COMMUNITY HOSPITAL,OREGON,OH,43616,Acute Care Hospitals,Voluntary non-profit - Other,Yes,3
360263,INSTITUTE FOR ORTHOPAEDIC SURGERY,LIMA,OH,45804,Acute Care Hospitals,Proprietary,No,Not Available
360266,MOUNT CARMEL NEW ALBANY SURGICAL HOSPITAL,NEW ALBANY,OH,43054,Acute Care Hospitals,Proprietary,No,Not Available
360270,MERCY HEALTH - DEFIANCE HOSPITAL,DEFIANCE,OH,43512,Acute Care Hospitals,Proprietary,Yes,3
360276,HMHP ST ELIZABETH BOARDMAN HEALTH CENTER,BOARDMAN,OH,44512,Acute Care Hospitals,Voluntary non-profit - Church,Yes,3
360348,DUBLIN METHODIST HOSPITAL,DUBLIN,OH,43016,Acute Care Hospitals,Voluntary non-profit - Private,Yes,3
360351,CRYSTAL CLINIC ORTHOPAEDIC CENTER,AKRON,OH,44310,Acute Care Hospitals,Proprietary,No,5
360352,SURGICAL HOSPITAL AT SOUTHWOODS,YOUNGSTOWN,OH,44512,Acute Care Hospitals,Proprietary,No,4
360354,WEST CHESTER HOSPITAL,WEST CHESTER,OH,45069,Acute Care Hospitals,Voluntary non-profit - Private,Yes,3
360355,OHIO VALLEY SURGICAL HOSPITAL,SPRINGFIELD,OH,45502,Acute Care Hospitals,Voluntary non-profit - Private,No,Not Available
360358,DILEY RIDGE MEDICAL CENTER,CANAL WINCHESTER,OH,43110,Acute Care Hospitals,Voluntary non-profit - Private,Yes,Not Available
360359,UNIVERSITY HOSPITALS AHUJA MEDICAL CENTER,BEACHWOOD,OH,44122,Acute Care Hospitals,Voluntary non-profit - Private,Yes,3
360360,SOIN MEDICAL CENTER,BEAVER CREEK,OH,45431,Acute Care Hospitals,Voluntary non-profit - Private,Yes,4
360361,KINGS DAUGHTERS MEDICAL CENTER OHIO,PORTSMOUTH,OH,45662,Acute Care Hospitals,Voluntary non-profit - Private,Yes,Not Available
360364,CLEVELAND CLINIC AVON HOSPITAL,AVON,OH,44011,Acute Care Hospitals,Voluntary non-profit - Private,Yes,5
360365,AVITA ONTARIO,ONTARIO,OH,44906,Acute Care Hospitals,Voluntary non-profit - Private,Yes,3
360367,LAKE HEALTH BEACHWOOD MEDICAL CENTER,BEACHWOOD,OH,44122,Acute Care Hospitals,Proprietary,Yes,Not Available
360368,KETTERING HEALTH TROY,TROY,OH,45373,Acute Care Hospitals,Voluntary non-profit - Private,Yes,4
360374,MERCY HEALTH KINGS MILLS HOSPITAL LLC,MASON,OH,45040,Acute Care Hospitals,Voluntary non-profit - Private,Yes,Not Available
360375,MOUNT CARMEL DUBLIN,DUBLIN,OH,43016,Acute Care Hospitals,Voluntary non-profit - Church,Yes,Not Available
361300,PAULDING COUNTY HOSPITAL,PAULDING,OH,45879,Critical Access Hospitals,Government - Local,Yes,Not Available
361302,TWIN CITY MEDICAL CENTER,DENNISON,OH,44621,Critical Access Hospitals,Voluntary non-profit - Church,Yes,Not Available
361303,LODI COMMUNITY HOSPITAL,LODI,OH,44254,Critical Access Hospitals,Voluntary non-profit - Private,Yes,Not Available
361304,GREENFIELD AREA MEDICAL CENTER,GREENFIELD,OH,45123,Critical Access Hospitals,Voluntary non-profit - Private,Yes,Not Available
361306,MERCY ALLEN HOSPITAL,OBERLIN,OH,44074,Critical Access Hospitals,Voluntary non-profit - Private,Yes,5
361307,UHHS MEMORIAL HOSPITAL OF GENEVA,GENEVA,OH,44041,Critical Access Hospitals,Voluntary non-profit - Private,Yes,3
361308,UNIVERSITY HOSPITALS CONNEAUT MEDICAL CENTER,CONNEAUT,OH,44030,Critical Access Hospitals,Voluntary non-profit - Other,Yes,Not Available
361309,"HENRY COUNTY HOSPITAL, INC",NAPOLEON,OH,43545,Critical Access Hospitals,Voluntary non-profit - Private,Yes,3
361310,MERCY HEALTH - WILLARD HOSPITAL,WILLARD,OH,44890,Critical Access Hospitals,Voluntary non-profit - Private,Yes,Not Available
361311,HARRISON COMMUNITY HOSPITAL,CADIZ,OH,43907,Critical Access Hospitals,Voluntary non-profit - Private,Yes,Not Available
361312,MERCY HEALTH - URBANA HOSPITAL,URBANA,OH,43078,Critical Access Hospitals,Voluntary non-profit - Private,Yes,5
361313,OHIOHEALTH MORROW COUNTY HOSPITAL,MOUNT GILEAD,OH,43338,Critical Access Hospitals,Government - Local,Yes,Not Available
361314,MAGRUDER HOSPITAL,PORT CLINTON,OH,43452,Critical Access Hospitals,Voluntary non-profit - Private,Yes,Not Available
361315,HARDIN MEMORIAL HOSPITAL,KENTON,OH,43326,Critical Access Hospitals,Voluntary non-profit - Private,Yes,Not Available
361316,BUCYRUS COMMUNITY HOSPITAL,BUCYRUS,OH,44820,Critical Access Hospitals,Voluntary non-profit - Other,Yes,Not Available
361318,FOSTORIA COMMUNITY HOSPITAL,FOSTORIA,OH,44830,Critical Access Hospitals,Voluntary non-profit - Private,No,3
361319,SELBY GENERAL HOSPITAL,MARIETTA,OH,45750,Critical Access Hospitals,Voluntary non-profit - Private,Yes,Not Available
361320,HOLZER MEDICAL CENTER JACKSON,JACKSON,OH,45640,Critical Access Hospitals,Voluntary non-profit - Private,Yes,5
361321,"BARNESVILLE HOSPITAL ASSOCIATION, INC",BARNESVILLE,OH,43713,Critical Access Hospitals,Voluntary non-profit - Private,Yes,Not Available
361322,BLUFFTON HOSPITAL,BLUFFTON,OH,45817,Critical Access Hospitals,Voluntary non-profit - Private,Yes,Not Available
361323,AULTMAN ORRVILLE HOSPITAL,ORRVILLE,OH,44667,Critical Access Hospitals,Voluntary non-profit - Private,Yes,Not Available
361324,OHIOHEALTH SHELBY HOSPITAL,SHELBY,OH,44875,Critical Access Hospitals,Voluntary non-profit - Private,Yes,Not Available
361325,GALION COMMUNITY HOSPITAL,GALION,OH,44833,Critical Access Hospitals,Voluntary non-profit - Church,No,Not Available
361326,ADAMS COUNTY REGIONAL MEDICAL CENTER,SEAMAN,OH,45679,Critical Access Hospitals,Government - Local,Yes,2
361327,COMMUNITY HOSPITALS AND WELLNESS CENTERS,MONTPELIER,OH,43543,Critical Access Hospitals,Voluntary non-profit - Private,Yes,Not Available
361328,PROMEDICA DEFIANCE REGIONAL HOSPITAL,DEFIANCE,OH,43512,Critical Access Hospitals,Voluntary non-profit - Private,Yes,4
361329,WYANDOT MEMORIAL HOSPITAL,UPPER SANDUSKY,OH,43351,Critical Access Hospitals,Government - Hospital District or Authority,Yes,4
361330,HOCKING VALLEY COMMUNITY HOSPITAL,LOGAN,OH,43138,Critical Access Hospitals,Voluntary non-profit - Other,Yes,Not Available
361331,ADENA FAYETTE MEDICAL CENTER,WASHINGTON CH,OH,43160,Critical Access Hospitals,Government - Local,Yes,3
361332,HIGHLAND DISTRICT HOSPITAL,HILLSBORO,OH,45133,Critical Access Hospitals,Government - Hospital District or Authority,Yes,3
361333,FULTON COUNTY HEALTH CENTER,WAUSEON,OH,43567,Critical Access Hospitals,Voluntary non-profit - Private,Yes,3
361334,ADENA PIKE MEDICAL CENTER,WAVERLY,OH,45690,Critical Access Hospitals,Voluntary non-profit - Private,Yes,Not Available
361335,WAYNE HOSPITAL,GREENVILLE,OH,45331,Critical Access Hospitals,Voluntary non-profit - Private,Yes,Not Available
363300,CINCINNATI CHILDREN'S HOSPITAL MEDICAL CENTER,CINCINNATI,OH,45229,Childrens,Voluntary non-profit - Private,Yes,Not Available
363302,RAINBOW BABIES AND CHILDRENS HOSPITAL,CLEVELAND,OH,44106,Childrens,Voluntary non-profit - Other,No,Not Available
363303,AKRON CHILDREN'S HOSPITAL,AKRON,OH,44308,Childrens,Voluntary non-profit - Private,No,Not Available
363304,CLEVELAND CLINIC CHILDREN'S HOSPITAL FOR REHAB,CLEVELAND,OH,44104,Childrens,Voluntary non-profit - Private,No,Not Available
363305,NATIONWIDE CHILDREN'S HOSPITAL,COLUMBUS,OH,43205,Childrens,Voluntary non-profit - Private,Yes,Not Available
363306,DAYTON CHILDRENS HOSPITAL,DAYTON,OH,45404,Childrens,Voluntary non-profit - Private,Yes,Not Available
363308,SHRINERS HOSPITALS FOR CHILDREN,DAYTON,OH,45404,Childrens,Voluntary non-profit - Private,No,Not Available
363309,"NATIONWIDE CHILDREN'S HOSPITAL TOLEDO, LLC",TOLEDO,OH,43608,Childrens,Voluntary non-profit - Private,No,Not Available
364007,TWIN VALLEY BEHAVIORAL HEALTHCARE,COLUMBUS,OH,43223,Psychiatric,Government - Local,Yes,Not Available
364011,NORTHCOAST BEHAVIORAL HEALTHCARE NORTHFIELD CAMPUS,NORTHFIELD,OH,44067,Psychiatric,Government - State,No,Not Available
364014,NORTHWEST OHIO PSYCHIATRIC HOSPITAL,TOLEDO,OH,43614,Psychiatric,Government - State,Yes,Not Available
364015,APPALACHIAN BEHAVIORAL HEALTH CARE,ATHENS,OH,45701,Psychiatric,Proprietary,No,Not Available
364029,WINDSOR LAURELWOOD CENTER FOR BEHAVORIAL MEDICINE,WILLOUGHBY,OH,44094,Psychiatric,Proprietary,No,Not Available
364031,HEARTLAND BEHAVIORAL HEALTHCARE,MASSILLON,OH,44648,Psychiatric,Government - State,No,Not Available
364035,SUMMIT BEHAVIORAL HEALTHCARE,CINCINNATI,OH,45237,Psychiatric,Government - State,No,Not Available
364036,ARROWHEAD BEHAVIORAL HEALTH,MAUMEE,OH,43537,Psychiatric,Proprietary,No,Not Available
364038,BELMONT PINES HOSPITAL,YOUNGSTOWN,OH,44505,Psychiatric,Proprietary,No,Not Available
364040,MENTAL HEALTH SERVICES FOR CLARK AND MADISON COS,SPRINGFIELD,OH,45504,Psychiatric,Proprietary,No,Not Available
364041,OHIO HOSPITAL FOR PSYCHIATRY,COLUMBUS,OH,43223,Psychiatric,Proprietary,No,Not Available
364044,LINDNER CENTER OF HOPE,MASON,OH,45040,Psychiatric,Voluntary non-profit - Private,No,Not Available
364047,RIDGEVIEW HOSPITAL,MIDDLE POINT,OH,45863,Psychiatric,Proprietary,Yes,Not Available
364048,HAVEN BEHAVIORAL HOSPITAL OF DAYTON,DAYTON,OH,45417,Psychiatric,Proprietary,No,Not Available
364049,DUBLIN SPRINGS,DUBLIN,OH,43016,Psychiatric,Proprietary,No,Not Available
364050,"ACCESS HOSPITAL DAYTON, LLC",DAYTON,OH,45420,Psychiatric,Voluntary non-profit - Private,No,Not Available
364051,BECKETT SPRINGS,WEST CHESTER,OH,45069,Psychiatric,Proprietary,No,Not Available
364052,CLEAR VISTA HEALTH & WELLNESS,LORAIN,OH,44053,Psychiatric,Proprietary,No,Not Available
364053,HIGHLAND SPRINGS,BEACHWOOD,OH,44122,Psychiatric,Proprietary,No,Not Available
364054,GENERATIONS BEHAVIORAL HEALTH - GENEVA,GENEVA,OH,44041,Psychiatric,Proprietary,No,Not Available
364055,SOJOURN AT SENECA SENIOR BEHAVIORAL HEALTH HOSPITA,TIFFIN,OH,44883,Psychiatric,Voluntary non-profit - Private,No,Not Available
364056,ASSURANCE HEALTH CINCINNATI LLC,CINCINNATI,OH,45242,Psychiatric,Voluntary non-profit - Private,Yes,Not Available
364057,BLUERIDGE VISTA HEALTH AND WELLNESS,CINCINNATI,OH,45213,Psychiatric,Proprietary,No,Not Available
364058,SUN BEHAVIORAL COLUMBUS,COLUMBUS,OH,43229,Psychiatric,Voluntary non-profit - Private,No,Not Available
364059,ASSURANCE HEALTH HUDSON LLC,HUDSON,OH,44236,Psychiatric,Proprietary,No,Not Available
364060,GENERATIONS BEHAVIORAL HEALTH-YOUNGSTOWN LLC,YOUNGSTOWN,OH,44504,Psychiatric,Proprietary,No,Not Available
364061,RIVER VISTA HEALTH AND WELLNESS LLC,COLUMBUS,OH,43209,Psychiatric,Proprietary,No,Not Available
364062,MOUNT CARMEL BEHAVIORAL HEALTH,COLUMBUS,OH,43232,Psychiatric,Proprietary,No,Not Available
364063,GEORGETOWN BEHAVIORAL HOSPITAL,GEORGETOWN,OH,45121,Psychiatric,Proprietary,No,Not Available
364064,SUNRISE VISTA HEALTH AND WELLNESS,CANTON,OH,44714,Psychiatric,Proprietary,No,Not Available
364065,GLENWOOD BEHAVIORAL HEALTH HOSPITAL,CINCINNATI,OH,45239,Psychiatric,Proprietary,No,Not Available
364066,ASSURANCE HEALTH TOLEDO LLC,SYLVANIA,OH,43560,Psychiatric,Proprietary,No,Not Available
370001,HILLCREST MEDICAL CENTER,TULSA,OK,74104,Acute Care Hospitals,Proprietary,Yes,3
370002,ALLIANCEHEALTH WOODWARD,WOODWARD,OK,73801,Acute Care Hospitals,Proprietary,Yes,2
370004,INTEGRIS MIAMI HOSPITAL,MIAMI,OK,74355,Acute Care Hospitals,Voluntary non-profit - Other,Yes,Not Available
370006,INTEGRIS HEALTH PONCA CITY,PONCA CITY,OK,74601,Acute Care Hospitals,Voluntary non-profit - Other,Yes,3
370008,NORMAN REGIONAL,NORMAN,OK,73072,Acute Care Hospitals,Government - Hospital District or Authority,Yes,3
370013,"MERCY HOSPITAL OKLAHOMA CITY, INC",OKLAHOMA CITY,OK,73120,Acute Care Hospitals,Voluntary non-profit - Church,Yes,4
370014,ALLIANCEHEALTH DURANT,DURANT,OK,74702,Acute Care Hospitals,Proprietary,Yes,1
370015,HILLCREST HOSPITAL PRYOR,PRYOR,OK,74361,Acute Care Hospitals,Proprietary,Yes,Not Available
370016,INTEGRIS HEALTH ENID HOSPITAL,ENID,OK,73701,Acute Care Hospitals,Voluntary non-profit - Private,Yes,4
370018,ASCENSION ST JOHN JANE PHILLIPS,BARTLESVILLE,OK,74006,Acute Care Hospitals,Voluntary non-profit - Private,Yes,3
370019,GREAT PLAINS REGIONAL MEDICAL CENTER,ELK CITY,OK,73644,Acute Care Hospitals,Voluntary non-profit - Private,Yes,2
370020,MERCY HOSPITAL ADA,ADA,OK,74820,Acute Care Hospitals,Voluntary non-profit - Private,Yes,4
370022,JACKSON COUNTY MEMORIAL HOSPITAL AUTHORITY,ALTUS,OK,73521,Acute Care Hospitals,Government - Hospital District or Authority,Yes,4
370023,"DUNCAN REGIONAL HOSPITAL, INC",DUNCAN,OK,73533,Acute Care Hospitals,Voluntary non-profit - Private,Yes,4
370025,SAINT FRANCIS HOSPITAL MUSKOGEE,MUSKOGEE,OK,74401,Acute Care Hospitals,Voluntary non-profit - Private,Yes,4
370026,ST MARY'S REGIONAL MEDICAL CENTER,ENID,OK,73701,Acute Care Hospitals,Proprietary,Yes,4
370028,"INTEGRIS BAPTIST MEDICAL CENTER, INC",OKLAHOMA CITY,OK,73112,Acute Care Hospitals,Voluntary non-profit - Private,Yes,3
370034,MCALESTER REGIONAL HEALTH CENTER,MCALESTER,OK,74501,Acute Care Hospitals,Government - Hospital District or Authority,Yes,3
370037,SSM HEALTH ST ANTHONY HOSPITAL - OKLAHOMA CITY,OKLAHOMA CITY,OK,73101,Acute Care Hospitals,Voluntary non-profit - Church,Yes,3
370039,HILLCREST HOSPITAL CLAREMORE,CLAREMORE,OK,74017,Acute Care Hospitals,Proprietary,Yes,3
370047,"MERCY HOSPITAL ARDMORE, INC",ARDMORE,OK,73401,Acute Care Hospitals,Voluntary non-profit - Church,Yes,4
370049,STILLWATER MEDICAL CENTER,STILLWATER,OK,74076,Acute Care Hospitals,Government - Hospital District or Authority,Yes,4
370054,GRADY MEMORIAL HOSPITAL,CHICKASHA,OK,73018,Acute Care Hospitals,Government - Hospital District or Authority,Yes,3
370056,COMANCHE COUNTY MEMORIAL HOSPITAL,LAWTON,OK,73505,Acute Care Hospitals,Government - Hospital District or Authority,Yes,1
370057,MUSCOGEE (CREEK) NATION MEDICAL CENTER,OKMULGEE,OK,74447,Acute Care Hospitals,Tribal,Yes,Not Available
370078,OKLAHOMA STATE UNIVERSITY MEDICAL CENTER,TULSA,OK,74127,Acute Care Hospitals,Voluntary non-profit - Other,Yes,2
370083,PUSHMATAHA HOSPITAL,ANTLERS,OK,74523,Acute Care Hospitals,Government - Hospital District or Authority,Yes,Not Available
370089,NORTHEASTERN HEALTH SYSTEM,TAHLEQUAH,OK,74465,Acute Care Hospitals,Government - Hospital District or Authority,Yes,2
370091,"SAINT FRANCIS HOSPITAL, INC",TULSA,OK,74136,Acute Care Hospitals,Voluntary non-profit - Private,Yes,4
370093,O U MEDICAL CENTER,OKLAHOMA CITY,OK,73104,Acute Care Hospitals,Voluntary non-profit - Private,Yes,2
370094,SSM HEALTH ST ANTHONY HOSPITAL - MIDWEST,MIDWEST CITY,OK,73110,Acute Care Hospitals,Voluntary non-profit - Private,Yes,2
370097,SOUTHWESTERN MEDICAL CENTER,LAWTON,OK,73505,Acute Care Hospitals,Proprietary,Yes,3
370099,HILLCREST HOSPITAL CUSHING,CUSHING,OK,74023,Acute Care Hospitals,Proprietary,Yes,Not Available
370100,CHOCTAW MEMORIAL HOSPITAL,HUGO,OK,74743,Acute Care Hospitals,Government - Hospital District or Authority,Yes,2
370106,INTEGRIS SOUTHWEST MEDICAL CENTER,OKLAHOMA CITY,OK,73109,Acute Care Hospitals,Voluntary non-profit - Private,Yes,3
370112,SEQUOYAH COUNTY-CITY OF SALLISAW HOSPITAL AUTHORIT,SALLISAW,OK,74955,Acute Care Hospitals,Government - Local,Yes,Not Available
370113,INTEGRIS GROVE HOSPITAL,GROVE,OK,74344,Acute Care Hospitals,Voluntary non-profit - Private,Yes,3
370114,ASCENSION ST JOHN MEDICAL CENTER,TULSA,OK,74104,Acute Care Hospitals,Voluntary non-profit - Private,Yes,2
37012F,MUSKOGEE VA MEDICAL CENTER,MUSKOGEE,OK,74401,Acute Care - Veterans Administration,Veterans Health Administration,Yes,5
370149,SSM HEALTH ST ANTHONY HOSPITAL - SHAWNEE,SHAWNEE,OK,74801,Acute Care Hospitals,Voluntary non-profit - Private,Yes,3
37014F,OKLAHOMA CITY VA MEDICAL CENTER,OKLAHOMA CITY,OK,73104,Acute Care - Veterans Administration,Veterans Health Administration,Yes,2
370158,PURCELL MUNICIPAL HOSPITAL,PURCELL,OK,73080,Acute Care Hospitals,Government - Local,Yes,Not Available
370166,WAGONER COMMUNITY HOSPITAL,WAGONER,OK,74467,Acute Care Hospitals,Government - Hospital District or Authority,Yes,Not Available
370170,LAWTON INDIAN HOSPITAL,LAWTON,OK,73507,Acute Care Hospitals,Government - Federal,Yes,Not Available
370171,CHEROKEE NATION W W HASTINGS INDIAN HOSPITAL,TAHLEQUAH,OK,74464,Acute Care Hospitals,Voluntary non-profit - Other,Yes,3
370172,CHOCTAW NATION HEALTH SERVICES AUTHORITY,TALIHINA,OK,74571,Acute Care Hospitals,Tribal,Yes,Not Available
370173,CLAREMORE INDIAN HOSPITAL,CLAREMORE,OK,74017,Acute Care Hospitals,Government - Federal,Yes,Not Available
370178,MEMORIAL HOSPITAL,STILWELL,OK,74960,Acute Care Hospitals,Voluntary non-profit - Private,Yes,4
370180,CHICKASAW NATION MEDICAL CENTER,ADA,OK,74820,Acute Care Hospitals,Voluntary non-profit - Other,Yes,5
370183,HILLCREST HOSPITAL HENRYETTA,HENRYETTA,OK,74437,Acute Care Hospitals,Proprietary,Yes,Not Available
370192,NORTHWEST SURGICAL HOSPITAL,OKLAHOMA CITY,OK,73120,Acute Care Hospitals,Physician,Yes,Not Available
370199,"LAKESIDE WOMEN'S HOSPITAL, A MEMBER OF INTEGRIS HE",OKLAHOMA CITY,OK,73120,Acute Care Hospitals,Voluntary non-profit - Private,Yes,Not Available
370201,SURGICAL HOSPITAL OF OKLAHOMA,OKLAHOMA CITY,OK,73129,Acute Care Hospitals,Physician,Yes,Not Available
370202,HILLCREST HOSPITAL SOUTH,TULSA,OK,74133,Acute Care Hospitals,Proprietary,Yes,4
370203,"COMMUNITY HOSPITAL, LLC",OKLAHOMA CITY,OK,73159,Acute Care Hospitals,Physician,Yes,4
370206,OKLAHOMA SPINE HOSPITAL,OKLAHOMA CITY,OK,73134,Acute Care Hospitals,Physician,Yes,Not Available
370210,"OKLAHOMA SURGICAL HOSPITAL, LLC",TULSA,OK,74137,Acute Care Hospitals,Physician,Yes,4
370211,INTEGRIS CANADIAN VALLEY HOSPITAL,YUKON,OK,73099,Acute Care Hospitals,Voluntary non-profit - Private,Yes,3
370212,OKLAHOMA CENTER FOR ORTHOPAEDIC & MULTI-SP,OKLAHOMA CITY,OK,73139,Acute Care Hospitals,Physician,Yes,Not Available
370214,LINDSAY MUNICIPAL HOSPITAL,LINDSAY,OK,73052,Acute Care Hospitals,Government - Hospital District or Authority,Yes,Not Available
370215,"OKLAHOMA HEART HOSPITAL, LLC",OKLAHOMA CITY,OK,73120,Acute Care Hospitals,Physician,Yes,5
370216,TULSA SPINE & SPECIALTY HOSPITAL,TULSA,OK,74132,Acute Care Hospitals,Proprietary,Yes,Not Available
370218,"SAINT FRANCIS HOSPITAL SOUTH, LLC",TULSA,OK,74133,Acute Care Hospitals,Voluntary non-profit - Private,Yes,5
370220,ONECORE HEALTH,OKLAHOMA CITY,OK,73114,Acute Care Hospitals,Voluntary non-profit - Other,Yes,Not Available
370222,MCBRIDE ORTHOPEDIC HOSPITAL,OKLAHOMA CITY,OK,73114,Acute Care Hospitals,Physician,Yes,Not Available
370225,"SUMMIT MEDICAL CENTER, LLC",EDMOND,OK,73034,Acute Care Hospitals,Physician,Yes,Not Available
370227,ST JOHN OWASSO,OWASSO,OK,74055,Acute Care Hospitals,Voluntary non-profit - Private,Yes,Not Available
370228,"BAILEY MEDICAL CENTER, LLC",OWASSO,OK,74055,Acute Care Hospitals,Proprietary,Yes,4
370234,"OKLAHOMA HEART HOSPITAL SOUTH, LLC",OKLAHOMA CITY,OK,73135,Acute Care Hospitals,Physician,Yes,5
370235,ASCENSION ST JOHN BROKEN ARROW,BROKEN ARROW,OK,74012,Acute Care Hospitals,Voluntary non-profit - Private,Yes,5
370236,INTEGRIS HEALTH EDMOND HOSPITAL,EDMOND,OK,73034,Acute Care Hospitals,Voluntary non-profit - Private,Yes,4
370237,"SAINT FRANCIS HOSPITAL VINITA, INC",VINITA,OK,74301,Acute Care Hospitals,Voluntary non-profit - Private,Yes,4
370240,INTEGRIS COMMUNITY HOSPITAL - COUNCIL CROSSING,OKLAHOMA CITY,OK,73162,Acute Care Hospitals,Proprietary,No,Not Available
370243,VALLEY COMMUNITY HOSPITAL,PAULS VALLEY,OK,73075,Acute Care Hospitals,Proprietary,Yes,Not Available
370244,COUNCIL OAK COMPREHENSIVE HEALTHCARE,TULSA,OK,74133,Acute Care Hospitals,Tribal,No,Not Available
370245,CLINTON REGIONAL HOSPITAL,CLINTON,OK,73601,Acute Care Hospitals,Government - Local,Yes,Not Available
370246,CARRUS LAKESIDE HOSPITAL,BRISTOW,OK,74010,Acute Care Hospitals,Proprietary,Yes,Not Available
370247,EXCEPTIONAL COMMUNITY HOSPITAL ARDMORE,ARDMORE,OK,73401,Acute Care Hospitals,Proprietary,Yes,Not Available
370779,STILLWATER MEDICAL - PERRY,PERRY,OK,73077,Rural Emergency Hospital,Government - Hospital District or Authority,Yes,Not Available
370780,STILLWATER MEDICAL-BLACKWELL,BLACKWELL,OK,74631,Rural Emergency Hospital,Government - Hospital District or Authority,Yes,Not Available
370781,HARPER COUNTY COMMUNITY HOSPITAL,BUFFALO,OK,73834,Rural Emergency Hospital,Government - Local,Yes,Not Available
370783,ELKVIEW GENERAL HOSPITAL,HOBART,OK,73651,Rural Emergency Hospital,Government - Hospital District or Authority,Yes,Not Available
371300,ATOKA COUNTY MEDICAL CENTER,ATOKA,OK,74525,Critical Access Hospitals,Government - Local,Yes,Not Available
371301,PRAGUE REGIONAL MEMORIAL HOSPITAL,PRAGUE,OK,74864,Critical Access Hospitals,Government - Local,Yes,Not Available
371302,"MERCY HOSPITAL WATONGA, INC",WATONGA,OK,73772,Critical Access Hospitals,Proprietary,Yes,Not Available
371303,ROGER MILLS MEMORIAL HOSPITAL,CHEYENNE,OK,73628,Critical Access Hospitals,Voluntary non-profit - Private,Yes,Not Available
371304,MERCY HOSPITAL TISHOMINGO INC,TISHOMINGO,OK,73460,Critical Access Hospitals,Voluntary non-profit - Church,Yes,Not Available
371305,ASCENSION ST JOHN NOWATA,NOWATA,OK,74048,Critical Access Hospitals,Voluntary non-profit - Private,Yes,Not Available
371306,MERCY HOSPITAL MARIETTA,MARIETTA,OK,73448,Critical Access Hospitals,Government - Local,Yes,Not Available
371307,CIMARRON MEMORIAL HOSPITAL,BOISE CITY,OK,73933,Critical Access Hospitals,Government - Hospital District or Authority,Yes,Not Available
371309,"PAWHUSKA HOSPITAL, INC",PAWHUSKA,OK,74056,Critical Access Hospitals,Voluntary non-profit - Private,Yes,Not Available
371310,"MERCY HOSPITAL HEALDTON, INC.",HEALDTON,OK,73438,Critical Access Hospitals,Voluntary non-profit - Private,Yes,Not Available
371311,JEFFERSON COUNTY HOSPITAL,WAURIKA,OK,73573,Critical Access Hospitals,Voluntary non-profit - Private,Yes,Not Available
371312,ASCENSION ST JOHN SAPULPA,SAPULPA,OK,74066,Critical Access Hospitals,Voluntary non-profit - Private,Yes,Not Available
371313,"MERCY HOSPITAL KINGFISHER, INC",KINGFISHER,OK,73750,Critical Access Hospitals,Voluntary non-profit - Private,Yes,Not Available
371314,THE PHYSICIANS' HOSPITAL IN ANADARKO,ANADARKO,OK,73005,Critical Access Hospitals,Proprietary,Yes,Not Available
371316,RURAL WELLNESS STROUD HOSPITAL,STROUD,OK,74079,Critical Access Hospitals,Proprietary,Yes,Not Available
371317,MERCY HOSPITAL LOGAN COUNTY,GUTHRIE,OK,73044,Critical Access Hospitals,Voluntary non-profit - Private,Yes,Not Available
371318,RURAL WELLNESS FAIRFAX HOSPITAL,FAIRFAX,OK,74637,Critical Access Hospitals,Proprietary,Yes,Not Available
371319,"COAL COUNTY GENERAL HOSPITAL, INC.",COALGATE,OK,74538,Critical Access Hospitals,Voluntary non-profit - Private,Yes,Not Available
371320,CLEVELAND AREA HOSPITAL,CLEVELAND,OK,74020,Critical Access Hospitals,Government - Hospital District or Authority,Yes,Not Available
371321,HOLDENVILLE GENERAL HOSPITAL,HOLDENVILLE,OK,74848,Critical Access Hospitals,Government - Hospital District or Authority,Yes,Not Available
371322,BEAVER COUNTY MEMORIAL HOSPITAL,BEAVER,OK,73932,Critical Access Hospitals,Government - Hospital District or Authority,Yes,Not Available
371323,"WEATHERFORD REGIONAL HOSPITAL, INC OF WEATHERFORD",WEATHERFORD,OK,73096,Critical Access Hospitals,Government - Hospital District or Authority,Yes,Not Available
371325,CORDELL MEMORIAL HOSPITAL,CORDELL,OK,73632,Critical Access Hospitals,Government - Hospital District or Authority,Yes,Not Available
371326,ALLIANCEHEALTH MADILL,MADILL,OK,73446,Critical Access Hospitals,Voluntary non-profit - Other,Yes,Not Available
371327,OKEENE MUNICIPAL HOSPITAL,OKEENE,OK,73763,Critical Access Hospitals,Government - Local,Yes,Not Available
371328,ARBUCKLE MEMORIAL HOSPITAL,SULPHUR,OK,73086,Critical Access Hospitals,Government - Local,Yes,Not Available
371329,FAIRVIEW REGIONAL MEDICAL CENTER AUTHORITY,FAIRVIEW,OK,73737,Critical Access Hospitals,Government - Hospital District or Authority,Yes,Not Available
371330,MANGUM REGIONAL MEDICAL CENTER,MANGUM,OK,73554,Critical Access Hospitals,Government - Hospital District or Authority,Yes,Not Available
371331,DRUMRIGHT REGIONAL HOSPITAL,DRUMRIGHT,OK,74030,Critical Access Hospitals,Government - Local,Yes,Not Available
371332,SEILING MUNICIPAL HOSPITAL,SEILING,OK,73663,Critical Access Hospitals,Government - Hospital District or Authority,Yes,Not Available
371333,CREEK NATION COMMUNITY HOSPITAL,OKEMAH,OK,74859,Critical Access Hospitals,Tribal,Yes,Not Available
371334,CARNEGIE TRI-COUNTY MUNICIPAL HOSPITAL,CARNEGIE,OK,73015,Critical Access Hospitals,Government - Hospital District or Authority,Yes,Not Available
371335,"HASKELL REGIONAL HOSPITAL, INC",STIGLER,OK,74462,Critical Access Hospitals,Voluntary non-profit - Private,Yes,Not Available
371336,NEWMAN MEMORIAL HOSPITAL,SHATTUCK,OK,73858,Critical Access Hospitals,Government - Hospital District or Authority,Yes,Not Available
371337,EASTERN OKLAHOMA MEDICAL CENTER,POTEAU,OK,74953,Critical Access Hospitals,Government - Local,Yes,Not Available
371338,HARMON MEMORIAL HOSPITAL,HOLLIS,OK,73550,Critical Access Hospitals,Voluntary non-profit - Other,Yes,Not Available
371340,MEMORIAL HOSPITAL OF TEXAS COUNTY AUTHORITY,GUYMON,OK,73942,Critical Access Hospitals,Government - Hospital District or Authority,Yes,Not Available
371341,SHARE MEDICAL CENTER,ALVA,OK,73717,Critical Access Hospitals,Government - Hospital District or Authority,Yes,Not Available
371342,MCCURTAIN MEMORIAL HOSPITAL,IDABEL,OK,74745,Critical Access Hospitals,Voluntary non-profit - Private,Yes,2
373300,J D MCCARTY CENTER FOR CHILDREN,NORMAN,OK,73071,Childrens,Government - State,No,Not Available
373303,"THE CHILDREN'S CENTER, INC",BETHANY,OK,73008,Childrens,Voluntary non-profit - Private,Yes,Not Available
374000,GRIFFIN MEMORIAL HOSPITAL,NORMAN,OK,73070,Psychiatric,Government - State,No,Not Available
374001,NORTHWEST CENTER FOR BEHAVIORAL HEALTH (NCBH),FORT SUPPLY,OK,73841,Psychiatric,Government - State,No,Not Available
374006,CARL ALBERT COMMUNITY MENTAL HEALTH CENTER,MCALESTER,OK,74501,Psychiatric,Government - State,No,Not Available
374008,JIM TALIAFERRO COMM MENTAL HEALTH CTR,LAWTON,OK,73505,Psychiatric,Government - State,No,Not Available
374012,"BROOKHAVEN HOSPITAL, LLC",TULSA,OK,74128,Psychiatric,Proprietary,No,Not Available
374016,"ROLLING HILLS HOSPITAL, LLC",ADA,OK,74820,Psychiatric,Proprietary,No,Not Available
374020,"LAUREATE PSYCHIATRIC CLINIC AND HOSPITAL, INC",TULSA,OK,74136,Psychiatric,Voluntary non-profit - Private,No,Not Available
374021,"PARKSIDE, INC",TULSA,OK,74120,Psychiatric,Voluntary non-profit - Private,No,Not Available
374023,CEDAR RIDGE BEHAVIORAL HOSPITAL,OKLAHOMA CITY,OK,73141,Psychiatric,Proprietary,No,Not Available
374025,"OAKWOOD SPRINGS, LLC",OKLAHOMA CITY,OK,73114,Psychiatric,Proprietary,No,Not Available
374026,TULSA CENTER FOR BEHAVIORAL HEALTH,TULSA,OK,74114,Psychiatric,Government - State,No,Not Available
374027,BEHAVIORAL HEALTH CENTER AT PORTER HEALTH VILLAGE,NORMAN,OK,73071,Psychiatric,Proprietary,Yes,Not Available
380001,MID-COLUMBIA MEDICAL CENTER,THE DALLES,OR,97058,Acute Care Hospitals,Voluntary non-profit - Other,Yes,3
380002,ASANTE THREE RIVERS MEDICAL CENTER,GRANTS PASS,OR,97527,Acute Care Hospitals,Voluntary non-profit - Other,Yes,5
380004,PROVIDENCE ST VINCENT MEDICAL CENTER,PORTLAND,OR,97225,Acute Care Hospitals,Voluntary non-profit - Private,Yes,4
380005,ASANTE ASHLAND COMMUNITY HOSPITAL,ASHLAND,OR,97520,Acute Care Hospitals,Government - Local,Yes,Not Available
380007,LEGACY EMANUEL MEDICAL CENTER,PORTLAND,OR,97227,Acute Care Hospitals,Voluntary non-profit - Private,Yes,3
380009,OHSU HOSPITAL AND CLINICS,PORTLAND,OR,97239,Acute Care Hospitals,Voluntary non-profit - Other,Yes,3
380014,GOOD SAMARITAN REGIONAL MEDICAL CENTER,CORVALLIS,OR,97339,Acute Care Hospitals,Voluntary non-profit - Private,Yes,3
380017,LEGACY GOOD SAMARITAN MEDICAL CENTER,PORTLAND,OR,97210,Acute Care Hospitals,Voluntary non-profit - Private,Yes,4
380018,ASANTE ROGUE REGIONAL MEDICAL CENTER,MEDFORD,OR,97504,Acute Care Hospitals,Voluntary non-profit - Private,Yes,4
380020,MCKENZIE-WILLAMETTE MEDICAL CENTER,SPRINGFIELD,OR,97477,Acute Care Hospitals,Voluntary non-profit - Private,Yes,4
380021,HILLSBORO MEDICAL CENTER,HILLSBORO,OR,97123,Acute Care Hospitals,Voluntary non-profit - Private,Yes,2
380022,SAMARITAN ALBANY GENERAL HOSPITAL,ALBANY,OR,97321,Acute Care Hospitals,Voluntary non-profit - Church,Yes,3
380025,LEGACY MOUNT HOOD MEDICAL CENTER,GRESHAM,OR,97030,Acute Care Hospitals,Voluntary non-profit - Private,Yes,3
380027,MERCY MEDICAL CENTER,ROSEBURG,OR,97471,Acute Care Hospitals,Government - Hospital District or Authority,Yes,4
380029,LEGACY SILVERTON MEDICAL CENTER,SILVERTON,OR,97381,Acute Care Hospitals,Voluntary non-profit - Private,Yes,Not Available
380037,PROVIDENCE NEWBERG MEDICAL CENTER,NEWBERG,OR,97132,Acute Care Hospitals,Voluntary non-profit - Church,Yes,3
380038,PROVIDENCE WILLAMETTE FALLS MEDICAL CENTER,OREGON CITY,OR,97045,Acute Care Hospitals,Voluntary non-profit - Private,Yes,4
38003F,PORTLAND VA MEDICAL CENTER,PORTLAND,OR,97239,Acute Care - Veterans Administration,Veterans Health Administration,Yes,5
380047,ST CHARLES MEDICAL CENTER - BEND,BEND,OR,97701,Acute Care Hospitals,Voluntary non-profit - Private,Yes,4
38004F,VA ROSEBURG HEALTHCARE SYSTEM,ROSEBURG,OR,97471,Acute Care - Veterans Administration,Veterans Health Administration,Yes,Not Available
380050,SKY LAKES MEDICAL CENTER,KLAMATH FALLS,OR,97601,Acute Care Hospitals,Voluntary non-profit - Private,Yes,3
380051,SALEM HOSPITAL,SALEM,OR,97301,Acute Care Hospitals,Voluntary non-profit - Other,Yes,3
380052,SAINT ALPHONSUS MEDICAL CENTER ONTARIO,ONTARIO,OR,97914,Acute Care Hospitals,Voluntary non-profit - Church,Yes,3
380056,SANTIAM HOSPITAL & CLINICS,STAYTON,OR,97383,Acute Care Hospitals,Voluntary non-profit - Private,Yes,2
380060,ADVENTIST HEALTH PORTLAND,PORTLAND,OR,97216,Acute Care Hospitals,Voluntary non-profit - Church,Yes,4
380061,PROVIDENCE PORTLAND MEDICAL CENTER,PORTLAND,OR,97213,Acute Care Hospitals,Voluntary non-profit - Private,Yes,4
380071,WILLAMETTE VALLEY MEDICAL CENTER,MCMINNVILLE,OR,97128,Acute Care Hospitals,Voluntary non-profit - Private,Yes,2
380075,PROVIDENCE MEDFORD MEDICAL CENTER,MEDFORD,OR,97504,Acute Care Hospitals,Voluntary non-profit - Church,Yes,3
380082,PROVIDENCE MILWAUKIE HOSPITAL,MILWAUKIE,OR,97222,Acute Care Hospitals,Voluntary non-profit - Church,No,3
380089,LEGACY MERIDIAN PARK MEDICAL CENTER,TUALATIN,OR,97062,Acute Care Hospitals,Voluntary non-profit - Private,Yes,2
380090,BAY AREA HOSPITAL,COOS BAY,OR,97420,Acute Care Hospitals,Government - Hospital District or Authority,Yes,2
380091,KAISER SUNNYSIDE MEDICAL CENTER,CLACKAMAS,OR,97015,Acute Care Hospitals,Voluntary non-profit - Other,Yes,4
380102,SACRED HEART MEDICAL CENTER - RIVERBEND,SPRINGFIELD,OR,97477,Acute Care Hospitals,Voluntary non-profit - Private,Yes,4
380103,KAISER FOUNDATION HOSPITAL WESTSIDE,HILLSBORO,OR,97124,Acute Care Hospitals,Voluntary non-profit - Private,Yes,3
381301,PEACEHEALTH COTTAGE GROVE COMMUNITY MEDICAL CENTER,COTTAGE GROVE,OR,97424,Critical Access Hospitals,Voluntary non-profit - Church,Yes,Not Available
381302,SAMARITAN NORTH LINCOLN HOSPITAL,LINCOLN CITY,OR,97367,Critical Access Hospitals,Voluntary non-profit - Private,Yes,3
381303,PROVIDENCE SEASIDE HOSPITAL,SEASIDE,OR,97138,Critical Access Hospitals,Voluntary non-profit - Church,Yes,Not Available
381304,SOUTHERN COOS HOSPITAL & HEALTH CENTER,BANDON,OR,97411,Critical Access Hospitals,Government - Hospital District or Authority,Yes,Not Available
381305,BLUE MOUNTAIN HOSPITAL,JOHN DAY,OR,97845,Critical Access Hospitals,Government - Hospital District or Authority,Yes,Not Available
381306,WALLOWA MEMORIAL HOSPITAL,ENTERPRISE,OR,97828,Critical Access Hospitals,Government - Hospital District or Authority,Yes,Not Available
381307,HARNEY DISTRICT HOSPITAL,BURNS,OR,97720,Critical Access Hospitals,Government - Hospital District or Authority,Yes,Not Available
381308,SALEM HEALTH WEST VALLEY HOSPITAL,DALLAS,OR,97338,Critical Access Hospitals,Voluntary non-profit - Private,Yes,Not Available
381309,LAKE DISTRICT HOSPITAL,LAKEVIEW,OR,97630,Critical Access Hospitals,Government - Hospital District or Authority,Yes,Not Available
381310,PIONEER MEMORIAL HOSPITAL (HEPPNER),HEPPNER,OR,97836,Critical Access Hospitals,Government - Hospital District or Authority,Yes,Not Available
381311,LOWER UMPQUA HOSPITAL DISTRICT,REEDSPORT,OR,97467,Critical Access Hospitals,Government - Hospital District or Authority,Yes,Not Available
381312,COQUILLE VALLEY HOSPITAL,COQUILLE,OR,97423,Critical Access Hospitals,Government - Hospital District or Authority,Yes,Not Available
381313,ST CHARLES MEDICAL CENTER PRINEVILLE,PRINEVILLE,OR,97754,Critical Access Hospitals,Voluntary non-profit - Private,Yes,Not Available
381314,SAMARITAN PACIFIC COMMUNITY HOSPITAL,NEWPORT,OR,97365,Critical Access Hospitals,Voluntary non-profit - Private,Yes,2
381315,ST. ALPHONSUS MEDICAL CENTER - BAKER CITY,BAKER CITY,OR,97814,Critical Access Hospitals,Voluntary non-profit - Church,Yes,Not Available
381316,PEACE HARBOR MEDICAL CENTER,FLORENCE,OR,97439,Critical Access Hospitals,Voluntary non-profit - Church,Yes,Not Available
381317,ADVENTIST HEALTH TILLAMOOK,TILLAMOOK,OR,97141,Critical Access Hospitals,Voluntary non-profit - Church,Yes,4
381318,PROVIDENCE HOOD RIVER MEMORIAL HOSPITAL,HOOD RIVER,OR,97031,Critical Access Hospitals,Voluntary non-profit - Church,Yes,4
381319,ST ANTHONY HOSPITAL,PENDLETON,OR,97801,Critical Access Hospitals,Voluntary non-profit - Church,Yes,3
381320,COLUMBIA MEMORIAL HOSPITAL,ASTORIA,OR,97103,Critical Access Hospitals,Proprietary,Yes,Not Available
381321,GRANDE RONDE HOSPITAL,LA GRANDE,OR,97850,Critical Access Hospitals,Voluntary non-profit - Private,Yes,3
381322,CURRY GENERAL HOSPITAL,GOLD BEACH,OR,97444,Critical Access Hospitals,Government - Hospital District or Authority,Yes,2
381323,SAMARITAN LEBANON COMMUNITY HOSPITAL,LEBANON,OR,97355,Critical Access Hospitals,Voluntary non-profit - Church,Yes,1
381324,ST CHARLES MADRAS,MADRAS,OR,97741,Critical Access Hospitals,Voluntary non-profit - Private,Yes,Not Available
381325,GOOD SHEPHERD MEDICAL CENTER,HERMISTON,OR,97838,Critical Access Hospitals,Voluntary non-profit - Private,Yes,Not Available
383300,SHRINERS HOSPITAL FOR CHILDREN - PORTLAND,PORTLAND,OR,97239,Childrens,Voluntary non-profit - Private,No,Not Available
384008,OREGON STATE HOSPITAL DISTINCT PART,SALEM,OR,97310,Psychiatric,Government - State,No,Not Available
384012,CEDAR HILLS HOSPITAL,PORTLAND,OR,97225,Psychiatric,Proprietary,No,Not Available
390001,GEISINGER-COMMUNITY MEDICAL CENTER,SCRANTON,PA,18510,Acute Care Hospitals,Voluntary non-profit - Private,Yes,3
390002,UPMC MCKEESPORT HOSPITAL,MC KEESPORT,PA,15132,Acute Care Hospitals,Voluntary non-profit - Private,Yes,3
390003,GEISINGER-BLOOMSBURG HOSPITAL,BLOOMSBURG,PA,17815,Acute Care Hospitals,Voluntary non-profit - Private,Yes,4
390004,PENN STATE HEALTH HOLY SPIRIT MEDICAL CENTER,CAMP HILL,PA,17011,Acute Care Hospitals,Voluntary non-profit - Private,Yes,2
390006,GEISINGER MEDICAL CENTER,DANVILLE,PA,17822,Acute Care Hospitals,Voluntary non-profit - Private,Yes,4
390009,SAINT VINCENT HOSPITAL,ERIE,PA,16544,Acute Care Hospitals,Voluntary non-profit - Private,Yes,3
390012,JEFFERSON LANSDALE HOSPITAL,LANSDALE,PA,19446,Acute Care Hospitals,Voluntary non-profit - Private,Yes,2
390013,WELLSPAN EVANGELICAL COMMUNITY HOSPITAL,LEWISBURG,PA,17837,Acute Care Hospitals,Voluntary non-profit - Private,Yes,5
390016,UPMC JAMESON,NEW CASTLE,PA,16105,Acute Care Hospitals,Voluntary non-profit - Other,Yes,3
39001F,JAMES E. VAN ZANDT VA MEDICAL CENTER (ALTOONA),ALTOONA,PA,16602,Acute Care - Veterans Administration,Veterans Health Administration,No,4
390025,KENSINGTON HOSPITAL,PHILADELPHIA,PA,19122,Acute Care Hospitals,Voluntary non-profit - Other,No,Not Available
390026,TEMPLE HEALTH - CHESTNUT HILL HOSPITAL,PHILADELPHIA,PA,19118,Acute Care Hospitals,Voluntary non-profit - Private,Yes,2
390027,TEMPLE UNIVERSITY HOSPITAL,PHILADELPHIA,PA,19140,Acute Care Hospitals,Voluntary non-profit - Private,Yes,3
390028,UPMC MERCY,PITTSBURGH,PA,15219,Acute Care Hospitals,Voluntary non-profit - Private,Yes,3
390030,SCHUYLKILL MEDICAL CENTER - SOUTH JACKSON STREET,POTTSVILLE,PA,17901,Acute Care Hospitals,Voluntary non-profit - Private,Yes,3
390032,ALLEGHENY VALLEY HOSPITAL,NATRONA,PA,15065,Acute Care Hospitals,Voluntary non-profit - Private,Yes,4
390035,ST LUKE'S HOSPITAL - UPPER BUCKS CAMPUS,QUAKERTOWN,PA,18951,Acute Care Hospitals,Proprietary,Yes,4
390036,HERITAGE VALLEY BEAVER,BEAVER,PA,15009,Acute Care Hospitals,Voluntary non-profit - Private,Yes,3
390037,HERITAGE VALLEY SEWICKLEY,SEWICKLEY,PA,15143,Acute Care Hospitals,Voluntary non-profit - Private,Yes,4
390039,UPMC SOMERSET,SOMERSET,PA,15501,Acute Care Hospitals,Voluntary non-profit - Private,Yes,4
390041,UNIONTOWN HOSPITAL,UNIONTOWN,PA,15401,Acute Care Hospitals,Voluntary non-profit - Private,Yes,2
390042,"WASHINGTON HOSPITAL, THE",WASHINGTON,PA,15301,Acute Care Hospitals,Voluntary non-profit - Private,Yes,3
390044,READING HOSPITAL,WEST READING,PA,19611,Acute Care Hospitals,Voluntary non-profit - Private,Yes,3
390045,UPMC WILLIAMSPORT,WILLIAMSPORT,PA,17701,Acute Care Hospitals,Voluntary non-profit - Private,Yes,3
390046,WELLSPAN YORK HOSPITAL,YORK,PA,17403,Acute Care Hospitals,Voluntary non-profit - Private,Yes,4
390048,GEISINGER-LEWISTOWN HOSPITAL,LEWISTOWN,PA,17044,Acute Care Hospitals,Voluntary non-profit - Private,Yes,5
390049,ST LUKES HOSPITAL BETHLEHEM,BETHLEHEM,PA,18015,Acute Care Hospitals,Voluntary non-profit - Private,Yes,5
39004F,COATESVILLE VA MEDICAL CENTER,COATESVILLE,PA,19320,Acute Care - Veterans Administration,Veterans Health Administration,No,Not Available
390050,ALLEGHENY GENERAL HOSPITAL,PITTSBURGH,PA,15212,Acute Care Hospitals,Voluntary non-profit - Private,Yes,2
390056,PENN HIGHLANDS HUNTINGDON,HUNTINGDON,PA,16652,Acute Care Hospitals,Voluntary non-profit - Private,Yes,2
390057,ST LUKE'S HOSPITAL - GRAND VIEW CAMPUS,SELLERSVILLE,PA,18960,Acute Care Hospitals,Voluntary non-profit - Other,Yes,5
390058,UPMC CARLISLE,CARLISLE,PA,17015,Acute Care Hospitals,Voluntary non-profit - Private,Yes,3
39005F,ERIE VA MEDICAL CENTER,ERIE,PA,16504,Acute Care - Veterans Administration,Veterans Health Administration,No,Not Available
390062,CONEMAUGH NASON MEDICAL CENTER,ROARING SPRING,PA,16673,Acute Care Hospitals,Voluntary non-profit - Other,Yes,3
390063,UPMC HAMOT,ERIE,PA,16550,Acute Care Hospitals,Voluntary non-profit - Private,Yes,4
390065,GETTYSBURG HOSPITAL,GETTYSBURG,PA,17325,Acute Care Hospitals,Voluntary non-profit - Private,Yes,4
390066,WELLSPAN GOOD SAMARITAN HOSPITAL,LEBANON,PA,17042,Acute Care Hospitals,Voluntary non-profit - Private,Yes,5
390067,UPMC PINNACLE HOSPITALS,HARRISBURG,PA,17104,Acute Care Hospitals,Voluntary non-profit - Private,Yes,4
390068,UPMC LITITZ,LITITZ,PA,17543,Acute Care Hospitals,Voluntary non-profit - Other,Yes,3
39006F,LEBANON VA MEDICAL CENTER,LEBANON,PA,17042,Acute Care - Veterans Administration,Veterans Health Administration,Yes,5
390070,LOWER BUCKS HOSPITAL,BRISTOL,PA,19007,Acute Care Hospitals,Proprietary,Yes,3
390073,UPMC ALTOONA,ALTOONA,PA,16601,Acute Care Hospitals,Voluntary non-profit - Private,Yes,2
390079,ROBERT PACKER HOSPITAL,SAYRE,PA,18840,Acute Care Hospitals,Voluntary non-profit - Private,Yes,2
390086,PENN HIGHLANDS DUBOIS,DUBOIS,PA,15801,Acute Care Hospitals,Voluntary non-profit - Private,Yes,1
390090,WEST PENN HOSPITAL,PITTSBURGH,PA,15224,Acute Care Hospitals,Voluntary non-profit - Private,Yes,3
390091,UPMC NORTHWEST,SENECA,PA,16346,Acute Care Hospitals,Voluntary non-profit - Other,Yes,4
390093,CLARION HOSPITAL,CLARION,PA,16214,Acute Care Hospitals,Voluntary non-profit - Private,Yes,2
390096,PENN STATE HEALTH ST. JOSEPH,READING,PA,19605,Acute Care Hospitals,Voluntary non-profit - Private,Yes,4
390097,HOLY REDEEMER HOSPITAL AND MEDICAL CENTER,MEADOWBROOK,PA,19046,Acute Care Hospitals,Voluntary non-profit - Church,Yes,2
39009F,PHILADELPHIA VA MEDICAL CENTER,PHILADELPHIA,PA,19104,Acute Care - Veterans Administration,Veterans Health Administration,Yes,5
390100,LANCASTER GENERAL HOSPITAL,LANCASTER,PA,17602,Acute Care Hospitals,Voluntary non-profit - Private,Yes,5
390101,UPMC MEMORIAL,YORK,PA,17408,Acute Care Hospitals,Voluntary non-profit - Private,Yes,3
390102,UPMC ST MARGARET,PITTSBURGH,PA,15215,Acute Care Hospitals,Voluntary non-profit - Private,Yes,3
390107,UPMC PASSAVANT,PITTSBURGH,PA,15237,Acute Care Hospitals,Voluntary non-profit - Private,Yes,4
390110,CONEMAUGH MEMORIAL MEDICAL CENTER,JOHNSTOWN,PA,15905,Acute Care Hospitals,Proprietary,Yes,2
390111,HOSPITAL OF UNIV OF PENNSYLVANIA,PHILADELPHIA,PA,19104,Acute Care Hospitals,Voluntary non-profit - Private,Yes,5
390112,CHAN SOON- SHIONG MEDICAL CENTER AT WINDBER,WINDBER,PA,15963,Acute Care Hospitals,Voluntary non-profit - Private,Yes,3
390113,MEADVILLE MEDICAL CENTER,MEADVILLE,PA,16335,Acute Care Hospitals,Voluntary non-profit - Private,Yes,3
390114,MAGEE WOMENS HOSPITAL OF UPMC HEALTH SYSTEM,PITTSBURGH,PA,15213,Acute Care Hospitals,Voluntary non-profit - Other,Yes,3
390115,JEFFERSON HEALTH- NORTHEAST,PHILADELPHIA,PA,19114,Acute Care Hospitals,Voluntary non-profit - Private,Yes,1
390116,SUBURBAN COMMUNITY HOSPITAL,NORRISTOWN,PA,19401,Acute Care Hospitals,Voluntary non-profit - Private,Yes,3
390117,UPMC BEDFORD MEMORIAL,EVERETT,PA,15537,Acute Care Hospitals,Voluntary non-profit - Private,Yes,Not Available
390123,POTTSTOWN HOSPITAL,POTTSTOWN,PA,19464,Acute Care Hospitals,Voluntary non-profit - Private,Yes,2
390125,WAYNE MEMORIAL HOSPITAL,HONESDALE,PA,18431,Acute Care Hospitals,Voluntary non-profit - Private,Yes,2
390127,PHOENIXVILLE HOSPITAL,PHOENIXVILLE,PA,19460,Acute Care Hospitals,Voluntary non-profit - Private,Yes,3
39012F,VA PITTSBURGH HEALTHCARE SYSTEM - UNIV DR,PITTSBURGH,PA,15240,Acute Care - Veterans Administration,Veterans Health Administration,Yes,3
390133,LEHIGH VALLEY HOSPITAL,ALLENTOWN,PA,18103,Acute Care Hospitals,Voluntary non-profit - Private,Yes,4
390137,WILKES-BARRE GENERAL HOSPITAL,WILKES-BARRE,PA,18764,Acute Care Hospitals,Proprietary,Yes,1
390138,WELLSPAN WAYNESBORO HOSPITAL,WAYNESBORO,PA,17268,Acute Care Hospitals,Voluntary non-profit - Private,Yes,4
390139,BRYN MAWR HOSPITAL,BRYN MAWR,PA,19010,Acute Care Hospitals,Voluntary non-profit - Private,Yes,4
39013F,WILKES BARRE VA MEDICAL CENTER,WILKES-BARRE,PA,18711,Acute Care - Veterans Administration,Veterans Health Administration,Yes,5
390142,JEFFERSON EINSTEIN PHILADELPHIA HOSPITAL,PHILADELPHIA,PA,19141,Acute Care Hospitals,Voluntary non-profit - Other,Yes,2
390145,EXCELA HEALTH WESTMORELAND REGIONAL HOSPITAL,GREENSBURG,PA,15601,Acute Care Hospitals,Voluntary non-profit - Other,Yes,4
390146,WARREN GENERAL HOSPITAL,WARREN,PA,16365,Acute Care Hospitals,Voluntary non-profit - Private,Yes,2
390147,PENN HIGHLANDS MON VALLEY,MONONGAHELA,PA,15063,Acute Care Hospitals,Voluntary non-profit - Private,Yes,2
390150,UPMC GREENE,WAYNESBURG,PA,15370,Acute Care Hospitals,Voluntary non-profit - Private,Yes,Not Available
390151,WELLSPAN CHAMBERSBURG HOSPITAL,CHAMBERSBURG,PA,17201,Acute Care Hospitals,Voluntary non-profit - Private,Yes,3
390153,PAOLI HOSPITAL,PAOLI,PA,19301,Acute Care Hospitals,Voluntary non-profit - Private,Yes,5
390156,MERCY CATHOLIC MEDICAL CENTER- MERCY FITZGERALD,DARBY,PA,19023,Acute Care Hospitals,Voluntary non-profit - Private,Yes,2
390160,CANONSBURG GENERAL HOSPITAL,CANONSBURG,PA,15317,Acute Care Hospitals,Voluntary non-profit - Private,Yes,Not Available
390162,ST LUKE'S HOSPITAL - EASTON CAMPUS,EASTON,PA,18042,Acute Care Hospitals,Voluntary non-profit - Private,Yes,3
390163,ACMH HOSPITAL,KITTANNING,PA,16201,Acute Care Hospitals,Voluntary non-profit - Private,Yes,2
390164,UPMC PRESBYTERIAN SHADYSIDE,PITTSBURGH,PA,15213,Acute Care Hospitals,Voluntary non-profit - Private,Yes,4
390168,INDEPENDENCE HEALTH SYSTEM BUTLER MEMORIAL HOSPITA,BUTLER,PA,16001,Acute Care Hospitals,Voluntary non-profit - Private,Yes,2
390173,INDIANA REGIONAL MEDICAL CENTER,INDIANA,PA,15701,Acute Care Hospitals,Voluntary non-profit - Private,Yes,3
390174,THOMAS JEFFERSON UNIVERSITY HOSPITAL,PHILADELPHIA,PA,19107,Acute Care Hospitals,Voluntary non-profit - Private,Yes,3
390178,UPMC HORIZON,GREENVILLE,PA,16125,Acute Care Hospitals,Voluntary non-profit - Private,Yes,3
390179,CHESTER COUNTY HOSPITAL,WEST CHESTER,PA,19380,Acute Care Hospitals,Voluntary non-profit - Private,Yes,4
390180,CROZER CHESTER MEDICAL CENTER,UPLAND,PA,19013,Acute Care Hospitals,Voluntary non-profit - Other,Yes,2
390183,ST LUKE'S MINERS MEMORIAL HOSPITAL,COALDALE,PA,18218,Acute Care Hospitals,Voluntary non-profit - Private,Yes,4
390184,PENN HIGHLANDS CONNELLSVILLE,CONNELLSVILLE,PA,15425,Acute Care Hospitals,Voluntary non-profit - Private,Yes,Not Available
390185,LEHIGH VALLEY HOSPITAL - HAZLETON,HAZLETON,PA,18201,Acute Care Hospitals,Voluntary non-profit - Other,Yes,1
390195,MAIN LINE HOSPITAL LANKENAU,WYNNEWOOD,PA,19096,Acute Care Hospitals,Voluntary non-profit - Private,Yes,4
390198,LECOM MEDICAL CENTER AND BEHAVIORAL HEALTH PAV,ERIE,PA,16509,Acute Care Hospitals,Voluntary non-profit - Private,Yes,2
390199,PUNXSUTAWNEY AREA HOSPITAL,PUNXSUTAWNEY,PA,15767,Acute Care Hospitals,Voluntary non-profit - Private,Yes,Not Available
390201,LEHIGH VALLEY HOSPITAL - POCONO,EAST STROUDSBURG,PA,18301,Acute Care Hospitals,Voluntary non-profit - Private,Yes,3
390203,DOYLESTOWN HOSPITAL,DOYLESTOWN,PA,18901,Acute Care Hospitals,Voluntary non-profit - Private,Yes,4
390204,NAZARETH HOSPITAL,PHILADELPHIA,PA,19152,Acute Care Hospitals,Voluntary non-profit - Private,Yes,2
390211,SHARON REGIONAL MEDICAL CENTER,SHARON,PA,16146,Acute Care Hospitals,Proprietary,Yes,2
390217,EXCELA HEALTH - FRICK HOSPITAL,MOUNT PLEASANT,PA,15666,Acute Care Hospitals,Voluntary non-profit - Other,Yes,Not Available
390219,EXCELA HEALTH LATROBE HOSPITAL,LATROBE,PA,15650,Acute Care Hospitals,Voluntary non-profit - Private,Yes,4
390222,RIDDLE MEMORIAL HOSPITAL,MEDIA,PA,19063,Acute Care Hospitals,Voluntary non-profit - Private,Yes,3
390223,PENN PRESBYTERIAN MEDICAL CENTER,PHILADELPHIA,PA,19104,Acute Care Hospitals,Voluntary non-profit - Other,Yes,5
390225,WELLSPAN EPHRATA COMMUNITY HOSPITAL,EPHRATA,PA,17522,Acute Care Hospitals,Voluntary non-profit - Other,Yes,4
390226,PENNSYLVANIA HOSPITAL,PHILADELPHIA,PA,19107,Acute Care Hospitals,Voluntary non-profit - Private,Yes,4
390228,ST CLAIR HOSPITAL,PITTSBURGH,PA,15243,Acute Care Hospitals,Voluntary non-profit - Private,Yes,4
390231,JEFFERSON ABINGTON HOSPITAL,ABINGTON,PA,19001,Acute Care Hospitals,Voluntary non-profit - Private,Yes,2
390233,UPMC HANOVER,HANOVER,PA,17331,Acute Care Hospitals,Voluntary non-profit - Private,Yes,3
390237,REGIONAL HOSPITAL OF SCRANTON,SCRANTON,PA,18501,Acute Care Hospitals,Proprietary,Yes,3
390256,MILTON S HERSHEY MEDICAL CENTER,HERSHEY,PA,17033,Acute Care Hospitals,Voluntary non-profit - Private,Yes,4
390258,ST MARY MEDICAL CENTER,LANGHORNE,PA,19047,Acute Care Hospitals,Voluntary non-profit - Private,Yes,2
390265,JEFFERSON HOSPITAL,JEFFERSON HILLS,PA,15025,Acute Care Hospitals,Voluntary non-profit - Private,Yes,3
390266,GROVE CITY MEDICAL CENTER,GROVE CITY,PA,16127,Acute Care Hospitals,Voluntary non-profit - Private,Yes,Not Available
390267,FORBES HOSPITAL,MONROEVILLE,PA,15146,Acute Care Hospitals,Voluntary non-profit - Private,Yes,3
390268,MOUNT NITTANY MEDICAL CENTER,STATE COLLEGE,PA,16803,Acute Care Hospitals,Voluntary non-profit - Private,Yes,5
390270,GEISINGER WYOMING VALLEY MEDICAL CENTER,WILKES BARRE,PA,18711,Acute Care Hospitals,Voluntary non-profit - Private,Yes,4
390272,VALLEY FORGE MEDICAL CENTER,NORRISTOWN,PA,19403,Acute Care Hospitals,Proprietary,No,Not Available
390278,EAGLEVILLE HOSPITAL,EAGLEVILLE,PA,19403,Acute Care Hospitals,Voluntary non-profit - Private,No,Not Available
390304,ROXBOROUGH MEMORIAL HOSPITAL,PHILADELPHIA,PA,19128,Acute Care Hospitals,Proprietary,Yes,Not Available
390307,EDGEWOOD SURGICAL HOSPITAL,TRANSFER,PA,16154,Acute Care Hospitals,Physician,No,Not Available
390316,SURGICAL INSTITUTE OF READING,WYOMISSING,PA,19610,Acute Care Hospitals,Physician,No,Not Available
390322,ROTHMAN ORTHOPAEDIC SPECIALTY HOSPITAL,BENSALEM,PA,19020,Acute Care Hospitals,Proprietary,No,Not Available
390323,ADVANCED SURGICAL HOSPITAL,WASHINGTON,PA,15301,Acute Care Hospitals,Physician,No,Not Available
390324,PHYSICIANS CARE SURGICAL HOSPITAL,ROYERSFORD,PA,19468,Acute Care Hospitals,Physician,No,Not Available
390325,OSS ORTHOPAEDIC HOSPITAL,YORK,PA,17402,Acute Care Hospitals,Proprietary,No,Not Available
390326,ST LUKE'S HOSPITAL - ANDERSON CAMPUS,EASTON,PA,18045,Acute Care Hospitals,Voluntary non-profit - Private,No,5
390327,WELLSPAN SURGERY AND REHABILITATION HOSPITAL,YORK,PA,17403,Acute Care Hospitals,Voluntary non-profit - Private,No,Not Available
390328,UPMC EAST,MONROEVILLE,PA,15146,Acute Care Hospitals,Voluntary non-profit - Private,Yes,4
390329,JEFFERSON EINSTEIN MONTGOMERY HOSPITAL,EAST NORRITON,PA,19403,Acute Care Hospitals,Voluntary non-profit - Private,Yes,4
390330,ST LUKE'S HOSPITAL - MONROE CAMPUS,STROUDSBURG,PA,18360,Acute Care Hospitals,Voluntary non-profit - Private,Yes,4
390331,WILLS EYE HOSPITAL,PHILADELPHIA,PA,19107,Acute Care Hospitals,Voluntary non-profit - Private,No,Not Available
390332,GEISINGER ST. LUKE'S  HOSPITAL,ORWIGSBURG,PA,17961,Acute Care Hospitals,Voluntary non-profit - Private,No,4
390333,"AHN EMERUS WESTMORELAND, LLC",GREENSBURG,PA,15601,Acute Care Hospitals,Proprietary,Yes,Not Available
390334,AHN WEXFORD HOSPITAL,WEXFORD,PA,15090,Acute Care Hospitals,Voluntary non-profit - Private,Yes,5
390335,ST LUKE'S HOSPITAL - CARBON CAMPUS,LEHIGHTON,PA,18235,Acute Care Hospitals,Voluntary non-profit - Private,Yes,4
390336,PENN STATE HEALTH HAMPDEN MEDICAL CENTER,ENOLA,PA,17025,Acute Care Hospitals,Voluntary non-profit - Private,Yes,Not Available
390337,GEISINGER MEDICAL CENTER MUNCY,MUNCY,PA,17756,Acute Care Hospitals,Voluntary non-profit - Private,Yes,Not Available
390338,LEHIGH VALLEY HOSPITAL - DICKSON CITY,DICKSON CITY,PA,18519,Acute Care Hospitals,Voluntary non-profit - Private,Yes,4
390339,PENN STATE HEALTH LANCASTER MEDICAL CENTER,LANCASTER,PA,17601,Acute Care Hospitals,Voluntary non-profit - Private,Yes,3
390430,LEHIGH VALLEY HOSPITAL - MACUNGIE,MACUNGIE,PA,18062,Acute Care Hospitals,Proprietary,Yes,Not Available
391300,GEISINGER JERSEY SHORE HOSPITAL,JERSEY SHORE,PA,17740,Critical Access Hospitals,Voluntary non-profit - Private,Yes,4
391301,UPMC MUNCY,MUNCY,PA,17756,Critical Access Hospitals,Voluntary non-profit - Private,Yes,Not Available
391302,CONEMAUGH MEYERSDALE MEDICAL CENTER,MEYERSDALE,PA,15552,Critical Access Hospitals,Proprietary,Yes,Not Available
391303,FULTON COUNTY MEDICAL CENTER,MCCONNELLSBURG,PA,17233,Critical Access Hospitals,Voluntary non-profit - Private,Yes,3
391304,BUCKTAIL MEDICAL CENTER,RENOVO,PA,17764,Critical Access Hospitals,Voluntary non-profit - Private,Yes,Not Available
391305,TROY COMMUNITY HOSPITAL,TROY,PA,16947,Critical Access Hospitals,Voluntary non-profit - Private,Yes,3
391306,ENDLESS MOUNTAINS HEALTH SYSTEMS,MONTROSE,PA,18801,Critical Access Hospitals,Voluntary non-profit - Private,Yes,3
391307,PENN HIGHLANDS TYRONE,TYRONE,PA,16686,Critical Access Hospitals,Voluntary non-profit - Private,Yes,Not Available
391308,LECOM HEALTH CORRY MEMORIAL HOSPITAL,CORRY,PA,16407,Critical Access Hospitals,Government - Hospital District or Authority,Yes,Not Available
391309,BARNES-KASSON COUNTY HOSPITAL,SUSQUEHANNA,PA,18847,Critical Access Hospitals,Voluntary non-profit - Private,Yes,Not Available
391312,PENN HIGHLANDS BROOKVILLE,BROOKVILLE,PA,15825,Critical Access Hospitals,Voluntary non-profit - Private,Yes,Not Available
391313,UPMC COLE,COUDERSPORT,PA,16915,Critical Access Hospitals,Voluntary non-profit - Private,Yes,4
391314,TITUSVILLE AREA HOSPITAL,TITUSVILLE,PA,16354,Critical Access Hospitals,Voluntary non-profit - Private,Yes,Not Available
391315,PENN HIGHLANDS ELK,SAINT MARYS,PA,15857,Critical Access Hospitals,Voluntary non-profit - Private,Yes,3
391316,UPMC WELLSBORO,WELLSBORO,PA,16901,Critical Access Hospitals,Voluntary non-profit - Private,Yes,3
391317,CONEMAUGH MINERS MEDICAL CENTER,HASTINGS,PA,16646,Critical Access Hospitals,Proprietary,Yes,Not Available
391318,UPMC KANE,KANE,PA,16735,Critical Access Hospitals,Voluntary non-profit - Private,Yes,Not Available
393302,UPMC CHILDREN'S HOSPITAL OF PITTSBURGH,PITTSBURGH,PA,15224,Childrens,Voluntary non-profit - Other,Yes,Not Available
393303,CHILDREN'S HOSPITAL OF PHILADELPHIA,PHILADELPHIA,PA,19104,Childrens,Voluntary non-profit - Private,Yes,Not Available
393304,CHILDREN'S HOME OF PITTSBURGH,PITTSBURGH,PA,15224,Childrens,Voluntary non-profit - Private,No,Not Available
393307,ST CHRISTOPHER'S HOSPITAL FOR CHILDREN,PHILADELPHIA,PA,19134,Childrens,Proprietary,Yes,Not Available
393309,SHRINERS HOSPITALS FOR CHILDREN - PHILADELPHIA,PHILADELPHIA,PA,19104,Childrens,Voluntary non-profit - Other,No,Not Available
394001,NORRISTOWN STATE HOSPITAL,NORRISTOWN,PA,19401,Psychiatric,Government - State,No,Not Available
394004,DANVILLE STATE HOSPITAL,DANVILLE,PA,17821,Psychiatric,Government - State,No,Not Available
394008,FRIENDS HOSPITAL,PHILADELPHIA,PA,19124,Psychiatric,Proprietary,No,Not Available
394012,CLARKS SUMMIT STATE HOSPITAL,CLARKS SUMMIT,PA,18411,Psychiatric,Government - State,No,Not Available
394014,WERNERSVILLE STATE HOSPITAL,WERNERSVILLE,PA,19565,Psychiatric,Government - State,No,Not Available
394016,WARREN STATE HOSPITAL,NORTH WARREN,PA,16365,Psychiatric,Government - State,No,Not Available
394020,PHILHAVEN HOSPITAL,MT GRETNA,PA,17064,Psychiatric,Voluntary non-profit - Church,No,Not Available
394023,BELMONT BEHAVIORAL HOSPITAL,PHILADELPHIA,PA,19131,Psychiatric,Voluntary non-profit - Private,No,Not Available
394026,TORRANCE STATE HOSPITAL,TORRANCE,PA,15779,Psychiatric,Government - State,No,Not Available
394027,FAIRMOUNT BEHAVIORAL HEALTH SYSTEM,PHILADELPHIA,PA,19128,Psychiatric,Proprietary,No,Not Available
394033,MONTGOMERY COUNTY EMERGENCY SERVICE,NORRISTOWN,PA,19403,Psychiatric,Voluntary non-profit - Private,No,Not Available
394034,HORSHAM CLINIC,AMBLER,PA,19002,Psychiatric,Proprietary,Yes,Not Available
394038,FOUNDATIONS BEHAVIORAL HEALTH,DOYLESTOWN,PA,18901,Psychiatric,Voluntary non-profit - Private,No,Not Available
394040,MEADOWS PSYCHIATRIC CENTER,CENTRE HALL,PA,16828,Psychiatric,Proprietary,Yes,Not Available
394043,CLARION PSYCHIATRIC CENTER,CLARION,PA,16214,Psychiatric,Proprietary,Yes,Not Available
394049,BROOKE GLEN BEHAVIORAL HOSPITAL,FORT WASHINGTON,PA,19034,Psychiatric,Voluntary non-profit - Private,No,Not Available
394050,ROXBURY TREATMENT CENTER,SHIPPENSBURG,PA,17257,Psychiatric,Proprietary,No,Not Available
394051,PENNSYLVANIA PSYCHIATRIC INSTITUTE,HARRISBURG,PA,17110,Psychiatric,Proprietary,Yes,Not Available
394052,HAVEN BEHAVIORAL HOSPITAL OF EASTERN PENNSYLVANIA,READING,PA,19601,Psychiatric,Proprietary,No,Not Available
394053,HAVEN BEHAVIORAL HOSPITAL OF PHILADELPHIA,PHILADELPHIA,PA,19129,Psychiatric,Proprietary,No,Not Available
394055,LANCASTER BEHAVIORAL HEALTH HOSPITAL,LANCASTER,PA,17603,Psychiatric,Voluntary non-profit - Other,No,Not Available
394056,TOWER BEHAVIORAL HEALTH,READING,PA,19605,Psychiatric,Proprietary,No,Not Available
394057,MALVERN BEHAVIORAL HEALTH,PHILADELPHIA,PA,19145,Psychiatric,Voluntary non-profit - Other,No,Not Available
394058,BERWICK HOSPITAL CENTER,BERWICK,PA,18603,Psychiatric,Proprietary,No,Not Available
394059,GEISINGER BEHAVIORAL HEALTH CENTER NORTHEAST,MOOSIC,PA,18507,Psychiatric,Proprietary,No,Not Available
394062,HAVEN BEHAVIORAL HOSPITAL OF WEST CHESTER,WEST CHESTER,PA,19380,Psychiatric,Proprietary,No,Not Available
400001,PRESBYTERIAN COMMUNITY HOSPITAL,SAN JUAN,PR,00907,Acute Care Hospitals,Voluntary non-profit - Private,Yes,Not Available
400003,HOSPITAL METROPOLITANO DR PILA,PONCE,PR,00717,Acute Care Hospitals,Proprietary,Yes,Not Available
400004,"ASOCIACION HOSPITAL DEL MAESTRO, INC",SAN JUAN,PR,00918,Acute Care Hospitals,Voluntary non-profit - Private,Yes,Not Available
400005,HOPE MEDICAL CENTER,HUMACAO,PR,00791,Acute Care Hospitals,Voluntary non-profit - Other,Yes,Not Available
400006,DOCTOR'S CENTER DE SAN JUAN,SANTURCE,PR,00909,Acute Care Hospitals,Proprietary,Yes,Not Available
400007,RYDER MEMORIAL HOSPITAL INC,HUMACAO,PR,00791,Acute Care Hospitals,Voluntary non-profit - Private,Yes,Not Available
400010,HOSPITAL GENERAL DE CASTANER,CASTANER,PR,00631,Acute Care Hospitals,Voluntary non-profit - Private,Yes,Not Available
400011,"HOSPITAL MENONITA HUMACAO, INC",HUMACAO,PR,00792,Acute Care Hospitals,Proprietary,Yes,Not Available
400012,HOSPITAL ONCOLOGICO DR ISAAC GONZALEZ MARTINEZ,SAN JUAN,PR,00936,Acute Care Hospitals,Voluntary non-profit - Private,No,Not Available
400013,HOSPITAL MENONITA DE CAYEY,CAYEY,PR,00737,Acute Care Hospitals,Voluntary non-profit - Private,Yes,Not Available
400014,BELLA VISTA HOSPITAL,MAYAGUEZ,PR,00681,Acute Care Hospitals,Voluntary non-profit - Church,Yes,Not Available
400015,SAN JUAN MUNICIPALITY HOSPITAL,RIO PIEDRAS,PR,00926,Acute Care Hospitals,Government - Local,Yes,Not Available
400016,AUXILIO MUTUO HOSPITAL,SAN JUAN,PR,00918,Acute Care Hospitals,Voluntary non-profit - Private,Yes,3
400018,HOSPITAL MENONITA DE AIBONITO,AIBONITO,PR,00705,Acute Care Hospitals,Voluntary non-profit - Private,Yes,Not Available
400019,HOSPITAL PAVIA SANTURCE,SAN JUAN,PR,00910,Acute Care Hospitals,Proprietary,Yes,1
400021,HOSPITAL DE LA CONCEPCION,SAN GERMAN,PR,00683,Acute Care Hospitals,Voluntary non-profit - Private,Yes,3
400022,HOSPITAL DAMAS INC,PONCE,PR,00717,Acute Care Hospitals,Voluntary non-profit - Private,Yes,2
400032,BAYAMON MEDICAL CENTER,BAYAMON,PR,00960,Acute Care Hospitals,Proprietary,Yes,Not Available
40003F,SAN JUAN VA MEDICAL CENTER,SAN JUAN,PR,00921,Acute Care - Veterans Administration,Veterans Health Administration,Yes,2
400044,HOSPITAL EPISCOPAL SAN LUCAS II,PONCE,PR,00716,Acute Care Hospitals,Voluntary non-profit - Private,Yes,Not Available
400048,HOSPITAL MENONITA GUAYAMA,GUAYAMA,PR,00785,Acute Care Hospitals,Voluntary non-profit - Private,Yes,Not Available
400061,HOSPITAL UNIVERSITARIO DE ADULTO,RIO PIEDRAS,PR,00927,Acute Care Hospitals,Government - State,Yes,Not Available
400079,HOSPITAL  COMUNITARIO BUEN SAMARITANO INC,AGUADILLA,PR,00603,Acute Care Hospitals,Voluntary non-profit - Private,Yes,Not Available
400087,HOSPITAL PAVIA ARECIBO,ARECIBO,PR,00612,Acute Care Hospitals,Proprietary,Yes,Not Available
400098,HOSPITAL SAN FRANCISCO,SAN JUAN,PR,00923,Acute Care Hospitals,Proprietary,Yes,Not Available
400102,DOCTORS' CENTER BAYAMON,BAYAMON,PR,00960,Acute Care Hospitals,Proprietary,Yes,Not Available
400103,MAYAGUEZ MEDICAL CENTER DR RAMON EMETERIO BETANCES,MAYAGUEZ,PR,00682,Acute Care Hospitals,Proprietary,Yes,Not Available
400104,HOSPITAL MENONITA CAGUAS INC,CAGUAS,PR,00725,Acute Care Hospitals,Voluntary non-profit - Private,Yes,Not Available
400105,HOSPITAL UNIVERSITARIO DR RUIZ ARNAU,BAYAMON,PR,00956,Acute Care Hospitals,Government - State,Yes,Not Available
400106,METROPOLITAN HOSPITAL,SAN JUAN,PR,00915,Acute Care Hospitals,Proprietary,Yes,Not Available
400109,HOSPITAL ESPANOL AUXILIO MUTUO SAN PABLO,BAYAMON,PR,00961,Acute Care Hospitals,Voluntary non-profit - Private,Yes,1
400110,HOSPITAL PAVIA YAUCO,YAUCO,PR,00698,Acute Care Hospitals,Proprietary,Yes,Not Available
400111,HOSPITAL SAN CARLOS BORROMEO,MOCA,PR,00676,Acute Care Hospitals,Voluntary non-profit - Private,Yes,Not Available
400112,"HOSPITAL UPR, DR  FEDERICO TRILLA",CAROLINA,PR,00984,Acute Care Hospitals,Voluntary non-profit - Private,Yes,Not Available
400113,HOSPITAL MENONITA PONCE,PONCE,PR,00780,Acute Care Hospitals,Voluntary non-profit - Private,Yes,Not Available
400114,MANATI MEDICAL CENTER DR OTERO LOPEZ,MANATI,PR,00674,Acute Care Hospitals,Voluntary non-profit - Private,Yes,3
400115,CENTRO MEDICO WILMA N VAZQUEZ,VEGA BAJA,PR,00693,Acute Care Hospitals,Proprietary,Yes,Not Available
400117,HOSPITAL METROPOLITANO  DR SUSONI,ARECIBO,PR,00612,Acute Care Hospitals,Voluntary non-profit - Private,Yes,Not Available
400118,"DOCTORS' CENTER HOSPITAL, INC",MANATI,PR,00674,Acute Care Hospitals,Proprietary,Yes,2
400120,HOSPITAL PAVIA CAGUAS,CAGUAS,PR,00725,Acute Care Hospitals,Proprietary,Yes,Not Available
400122,PROFESSIONAL HOSPITAL GUAYNABO INC,GUAYNABO,PR,00970,Acute Care Hospitals,Proprietary,Yes,Not Available
400123,HOSPITAL PEREA,MAYAGUEZ,PR,00681,Acute Care Hospitals,Proprietary,Yes,Not Available
400124,CENTRO CARDIOVASCULAR DE PUERTO RICO Y EL CARIBE,SAN JUAN,PR,00936,Acute Care Hospitals,Government - State,Yes,Not Available
400126,HOSPITAL METROPOLITANO DE SAN GERMAN,SAN GERMAN,PR,00683,Acute Care Hospitals,Proprietary,Yes,Not Available
400127,ASEM,SAN JUAN,PR,00935,Acute Care Hospitals,Government - State,Yes,Not Available
400128,"HOSPITAL PAVIA HATO REY, INC",HATO REY,PR,00919,Acute Care Hospitals,Proprietary,Yes,Not Available
400130,HOSPITAL METROPOLITANO DE LA MONTANA,BDA NUEVA,PR,00641,Acute Care Hospitals,Proprietary,Yes,Not Available
400131,CARIBBEAN MEDICAL CENTER,FAJARDO,PR,00738,Acute Care Hospitals,Proprietary,Yes,Not Available
400132,DOCTORS CENTER HOSPITAL  CAROLINA LLC,CAROLINA,PR,00979,Acute Care Hospitals,Proprietary,Yes,Not Available
400134,THE SAN JORGE HOSPITAL INC,SAN JUAN,PR,00912,Acute Care Hospitals,Proprietary,Yes,Not Available
400135,HOSPITAL  CENTRO COMPRENSIVO DEL CANCER,SAN JUAN,PR,00927,Acute Care Hospitals,Government - State,Yes,Not Available
400136,HOSPITAL SAN ANTONIO INC,MAYAGUEZ,PR,00680,Acute Care Hospitals,Proprietary,Yes,Not Available
400137,DOCTORS CENTER HOSPITAL ORLANDO HEALTH DORADO,DORADO,PR,00646,Acute Care Hospitals,Proprietary,Yes,Not Available
400138,PUERTO RICO WOMEN AND CHILDREN HOSPITAL LLC,BAYAMON,PR,00959,Acute Care Hospitals,Proprietary,Yes,Not Available
400139,HOSPITAL EPISCOPAL  SAN LUCAS METRO,SAN JUAN,PR,00928,Acute Care Hospitals,Voluntary non-profit - Private,Yes,Not Available
400140,CENTRO MEDICO DEL NORESTE,FAJARDO,PR,00738,Acute Care Hospitals,Proprietary,Yes,Not Available
403301,UNIVERSITY PEDIATRIC HOSPITAL,SAN JUAN,PR,00935,Childrens,Government - State,Yes,Not Available
404004,FIRST HOSPITAL PANAMERICANO,CIDRA,PR,00739,Psychiatric,Proprietary,No,Not Available
404005,SAN JUAN CAPESTRANO  HOSPITAL INC,RIO PIEDRAS,PR,00928,Psychiatric,Proprietary,No,Not Available
404007,HOSPITAL METROPOLITANO  PSIQUIATRICO DE CABO ROJO,CABO ROJO,PR,00623,Psychiatric,Proprietary,No,Not Available
404009,CENTRO DE SALUD CONDUCTUAL MENONITA-CIMA,AIBONITO,PR,00705,Psychiatric,Voluntary non-profit - Private,No,Not Available
410004,ROGER WILLIAMS MEDICAL CENTER,PROVIDENCE,RI,02908,Acute Care Hospitals,Proprietary,Yes,3
410005,OUR LADY OF FATIMA HOSPITAL,NORTH PROVIDENCE,RI,02904,Acute Care Hospitals,Proprietary,Yes,4
410006,NEWPORT HOSPITAL,NEWPORT,RI,02840,Acute Care Hospitals,Voluntary non-profit - Private,Yes,4
410007,RHODE ISLAND HOSPITAL,PROVIDENCE,RI,02902,Acute Care Hospitals,Voluntary non-profit - Private,Yes,3
410008,SOUTH COUNTY HOSPITAL INC,WAKEFIELD,RI,02879,Acute Care Hospitals,Voluntary non-profit - Private,Yes,4
410009,KENT COUNTY MEMORIAL HOSPITAL,WARWICK,RI,02886,Acute Care Hospitals,Proprietary,Yes,2
410010,WOMEN & INFANTS HOSPITAL OF RHODE ISLAND,PROVIDENCE,RI,02905,Acute Care Hospitals,Voluntary non-profit - Private,Yes,3
410011,LANDMARK MEDICAL CENTER,WOONSOCKET,RI,02895,Acute Care Hospitals,Voluntary non-profit - Private,Yes,2
410012,THE MIRIAM HOSPITAL,PROVIDENCE,RI,02906,Acute Care Hospitals,Voluntary non-profit - Private,Yes,4
410013,WESTERLY HOSPITAL,WESTERLY,RI,02891,Acute Care Hospitals,Voluntary non-profit - Private,Yes,5
41005F,PROVIDENCE VA MEDICAL CENTER,PROVIDENCE,RI,02908,Acute Care - Veterans Administration,Veterans Health Administration,Yes,3
414000,BUTLER HOSPITAL,PROVIDENCE,RI,02906,Psychiatric,Voluntary non-profit - Private,No,Not Available
414003,EMMA PENDLETON BRADLEY HOSPITAL,EAST PROVIDENCE,RI,02915,Psychiatric,Voluntary non-profit - Private,Yes,Not Available
420002,PIEDMONT MEDICAL CENTER,ROCK HILL,SC,29732,Acute Care Hospitals,Proprietary,Yes,2
420004,MUSC MEDICAL CENTER,CHARLESTON,SC,29425,Acute Care Hospitals,Government - Hospital District or Authority,Yes,3
420005,MCLEOD MEDICAL CENTER - DILLON,DILLON,SC,29536,Acute Care Hospitals,Voluntary non-profit - Private,Yes,3
420007,SPARTANBURG MEDICAL CENTER,SPARTANBURG,SC,29303,Acute Care Hospitals,Government - Hospital District or Authority,Yes,2
420009,PRISMA HEALTH OCONEE MEMORIAL HOSPITAL,SENECA,SC,29672,Acute Care Hospitals,Voluntary non-profit - Private,Yes,3
420010,CAROLINA PINES REGIONAL MEDICAL CENTER,HARTSVILLE,SC,29550,Acute Care Hospitals,Proprietary,Yes,3
420011,CANNON MEMORIAL HOSPITAL,PICKENS,SC,29671,Acute Care Hospitals,Voluntary non-profit - Private,Yes,Not Available
420015,PRISMA HEALTH BAPTIST EASLEY HOSPITAL,EASLEY,SC,29640,Acute Care Hospitals,Voluntary non-profit - Private,Yes,2
420018,PRISMA HEALTH RICHLAND HOSPITAL,COLUMBIA,SC,29203,Acute Care Hospitals,Voluntary non-profit - Private,Yes,3
420019,MUSC HEALTH CHESTER MEDICAL CENTER,CHESTER,SC,29706,Acute Care Hospitals,Proprietary,Yes,Not Available
420020,TIDELANDS GEORGETOWN MEMORIAL HOSPITAL,GEORGETOWN,SC,29440,Acute Care Hospitals,Voluntary non-profit - Private,Yes,2
420023,ST FRANCIS-DOWNTOWN,GREENVILLE,SC,29601,Acute Care Hospitals,Voluntary non-profit - Private,Yes,3
420026,MUSC HEALTH COLUMBIA MEDICAL CENTER DOWNTOWN,COLUMBIA,SC,29204,Acute Care Hospitals,Voluntary non-profit - Private,Yes,3
420027,ANMED HEALTH,ANDERSON,SC,29621,Acute Care Hospitals,Voluntary non-profit - Private,Yes,4
420030,COLLETON MEDICAL CENTER,WALTERBORO,SC,29488,Acute Care Hospitals,Proprietary,Yes,2
420033,PRISMA HEALTH GREER MEMORIAL HOSPITAL,SPARTANBURG,SC,29306,Acute Care Hospitals,Voluntary non-profit - Private,Yes,5
420036,MUSC HEALTH LANCASTER MEDICAL CENTER,LANCASTER,SC,29720,Acute Care Hospitals,Proprietary,Yes,2
420037,PRISMA HEALTH HILLCREST HOSPITAL,SIMPSONVILLE,SC,29681,Acute Care Hospitals,Voluntary non-profit - Private,Yes,4
420038,PRISMA HEALTH LAURENS COUNTY HOSPITAL,CLINTON,SC,29325,Acute Care Hospitals,Voluntary non-profit - Private,Yes,2
420043,CHEROKEE MEDICAL CENTER,GAFFNEY,SC,29340,Acute Care Hospitals,Government - Hospital District or Authority,Yes,2
420048,KERSHAWHEALTH,CAMDEN,SC,29020,Acute Care Hospitals,Proprietary,Yes,3
420049,CONWAY MEDICAL CENTER,CONWAY,SC,29526,Acute Care Hospitals,Voluntary non-profit - Private,Yes,2
420051,MCLEOD REGIONAL MEDICAL CENTER-PEE DEE,FLORENCE,SC,29506,Acute Care Hospitals,Voluntary non-profit - Private,Yes,3
420053,NEWBERRY COUNTY MEMORIAL HOSPITAL,NEWBERRY,SC,29108,Acute Care Hospitals,Voluntary non-profit - Other,Yes,3
420055,MUSC HEALTH MARION MEDICAL CENTER,MULLINS,SC,29574,Acute Care Hospitals,Government - State,Yes,3
420065,BON SECOURS-ST FRANCIS XAVIER HOSPITAL,CHARLESTON,SC,29414,Acute Care Hospitals,Voluntary non-profit - Private,Yes,4
420067,BEAUFORT COUNTY MEMORIAL HOSPITAL,BEAUFORT,SC,29902,Acute Care Hospitals,Government - Local,Yes,3
420070,PRISMA HEALTH TUOMEY HOSPITAL,SUMTER,SC,29150,Acute Care Hospitals,Voluntary non-profit - Private,Yes,2
420071,SELF REGIONAL HEALTHCARE,GREENWOOD,SC,29646,Acute Care Hospitals,Voluntary non-profit - Private,Yes,3
420072,HAMPTON REGIONAL MEDICAL CENTER,VARNVILLE,SC,29944,Acute Care Hospitals,Voluntary non-profit - Private,Yes,Not Available
420073,LEXINGTON MEDICAL CENTER,WEST COLUMBIA,SC,29169,Acute Care Hospitals,Voluntary non-profit - Private,Yes,4
420078,PRISMA HEALTH GREENVILLE MEMORIAL HOSPITAL,GREENVILLE,SC,29605,Acute Care Hospitals,Voluntary non-profit - Private,No,4
420079,TRIDENT MEDICAL CENTER,CHARLESTON,SC,29406,Acute Care Hospitals,Proprietary,Yes,3
420080,HILTON HEAD REGIONAL MEDICAL CENTER,HILTON HEAD ISLAND,SC,29926,Acute Care Hospitals,Voluntary non-profit - Other,Yes,3
420082,AIKEN REGIONAL MEDICAL CENTER,AIKEN,SC,29801,Acute Care Hospitals,Proprietary,Yes,1
420085,GRAND STRAND REGIONAL MEDICAL CENTER,MYRTLE BEACH,SC,29572,Acute Care Hospitals,Proprietary,Yes,2
420086,PRISMA HEALTH BAPTIST,COLUMBIA,SC,29220,Acute Care Hospitals,Voluntary non-profit - Private,Yes,5
420087,ROPER HOSPITAL,CHARLESTON,SC,29401,Acute Care Hospitals,Voluntary non-profit - Private,Yes,4
420089,EAST COOPER MEDICAL CENTER,MOUNT PLEASANT,SC,29464,Acute Care Hospitals,Proprietary,Yes,5
420091,MUSC HEALTH FLORENCE MEDICAL CENTER,FLORENCE,SC,29505,Acute Care Hospitals,Government - State,Yes,2
420098,TIDELANDS WACCAMAW COMMUNITY HOSPITAL,MURRELLS INLET,SC,29576,Acute Care Hospitals,Voluntary non-profit - Private,Yes,4
42009F,NH Beaufort,Beaufort,SC,29902,Acute Care - Department of Defense,Department of Defense,No,Not Available
420101,COASTAL CAROLINA HOSPITAL,HARDEEVILLE,SC,29927,Acute Care Hospitals,Proprietary,Yes,4
420102,PRISMA HEALTH  PATEWOOD HOSPITAL,GREENVILLE,SC,29615,Acute Care Hospitals,Voluntary non-profit - Private,No,4
420103,PELHAM MEDICAL CENTER,GREER,SC,29651,Acute Care Hospitals,Government - Hospital District or Authority,Yes,5
420104,MOUNT PLEASANT HOSPITAL,MOUNT PLEASANT,SC,29466,Acute Care Hospitals,Voluntary non-profit - Private,Yes,5
420105,MCLEOD LORIS  HOSPITAL,LORIS,SC,29569,Acute Care Hospitals,Voluntary non-profit - Private,No,4
420106,PRISMA HEALTH BAPTIST PARKRIDGE,COLUMBIA,SC,29212,Acute Care Hospitals,Voluntary non-profit - Private,Yes,4
420107,MCLEOD HEALTH CHERAW,CHERAW,SC,29520,Acute Care Hospitals,Voluntary non-profit - Private,Yes,3
420108,UNION MEDICAL CENTER,UNION,SC,29379,Acute Care Hospitals,Voluntary non-profit - Other,Yes,Not Available
420109,MCLEOD HEALTH CLARENDON,MANNING,SC,29102,Acute Care Hospitals,Voluntary non-profit - Private,Yes,3
420110,ROPER ST FRANCIS HOSPITAL-BERKELEY INC,SUMMERVILLE,SC,29486,Acute Care Hospitals,Voluntary non-profit - Private,Yes,5
42011F,COLUMBIA SC VA MEDICAL CENTER,COLUMBIA,SC,29209,Acute Care - Veterans Administration,Veterans Health Administration,Yes,5
42029F,CHARLESTON VA MEDICAL CENTER,CHARLESTON,SC,29401,Acute Care - Veterans Administration,Veterans Health Administration,Yes,5
421300,ALLENDALE COUNTY HOSPITAL,FAIRFAX,SC,29827,Critical Access Hospitals,Government - Local,Yes,Not Available
421301,ABBEVILLE AREA MEDICAL CENTER,ABBEVILLE,SC,29620,Critical Access Hospitals,Voluntary non-profit - Other,Yes,Not Available
421304,EDGEFIELD COUNTY HEALTHCARE AN AFFILIATE OF SELF R,EDGEFIELD,SC,29384,Critical Access Hospitals,Voluntary non-profit - Private,Yes,Not Available
423300,SHRINERS HOSPITALS FOR CHILDREN,GREENVILLE,SC,29605,Childrens,Voluntary non-profit - Private,No,Not Available
424002,LIGHTHOUSE BEHAVIORAL HEALTH HOSPITAL,CONWAY,SC,29526,Psychiatric,Proprietary,Yes,Not Available
424005,G WERBER BRYAN PSYCH HOSP,COLUMBIA,SC,29203,Psychiatric,Government - State,No,Not Available
424006,PALMETTO LOWCOUNTRY BEHAVIORAL HEALTH,CHARLESTON,SC,29405,Psychiatric,Proprietary,No,Not Available
424007,SPRINGBROOK BEHAVIORAL HEALTH SYSTEM,TRAVELERS REST,SC,29690,Psychiatric,Proprietary,No,Not Available
424008,THREE RIVERS BEHAVIORAL HEALTH,WEST COLUMBIA,SC,29169,Psychiatric,Proprietary,No,Not Available
424010,"CAROLINA CTR FOR BEHAVIORAL HEALTH,THE",GREER,SC,29650,Psychiatric,Proprietary,No,Not Available
424011,PATRICK B HARRIS PSYCHIATRIC HOSPITAL,ANDERSON,SC,29622,Psychiatric,Government - State,No,Not Available
424014,REBOUND BEHAVIORAL HEALTH,LANCASTER,SC,29720,Psychiatric,Proprietary,Yes,Not Available
430005,"PRAIRIE LAKES HEALTHCARE SYSTEM, INC",WATERTOWN,SD,57201,Acute Care Hospitals,Voluntary non-profit - Private,Yes,4
430008,BROOKINGS HEALTH SYSTEM,BROOKINGS,SD,57006,Acute Care Hospitals,Government - Local,Yes,4
430012,AVERA SACRED HEART HOSPITAL,YANKTON,SD,57078,Acute Care Hospitals,Voluntary non-profit - Private,Yes,4
430014,AVERA ST LUKES,ABERDEEN,SD,57401,Acute Care Hospitals,Voluntary non-profit - Church,Yes,5
430015,AVERA ST MARY'S HOSPITAL,PIERRE,SD,57501,Acute Care Hospitals,Voluntary non-profit - Private,Yes,3
430016,AVERA MCKENNAN HOSPITAL & UNIVERSITY HEALTH CENTER,SIOUX FALLS,SD,57117,Acute Care Hospitals,Voluntary non-profit - Private,Yes,3
430027,SANFORD USD MEDICAL CENTER,SIOUX FALLS,SD,57117,Acute Care Hospitals,Voluntary non-profit - Private,Yes,4
43002F,VA BLACK HILLS HEALTHCARE SYSTEM,FORT MEADE,SD,57741,Acute Care - Veterans Administration,Veterans Health Administration,Yes,4
430048,MONUMENT HEALTH SPEARFISH HOSPITAL,SPEARFISH,SD,57783,Acute Care Hospitals,Voluntary non-profit - Private,Yes,Not Available
43005F,SIOUX FALLS VA MEDICAL CENTER,SIOUX FALLS,SD,57117,Acute Care - Veterans Administration,Veterans Health Administration,Yes,5
430077,MONUMENT HEALTH RAPID CITY HOSPITAL,RAPID CITY,SD,57701,Acute Care Hospitals,Voluntary non-profit - Private,Yes,4
430084,PHS INDIAN HOSPITAL AT ROSEBUD,ROSEBUD,SD,57570,Acute Care Hospitals,Government - Federal,Yes,Not Available
430089,DUNES SURGICAL HOSPITAL,DAKOTA DUNES,SD,57049,Acute Care Hospitals,Proprietary,No,Not Available
430090,SIOUX FALLS SPECIALTY HOSPITAL,SIOUX FALLS,SD,57105,Acute Care Hospitals,Proprietary,No,Not Available
430091,BLACK HILLS SURGICAL HOSPITAL LLC,RAPID CITY,SD,57703,Acute Care Hospitals,Proprietary,No,Not Available
430093,SAME DAY SURGERY CENTER LLC,RAPID CITY,SD,57701,Acute Care Hospitals,Proprietary,No,Not Available
430095,AVERA HEART HOSPITAL OF SOUTH DAKOTA,SIOUX FALLS,SD,57108,Acute Care Hospitals,Proprietary,Yes,5
430097,SANFORD MEDICAL CENTER ABERDEEN,ABERDEEN,SD,57402,Acute Care Hospitals,Voluntary non-profit - Private,Yes,4
430098,PINE RIDGE IHS HOSPITAL,PINE RIDGE,SD,57770,Acute Care Hospitals,Government - Federal,Yes,Not Available
431300,MADISON REGIONAL HEALTH SYSTEM,MADISON,SD,57042,Critical Access Hospitals,Voluntary non-profit - Private,Yes,Not Available
431301,FAULKTON AREA MEDICAL CENTER,FAULKTON,SD,57438,Critical Access Hospitals,Voluntary non-profit - Private,Yes,Not Available
431302,AVERA MISSOURI RIVER HEALTH CENTER,GETTYSBURG,SD,57442,Critical Access Hospitals,Voluntary non-profit - Private,Yes,Not Available
431305,DOUGLAS COUNTY MEMORIAL HOSPITAL-CAH,ARMOUR,SD,57313,Critical Access Hospitals,Voluntary non-profit - Private,Yes,Not Available
431306,PLATTE HEALTH CENTER,PLATTE,SD,57369,Critical Access Hospitals,Voluntary non-profit - Private,Yes,Not Available
431307,SANFORD CLEAR LAKE MEDICAL CENTER,CLEAR LAKE,SD,57226,Critical Access Hospitals,Voluntary non-profit - Private,Yes,Not Available
431308,EUREKA COMMUNITY HEALTH SERVICES - CAH,EUREKA,SD,57437,Critical Access Hospitals,Voluntary non-profit - Other,Yes,Not Available
431309,COMMUNITY MEMORIAL HOSPITAL,BURKE,SD,57523,Critical Access Hospitals,Voluntary non-profit - Private,Yes,Not Available
431310,AVERA FLANDREAU HOSPITAL - CAH,FLANDREAU,SD,57028,Critical Access Hospitals,Voluntary non-profit - Private,Yes,Not Available
431311,SANFORD HOSPITAL WEBSTER - CAH,WEBSTER,SD,57274,Critical Access Hospitals,Voluntary non-profit - Private,Yes,Not Available
431312,MARSHALL COUNTY HEALTHCARE CENTER - CAH,BRITTON,SD,57430,Critical Access Hospitals,Voluntary non-profit - Private,Yes,Not Available
431313,FREEMAN MEDICAL CENTER - CAH,FREEMAN,SD,57029,Critical Access Hospitals,Voluntary non-profit - Private,Yes,Not Available
431314,BENNETT COUNTY HOSPITAL AND NURSING HOME - CAH,MARTIN,SD,57551,Critical Access Hospitals,Voluntary non-profit - Private,Yes,Not Available
431315,WAGNER COMMUNITY MEMORIAL HOSPITAL - CAH,WAGNER,SD,57380,Critical Access Hospitals,Voluntary non-profit - Private,Yes,Not Available
431316,COMMUNITY MEMORIAL HOSPITAL,REDFIELD,SD,57469,Critical Access Hospitals,Government - Local,Yes,Not Available
431317,LANDMANN-JUNGMAN MEMORIAL HOSPITAL - CAH,SCOTLAND,SD,57059,Critical Access Hospitals,Voluntary non-profit - Private,Yes,Not Available
431318,BOWDLE HOSPITAL - CAH,BOWDLE,SD,57428,Critical Access Hospitals,Government - Local,Yes,Not Available
431319,HANS P PETERSON MEMORIAL HOSPITAL - CAH,PHILIP,SD,57567,Critical Access Hospitals,Voluntary non-profit - Private,Yes,Not Available
431320,MONUMENT HEALTH LEAD-DEADWOOD HOSPITAL,DEADWOOD,SD,57732,Critical Access Hospitals,Voluntary non-profit - Private,Yes,Not Available
431321,MONUMENT HEALTH STURGIS HOSPITAL,STURGIS,SD,57785,Critical Access Hospitals,Voluntary non-profit - Other,Yes,Not Available
431322,FALL RIVER HOSPITAL - CAH,HOT SPRINGS,SD,57747,Critical Access Hospitals,Government - Local,Yes,Not Available
431323,MONUMENT HEALTH CUSTER HOSPITAL,CUSTER,SD,57730,Critical Access Hospitals,Voluntary non-profit - Private,Yes,Not Available
431324,AVERA WESKOTA MEMORIAL MEDICAL CENTER - CAH,WESSINGTON SPRINGS,SD,57382,Critical Access Hospitals,Voluntary non-profit - Private,Yes,Not Available
431325,MOBRIDGE REGIONAL HOSPITAL - CAH,MOBRIDGE,SD,57601,Critical Access Hospitals,Voluntary non-profit - Private,Yes,Not Available
431326,MILBANK AREA HOSPITAL/AVERA HEALTH,MILBANK,SD,57252,Critical Access Hospitals,Voluntary non-profit - Private,Yes,Not Available
431327,ST MICHAEL'S HOSPITAL - CAH,TYNDALL,SD,57066,Critical Access Hospitals,Government - Local,Yes,Not Available
431328,PIONEER MEMORIAL HOSPITAL - CAH,VIBORG,SD,57070,Critical Access Hospitals,Voluntary non-profit - Private,Yes,Not Available
431329,SANFORD CHAMBERLAIN MEDICAL CENTER,CHAMBERLAIN,SD,57325,Critical Access Hospitals,Voluntary non-profit - Private,Yes,Not Available
431330,AVERA ST BENEDICT HEALTH CENTER - CAH,PARKSTON,SD,57366,Critical Access Hospitals,Voluntary non-profit - Private,No,Not Available
431331,AVERA DELLS AREA HOSPITAL  - CAH,DELL RAPIDS,SD,57022,Critical Access Hospitals,Voluntary non-profit - Private,Yes,Not Available
431332,AVERA DE SMET MEMORIAL HOSPITAL - CAH,DE SMET,SD,57231,Critical Access Hospitals,Voluntary non-profit - Private,Yes,Not Available
431333,SANFORD CANTON-INWOOD MEDICAL CENTER - CAH,CANTON,SD,57013,Critical Access Hospitals,Voluntary non-profit - Private,Yes,Not Available
431334,WINNER REGIONAL HEALTHCARE CENTER - CAH,WINNER,SD,57580,Critical Access Hospitals,Voluntary non-profit - Private,Yes,Not Available
431335,HURON REGIONAL MEDICAL CENTER,HURON,SD,57350,Critical Access Hospitals,Voluntary non-profit - Private,Yes,Not Available
431336,SANFORD VERMILLION MEDICAL CENTER,VERMILLION,SD,57069,Critical Access Hospitals,Voluntary non-profit - Private,Yes,Not Available
431337,AVERA HAND COUNTY MEMORIAL HOSPITAL AND CLINIC,MILLER,SD,57362,Critical Access Hospitals,Voluntary non-profit - Private,Yes,Not Available
431338,AVERA GREGORY HOSPITAL,GREGORY,SD,57533,Critical Access Hospitals,Voluntary non-profit - Private,Yes,Not Available
431339,COTEAU DES PRAIRIES HEALTH CARE SYSTEM,SISSETON,SD,57262,Critical Access Hospitals,Voluntary non-profit - Private,Yes,Not Available
431340,AVERA QUEEN OF PEACE,MITCHELL,SD,57301,Critical Access Hospitals,Voluntary non-profit - Private,Yes,Not Available
431383,EAGLE BUTTE INDIAN HEALTH SERVICE HOSPITAL,EAGLE BUTTE,SD,57625,Critical Access Hospitals,Government - Federal,Yes,Not Available
433300,LIFESCAPE,SIOUX FALLS,SD,57105,Childrens,Voluntary non-profit - Private,No,Not Available
434003,SOUTH DAKOTA HUMAN SERVICES CENTER,YANKTON,SD,57078,Psychiatric,Government - State,No,Not Available
440002,JACKSON-MADISON COUNTY GENERAL HOSPITAL,JACKSON,TN,38301,Acute Care Hospitals,Government - Hospital District or Authority,Yes,3
440003,HIGHPOINT HEALTH-SUMNER WITH ASCENSION SAINT THOMA,GALLATIN,TN,37066,Acute Care Hospitals,Proprietary,Yes,2
440006,TRISTAR SKYLINE MEDICAL CENTER,NASHVILLE,TN,37207,Acute Care Hospitals,Voluntary non-profit - Private,Yes,2
440007,UNITY MEDICAL CENTER,MANCHESTER,TN,37355,Acute Care Hospitals,Voluntary non-profit - Private,Yes,Not Available
440008,HENDERSON COUNTY COMMUNITY HOSPITAL,LEXINGTON,TN,38351,Acute Care Hospitals,Proprietary,Yes,Not Available
440009,CUMBERLAND MEDICAL CENTER,CROSSVILLE,TN,38555,Acute Care Hospitals,Voluntary non-profit - Private,Yes,4
440011,BLOUNT MEMORIAL HOSPITAL,MARYVILLE,TN,37804,Acute Care Hospitals,Government - Local,Yes,4
440012,WELLMONT BRISTOL REGIONAL MEDICAL CENTER,BRISTOL,TN,37620,Acute Care Hospitals,Government - Hospital District or Authority,Yes,1
440015,"UNIVERSITY HEALTH SYSTEM, INC",KNOXVILLE,TN,37920,Acute Care Hospitals,Voluntary non-profit - Private,Yes,4
440016,BAPTIST MEMORIAL HOSPITAL - CARROLL COUNTY,HUNTINGDON,TN,38344,Acute Care Hospitals,Voluntary non-profit - Private,Yes,Not Available
440017,WELLMONT HOLSTON VALLEY MEDICAL CENTER,KINGSPORT,TN,37662,Acute Care Hospitals,Voluntary non-profit - Private,Yes,3
440018,SYCAMORE SHOALS HOSPITAL,ELIZABETHTON,TN,37643,Acute Care Hospitals,Voluntary non-profit - Private,Yes,2
440020,SOUTHERN TENNESSEE REGIONAL HEALTH SYSTEM PULASKI,PULASKI,TN,38478,Acute Care Hospitals,Proprietary,Yes,3
440029,WILLIAMSON MEDICAL CENTER,FRANKLIN,TN,37067,Acute Care Hospitals,Government - Hospital District or Authority,Yes,4
440030,MORRISTOWN HAMBLEN HOSPITAL ASSOCIATION,MORRISTOWN,TN,37814,Acute Care Hospitals,Government - Local,Yes,2
440031,ROANE MEDICAL CENTER,HARRIMAN,TN,37748,Acute Care Hospitals,Government - Hospital District or Authority,Yes,4
440032,HAWKINS COUNTY MEMORIAL HOSPITAL,ROGERSVILLE,TN,37857,Acute Care Hospitals,Voluntary non-profit - Private,Yes,Not Available
440033,LAFOLLETTE MEDICAL CENTER,LA FOLLETTE,TN,37766,Acute Care Hospitals,Voluntary non-profit - Church,Yes,Not Available
440034,METHODIST MEDICAL CENTER OF OAK RIDGE,OAK RIDGE,TN,37830,Acute Care Hospitals,Voluntary non-profit - Private,Yes,3
440035,TENNOVA HEALTHCARE-CLARKSVILLE,CLARKSVILLE,TN,37040,Acute Care Hospitals,Proprietary,Yes,1
440039,VANDERBILT UNIVERSITY MEDICAL CENTER,NASHVILLE,TN,37232,Acute Care Hospitals,Voluntary non-profit - Private,Yes,4
440046,TRISTAR HORIZON MEDICAL CENTER,DICKSON,TN,37055,Acute Care Hospitals,Proprietary,Yes,4
440048,BAPTIST MEMORIAL HOSPITAL,MEMPHIS,TN,38120,Acute Care Hospitals,Voluntary non-profit - Private,Yes,2
440049,METHODIST HOSPITALS OF MEMPHIS,MEMPHIS,TN,38104,Acute Care Hospitals,Voluntary non-profit - Church,Yes,4
440050,GREENEVILLE COMMUNITY HOSPITAL,GREENEVILLE,TN,37745,Acute Care Hospitals,Voluntary non-profit - Private,Yes,3
440053,SAINT THOMAS RUTHERFORD HOSPITAL,MURFREESBORO,TN,37129,Acute Care Hospitals,Voluntary non-profit - Church,Yes,2
440056,TENNOVA HEALTHCARE-JEFFERSON MEMORIAL HOSPITAL,JEFFERSON CITY,TN,37760,Acute Care Hospitals,Proprietary,Yes,2
440057,CLAIBORNE MEDICAL CENTER,TAZEWELL,TN,37879,Acute Care Hospitals,Government - Local,Yes,Not Available
440058,SOUTHERN TENNESSEE REGIONAL HEALTH SYSTEM WINCHEST,WINCHESTER,TN,37398,Acute Care Hospitals,Proprietary,Yes,2
440059,COOKEVILLE REGIONAL MEDICAL CENTER,COOKEVILLE,TN,38501,Acute Care Hospitals,Government - Local,Yes,2
440060,WEST TENNESSEE HEALTHCARE MILAN HOSPITAL,MILAN,TN,38358,Acute Care Hospitals,Government - Local,Yes,Not Available
440061,VOLUNTEER COMMUNITY HOSPITAL,MARTIN,TN,38237,Acute Care Hospitals,Proprietary,Yes,2
440063,JOHNSON CITY MEDICAL CENTER,JOHNSON CITY,TN,37604,Acute Care Hospitals,Voluntary non-profit - Private,Yes,Not Available
440065,TRISTAR NORTHCREST MEDICAL CENTER,SPRINGFIELD,TN,37172,Acute Care Hospitals,Voluntary non-profit - Other,Yes,3
440068,STARR REGIONAL MEDICAL CENTER ATHENS,ATHENS,TN,37371,Acute Care Hospitals,Proprietary,Yes,3
440072,DYERSBURG REGIONAL MEDICAL CENTER,DYERSBURG,TN,38024,Acute Care Hospitals,Proprietary,Yes,4
440073,MAURY REGIONAL HOSPITAL,COLUMBIA,TN,38401,Acute Care Hospitals,Government - Local,Yes,3
440081,LECONTE MEDICAL CENTER,SEVIERVILLE,TN,37862,Acute Care Hospitals,Voluntary non-profit - Other,Yes,4
440082,ASCENSION SAINT THOMAS HOSPITAL,NASHVILLE,TN,37205,Acute Care Hospitals,Voluntary non-profit - Private,Yes,3
440084,SWEETWATER HOSPITAL ASSOCIATION,SWEETWATER,TN,37874,Acute Care Hospitals,Voluntary non-profit - Private,Yes,2
440091,"MEMORIAL HEALTHCARE SYSTEM, INC",CHATTANOOGA,TN,37404,Acute Care Hospitals,Voluntary non-profit - Church,No,4
440102,LINCOLN MEDICAL CENTER,FAYETTEVILLE,TN,37334,Acute Care Hospitals,Government - Local,Yes,2
440104,ERLANGER MEDICAL CENTER,CHATTANOOGA,TN,37403,Acute Care Hospitals,Government - Hospital District or Authority,Yes,3
440109,HARDIN MEDICAL CENTER,SAVANNAH,TN,38372,Acute Care Hospitals,Government - Local,Yes,Not Available
440110,FORT LOUDOUN MEDICAL CENTER,LENOIR CITY,TN,37772,Acute Care Hospitals,Voluntary non-profit - Other,Yes,5
440111,METRO NASHVILLE GENERAL HOSPITAL,NASHVILLE,TN,37208,Acute Care Hospitals,Government - Hospital District or Authority,Yes,Not Available
440120,PHYSICIANS REGIONAL MEDICAL CENTER,POWELL,TN,37849,Acute Care Hospitals,Proprietary,Yes,3
440125,FORT SANDERS REGIONAL MEDICAL CENTER,KNOXVILLE,TN,37916,Acute Care Hospitals,Voluntary non-profit - Private,Yes,3
440130,BAPTIST MEMORIAL HOSPITAL UNION CITY,UNION CITY,TN,38261,Acute Care Hospitals,Voluntary non-profit - Private,Yes,5
440131,BAPTIST MEMORIAL HOSPITAL TIPTON,COVINGTON,TN,38019,Acute Care Hospitals,Voluntary non-profit - Church,Yes,3
440132,WEST TENNESSEE HEALTHCARE HENRY COUNTY HOSPITAL,PARIS,TN,38242,Acute Care Hospitals,Government - Hospital District or Authority,Yes,3
440137,VANDERBILT BEDFORD HOSPITAL,SHELBYVILLE,TN,37160,Acute Care Hospitals,Proprietary,Yes,Not Available
44013F,MEMPHIS VA MEDICAL CENTER,MEMPHIS,TN,38105,Acute Care - Veterans Administration,Veterans Health Administration,Yes,3
440144,VANDERBILT TULLAHOMA-HARTON HOSPITAL,TULLAHOMA,TN,37388,Acute Care Hospitals,Voluntary non-profit - Other,Yes,2
440148,DEKALB COMMUNITY HOSPITAL,SMITHVILLE,TN,37166,Acute Care Hospitals,Voluntary non-profit - Church,Yes,Not Available
440150,TRISTAR SUMMIT MEDICAL CENTER,HERMITAGE,TN,37076,Acute Care Hospitals,Proprietary,Yes,2
440151,SAINT THOMAS RIVER PARK HOSPITAL,MCMINNVILLE,TN,37110,Acute Care Hospitals,Voluntary non-profit - Private,Yes,4
440152,REGIONAL ONE HEALTH,MEMPHIS,TN,38103,Acute Care Hospitals,Government - Hospital District or Authority,Yes,2
440153,TENNOVA HEALTHCARE - NEWPORT MEDICAL CENTER,NEWPORT,TN,37821,Acute Care Hospitals,Proprietary,Yes,2
440156,PARKRIDGE MEDICAL CENTER,CHATTANOOGA,TN,37404,Acute Care Hospitals,Proprietary,Yes,3
440159,DELTA SPECIALTY HOSPITAL,MEMPHIS,TN,38118,Acute Care Hospitals,Proprietary,Yes,Not Available
440161,TRISTAR CENTENNIAL MEDICAL CENTER,NASHVILLE,TN,37203,Acute Care Hospitals,Proprietary,Yes,4
44016F,MOUNTAIN HOME VA MEDICAL CENTER,MOUNTAIN HOME,TN,37684,Acute Care - Veterans Administration,Veterans Health Administration,Yes,5
440173,PARKWEST MEDICAL CENTER,KNOXVILLE,TN,37923,Acute Care Hospitals,Voluntary non-profit - Private,Yes,3
440175,SOUTHERN TENNESSEE REGIONAL HEALTH SYSTEM LAWRENCE,LAWRENCEBURG,TN,38464,Acute Care Hospitals,Voluntary non-profit - Other,Yes,3
440176,INDIAN PATH COMMUNITY HOSPITAL,KINGSPORT,TN,37660,Acute Care Hospitals,Voluntary non-profit - Private,Yes,3
44017F,VA MIDDLE TENNESSEE HEALTHCARE SYSTEM - MURFREESBORO,MURFREESBORO,TN,37129,Acute Care - Veterans Administration,Veterans Health Administration,No,Not Available
440183,ST FRANCIS HOSPITAL,MEMPHIS,TN,38119,Acute Care Hospitals,Proprietary,Yes,2
440184,FRANKLIN WOODS COMMUNITY HOSPITAL,JOHNSON CITY,TN,37604,Acute Care Hospitals,Voluntary non-profit - Private,Yes,4
440185,AFFILIATE OF VITRUVIAN HEALTH,CLEVELAND,TN,37311,Acute Care Hospitals,Proprietary,Yes,2
440187,LIVINGSTON REGIONAL HOSPITAL,LIVINGSTON,TN,38570,Acute Care Hospitals,Proprietary,Yes,2
44018F,VA MIDDLE TENNESSEE HEALTHCARE SYSTEM,NASHVILLE,TN,37212,Acute Care - Veterans Administration,Veterans Health Administration,Yes,5
440192,SAINT THOMAS HIGHLANDS HOSPITAL,SPARTA,TN,38583,Acute Care Hospitals,Proprietary,Yes,Not Available
440193,VANDERBILT WILSON COUNTY HOSPITAL,LEBANON,TN,37087,Acute Care Hospitals,Voluntary non-profit - Private,Yes,4
440194,TRISTAR HENDERSONVILLE MEDICAL CENTER,HENDERSONVILLE,TN,37075,Acute Care Hospitals,Proprietary,Yes,4
440197,TRISTAR SOUTHERN HILLS MEDICAL CENTER,NASHVILLE,TN,37211,Acute Care Hospitals,Proprietary,Yes,4
440200,STONES RIVER HOSPITAL,WOODBURY,TN,37190,Acute Care Hospitals,Proprietary,Yes,Not Available
440218,SAINT THOMAS HOSPITAL FOR SPINAL SURGERY,NASHVILLE,TN,37203,Acute Care Hospitals,Voluntary non-profit - Other,No,Not Available
440227,TRISTAR STONECREST MEDICAL CENTER,SMYRNA,TN,37167,Acute Care Hospitals,Proprietary,Yes,3
440228,SAINT FRANCIS BARTLETT MEDICAL CENTER,BARTLETT,TN,38133,Acute Care Hospitals,Proprietary,Yes,2
440231,TRUSTPOINT HOSPITAL,MURFREESBORO,TN,37129,Acute Care Hospitals,Proprietary,No,Not Available
440238,HAYWOOD COUNTY COMMUNITY HOSPITAL,BROWNSVILLE,TN,38012,Acute Care Hospitals,Proprietary,Yes,Not Available
440779,TRISTAR ASHLAND CITY MEDICAL CENTER,ASHLAND CITY,TN,37015,Rural Emergency Hospital,Proprietary,Yes,Not Available
440780,WAYNE MEDICAL CENTER,WAYNESBORO,TN,38485,Rural Emergency Hospital,Voluntary non-profit - Other,Yes,Not Available
441300,SAINT THOMAS HICKMAN HOSPITAL,CENTERVILLE,TN,37033,Critical Access Hospitals,Voluntary non-profit - Private,No,Not Available
441301,HIGHPOINT HEALTH-TROUSDALE WITH ASCENSION SAINT,HARTSVILLE,TN,37074,Critical Access Hospitals,Voluntary non-profit - Other,Yes,Not Available
441303,ASCENSION SAINT THOMAS THREE RIVERS,WAVERLY,TN,37185,Critical Access Hospitals,Voluntary non-profit - Private,Yes,Not Available
441304,JOHNSON COUNTY COMMUNITY HOSPITAL,MOUNTAIN CITY,TN,37683,Critical Access Hospitals,Voluntary non-profit - Private,Yes,Not Available
441305,MACON COMMUNITY HOSPITAL,LAFAYETTE,TN,37083,Critical Access Hospitals,Voluntary non-profit - Private,Yes,3
441306,ERLANGER BLEDSOE HOSPITAL,PIKEVILLE,TN,37367,Critical Access Hospitals,Government - Hospital District or Authority,Yes,Not Available
441307,HIGHPOINT HEALTH-RIVERVIEW WITH ASCENSION SAINT TH,CARTHAGE,TN,37030,Critical Access Hospitals,Proprietary,Yes,3
441309,MARSHALL MEDICAL CENTER,LEWISBURG,TN,37091,Critical Access Hospitals,Government - Hospital District or Authority,Yes,Not Available
441310,RHEA MEDICAL CENTER,DAYTON,TN,37321,Critical Access Hospitals,Government - Local,Yes,3
441313,HANCOCK COUNTY HOSPITAL,SNEEDVILLE,TN,37869,Critical Access Hospitals,Voluntary non-profit - Other,Yes,Not Available
441314,LAUDERDALE COMMUNITY HOSPITAL,RIPLEY,TN,38063,Critical Access Hospitals,Proprietary,Yes,Not Available
441316,WEST TENNESSEE HEALTHCARE CAMDEN HOSPITAL,CAMDEN,TN,38320,Critical Access Hospitals,Government - Hospital District or Authority,Yes,Not Available
441320,WEST TENNESSEE HEALTHCARE BOLIVAR HOSPITAL,BOLIVAR,TN,38008,Critical Access Hospitals,Government - Hospital District or Authority,Yes,Not Available
441322,HOUSTON COUNTY COMMUNITY HOSPITAL,ERIN,TN,37061,Critical Access Hospitals,Government - Local,Yes,Not Available
441323,BIG SOUTH FORK MEDICAL CENTER,ONEIDA,TN,37841,Critical Access Hospitals,Proprietary,Yes,Not Available
443302,ST JUDE CHILDRENS RESEARCH HOSPITAL,MEMPHIS,TN,38105,Childrens,Voluntary non-profit - Private,No,Not Available
443303,EAST TENNESSEE CHILDRENS HOSPITAL,KNOXVILLE,TN,37916,Childrens,Voluntary non-profit - Private,Yes,Not Available
444001,MEMPHIS MENTAL HEALTH INSTITUTE,MEMPHIS,TN,38103,Psychiatric,Government - Local,Yes,Not Available
444002,MOCCASIN BEND MENTAL HEALTH INSTITUTE,CHATTANOOGA,TN,37405,Psychiatric,Government - State,No,Not Available
444003,RIDGEVIEW PSYCHIATRIC HOSPITAL AND CENTER,OAK RIDGE,TN,37830,Psychiatric,Voluntary non-profit - Private,No,Not Available
444004,LAKESIDE BEHAVIORAL HEALTH SYSTEM,MEMPHIS,TN,38133,Psychiatric,Voluntary non-profit - Church,No,Not Available
444005,UNITY PSYCHIATRIC CARE-MARTIN,MARTIN,TN,38237,Psychiatric,Proprietary,No,Not Available
444007,ROLLING HILLS PSYCHIATRIC HOSPITAL,FRANKLIN,TN,37067,Psychiatric,Voluntary non-profit - Private,Yes,Not Available
444008,WESTERN MENTAL HEALTH INSTITUTE,BOLIVAR,TN,38008,Psychiatric,Government - Local,No,Not Available
444010,"PATHWAYS OF TENNESSEE, INC",JACKSON,TN,38301,Psychiatric,Voluntary non-profit - Private,No,Not Available
444014,MIDDLE TN MENTAL HEALTH INSTITUTE,NASHVILLE,TN,37214,Psychiatric,Government - State,No,Not Available
444019,UNITY PSYCHIATRIC CARE-CLARKSVILLE,CLARKSVILLE,TN,37040,Psychiatric,Proprietary,No,Not Available
444021,UNITY PSYCHIATRIC CARE-COLUMBIA,COLUMBIA,TN,38401,Psychiatric,Proprietary,Yes,Not Available
444023,PERIMETER BEHAVIORAL CENTER OF JACKSON,JACKSON,TN,38305,Psychiatric,Proprietary,No,Not Available
444024,UNITY PSYCHIATRIC CARE-MEMPHIS,MEMPHIS,TN,38107,Psychiatric,Proprietary,No,Not Available
444025,CRESTWYN BEHAVIORAL HEALTH,MEMPHIS,TN,38125,Psychiatric,Proprietary,Yes,Not Available
444026,"ERLANGER BEHAVIORAL HOSPITAL, LLC",CHATTANOOGA,TN,37404,Psychiatric,Proprietary,No,Not Available
444027,CREEKSIDE BEHAVIORAL HEALTH,KINGSPORT,TN,37660,Psychiatric,Proprietary,No,Not Available
444029,PINEWOOD SPRINGS,COLUMBIA,TN,38401,Psychiatric,Proprietary,No,Not Available
444030,ASCENSION SAINT THOMAS BEHAVIORAL HEALTH HOSPITAL,NASHVILLE,TN,37228,Psychiatric,Proprietary,No,Not Available
444031,KNOXVILLE CENTER FOR BEHAVIORAL MEDICINE,KNOXVILLE,TN,37909,Psychiatric,Voluntary non-profit - Other,No,Not Available
444032,EAST TENNESSEE BEHAVIORAL HEALTH,KNOXVILLE,TN,37909,Psychiatric,Proprietary,No,Not Available
444033,COMPASS INTERVENTION CENTER,MEMPHIS,TN,38125,Psychiatric,Proprietary,No,Not Available
450002,THE HOSPITALS OF PROVIDENCE - MEMORIAL CAMPUS,EL PASO,TX,79902,Acute Care Hospitals,Proprietary,Yes,2
450007,PETERSON REGIONAL MEDICAL CENTER,KERRVILLE,TX,78028,Acute Care Hospitals,Voluntary non-profit - Private,Yes,4
450010,UNITED REGIONAL HEALTH CARE SYSTEM,WICHITA FALLS,TX,76301,Acute Care Hospitals,Voluntary non-profit - Private,Yes,3
450011,CHI ST JOSEPH HEALTH REGIONAL HOSPITAL,BRYAN,TX,77802,Acute Care Hospitals,Voluntary non-profit - Private,Yes,3
450015,PARKLAND HEALTH & HOSPITAL SYSTEM,DALLAS,TX,75235,Acute Care Hospitals,Government - Hospital District or Authority,Yes,2
450018,UNIVERSITY OF TEXAS MEDICAL BRANCH GALVESTON,GALVESTON,TX,77555,Acute Care Hospitals,Government - State,Yes,3
450021,BAYLOR UNIVERSITY MEDICAL CENTER,DALLAS,TX,75246,Acute Care Hospitals,Voluntary non-profit - Church,Yes,3
450023,CITIZENS MEDICAL CENTER,VICTORIA,TX,77901,Acute Care Hospitals,Voluntary non-profit - Other,Yes,3
450024,UNIVERSITY MEDICAL CENTER OF EL PASO,EL PASO,TX,79905,Acute Care Hospitals,Physician,Yes,1
450028,VALLEY BAPTIST MEDICAL CENTER- BROWNSVILLE,BROWNSVILLE,TX,78520,Acute Care Hospitals,Proprietary,Yes,3
450029,LAREDO MEDICAL CENTER,LAREDO,TX,78044,Acute Care Hospitals,Proprietary,Yes,2
450032,CHRISTUS GOOD SHEPHERD MEDICAL CENTER,LONGVIEW,TX,75601,Acute Care Hospitals,Voluntary non-profit - Private,Yes,3
450033,VHS HARLINGEN HOSPITAL COMPANY LLC,HARLINGEN,TX,78550,Acute Care Hospitals,Proprietary,Yes,2
450034,CHRISTUS SOUTHEAST TEXAS- ST ELIZABETH,BEAUMONT,TX,77702,Acute Care Hospitals,Voluntary non-profit - Private,Yes,3
450035,ST JOSEPH MEDICAL CENTER,HOUSTON,TX,77002,Acute Care Hospitals,Physician,Yes,2
450039,JPS HEALTH NETWORK,FORT WORTH,TX,76104,Acute Care Hospitals,Government - Hospital District or Authority,Yes,4
450040,COVENANT MEDICAL CENTER,LUBBOCK,TX,79410,Acute Care Hospitals,Voluntary non-profit - Private,Yes,2
450042,ASCENSION PROVIDENCE,WACO,TX,76712,Acute Care Hospitals,Voluntary non-profit - Private,Yes,2
450044,UT OF TEXAS  SOUTHWESTERN UNIVERSITY HOSPITAL - WILLIAM P. CLEMENTS JR.,DALLAS,TX,75390,Acute Care Hospitals,Government - State,Yes,4
450046,CHRISTUS SPOHN HOSPITAL CORPUS CHRISTI,CORPUS CHRISTI,TX,78404,Acute Care Hospitals,Voluntary non-profit - Private,Yes,3
450051,METHODIST DALLAS MEDICAL CENTER,DALLAS,TX,75203,Acute Care Hospitals,Voluntary non-profit - Other,Yes,3
450054,BAYLOR SCOTT & WHITE MEDICAL CENTER - TEMPLE,TEMPLE,TX,76508,Acute Care Hospitals,Voluntary non-profit - Private,Yes,4
450055,ROLLING PLAINS MEMORIAL HOSPITAL,SWEETWATER,TX,79556,Acute Care Hospitals,Government - Hospital District or Authority,Yes,Not Available
450056,ASCENSION SETON MEDICAL CENTER AUSTIN,AUSTIN,TX,78705,Acute Care Hospitals,Voluntary non-profit - Private,Yes,4
450058,BAPTIST MEDICAL CENTER,SAN ANTONIO,TX,78205,Acute Care Hospitals,Proprietary,Yes,3
450064,TEXAS HEALTH ARLINGTON MEMORIAL HOSPITAL,ARLINGTON,TX,76012,Acute Care Hospitals,Voluntary non-profit - Private,Yes,2
450068,MEMORIAL HERMANN - TEXAS MEDICAL CENTER,HOUSTON,TX,77030,Acute Care Hospitals,Voluntary non-profit - Private,Yes,3
450072,CHI ST LUKE'S HEALTH BRAZOSPORT,LAKE JACKSON,TX,77566,Acute Care Hospitals,Voluntary non-profit - Private,Yes,4
450079,BAYLOR SCOTT & WHITE MEDICAL CENTER AT IRVING,IRVING,TX,75061,Acute Care Hospitals,Voluntary non-profit - Private,Yes,5
450080,TITUS REGIONAL MEDICAL CENTER,MOUNT PLEASANT,TX,75455,Acute Care Hospitals,Government - Hospital District or Authority,Yes,3
450082,CHRISTUS SPOHN HOSPITAL BEEVILLE,BEEVILLE,TX,78102,Acute Care Hospitals,Voluntary non-profit - Private,Yes,Not Available
450083,UT HEALTH EAST TEXAS TYLER REGIONAL HOSPITAL,TYLER,TX,75701,Acute Care Hospitals,Proprietary,Yes,1
450087,MEDICAL CITY NORTH HILLS,NORTH RICHLAND HILLS,TX,76180,Acute Care Hospitals,Proprietary,Yes,2
450090,NORTH TEXAS MEDICAL CENTER,GAINESVILLE,TX,76240,Acute Care Hospitals,Voluntary non-profit - Private,Yes,4
450092,FORT DUNCAN MEDICAL CENTER,EAGLE PASS,TX,78852,Acute Care Hospitals,Proprietary,Yes,3
450097,HCA HOUSTON HEALTHCARE SOUTHEAST,PASADENA,TX,77504,Acute Care Hospitals,Proprietary,Yes,3
450101,BAYLOR SCOTT & WHITE MEDICAL CENTER HILLCREST,WACO,TX,76712,Acute Care Hospitals,Voluntary non-profit - Private,Yes,4
450102,CHRISTUS MOTHER FRANCES HOSPITAL,TYLER,TX,75701,Acute Care Hospitals,Voluntary non-profit - Private,Yes,4
450104,GUADALUPE REGIONAL MEDICAL CENTER,SEGUIN,TX,78155,Acute Care Hospitals,Government - Local,Yes,2
450107,LAS PALMAS MEDICAL CENTER A CAMPUS OF LPDS HEALTHC,EL PASO,TX,79902,Acute Care Hospitals,Proprietary,Yes,1
450108,CONNALLY MEMORIAL MEDICAL CENTER,FLORESVILLE,TX,78114,Acute Care Hospitals,Government - Hospital District or Authority,Yes,Not Available
450119,SOUTH TEXAS HEALTH SYSTEM,EDINBURG,TX,78539,Acute Care Hospitals,Proprietary,Yes,4
450124,DELL SETON  MED CENTER AT THE UNIVERSITY OF TX,AUSTIN,TX,78701,Acute Care Hospitals,Voluntary non-profit - Private,No,2
450128,KNAPP MEDICAL CENTER,WESLACO,TX,78596,Acute Care Hospitals,Voluntary non-profit - Private,Yes,4
450132,MEDICAL CENTER HOSPITAL,ODESSA,TX,79761,Acute Care Hospitals,Government - Hospital District or Authority,Yes,2
450133,MIDLAND MEMORIAL HOSPITAL,MIDLAND,TX,79701,Acute Care Hospitals,Government - Hospital District or Authority,Yes,1
450135,TEXAS HEALTH HARRIS METHODIST FORT WORTH,FORT WORTH,TX,76104,Acute Care Hospitals,Voluntary non-profit - Private,Yes,4
450137,BAYLOR SCOTT AND WHITE ALL SAINTS MEDICAL CENTER,FORT WORTH,TX,76104,Acute Care Hospitals,Voluntary non-profit - Private,No,4
450143,ASCENSION SETON SMITHVILLE,SMITHVILLE,TX,78957,Acute Care Hospitals,Voluntary non-profit - Private,Yes,Not Available
450144,PERMIAN REGIONAL MEDICAL CENTER ANDREWS COUNTY HO,ANDREWS,TX,79714,Acute Care Hospitals,Government - Hospital District or Authority,Yes,Not Available
450147,DE TAR HOSPITAL NAVARRO,VICTORIA,TX,77901,Acute Care Hospitals,Proprietary,Yes,4
450148,TEXAS HEALTH HARRIS METHODIST HOSPITAL CLEBURNE,CLEBURNE,TX,76031,Acute Care Hospitals,Voluntary non-profit - Church,Yes,3
450152,ADVENTHEALTH CENTRAL TEXAS,KILLEEN,TX,76542,Acute Care Hospitals,Voluntary non-profit - Church,Yes,3
450154,VAL VERDE REGIONAL MEDICAL CENTER,DEL RIO,TX,78840,Acute Care Hospitals,Government - Hospital District or Authority,Yes,Not Available
450155,HEREFORD REGIONAL MEDICAL CENTER,HEREFORD,TX,79045,Acute Care Hospitals,Government - Hospital District or Authority,Yes,Not Available
450162,GRACE SURGICAL HOSPITAL,LUBBOCK,TX,79412,Acute Care Hospitals,Voluntary non-profit - Private,Yes,3
450163,CHRISTUS SPOHN HOSPITAL KLEBERG,KINGSVILLE,TX,78363,Acute Care Hospitals,Voluntary non-profit - Private,Yes,2
450165,METHODIST HOSPITAL ATASCOSA,JOURDANTON,TX,78026,Acute Care Hospitals,Proprietary,Yes,Not Available
450176,MISSION REGIONAL MEDICAL CENTER,MISSION,TX,78572,Acute Care Hospitals,Voluntary non-profit - Private,Yes,3
450184,MEMORIAL HERMANN HOSPITAL SYSTEM,HOUSTON,TX,77008,Acute Care Hospitals,Voluntary non-profit - Private,Yes,3
450193,Baylor St Lukes Medical Center,HOUSTON,TX,77030,Acute Care Hospitals,Voluntary non-profit - Church,Yes,3
450194,UT HEALTH EAST TEXAS JACKSONVILLE HOSPITAL,JACKSONVILLE,TX,75766,Acute Care Hospitals,Proprietary,Yes,Not Available
450196,PARIS REGIONAL MEDICAL CENTER,PARIS,TX,75460,Acute Care Hospitals,Proprietary,Yes,1
450200,WADLEY REGIONAL MEDICAL CENTER,TEXARKANA,TX,75501,Acute Care Hospitals,Physician,Yes,3
450203,MEDICAL CITY WEATHERFORD,WEATHERFORD,TX,76086,Acute Care Hospitals,Proprietary,Yes,2
450209,NORTHWEST TEXAS HOSPITAL,AMARILLO,TX,79106,Acute Care Hospitals,Voluntary non-profit - Private,Yes,3
450210,UT HEALTH EAST TEXAS CARTHAGE HOSPITAL,CARTHAGE,TX,75633,Acute Care Hospitals,Proprietary,Yes,Not Available
450211,CHI ST LUKES HEALTH MEMORIAL LUFKIN,LUFKIN,TX,75901,Acute Care Hospitals,Voluntary non-profit - Private,Yes,3
450213,UNIVERSITY HEALTH SYSTEM,SAN ANTONIO,TX,78229,Acute Care Hospitals,Government - Hospital District or Authority,Yes,3
450222,HCA HOUSTON HEALTHCARE CONROE,CONROE,TX,77304,Acute Care Hospitals,Proprietary,Yes,2
450229,HENDRICK MEDICAL CENTER,ABILENE,TX,79601,Acute Care Hospitals,Voluntary non-profit - Private,Yes,2
450231,BSA HOSPITAL,AMARILLO,TX,79106,Acute Care Hospitals,Proprietary,Yes,2
450235,MEMORIAL HOSPITAL,GONZALES,TX,78629,Acute Care Hospitals,Government - Hospital District or Authority,No,Not Available
450236,CHRISTUS MOTHER FRANCES HOSPITAL SULPHUR SPRINGS,SULPHUR SPRINGS,TX,75482,Acute Care Hospitals,Voluntary non-profit - Private,Yes,4
450237,CHRISTUS SANTA ROSA MEDICAL CENTER,SAN ANTONIO,TX,78229,Acute Care Hospitals,Voluntary non-profit - Private,Yes,3
450241,FAITH COMMUNITY HOSPITAL,JACKSBORO,TX,76458,Acute Care Hospitals,Government - Hospital District or Authority,Yes,Not Available
450253,BELLVILLE MEDICAL CENTER,BELLVILLE,TX,77418,Acute Care Hospitals,Government - Hospital District or Authority,Yes,Not Available
450271,MEDICAL CITY DECATUR,DECATUR,TX,76234,Acute Care Hospitals,Government - Hospital District or Authority,Yes,Not Available
450272,CHRISTUS SANTA ROSA HOSPITAL-SAN MARCOS,SAN MARCOS,TX,78666,Acute Care Hospitals,Voluntary non-profit - Church,Yes,4
450289,HARRIS HEALTH,HOUSTON,TX,77030,Acute Care Hospitals,Government - Hospital District or Authority,Yes,3
450292,TEXAS HEALTH PRESBYTERIAN HOSPITAL KAUFMAN,KAUFMAN,TX,75142,Acute Care Hospitals,Voluntary non-profit - Private,Yes,Not Available
450324,TEXOMA MEDICAL CENTER,DENISON,TX,75020,Acute Care Hospitals,Proprietary,Yes,3
450330,OAKBEND MEDICAL CENTER,RICHMOND,TX,77469,Acute Care Hospitals,Government - Hospital District or Authority,Yes,2
450346,BAPTIST BEAUMONT HOSPITAL,BEAUMONT,TX,77701,Acute Care Hospitals,Voluntary non-profit - Private,Yes,2
450347,HUNTSVILLE MEMORIAL HOSPITAL,HUNTSVILLE,TX,77340,Acute Care Hospitals,Voluntary non-profit - Private,Yes,3
450351,TEXAS HEALTH HARRIS METHODIST HOSPITAL STEPHENVILL,STEPHENVILLE,TX,76401,Acute Care Hospitals,Voluntary non-profit - Private,Yes,Not Available
450352,HUNT REGIONAL MEDICAL CENTER,GREENVILLE,TX,75401,Acute Care Hospitals,Government - Hospital District or Authority,Yes,3
450358,HOUSTON METHODIST HOSPITAL,HOUSTON,TX,77030,Acute Care Hospitals,Voluntary non-profit - Private,Yes,5
450369,CHILDRESS REGIONAL MEDICAL CENTER,CHILDRESS,TX,79201,Acute Care Hospitals,Government - Hospital District or Authority,Yes,Not Available
450370,COLUMBUS COMMUNITY HOSPITAL,COLUMBUS,TX,78934,Acute Care Hospitals,Voluntary non-profit - Private,Yes,Not Available
450372,BAYLOR SCOTT & WHITE MEDICAL CENTER- WAXAHACHIE,WAXAHACHIE,TX,75165,Acute Care Hospitals,Voluntary non-profit - Private,Yes,5
450379,DALLAS MEDICAL CENTER,DALLAS,TX,75234,Acute Care Hospitals,Proprietary,Yes,Not Available
450388,METHODIST HOSPITAL,SAN ANTONIO,TX,78229,Acute Care Hospitals,Proprietary,Yes,3
450389,UT HEALTH EAST TEXAS ATHENS HOSPITAL,ATHENS,TX,75751,Acute Care Hospitals,Proprietary,Yes,3
450395,CHI ST LUKES HEALTH MEMORIAL LIVINGSTON,LIVINGSTON,TX,77351,Acute Care Hospitals,Voluntary non-profit - Private,Yes,4
450399,BROWNFIELD REGIONAL MEDICAL CENTER,BROWNFIELD,TX,79316,Acute Care Hospitals,Government - Hospital District or Authority,Yes,Not Available
450400,PARKVIEW REGIONAL HOSPITAL,MEXIA,TX,76667,Acute Care Hospitals,Proprietary,Yes,Not Available
450403,MEDICAL CENTER OF MCKINNEY,MCKINNEY,TX,75069,Acute Care Hospitals,Proprietary,Yes,3
450411,EASTLAND MEMORIAL HOSPITAL,EASTLAND,TX,76448,Acute Care Hospitals,Government - Hospital District or Authority,Yes,Not Available
450419,TEXAS HEALTH HARRIS METHODIST HOSPITAL AZLE,AZLE,TX,76020,Acute Care Hospitals,Voluntary non-profit - Private,Yes,Not Available
450422,BAYLOR SCOTT AND WHITE MEDICAL CENTER UPTOWN,DALLAS,TX,75204,Acute Care Hospitals,Proprietary,Yes,Not Available
450424,HOUSTON METHODIST BAYTOWN HOSPITAL,BAYTOWN,TX,77521,Acute Care Hospitals,Voluntary non-profit - Private,Yes,5
450431,ST DAVID'S MEDICAL CENTER,AUSTIN,TX,78705,Acute Care Hospitals,Voluntary non-profit - Private,Yes,5
450447,NAVARRO REGIONAL HOSPITAL,CORSICANA,TX,75110,Acute Care Hospitals,Government - Hospital District or Authority,Yes,2
450451,GLEN ROSE MEDICAL CENTER,GLEN ROSE,TX,76043,Acute Care Hospitals,Government - Hospital District or Authority,Yes,Not Available
450460,TYLER COUNTY HOSPITAL,WOODVILLE,TX,75979,Acute Care Hospitals,Government - Hospital District or Authority,Yes,Not Available
450462,TEXAS HEALTH PRESBYTERIAN HOSPITAL DALLAS,DALLAS,TX,75231,Acute Care Hospitals,Voluntary non-profit - Private,Yes,4
450465,MATAGORDA REGIONAL MEDICAL CENTER,BAY CITY,TX,77414,Acute Care Hospitals,Government - Hospital District or Authority,Yes,4
450469,WILSON N JONES REGIONAL MEDICAL CENTER,SHERMAN,TX,75092,Acute Care Hospitals,Proprietary,Yes,4
450475,UT HEALTH EAST TEXAS HENDERSON HOSPITAL,HENDERSON,TX,75652,Acute Care Hospitals,Proprietary,Yes,Not Available
450484,WOODLAND HEIGHTS MEDICAL CENTER,LUFKIN,TX,75904,Acute Care Hospitals,Proprietary,Yes,3
450489,MEDICAL ARTS HOSPITAL,LAMESA,TX,79331,Acute Care Hospitals,Government - Hospital District or Authority,Yes,Not Available
450508,NACOGDOCHES MEMORIAL HOSPITAL,NACOGDOCHES,TX,75961,Acute Care Hospitals,Proprietary,Yes,1
450518,THE MEDICAL CENTER OF SOUTHEAST TEXAS,PORT ARTHUR,TX,77640,Acute Care Hospitals,Physician,Yes,3
450537,METHODIST RICHARDSON MEDICAL CENTER,RICHARDSON,TX,75082,Acute Care Hospitals,Government - Hospital District or Authority,Yes,4
450539,COVENANT HOSPITAL PLAINVIEW,PLAINVIEW,TX,79072,Acute Care Hospitals,Voluntary non-profit - Private,Yes,Not Available
450563,BAYLOR SCOTT & WHITE MEDICAL CENTER  GRAPEVINE,GRAPEVINE,TX,76051,Acute Care Hospitals,Voluntary non-profit - Private,Yes,5
450565,PALO PINTO GENERAL HOSPITAL,MINERAL WELLS,TX,76067,Acute Care Hospitals,Government - Hospital District or Authority,Yes,3
450571,SHANNON MEDICAL CENTER,SAN ANGELO,TX,76903,Acute Care Hospitals,Voluntary non-profit - Private,Yes,3
450573,CHRISTUS JASPER MEMORIAL HOSPITAL,JASPER,TX,75951,Acute Care Hospitals,Voluntary non-profit - Private,Yes,5
450584,WILBARGER GENERAL HOSPITAL,VERNON,TX,76384,Acute Care Hospitals,Government - Hospital District or Authority,Yes,Not Available
450587,HENDRICK MEDICAL CENTER BROWNWOOD,BROWNWOOD,TX,76801,Acute Care Hospitals,Proprietary,Yes,1
450596,LAKE GRANBURY MEDICAL CENTER,GRANBURY,TX,76048,Acute Care Hospitals,Proprietary,Yes,4
450597,CUERO REGIONAL HOSPITAL,CUERO,TX,77954,Acute Care Hospitals,Government - Hospital District or Authority,Yes,Not Available
450604,HILL COUNTRY MEMORIAL HOSPITAL,FREDERICKSBURG,TX,78624,Acute Care Hospitals,Proprietary,Yes,4
45060F,VA AMARILLO HEALTHCARE SYSTEM,AMARILLO,TX,79106,Acute Care - Veterans Administration,Veterans Health Administration,Yes,4
450610,MEMORIAL HERMANN MEMORIAL CITY HOSPITAL,HOUSTON,TX,77024,Acute Care Hospitals,Voluntary non-profit - Private,Yes,3
450617,HCA HOUSTON HEALTHCARE CLEAR LAKE,WEBSTER,TX,77598,Acute Care Hospitals,Proprietary,Yes,3
450634,MEDICAL CITY DENTON,DENTON,TX,76210,Acute Care Hospitals,Proprietary,Yes,4
450638,HCA HOUSTON HEALTHCARE NORTHWEST,HOUSTON,TX,77090,Acute Care Hospitals,Proprietary,Yes,3
450639,TEXAS HEALTH HARRIS METHODIST HURST-EULESS-BEDFORD,BEDFORD,TX,76022,Acute Care Hospitals,Voluntary non-profit - Private,Yes,3
450641,NOCONA GENERAL HOSPITAL,NOCONA,TX,76255,Acute Care Hospitals,Government - Hospital District or Authority,Yes,Not Available
450643,DOCTORS HOSPITAL OF LAREDO,LAREDO,TX,78041,Acute Care Hospitals,Proprietary,Yes,3
450644,HCA HOUSTON HEALTHCARE WEST,HOUSTON,TX,77082,Acute Care Hospitals,Proprietary,Yes,2
450647,MEDICAL CITY DALLAS HOSPITAL,DALLAS,TX,75230,Acute Care Hospitals,Proprietary,Yes,3
450651,MEDICAL CITY PLANO,PLANO,TX,75075,Acute Care Hospitals,Proprietary,Yes,2
450653,SCENIC MOUNTAIN MEDICAL CENTER,BIG SPRING,TX,79720,Acute Care Hospitals,Proprietary,Yes,Not Available
450654,STARR COUNTY MEMORIAL HOSPITAL,RIO GRANDE CITY,TX,78582,Acute Care Hospitals,Government - Hospital District or Authority,Yes,Not Available
450656,NACOGDOCHES MEDICAL CENTER,NACOGDOCHES,TX,75965,Acute Care Hospitals,Voluntary non-profit - Other,Yes,3
450658,FREESTONE MEDICAL CENTER,FAIRFIELD,TX,75840,Acute Care Hospitals,Government - Hospital District or Authority,Yes,Not Available
450659,HCA HOUSTON HEALTHCARE MEDICAL CENTER,HOUSTON,TX,77004,Acute Care Hospitals,Proprietary,Yes,4
450661,ODESSA REGIONAL MEDICAL CENTER,ODESSA,TX,79761,Acute Care Hospitals,Proprietary,Yes,3
450662,VALLEY REGIONAL MEDICAL CENTER,BROWNSVILLE,TX,78526,Acute Care Hospitals,Proprietary,Yes,2
450668,SIERRA MEDICAL CENTER,EL PASO,TX,79902,Acute Care Hospitals,Proprietary,Yes,2
450669,MEDICAL CITY LEWISVILLE,LEWISVILLE,TX,75057,Acute Care Hospitals,Voluntary non-profit - Private,Yes,4
45066F,DALLAS VA MEDICAL CENTER (VA NORTH TEXAS HEALTHCARE SYSTEM),DALLAS,TX,75216,Acute Care - Veterans Administration,Veterans Health Administration,Yes,4
450670,HCA HOUSTON HEALTHCARE TOMBALL,TOMBALL,TX,77375,Acute Care Hospitals,Proprietary,Yes,2
450672,MEDICAL CITY FORT WORTH,FORT WORTH,TX,76104,Acute Care Hospitals,Proprietary,Yes,2
450674,"WOMANS HOSPITAL OF TEXAS,THE",HOUSTON,TX,77054,Acute Care Hospitals,Proprietary,Yes,3
450675,MEDICAL CITY ARLINGTON,ARLINGTON,TX,76015,Acute Care Hospitals,Proprietary,Yes,2
450677,TEXAS HEALTH HUGULEY HOSPITAL FORT WORTH SOUTH,FORT WORTH,TX,76115,Acute Care Hospitals,Voluntary non-profit - Church,Yes,3
450678,WHITE ROCK MEDICAL CENTER,DALLAS,TX,75218,Acute Care Hospitals,Proprietary,Yes,2
450684,MEMORIAL HERMANN NORTHEAST HOSPITAL,HUMBLE,TX,77338,Acute Care Hospitals,Voluntary non-profit - Private,Yes,3
450686,UNIVERSITY MEDICAL CENTER,LUBBOCK,TX,79415,Acute Care Hospitals,Government - Hospital District or Authority,Yes,3
450688,DALLAS REGIONAL MEDICAL CENTER,MESQUITE,TX,75149,Acute Care Hospitals,Proprietary,Yes,2
45068F,William Beaumont AMG (FT Bliss),El Paso,TX,79920,Acute Care - Department of Defense,Department of Defense,Yes,Not Available
450690,THE UNIVERSITY OF TEXAS HEALTH SCIENCE CENTER AT TYLER,TYLER,TX,75708,Acute Care Hospitals,Government - State,Yes,3
450694,EL CAMPO MEMORIAL HOSPITAL,EL CAMPO,TX,77437,Acute Care Hospitals,Voluntary non-profit - Other,Yes,Not Available
450698,LAMB HEALTHCARE CENTER,LITTLEFIELD,TX,79339,Acute Care Hospitals,Government - Local,Yes,Not Available
45069F,Brooke Army Medical Center (FT Sam Houston),Fort Sam Houston,TX,78234,Acute Care - Department of Defense,Department of Defense,Yes,Not Available
450702,LONGVIEW REGIONAL MEDICAL CENTER,LONGVIEW,TX,75605,Acute Care Hospitals,Proprietary,Yes,3
450709,HOUSTON METHODIST CLEAR LAKE HOSPITAL,NASSAU BAY,TX,77058,Acute Care Hospitals,Voluntary non-profit - Private,Yes,5
45070F,Darnall AMC (FT Cavazos),Fort Cavazos,TX,76544,Acute Care - Department of Defense,Department of Defense,Yes,Not Available
450711,RIO GRANDE REGIONAL HOSPITAL,MCALLEN,TX,78503,Acute Care Hospitals,Proprietary,Yes,4
450713,ST DAVID'S SOUTH AUSTIN MEDICAL CENTER,AUSTIN,TX,78704,Acute Care Hospitals,Proprietary,Yes,4
450718,ROUND ROCK MEDICAL CENTER,ROUND ROCK,TX,78681,Acute Care Hospitals,Proprietary,Yes,3
450723,METHODIST CHARLTON MEDICAL CENTER,DALLAS,TX,75237,Acute Care Hospitals,Voluntary non-profit - Private,Yes,3
450730,CARROLLTON REGIONAL MEDICAL CENTER,CARROLLTON,TX,75010,Acute Care Hospitals,Proprietary,Yes,2
450742,BAYLOR SCOTT AND WHITE MEDICAL CENTER LAKE POINTE,ROWLETT,TX,75088,Acute Care Hospitals,Voluntary non-profit - Private,Yes,3
450743,TEXAS HEALTH PRESBYTERIAN HOSPITAL DENTON,DENTON,TX,76201,Acute Care Hospitals,Voluntary non-profit - Private,Yes,5
450747,PALESTINE REGIONAL MEDICAL CENTER,PALESTINE,TX,75801,Acute Care Hospitals,Proprietary,Yes,2
45074F,HOUSTON VA MEDICAL CENTER,HOUSTON,TX,77030,Acute Care - Veterans Administration,Veterans Health Administration,Yes,4
450755,COVENANT HOSPITAL LEVELLAND,LEVELLAND,TX,79336,Acute Care Hospitals,Voluntary non-profit - Private,Yes,Not Available
450771,TEXAS HEALTH PRESBYTERIAN HOSPITAL PLANO,PLANO,TX,75093,Acute Care Hospitals,Voluntary non-profit - Private,Yes,3
450774,TOPS SURGICAL SPECIALTY HOSPITAL,HOUSTON,TX,77090,Acute Care Hospitals,Physician,No,Not Available
450775,HCA HOUSTON HEALTHCARE KINGWOOD,KINGWOOD,TX,77325,Acute Care Hospitals,Proprietary,Yes,2
450779,TEXAS HEALTH HARRIS METHODIST HOSPITAL SOUTHWEST F,FORT WORTH,TX,76132,Acute Care Hospitals,Voluntary non-profit - Private,Yes,4
450788,"CORPUS CHRISTI MEDICAL CENTER,THE",CORPUS CHRISTI,TX,78411,Acute Care Hospitals,Voluntary non-profit - Other,Yes,4
450801,CHRISTUS ST MICHAEL HEALTH SYSTEM,TEXARKANA,TX,75503,Acute Care Hospitals,Voluntary non-profit - Church,Yes,4
450804,TEXAS ORTHOPEDIC HOSPITAL,HOUSTON,TX,77030,Acute Care Hospitals,Voluntary non-profit - Other,Yes,Not Available
450808,NORTHWEST HILLS SURGICAL HOSPITAL,AUSTIN,TX,78731,Acute Care Hospitals,Voluntary non-profit - Private,Yes,Not Available
450809,NORTH AUSTIN MEDICAL CENTER,AUSTIN,TX,78758,Acute Care Hospitals,Proprietary,Yes,3
450820,HOUSTON METHODIST SUGARLAND HOSPITAL,SUGAR LAND,TX,77479,Acute Care Hospitals,Voluntary non-profit - Private,Yes,4
450822,MEDICAL CITY LAS COLINAS,IRVING,TX,75039,Acute Care Hospitals,Proprietary,Yes,2
450825,CORNERSTONE REGIONAL HOSPITAL,EDINBURG,TX,78539,Acute Care Hospitals,Proprietary,Yes,Not Available
450827,KELL WEST REGIONAL HOSPITAL,WICHITA FALLS,TX,76310,Acute Care Hospitals,Proprietary,Yes,Not Available
450828,CHRISTUS SPOHN HOSPITAL ALICE,ALICE,TX,78332,Acute Care Hospitals,Voluntary non-profit - Private,Yes,5
450831,SURGERY SPECIALTY HOSPITALS OF AMERICA SE HOUSTON,PASADENA,TX,77504,Acute Care Hospitals,Proprietary,Yes,Not Available
450833,ENNIS REGIONAL MEDICAL CENTER,ENNIS,TX,75119,Acute Care Hospitals,Proprietary,Yes,Not Available
450834,"PHYSICIANS CENTRE,THE",BRYAN,TX,77802,Acute Care Hospitals,Proprietary,Yes,Not Available
450840,TEXAS HEALTH PRESBYTERIAN HOSPITAL ALLEN,ALLEN,TX,75013,Acute Care Hospitals,Voluntary non-profit - Private,Yes,5
450844,HOUSTON METHODIST WILLOWBROOK HOSPITAL,HOUSTON,TX,77070,Acute Care Hospitals,Voluntary non-profit - Private,Yes,5
450847,MEMORIAL HERMANN KATY HOSPITAL,KATY,TX,77494,Acute Care Hospitals,Voluntary non-profit - Private,Yes,3
450848,MEMORIAL HERMANN SUGAR LAND HOSPITAL,SUGAR LAND,TX,77479,Acute Care Hospitals,Voluntary non-profit - Private,Yes,3
450851,BAYLOR SCOTT & WHITE HEART & VASCULAR HOSPITAL - DALLAS,DALLAS,TX,75226,Acute Care Hospitals,Proprietary,Yes,4
450853,BAYLOR SCOTT & WHITE MEDICAL CENTER - FRISCO,FRISCO,TX,75034,Acute Care Hospitals,Proprietary,Yes,2
450855,HARLINGEN MEDICAL CENTER,HARLINGEN,TX,78550,Acute Care Hospitals,Proprietary,Yes,4
450856,SOUTH TEXAS SPINE AND SURGICAL HOSPITAL,SAN ANTONIO,TX,78258,Acute Care Hospitals,Physician,Yes,Not Available
450860,SUGAR LAND SURGICAL HOSPITAL LLP,SUGAR LAND,TX,77479,Acute Care Hospitals,Physician,Yes,Not Available
450862,ST LUKE'S THE WOODLANDS HOSPITAL,THE WOODLANDS,TX,77384,Acute Care Hospitals,Voluntary non-profit - Private,Yes,4
450864,BAYLOR SCOTT & WHITE TEXAS SPINE & JOINT HOSPITAL,TYLER,TX,75701,Acute Care Hospitals,Physician,Yes,5
450865,ASCENSION SETON  SOUTHWEST,AUSTIN,TX,78737,Acute Care Hospitals,Voluntary non-profit - Private,Yes,Not Available
450867,ASCENSION SETON NORTHWEST,AUSTIN,TX,78759,Acute Care Hospitals,Voluntary non-profit - Private,Yes,4
450869,DOCTORS HOSPTAL AT RENAISSANCE,EDINBURG,TX,78539,Acute Care Hospitals,Physician,Yes,3
45086F,TEMPLE VA MEDICAL CENTER (VA CENTRAL TEXAS HEALTHCARE SYSTEM),TEMPLE,TX,76504,Acute Care - Veterans Administration,Veterans Health Administration,Yes,4
450872,USMD HOSPITAL AT ARLINGTON L P,ARLINGTON,TX,76017,Acute Care Hospitals,Physician,Yes,Not Available
450874,BAYLOR SURGICAL HOSPITAL AT LAS COLINAS,IRVING,TX,75063,Acute Care Hospitals,Proprietary,Yes,Not Available
450875,QUAIL CREEK SURGICAL HOSPITAL,AMARILLO,TX,79124,Acute Care Hospitals,Proprietary,Yes,Not Available
450876,LUBBOCK HEART HOSPITAL LP,LUBBOCK,TX,79416,Acute Care Hospitals,Government - Hospital District or Authority,Yes,2
450880,BAYLOR SCOTT AND WHITE SURGICAL HOSPITAL FORTWORTH,FORT WORTH,TX,76110,Acute Care Hospitals,Physician,Yes,Not Available
450883,BAYLOR MEDICAL CENTER AT TROPHY CLUB,TROPHY CLUB,TX,76262,Acute Care Hospitals,Proprietary,Yes,Not Available
450885,BAYLOR SCOTT &  WHITE MEDICAL CENTER - CENTENNIAL,FRISCO,TX,75035,Acute Care Hospitals,Voluntary non-profit - Other,Yes,5
450888,TEXAS HEALTH HARRIS METHODIST HOSPITAL SOUTHLAKE,SOUTHLAKE,TX,76092,Acute Care Hospitals,Proprietary,Yes,Not Available
450889,TEXAS INSTITUTE FOR SURGERY AT PRESBYTERIAN HOSPIT,DALLAS,TX,75231,Acute Care Hospitals,Physician,Yes,Not Available
450890,BAYLOR SCOTT & WHITE MEDICAL CENTER PLANO,PLANO,TX,75093,Acute Care Hospitals,Voluntary non-profit - Other,Yes,4
450891,TEXAS HEALTH CENTER FOR DIAGNOSTICS & SURGERY,PLANO,TX,75093,Acute Care Hospitals,Proprietary,Yes,Not Available
450893,THE HEART HOSPITAL BAYLOR DENTON,DENTON,TX,76208,Acute Care Hospitals,Physician,Yes,5
45090F,SAN ANTONIO VA MEDICAL CENTER (VA SOUTH TEXAS HEALTHCARE SYSTEM),SAN ANTONIO,TX,78229,Acute Care - Veterans Administration,Veterans Health Administration,Yes,5
451300,PARMER COUNTY COMMUNITY HOSPITAL,FRIONA,TX,79035,Critical Access Hospitals,Voluntary non-profit - Private,Yes,Not Available
451301,REAGAN MEMORIAL HOSPITAL,BIG LAKE,TX,76932,Critical Access Hospitals,Government - Hospital District or Authority,Yes,Not Available
451303,LIMESTONE MEDICAL CENTER,GROESBECK,TX,76642,Critical Access Hospitals,Government - Hospital District or Authority,Yes,Not Available
451304,SCHLEICHER COUNTY MEDICAL CENTER,ELDORADO,TX,76936,Critical Access Hospitals,Proprietary,Yes,Not Available
451305,BURLESON ST JOSEPH HEALTH CENTER,CALDWELL,TX,77836,Critical Access Hospitals,Voluntary non-profit - Private,Yes,Not Available
451306,KIMBLE HOSPITAL,JUNCTION,TX,76849,Critical Access Hospitals,Proprietary,Yes,Not Available
451307,IRAAN GENERAL HOSPITAL,IRAAN,TX,79744,Critical Access Hospitals,Government - Hospital District or Authority,Yes,Not Available
451308,YOAKUM COUNTY HOSPITAL,DENVER CITY,TX,79323,Critical Access Hospitals,Voluntary non-profit - Other,Yes,Not Available
451309,MC CAMEY HOSPITAL,MCCAMEY,TX,79752,Critical Access Hospitals,Government - Hospital District or Authority,Yes,Not Available
451310,BALLINGER MEMORIAL HOSPITAL,BALLINGER,TX,76821,Critical Access Hospitals,Government - Hospital District or Authority,Yes,Not Available
451311,SWEENY COMMUNITY HOSPITAL,SWEENY,TX,77480,Critical Access Hospitals,Government - Hospital District or Authority,Yes,Not Available
451312,RICE MEDICAL CENTER,EAGLE LAKE,TX,77434,Critical Access Hospitals,Proprietary,Yes,Not Available
451313,FISHER COUNTY HOSPITAL DISTRICT,ROTAN,TX,79546,Critical Access Hospitals,Government - Hospital District or Authority,Yes,Not Available
451314,WINKLER COUNTY MEMORIAL HOSPITAL,KERMIT,TX,79745,Critical Access Hospitals,Government - Local,Yes,Not Available
451315,NORTH RUNNELS HOSPITAL,WINTERS,TX,79567,Critical Access Hospitals,Government - Hospital District or Authority,Yes,Not Available
451316,MADISON ST JOSEPH HEALTH CENTER,MADISONVILLE,TX,77864,Critical Access Hospitals,Voluntary non-profit - Private,Yes,Not Available
451317,REFUGIO COUNTY MEMORIAL HOSPITAL,REFUGIO,TX,78377,Critical Access Hospitals,Government - Hospital District or Authority,Yes,Not Available
451318,STONEWALL MEMORIAL HOSPITAL DISTRICT,ASPERMONT,TX,79502,Critical Access Hospitals,Government - Hospital District or Authority,Yes,Not Available
451319,CHRISTUS MOTHER FRANCES HOSPITAL- JACKSONVILLE,JACKSONVILLE,TX,75766,Critical Access Hospitals,Voluntary non-profit - Private,Yes,Not Available
451320,BAYSIDE COMMUNITY HOSPITAL,ANAHUAC,TX,77514,Critical Access Hospitals,Government - Hospital District or Authority,Yes,Not Available
451322,GRIMES ST JOSEPH HEALTH CENTER,NAVASOTA,TX,77868,Critical Access Hospitals,Voluntary non-profit - Private,Yes,Not Available
451323,ADVENTHEALTH ROLLINS BROOK,LAMPASAS,TX,76550,Critical Access Hospitals,Voluntary non-profit - Church,Yes,Not Available
451324,LILLIAN M HUDSPETH MEMORIAL HOSPITAL,SONORA,TX,76950,Critical Access Hospitals,Government - Hospital District or Authority,Yes,Not Available
451325,CONCHO COUNTY HOSPITAL,EDEN,TX,76837,Critical Access Hospitals,Government - Local,Yes,Not Available
451328,RICELAND MEDICAL CENTER,WINNIE,TX,77665,Critical Access Hospitals,Proprietary,Yes,Not Available
451329,RANKIN HOSPITAL MEDICAL CLINIC,RANKIN,TX,79778,Critical Access Hospitals,Government - Hospital District or Authority,Yes,Not Available
451330,MEDINA REGIONAL HOSPITAL,HONDO,TX,78861,Critical Access Hospitals,Government - Hospital District or Authority,Yes,Not Available
451331,COON MEMORIAL HOSPITAL,DALHART,TX,79022,Critical Access Hospitals,Government - Hospital District or Authority,Yes,Not Available
451332,PALACIOS COMMUNITY MEDICAL CENTER,PALACIOS,TX,77465,Critical Access Hospitals,Voluntary non-profit - Private,Yes,Not Available
451333,MARTIN COUNTY HOSPITAL DISTRICT,STANTON,TX,79782,Critical Access Hospitals,Government - Hospital District or Authority,Yes,Not Available
451334,PARKVIEW HOSPITAL,WHEELER,TX,79096,Critical Access Hospitals,Government - Hospital District or Authority,Yes,Not Available
451335,MUENSTER MEMORIAL HOSPITAL,MUENSTER,TX,76252,Critical Access Hospitals,Government - Hospital District or Authority,Yes,Not Available
451337,W J MANGOLD MEMORIAL HOSPITAL,LOCKNEY,TX,79241,Critical Access Hospitals,Government - Hospital District or Authority,Yes,Not Available
451338,CULBERSON HOSPITAL,VAN HORN,TX,79855,Critical Access Hospitals,Voluntary non-profit - Other,Yes,Not Available
451339,THROCKMORTON COUNTY MEMORIAL HOSPITAL,THROCKMORTON,TX,76483,Critical Access Hospitals,Government - Local,Yes,Not Available
451340,SHAMROCK GENERAL HOSPITAL,SHAMROCK,TX,79079,Critical Access Hospitals,Government - Hospital District or Authority,Yes,Not Available
451341,HASKELL MEMORIAL HOSPITAL,HASKELL,TX,79521,Critical Access Hospitals,Government - Hospital District or Authority,Yes,Not Available
451342,MITCHELL COUNTY HOSPITAL DISTRICT,COLORADO CITY,TX,79512,Critical Access Hospitals,Government - Hospital District or Authority,Yes,Not Available
451343,ELECTRA MEMORIAL HOSPITAL,ELECTRA,TX,76360,Critical Access Hospitals,Government - Hospital District or Authority,Yes,Not Available
451344,HANSFORD COUNTY HOSPITAL,SPEARMAN,TX,79081,Critical Access Hospitals,Government - Local,Yes,Not Available
451346,YOAKUM COMMUNITY HOSPITAL,YOAKUM,TX,77995,Critical Access Hospitals,Voluntary non-profit - Private,Yes,Not Available
451347,COLEMAN COUNTY MEDICAL CENTER COMPANY,COLEMAN,TX,76834,Critical Access Hospitals,Proprietary,Yes,Not Available
451348,HEART OF TEXAS MEMORIAL HOSPITAL,BRADY,TX,76825,Critical Access Hospitals,Voluntary non-profit - Private,Yes,Not Available
451349,SWISHER MEMORIAL HOSPITAL,TULIA,TX,79088,Critical Access Hospitals,Voluntary non-profit - Private,Yes,Not Available
451350,PLAINS MEMORIAL HOSPITAL,DIMMITT,TX,79027,Critical Access Hospitals,Government - Local,No,Not Available
451351,LYNN COUNTY HOSPITAL DISTRICT,TAHOKA,TX,79373,Critical Access Hospitals,Government - Hospital District or Authority,Yes,Not Available
451352,HARDEMAN COUNTY MEMORIAL HOSPITAL,QUANAH,TX,79252,Critical Access Hospitals,Government - Hospital District or Authority,Yes,Not Available
451353,CRANE COUNTY HOSPITAL DISTRICT,CRANE,TX,79731,Critical Access Hospitals,Government - Hospital District or Authority,Yes,Not Available
451354,HAMILTON HOSPITAL,OLNEY,TX,76374,Critical Access Hospitals,Government - Hospital District or Authority,Yes,Not Available
451355,COLLINGSWORTH GENERAL HOSPITAL,WELLINGTON,TX,79095,Critical Access Hospitals,Proprietary,Yes,Not Available
451356,MEMORIAL MEDICAL CENTER,PORT LAVACA,TX,77979,Critical Access Hospitals,Government - Local,Yes,Not Available
451358,MEMORIAL HOSPITAL,SEMINOLE,TX,79360,Critical Access Hospitals,Government - Hospital District or Authority,Yes,Not Available
451359,OCHILTREE GENERAL HOSPITAL,PERRYTON,TX,79070,Critical Access Hospitals,Government - Hospital District or Authority,Yes,Not Available
451361,SABINE COUNTY HOSPITAL,HEMPHILL,TX,75948,Critical Access Hospitals,Proprietary,Yes,Not Available
451362,CLAY COUNTY MEMORIAL HOSPITAL,HENRIETTA,TX,76365,Critical Access Hospitals,Government - Local,Yes,Not Available
451363,JACKSON HEALTHCARE CENTER,EDNA,TX,77957,Critical Access Hospitals,Government - Hospital District or Authority,Yes,Not Available
451364,OTTO KAISER MEMORIAL HOSPITAL,KENEDY,TX,78119,Critical Access Hospitals,Government - Hospital District or Authority,Yes,Not Available
451365,ASCENSION SETON HIGHLAND LAKES,BURNET,TX,78611,Critical Access Hospitals,Voluntary non-profit - Private,Yes,Not Available
451366,COCHRAN MEMORIAL HOSPITAL,MORTON,TX,79346,Critical Access Hospitals,Government - Local,Yes,Not Available
451367,UT HEALTH EAST TEXAS PITTSBURG HOSPITAL,PITTSBURG,TX,75686,Critical Access Hospitals,Proprietary,Yes,2
451369,GOLDEN PLAINS COMMUNITY HOSPITAL,BORGER,TX,79007,Critical Access Hospitals,Proprietary,Yes,Not Available
451370,TMC- BONHAM HOSPITAL,BONHAM,TX,75418,Critical Access Hospitals,Government - Hospital District or Authority,Yes,Not Available
451371,ASCENSION SETON EDGAR B DAVIS,LULING,TX,78648,Critical Access Hospitals,Voluntary non-profit - Private,Yes,Not Available
451372,MULESHOE AREA MEDICAL CENTER,MULESHOE,TX,79347,Critical Access Hospitals,Proprietary,Yes,Not Available
451373,WARD MEMORIAL HOSPITAL,MONAHANS,TX,79756,Critical Access Hospitals,Government - Local,Yes,Not Available
451374,BAYLOR SCOTT & WHITE MEDICAL CENTER -TAYLOR,TAYLOR,TX,76574,Critical Access Hospitals,Voluntary non-profit - Private,Yes,Not Available
451375,LIBERTY DAYTON REGIONAL MEDICAL CENTER,LIBERTY,TX,77575,Critical Access Hospitals,Government - Hospital District or Authority,Yes,Not Available
451376,LAVACA MEDICAL CENTER,HALLETTSVILLE,TX,77964,Critical Access Hospitals,Government - Hospital District or Authority,Yes,Not Available
451377,REEVES REGIONAL HEALTH,PECOS,TX,79772,Critical Access Hospitals,Government - Hospital District or Authority,Yes,Not Available
451378,BIG BEND REGIONAL MEDICAL CENTER,ALPINE,TX,79830,Critical Access Hospitals,Proprietary,Yes,Not Available
451379,CORYELL MEMORIAL HOSPITAL,GATESVILLE,TX,76528,Critical Access Hospitals,Government - Hospital District or Authority,Yes,Not Available
451380,UT HEALTH EAST TEXAS QUITMAN HOSPITAL,QUITMAN,TX,75783,Critical Access Hospitals,Proprietary,Yes,4
451381,CHRISTUS MOTHER FRANCES HOSPITAL- WINNSBORO,WINNSBORO,TX,75494,Critical Access Hospitals,Voluntary non-profit - Private,Yes,Not Available
451382,COMANCHE COUNTY MEDICAL CENTER,COMANCHE,TX,76442,Critical Access Hospitals,Voluntary non-profit - Private,Yes,1
451384,COGDELL MEMORIAL HOSPITAL,SNYDER,TX,79549,Critical Access Hospitals,Government - Hospital District or Authority,Yes,Not Available
451385,GOODALL WITCHER HOSPITAL,CLIFTON,TX,76634,Critical Access Hospitals,Government - Hospital District or Authority,Yes,Not Available
451386,MEMORIAL HOSPITAL,DUMAS,TX,79029,Critical Access Hospitals,Government - Hospital District or Authority,Yes,Not Available
451387,UVALDE MEMORIAL HOSPITAL,UVALDE,TX,78801,Critical Access Hospitals,Government - Hospital District or Authority,Yes,3
451389,PECOS COUNTY MEMORIAL HOSPITAL,FORT STOCKTON,TX,79735,Critical Access Hospitals,Government - Local,Yes,Not Available
451390,DIMMIT REGIONAL HOSPITAL,CARRIZO SPRINGS,TX,78834,Critical Access Hospitals,Voluntary non-profit - Private,Yes,Not Available
451391,FRIO REGIONAL HOSPITAL,PEARSALL,TX,78061,Critical Access Hospitals,Voluntary non-profit - Private,Yes,Not Available
451392,HAMILTON GENERAL HOSPITAL,HAMILTON,TX,76531,Critical Access Hospitals,Government - Hospital District or Authority,Yes,Not Available
451393,CROCKETT MEDICAL CENTER,CROCKETT,TX,75835,Critical Access Hospitals,Physician,Yes,Not Available
451394,KNOX COUNTY HOSPITAL,KNOX CITY,TX,79529,Critical Access Hospitals,Government - Local,Yes,Not Available
451395,HILL REGIONAL HOSPITAL,HILLSBORO,TX,76645,Critical Access Hospitals,Voluntary non-profit - Private,Yes,4
451396,MID COAST MEDICAL CENTER - CENTRAL,LLANO,TX,78643,Critical Access Hospitals,Physician,Yes,Not Available
451397,BAYLOR SCOTT & WHITE HOSPITAL BRENHAM,BRENHAM,TX,77833,Critical Access Hospitals,Voluntary non-profit - Private,Yes,Not Available
451398,PAMPA REGIONAL MEDICAL CENTER,PAMPA,TX,79065,Critical Access Hospitals,Voluntary non-profit - Private,Yes,Not Available
451399,SEYMOUR HOSPITAL,SEYMOUR,TX,76380,Critical Access Hospitals,Government - Hospital District or Authority,Yes,Not Available
453300,COOK CHILDRENS MEDICAL CENTER,FORT WORTH,TX,76104,Childrens,Voluntary non-profit - Private,Yes,Not Available
453301,DRISCOLL CHILDRENS HOSPITAL,CORPUS CHRISTI,TX,78411,Childrens,Voluntary non-profit - Private,Yes,Not Available
453302,CHILDRENS MEDICAL CTR OF DALLAS,DALLAS,TX,75235,Childrens,Voluntary non-profit - Private,Yes,Not Available
453304,TEXAS CHILDRENS HOSPITAL,HOUSTON,TX,77030,Childrens,Voluntary non-profit - Private,Yes,Not Available
453306,COVENANT CHILDRENS HOSPITAL,LUBBOCK,TX,79410,Childrens,Voluntary non-profit - Private,Yes,Not Available
453309,HEALTHBRIDGE CHILDRENS'S HOSPITAL OF HOUSTON,HOUSTON,TX,77082,Childrens,Voluntary non-profit - Private,No,Not Available
453310,DELL CHILDREN'S MEDICAL CENTER,AUSTIN,TX,78723,Childrens,Voluntary non-profit - Private,Yes,Not Available
453311,SHRINERS HOSPITALS FOR CHILDREN,GALVESTON,TX,77550,Childrens,Voluntary non-profit - Private,No,Not Available
453313,EL PASO CHILDREN'S HOSPITAL,EL PASO,TX,79905,Childrens,Voluntary non-profit - Private,Yes,Not Available
453314,TEXAS SCOTTISH RITE HOSPITAL FOR CHILDREN,DALLAS,TX,75219,Childrens,Voluntary non-profit - Private,No,Not Available
453315,CHILDREN'S HOSPITAL OF SAN ANTONIO,SAN ANTONIO,TX,78207,Childrens,Voluntary non-profit - Church,Yes,Not Available
453316,CHILDRENS MEDICAL CENTER PLANO,PLANO,TX,75024,Childrens,Voluntary non-profit - Private,Yes,Not Available
453317,COOK CHILDRENS MEDICAL CENTER PROSPER,PROSPER,TX,75078,Childrens,Voluntary non-profit - Private,Yes,Not Available
453318,NEXUS CHILDRENS HOSPITAL DALLAS,DALLAS,TX,75243,Childrens,Proprietary,No,Not Available
453319,TEXAS CHILDRENS HOSPITAL NORTH AUSTIN CAMPUS,AUSTIN,TX,78717,Childrens,Voluntary non-profit - Private,Yes,Not Available
453321,DRISCOLL CHILDREN'S HOSPITAL RIO GRANDE VALLEY,EDINBURG,TX,78539,Childrens,Voluntary non-profit - Private,Yes,Not Available
454000,BIG SPRING STATE HOSPITAL,BIG SPRING,TX,79721,Psychiatric,Government - State,No,Not Available
454006,TERRELL STATE HOSPITAL,TERRELL,TX,75160,Psychiatric,Government - State,No,Not Available
454008,NORTH TEXAS STATE HOSPITAL,WICHITA FALLS,TX,76308,Psychiatric,Government - State,No,Not Available
454009,RUSK STATE HOSP,RUSK,TX,75785,Psychiatric,Government - State,No,Not Available
454011,SAN ANTONIO STATE HOSP  STATE SCHOOL,SAN ANTONIO,TX,78223,Psychiatric,Government - State,No,Not Available
454012,MILLWOOD HOSPITAL,ARLINGTON,TX,76011,Psychiatric,Proprietary,No,Not Available
454018,RED RIVER HOSPITAL,WICHITA FALLS,TX,76301,Psychiatric,Proprietary,No,Not Available
454026,WEST OAKS HOSPITAL,HOUSTON,TX,77074,Psychiatric,Proprietary,No,Not Available
454050,GLEN OAKS HOSPITAL,GREENVILLE,TX,75401,Psychiatric,Proprietary,No,Not Available
454060,LAUREL RIDGE TREATMENT CENTER,SAN ANTONIO,TX,78259,Psychiatric,Proprietary,No,Not Available
454064,RIVER CREST HOSP,SAN ANGELO,TX,76904,Psychiatric,Proprietary,No,Not Available
454065,HICKORY TRAIL HOSPITAL,DESOTO,TX,75115,Psychiatric,Proprietary,No,Not Available
454076,HARRIS COUNTY PSYCHIATRIC CENTER,HOUSTON,TX,77021,Psychiatric,Government - State,No,Not Available
454079,MEDICAL CITY MENTAL HEALTH AND WELLNESS CENTER,FORT WORTH,TX,76177,Psychiatric,Proprietary,No,Not Available
454084,AUSTIN STATE HOSPITAL,AUSTIN,TX,78751,Psychiatric,Government - State,No,Not Available
454088,RIO GRANDE STATE CENTER,HARLINGEN,TX,78552,Psychiatric,Government - State,No,Not Available
454093,STARCARE SPECIALTY HEALTH /SUNRISE CANYON HOSPITAL,LUBBOCK,TX,79408,Psychiatric,Voluntary non-profit - Other,No,Not Available
454094,MEDICAL CITY GREEN OAKS HOSPITAL,DALLAS,TX,75251,Psychiatric,Voluntary non-profit - Other,No,Not Available
454100,EL PASO PSYCHIATRIC CENTER,EL PASO,TX,79905,Psychiatric,Government - State,No,Not Available
454101,ALLEGIANCE BEHAVIORAL HEALTH CENTER OF PLAINVIEW,PLAINVIEW,TX,79072,Psychiatric,Proprietary,No,Not Available
454103,KINGWOOD PINES HOSPITAL,KINGWOOD,TX,77339,Psychiatric,Proprietary,No,Not Available
454104,UNIVERSITY BEHAVIORAL HEALTH OF DENTON,DENTON,TX,76201,Psychiatric,Government - State,No,Not Available
454107,BEHAVIORAL HOSPITAL OF BELLAIRE,HOUSTON,TX,77081,Psychiatric,Proprietary,No,Not Available
454108,CYPRESS CREEK HOSPITAL,HOUSTON,TX,77090,Psychiatric,Proprietary,Yes,Not Available
454109,EL PASO BEHAVIORAL HEALTH SYSTEM,EL PASO,TX,79902,Psychiatric,Proprietary,Yes,Not Available
454110,OCEANS BEHAVIORAL  HOSPITAL OF PERMIAN BASIN,MIDLAND,TX,79706,Psychiatric,Proprietary,No,Not Available
454114,CEDAR CREST HOSPITAL & RTC,BELTON,TX,76513,Psychiatric,Proprietary,No,Not Available
454117,OCEANS BEHAVIORAL HOSPITAL OF LONGVIEW,LONGVIEW,TX,75605,Psychiatric,Proprietary,No,Not Available
454118,LONE STAR BEHAVIORAL HEALTH CYPRESS,CYPRESS,TX,77429,Psychiatric,Proprietary,No,Not Available
454119,CARROLLTON SPRINGS,CARROLLTON,TX,75010,Psychiatric,Proprietary,No,Not Available
454121,AUSTIN OAKS HOSPITAL,AUSTIN,TX,78745,Psychiatric,Proprietary,No,Not Available
454122,OCEANS BEHAVIORAL HOSPITAL OF ABILENE,ABILENE,TX,79602,Psychiatric,Proprietary,No,Not Available
454123,OCEANS BEHAVIORAL HOSPITAL OF LUFKIN LLC,LUFKIN,TX,75904,Psychiatric,Proprietary,No,Not Available
454124,MESA SPRINGS,FORT WORTH,TX,76123,Psychiatric,Proprietary,No,Not Available
454126,DALLAS BEHAVIORAL HEALTHCARE HOSPITAL LLC,DE SOTO,TX,75115,Psychiatric,Voluntary non-profit - Other,No,Not Available
454127,ROCK SPRINGS,GEORGETOWN,TX,78626,Psychiatric,Proprietary,No,Not Available
454128,WELLBRIDGE HEALTHCARE FORT WORTH,FORT WORTH,TX,76132,Psychiatric,Proprietary,No,Not Available
454129,GEORGETOWN BEHAVIORAL HEALTH INSTITUTE,GEORGETOWN,TX,78626,Psychiatric,Proprietary,No,Not Available
454131,WESTPARK SPRINGS LLC,RICHMOND,TX,77407,Psychiatric,Proprietary,Yes,Not Available
454132,SAN ANTONIO BEHAVIORAL HEALTHCARE HOSPITAL,SAN ANTONIO,TX,78240,Psychiatric,Proprietary,No,Not Available
454133,CROSS CREEK HOSPITAL,AUSTIN,TX,78754,Psychiatric,Proprietary,No,Not Available
454135,HOUSTON BEHAVIORAL HEALTHCARE HOSPITAL LLC,HOUSTON,TX,77080,Psychiatric,Proprietary,No,Not Available
454136,OCEANS BEHAVIORAL HOSPITAL OF KATY,KATY,TX,77450,Psychiatric,Proprietary,No,Not Available
454139,SUN BEHAVIORAL HOUSTON,HOUSTON,TX,77054,Psychiatric,Proprietary,Yes,Not Available
454141,PALMS BEHAVIORAL HEALTH,HARLINGEN,TX,78550,Psychiatric,Proprietary,No,Not Available
454144,WOODLAND SPRINGS,CONROE,TX,77384,Psychiatric,Proprietary,No,Not Available
454146,RIO VISTA BEHAVIORAL HEALTH,EL PASO,TX,79912,Psychiatric,Proprietary,No,Not Available
454147,OCEANS BEHAVIORAL HOSPITAL OF PASADENA,PASADENA,TX,77505,Psychiatric,Proprietary,No,Not Available
454148,PERIMETER BEHAVIORAL HOSPITAL OF ARLINGTON,ARLINGTON,TX,76001,Psychiatric,Proprietary,No,Not Available
454149,PERIMETER BEHAVIORAL HOSPITAL OF DALLAS,GARLAND,TX,75042,Psychiatric,Proprietary,No,Not Available
454150,OCEANS BEHAVIORAL HOSPITAL OF WACO,WACO,TX,76712,Psychiatric,Proprietary,No,Not Available
454151,"MEDICAL BEHAVIORAL HOSPITAL OF CLEAR LAKE, LLC",CLEAR LAKE CITY,TX,77058,Psychiatric,Proprietary,No,Not Available
454152,CANYON CREEK BEHAVIORAL HEALTH,TEMPLE,TX,76502,Psychiatric,Proprietary,No,Not Available
454153,CARRUS BEHAVIORAL HOSPITAL,SHERMAN,TX,75092,Psychiatric,Proprietary,No,Not Available
454154,OCEANS BEHAVIORAL HOSPITAL OF AMARILLO,AMARILLO,TX,79124,Psychiatric,Proprietary,No,Not Available
454155,OCEANS BEHAVIORAL HOSPITAL OF CORPUS CHRISTI,CORPUS CHRISTI,TX,78404,Psychiatric,Proprietary,No,Not Available
454156,VOYAGES BEHAVIORAL HEALTH OF SUGAR LAND,SUGAR LAND,TX,77498,Psychiatric,Proprietary,No,Not Available
454157,OCEANS BEHAVIORAL HOSPITAL OF LUBBOCK,LUBBOCK,TX,79415,Psychiatric,Proprietary,No,Not Available
454158,VOYAGES BEHAVIORAL HEALTH OF CONROE,CONROE,TX,77304,Psychiatric,Proprietary,No,Not Available
454159,CEDAR HILLS BEHAVIORAL,SAN ANTONIO,TX,78229,Psychiatric,Voluntary non-profit - Other,Yes,Not Available
454161,MEDICAL CITY MENTAL HEALTH AND WELLNESS CENTER,FRISCO,TX,75034,Psychiatric,Proprietary,No,Not Available
670005,MEMORIAL HERMANN SURGICAL HOSPITAL KINGWOOD,KINGWOOD,TX,77339,Acute Care Hospitals,Proprietary,Yes,Not Available
670006,THE HOSPITAL AT WESTLAKE MEDICAL CENTER,AUSTIN,TX,78746,Acute Care Hospitals,Physician,Yes,Not Available
670008,MEMORIAL HERMANN HOUSTON PHYSICIANS HOSPITAL,WEBSTER,TX,77598,Acute Care Hospitals,Physician,Yes,Not Available
670010,MAYHILL HOSPITAL,DENTON,TX,76208,Acute Care Hospitals,Proprietary,No,Not Available
670023,METHODIST MANSFIELD MEDICAL CENTER,MANSFIELD,TX,76063,Acute Care Hospitals,Voluntary non-profit - Private,Yes,2
670025,BAYLOR SCOTT & WHITE THE HEART HOSPITAL PLANO,PLANO,TX,75093,Acute Care Hospitals,Physician,Yes,5
670031,ST LUKE'S PATIENTS MEDICAL CENTER,PASADENA,TX,77505,Acute Care Hospitals,Proprietary,Yes,4
670034,BAYLOR SCOTT & WHITE MEDICAL CENTER - ROUND ROCK,ROUND ROCK,TX,78664,Acute Care Hospitals,Voluntary non-profit - Private,Yes,4
670041,ASCENSION SETON WILLIAMSON,ROUND ROCK,TX,78664,Acute Care Hospitals,Voluntary non-profit - Private,Yes,4
670043,CEDAR PARK REGIONAL MEDICAL CENTER,CEDAR PARK,TX,78613,Acute Care Hospitals,Voluntary non-profit - Other,Yes,4
670044,TEXAS HEALTH PRESBYTERIAN HOSPITAL ROCKWALL,ROCKWALL,TX,75032,Acute Care Hospitals,Proprietary,Yes,5
670047,THE HOSPITALS OF PROVIDENCE - EAST CAMPUS,EL PASO,TX,79938,Acute Care Hospitals,Proprietary,Yes,2
670049,NORTH CENTRAL SURGICAL CENTER LLP,DALLAS,TX,75231,Acute Care Hospitals,Voluntary non-profit - Other,Yes,Not Available
670053,ST LUKE'S SUGAR LAND HOSPITAL,SUGAR LAND,TX,77478,Acute Care Hospitals,Voluntary non-profit - Private,Yes,3
670054,FOUNDATION SURGICAL HOSPITAL OF SAN ANTONIO,SAN ANTONIO,TX,78240,Acute Care Hospitals,Proprietary,Yes,3
670055,METHODIST HOSPITAL  STONE OAK,SAN ANTONIO,TX,78258,Acute Care Hospitals,Proprietary,Yes,3
670056,ASCENSION  SETON HAYS,KYLE,TX,78640,Acute Care Hospitals,Voluntary non-profit - Private,Yes,5
670059,CHI ST LUKES LAKESIDE HOSPITAL,THE WOODLANDS,TX,77384,Acute Care Hospitals,Voluntary non-profit - Other,Yes,Not Available
670060,BAYLOR SCOTT AND WHITE MEDICAL CENTER SUNNYVALE,SUNNYVALE,TX,75182,Acute Care Hospitals,Proprietary,Yes,2
670062,BAYLOR EMERGENCY MEDICAL CENTER AT AUBREY,AUBREY,TX,76227,Acute Care Hospitals,Proprietary,Yes,Not Available
670067,BAYLOR SCOTT AND WHITE ORTHOPEDIC AND SPINE HOSPI,ARLINGTON,TX,76015,Acute Care Hospitals,Proprietary,Yes,Not Available
670068,TEXAS HEALTH PRESBYTERIAN HOSPITAL FLOWER MOUND,FLOWER MOUND,TX,75028,Acute Care Hospitals,Proprietary,Yes,4
670069,METHODIST MCKINNEY HOSPITAL,MCKINNEY,TX,75070,Acute Care Hospitals,Proprietary,Yes,Not Available
670071,TEXAS HEALTH HEART & VASCULAR HOSPITAL ARLINGTON,ARLINGTON,TX,76012,Acute Care Hospitals,Proprietary,No,4
670073,METHODIST HOSPITAL FOR SURGERY,ADDISON,TX,75001,Acute Care Hospitals,Proprietary,Yes,4
670075,ST LUKE'S HOSPITAL AT THE VINTAGE,HOUSTON,TX,77070,Acute Care Hospitals,Voluntary non-profit - Private,Yes,4
670076,BAYLOR SCOTT AND WHITE SURGICAL HOSPITAL AT SHERMA,SHERMAN,TX,75090,Acute Care Hospitals,Physician,Yes,2
670077,HOUSTON METHODIST WEST HOSPITAL,HOUSTON,TX,77094,Acute Care Hospitals,Voluntary non-profit - Private,Yes,4
670078,BAPTIST NEIGHBORHOOD HOSPITAL THOUSAND OAKS,SAN ANTONIO,TX,78232,Acute Care Hospitals,Proprietary,Yes,Not Available
670080,SETON MEDICAL CENTER HARKER HEIGHTS,HARKER HEIGHTS,TX,76548,Acute Care Hospitals,Proprietary,Yes,4
670082,BAYLOR SCOTT AND WHITE  MEDICAL CENTER  MCKINNEY,MC KINNEY,TX,75071,Acute Care Hospitals,Voluntary non-profit - Private,Yes,4
670085,TEXAS HEALTH HARRIS METHODIST HOSPITAL ALLIANCE,FORT WORTH,TX,76244,Acute Care Hospitals,Voluntary non-profit - Private,Yes,4
670088,BAYLOR SCOTT & WHITE MEDICAL CENTER- COLLEGE STATI,COLLEGE STATION,TX,77845,Acute Care Hospitals,Voluntary non-profit - Private,Yes,4
670090,CRESCENT MEDICAL CENTER LANCASTER,LANCASTER,TX,75146,Acute Care Hospitals,Physician,Yes,4
670093,ASPIRE HOSPITAL,CONROE,TX,77304,Acute Care Hospitals,Physician,No,Not Available
670098,RESOLUTE HEALTH HOSPITAL,NEW BRAUNFELS,TX,78130,Acute Care Hospitals,Proprietary,Yes,3
670102,"AD HOSPITAL EAST, LLC",HOUSTON,TX,77015,Acute Care Hospitals,Proprietary,Yes,Not Available
670103,MEDICAL CITY ALLIANCE,FORT WORTH,TX,76177,Acute Care Hospitals,Voluntary non-profit - Private,Yes,5
670106,HCA HOUSTON HEALTHCARE PEARLAND,PEARLAND,TX,77584,Acute Care Hospitals,Proprietary,Yes,3
670107,BAYLOR SCOTT AND WHITE EMERGENCY HOSPITAL,BURLESON,TX,76028,Acute Care Hospitals,Proprietary,Yes,Not Available
670108,BAYLOR SCOTT & WHITE MEDICAL CENTER - MARBLE FALLS,MARBLE FALLS,TX,78654,Acute Care Hospitals,Voluntary non-profit - Private,Yes,5
670109,ALTUS BAYTOWN HOSPITAL,BAYTOWN,TX,77521,Acute Care Hospitals,Proprietary,Yes,Not Available
670112,LEGENT ORTHOPEDIC + SPINE,SAN ANTONIO,TX,78249,Acute Care Hospitals,Proprietary,No,Not Available
670115,CLEVELAND EMERGENCY HOSPITAL,HUMBLE,TX,77338,Acute Care Hospitals,Proprietary,Yes,Not Available
670120,THE HOSPITALS OF PROVIDENCE TRANSMOUNTAIN CAMPUS,EL PASO,TX,79911,Acute Care Hospitals,Proprietary,Yes,1
670121,SAINT CAMILLUS MEDICAL CENTER,HURST,TX,76054,Acute Care Hospitals,Proprietary,Yes,Not Available
670122,HOUSTON METHODIST THE WOODLANDS HOSPITAL,THE WOODLANDS,TX,77385,Acute Care Hospitals,Voluntary non-profit - Private,Yes,5
670124,THE HOSPITALS OF PROVIDENCE HORIZON CITY CAMPUS,HORIZON CITY,TX,79928,Acute Care Hospitals,Proprietary,Yes,Not Available
670125,TEXAS CENTER FOR INFECTIOUS DISEASE,SAN ANTONIO,TX,78223,Acute Care Hospitals,Government - State,No,Not Available
670128,BAYLOR SCOTT & WHITE MEDICAL CENTER PFLUGERVILLE,PFLUGERVILLE,TX,78660,Acute Care Hospitals,Voluntary non-profit - Private,Yes,4
670131,BAYLOR SCOTT & WHITE MEDICAL CENTER - BUDA,BUDA,TX,78610,Acute Care Hospitals,Voluntary non-profit - Private,Yes,Not Available
670132,METHODIST SOUTHLAKE MEDICAL CENTER,SOUTHLAKE,TX,76092,Acute Care Hospitals,Proprietary,Yes,4
670134,ALTUS LUMBERTON HOSPITAL,LUMBERTON,TX,77657,Acute Care Hospitals,Proprietary,Yes,Not Available
670135,"ALTUS HOUSTON HOSPITAL, LP",HOUSTON,TX,77072,Acute Care Hospitals,Proprietary,Yes,Not Available
670136,BAYLOR SCOTT & WHITE MEDICAL CENTER- AUSTIN,AUSTIN,TX,78735,Acute Care Hospitals,Voluntary non-profit - Private,No,Not Available
670260,TEXAS HEALTH HOSPITAL FRISCO,FRISCO,TX,75033,Acute Care Hospitals,Voluntary non-profit - Private,Yes,4
670265,LEGENT ORTHOPEDIC HOSPITAL,GRAPEVINE,TX,76051,Acute Care Hospitals,Proprietary,No,Not Available
670266,TOWNSEN MEMORIAL HOSPITAL,HUMBLE,TX,77338,Acute Care Hospitals,Proprietary,Yes,Not Available
670267,THE WOODLANDS SPECIALTY HOSPITAL,SPRING,TX,77386,Acute Care Hospitals,Proprietary,Yes,Not Available
670285,ELITE HOSPITAL KINGWOOD,KINGWOOD,TX,77339,Acute Care Hospitals,Proprietary,No,Not Available
670300,METHODIST MIDLOTHIAN MEDICAL CENTER,MIDLOTHIAN,TX,76065,Acute Care Hospitals,Voluntary non-profit - Private,Yes,4
670309,TEXAS HEALTH HOSPITAL MANSFIELD,MANSFIELD,TX,76063,Acute Care Hospitals,Proprietary,Yes,Not Available
670314,ST MICHAELS MEDICAL HOSPITAL LLC,SUGAR LAND,TX,77479,Acute Care Hospitals,Proprietary,Yes,Not Available
670320,EAST HOUSTON MEDICAL CENTER,HOUSTON,TX,77049,Acute Care Hospitals,Proprietary,Yes,Not Available
670321,ADVANCED DALLAS HOSPITALS AND CLINICS,DALLAS,TX,75231,Acute Care Hospitals,Proprietary,Yes,Not Available
670322,LEGENT SURGICAL HOSPITAL PLANO,PLANO,TX,75075,Acute Care Hospitals,Proprietary,Yes,Not Available
670326,BRUSHY CREEK FAMILY HOSPITAL LLC,ROUND ROCK,TX,78681,Acute Care Hospitals,Proprietary,No,Not Available
670327,EXCEPTIONAL COMMUNITY HOSPITAL LUBBOCK,LUBBOCK,TX,79424,Acute Care Hospitals,Proprietary,Yes,Not Available
670331,MID COAST MEDICAL CENTER-TRINITY,TRINITY,TX,75862,Acute Care Hospitals,Voluntary non-profit - Other,Yes,Not Available
670333,WESTOVER HILLS BAPTIST HOSPITAL,SAN ANTONIO,TX,78251,Acute Care Hospitals,Proprietary,Yes,Not Available
670335,UT HEALTH SAN ANTONIO MULTISPECIALTY & RESEARCH HO,SAN ANTONIO,TX,78229,Acute Care Hospitals,Government - State,No,Not Available
670336,BANDERA FAMILY HOSPITAL,SAN ANTONIO,TX,78250,Acute Care Hospitals,Proprietary,Yes,Not Available
670340,METHODIST CELINA MEDICAL CENTER,CELINA,TX,75009,Acute Care Hospitals,Voluntary non-profit - Private,Yes,Not Available
670342,HOUSTON METHODIST CYPRESS HOSPITAL,CYPRESS,TX,77429,Acute Care Hospitals,Voluntary non-profit - Private,Yes,Not Available
670779,CROSBYTON CLINIC HOSPITAL,CROSBYTON,TX,79322,Rural Emergency Hospital,Voluntary non-profit - Private,Yes,Not Available
670780,FALLS COMMUNITY HOSPITAL AND CLINIC,MARLIN,TX,76661,Rural Emergency Hospital,Voluntary non-profit - Private,Yes,Not Available
670781,ANSON GENERAL HOSPITAL,ANSON,TX,79501,Rural Emergency Hospital,Government - Hospital District or Authority,Yes,Not Available
670783,CHI ST LUKES HEALTH MEMORIAL SAN AUGUSTINE,SAN AUGUSTINE,TX,75972,Rural Emergency Hospital,Voluntary non-profit - Private,Yes,Not Available
671300,GRAHAM REGIONAL MEDICAL CENTER,GRAHAM,TX,76450,Critical Access Hospitals,Government - Hospital District or Authority,Yes,Not Available
671301,HEMPHILL COUNTY HOSPITAL,CANADIAN,TX,79014,Critical Access Hospitals,Government - Hospital District or Authority,Yes,Not Available
671302,STEPHENS MEMORIAL HOSPITAL,BRECKENRIDGE,TX,76424,Critical Access Hospitals,Government - Hospital District or Authority,Yes,Not Available
460001,INTERMOUNTAIN HEALTH UTAH VALLEY HOSPITAL,PROVO,UT,84604,Acute Care Hospitals,Voluntary non-profit - Private,Yes,5
460003,HOLY CROSS HOSPITAL - SALT LAKE,SALT LAKE CITY,UT,84102,Acute Care Hospitals,Proprietary,Yes,2
460004,MCKAY-DEE HOSPITAL,OGDEN,UT,84403,Acute Care Hospitals,Voluntary non-profit - Private,Yes,5
460005,OGDEN REGIONAL MEDICAL CENTER,OGDEN,UT,84405,Acute Care Hospitals,Proprietary,Yes,3
460006,LDS HOSPITAL,SALT LAKE CITY,UT,84143,Acute Care Hospitals,Voluntary non-profit - Private,Yes,4
460007,CEDAR CITY HOSPITAL,CEDAR CITY,UT,84721,Acute Care Hospitals,Voluntary non-profit - Private,Yes,Not Available
460009,UNIVERSITY OF UTAH HOSPITAL AND CLINICS,SALT LAKE CITY,UT,84132,Acute Care Hospitals,Government - State,Yes,5
460010,INTERMOUNTAIN MEDICAL CENTER,MURRAY,UT,84107,Acute Care Hospitals,Voluntary non-profit - Private,Yes,5
460011,CASTLEVIEW HOSPITAL,PRICE,UT,84501,Acute Care Hospitals,Proprietary,Yes,3
460013,MOUNTAIN VIEW HOSPITAL,PAYSON,UT,84651,Acute Care Hospitals,Proprietary,Yes,5
460014,MOUNTAIN WEST MEDICAL CENTER,TOOELE,UT,84074,Acute Care Hospitals,Proprietary,Yes,Not Available
460015,LOGAN REGIONAL HOSPITAL,LOGAN,UT,84341,Acute Care Hospitals,Voluntary non-profit - Private,Yes,5
460017,BRIGHAM CITY COMMUNITY HOSPITAL,BRIGHAM CITY,UT,84302,Acute Care Hospitals,Proprietary,Yes,Not Available
460019,UINTAH BASIN MEDICAL CENTER,ROOSEVELT,UT,84066,Acute Care Hospitals,Voluntary non-profit - Other,Yes,2
460021,ST. GEORGE REGIONAL HOSPITAL,ST GEORGE,UT,84790,Acute Care Hospitals,Voluntary non-profit - Private,Yes,4
460023,AMERICAN FORK HOSPITAL,AMERICAN FORK,UT,84003,Acute Care Hospitals,Voluntary non-profit - Private,Yes,4
460026,SEVIER VALLEY HOSPITAL,RICHFIELD,UT,84701,Acute Care Hospitals,Voluntary non-profit - Private,Yes,Not Available
46002F,VA SALT LAKE CITY HEALTHCARE - GEORGE E. WAHLEN VA MEDICAL CENTER,SALT LAKE CITY,UT,84148,Acute Care - Veterans Administration,Veterans Health Administration,Yes,5
460030,ASHLEY REGIONAL MEDICAL CENTER,VERNAL,UT,84078,Acute Care Hospitals,Proprietary,Yes,Not Available
460039,BEAR RIVER VALLEY HOSPITAL,TREMONTON,UT,84337,Acute Care Hospitals,Voluntary non-profit - Private,Yes,Not Available
460041,HOLY CROSS HOSPITAL-DAVIS,LAYTON,UT,84041,Acute Care Hospitals,Voluntary non-profit - Private,Yes,4
460042,LAKEVIEW HOSPITAL,BOUNTIFUL,UT,84010,Acute Care Hospitals,Voluntary non-profit - Other,Yes,5
460043,OREM COMMUNITY HOSPITAL,OREM,UT,84057,Acute Care Hospitals,Voluntary non-profit - Private,Yes,Not Available
460044,INTERMOUNTAIN HEALTH ALTA VIEW HOSPITAL,SANDY,UT,84094,Acute Care Hospitals,Voluntary non-profit - Private,Yes,4
460047,ST MARK'S HOSPITAL,SALT LAKE CITY,UT,84124,Acute Care Hospitals,Proprietary,Yes,4
460051,HOLY CROSS HOSPITAL-JORDAN VALLEY,WEST JORDAN,UT,84088,Acute Care Hospitals,Voluntary non-profit - Private,Yes,3
460052,TIMPANOGOS REGIONAL HOSPITAL,OREM,UT,84057,Acute Care Hospitals,Proprietary,Yes,4
460054,CACHE VALLEY HOSPITAL,NORTH LOGAN,UT,84341,Acute Care Hospitals,Proprietary,Yes,Not Available
460057,PARK CITY HOSPITAL,PARK CITY,UT,84060,Acute Care Hospitals,Proprietary,Yes,4
460058,RIVERTON HOSPITAL,RIVERTON,UT,84065,Acute Care Hospitals,Voluntary non-profit - Private,Yes,4
460060,LONE PEAK HOSPITAL,DRAPER,UT,84020,Acute Care Hospitals,Proprietary,Yes,5
460061,INTERMOUNTAIN HEALTH LAYTON HOSPITAL,LAYTON,UT,84041,Acute Care Hospitals,Voluntary non-profit - Private,Yes,Not Available
460062,INTERMOUNTAIN HEALTH SPANISH FORK HOSPITAL,SPANISH FORK,UT,84660,Acute Care Hospitals,Voluntary non-profit - Private,Yes,Not Available
461300,INTERMOUNTAIN HEALTH DELTA COMMUNITY HOSPITAL,DELTA,UT,84624,Critical Access Hospitals,Voluntary non-profit - Private,Yes,Not Available
461301,FILLMORE COMMUNITY HOSPITAL,FILLMORE,UT,84631,Critical Access Hospitals,Voluntary non-profit - Private,Yes,Not Available
461302,MOAB REGIONAL HOSPITAL,MOAB,UT,84532,Critical Access Hospitals,Voluntary non-profit - Private,Yes,Not Available
461303,INTERMOUNTAIN HEALTH SANPETE VALLEY HOSPITAL,MOUNT PLEASANT,UT,84647,Critical Access Hospitals,Voluntary non-profit - Private,Yes,Not Available
461304,CENTRAL VALLEY MEDICAL CENTER - CAH,NEPHI,UT,84648,Critical Access Hospitals,Voluntary non-profit - Private,Yes,Not Available
461305,MILFORD MEMORIAL HOSPITAL,MILFORD,UT,84751,Critical Access Hospitals,Voluntary non-profit - Other,Yes,Not Available
461306,GUNNISON VALLEY HOSPITAL,GUNNISON,UT,84634,Critical Access Hospitals,Voluntary non-profit - Other,Yes,Not Available
461307,INTERMOUNTAIN HEALTH HEBER VALLEY HOSPITAL,HEBER CITY,UT,84032,Critical Access Hospitals,Voluntary non-profit - Private,Yes,Not Available
461308,SAN JUAN HOSPITAL,MONTICELLO,UT,84535,Critical Access Hospitals,Voluntary non-profit - Other,Yes,Not Available
461309,KANE COUNTY HOSPITAL,KANAB,UT,84741,Critical Access Hospitals,Government - Hospital District or Authority,Yes,Not Available
461310,BLUE MOUNTAIN HOSPITAL,BLANDING,UT,84511,Critical Access Hospitals,Voluntary non-profit - Private,Yes,Not Available
461333,INTERMOUNTAIN HEALTH GARFIELD MEMORIAL HOSPITAL,PANGUITCH,UT,84759,Critical Access Hospitals,Voluntary non-profit - Other,Yes,Not Available
461335,BEAVER VALLEY HOSPITAL,BEAVER,UT,84713,Critical Access Hospitals,Government - Local,Yes,Not Available
463301,PRIMARY CHILDREN'S HOSPITAL,SALT LAKE CITY,UT,84113,Childrens,Voluntary non-profit - Private,Yes,Not Available
464001,UTAH STATE HOSPITAL,PROVO,UT,84605,Psychiatric,Government - State,Yes,Not Available
464012,MARIAN CENTER,SALT LAKE CITY,UT,84115,Psychiatric,Proprietary,No,Not Available
464013,SALT LAKE BEHAVIORAL HEALTH,SALT LAKE CITY,UT,84106,Psychiatric,Proprietary,No,Not Available
464014,ASPEN GROVE BEHAVIORAL HOSPITAL,OREM,UT,84097,Psychiatric,Proprietary,No,Not Available
490002,RUSSELL COUNTY HOSPITAL,LEBANON,VA,24266,Acute Care Hospitals,Voluntary non-profit - Private,Yes,3
490004,SENTARA RMH MEDICAL CENTER,HARRISONBURG,VA,22801,Acute Care Hospitals,Voluntary non-profit - Private,Yes,4
490005,WINCHESTER MEDICAL CENTER,WINCHESTER,VA,22601,Acute Care Hospitals,Voluntary non-profit - Private,Yes,4
490007,SENTARA NORFOLK GENERAL HOSPITAL,NORFOLK,VA,23507,Acute Care Hospitals,Voluntary non-profit - Other,Yes,3
490009,UNIVERSITY OF VIRGINIA MEDICAL CENTER,CHARLOTTESVILLE,VA,22908,Acute Care Hospitals,Government - State,Yes,4
490013,SENTARA HALIFAX REGIONAL HOSPITAL,SOUTH BOSTON,VA,24592,Acute Care Hospitals,Voluntary non-profit - Private,Yes,3
490017,BON SECOURS MARYVIEW MEDICAL CENTER,PORTSMOUTH,VA,23707,Acute Care Hospitals,Voluntary non-profit - Private,Yes,3
490018,AUGUSTA HEALTH,FISHERSVILLE,VA,22939,Acute Care Hospitals,Voluntary non-profit - Private,Yes,4
490019,UVA HEALTH CULPEPER MEDICAL CENTER,CULPEPER,VA,22701,Acute Care Hospitals,Voluntary non-profit - Private,Yes,3
49001F,Fort Belvoir Community Hospital,Fort Belvoir,VA,22060,Acute Care - Department of Defense,Department of Defense,Yes,Not Available
490020,JOHN RANDOLPH MEDICAL CENTER,HOPEWELL,VA,23860,Acute Care Hospitals,Proprietary,Yes,3
490021,CENTRA HEALTH -  LYNCHBURG GEN HOSPITAL,LYNCHBURG,VA,24501,Acute Care Hospitals,Voluntary non-profit - Private,Yes,3
490022,MARY WASHINGTON HOSPITAL,FREDERICKSBURG,VA,22401,Acute Care Hospitals,Voluntary non-profit - Private,Yes,2
490023,FAUQUIER HOSPITAL,WARRENTON,VA,20186,Acute Care Hospitals,Proprietary,Yes,3
490024,CARILION MEDICAL CENTER,ROANOKE,VA,24014,Acute Care Hospitals,Voluntary non-profit - Private,Yes,4
490032,MEDICAL COLLEGE OF VIRGINIA HOSPITALS,RICHMOND,VA,23298,Acute Care Hospitals,Government - Hospital District or Authority,Yes,4
490033,WARREN MEMORIAL HOSPITAL,FRONT ROYAL,VA,22630,Acute Care Hospitals,Voluntary non-profit - Private,Yes,3
490037,RIVERSIDE SHORE MEMORIAL HOSPITAL,ONANCOCK,VA,23417,Acute Care Hospitals,Voluntary non-profit - Private,Yes,3
490038,SMYTH COUNTY COMMUNITY HOSPITAL,MARION,VA,24354,Acute Care Hospitals,Voluntary non-profit - Private,Yes,3
490040,INOVA ALEXANDRIA HOSPITAL,ALEXANDRIA,VA,22304,Acute Care Hospitals,Voluntary non-profit - Private,Yes,4
490041,MARY IMMACULATE HOSPITAL,NEWPORT NEWS,VA,23602,Acute Care Hospitals,Voluntary non-profit - Private,Yes,3
490042,CARILION NEW RIVER VALLEY MEDICAL CENTER,CHRISTIANSBURG,VA,24073,Acute Care Hospitals,Voluntary non-profit - Private,Yes,4
490043,INOVA LOUDOUN HOSPITAL,LEESBURG,VA,20176,Acute Care Hospitals,Voluntary non-profit - Private,Yes,5
490044,SENTARA OBICI HOSPITAL,SUFFOLK,VA,23434,Acute Care Hospitals,Voluntary non-profit - Other,Yes,4
490045,NOVANT PRINCE WILLIAM MEDICAL CENTER,MANASSAS,VA,20110,Acute Care Hospitals,Voluntary non-profit - Private,Yes,4
490046,SENTARA LEIGH HOSPITAL,NORFOLK,VA,23502,Acute Care Hospitals,Voluntary non-profit - Other,No,4
490048,LEWISGALE MEDICAL CENTER,SALEM,VA,24153,Acute Care Hospitals,Proprietary,Yes,2
490050,VIRGINIA HOSPITAL CENTER,ARLINGTON,VA,22205,Acute Care Hospitals,Voluntary non-profit - Private,Yes,5
490052,RIVERSIDE REGIONAL MEDICAL CENTER,NEWPORT NEWS,VA,23601,Acute Care Hospitals,Voluntary non-profit - Private,Yes,3
490053,JOHNSTON MEMORIAL HOSPITAL,ABINGDON,VA,24211,Acute Care Hospitals,Voluntary non-profit - Private,Yes,3
490057,SENTARA VIRGINIA BEACH GENERAL HOSPITAL,VIRGINIA BEACH,VA,23454,Acute Care Hospitals,Voluntary non-profit - Other,Yes,4
490059,BON SECOURS ST MARYS HOSPITAL,RICHMOND,VA,23226,Acute Care Hospitals,Voluntary non-profit - Private,Yes,3
490060,CLINCH VALLEY MEDICAL CENTER,RICHLANDS,VA,24641,Acute Care Hospitals,Proprietary,Yes,3
490063,INOVA FAIRFAX HOSPITAL,FALLS CHURCH,VA,22042,Acute Care Hospitals,Voluntary non-profit - Private,Yes,5
490066,SENTARA WILLIAMSBURG REGIONAL MEDICAL CENTER,WILLIAMSBURG,VA,23185,Acute Care Hospitals,Voluntary non-profit - Private,Yes,4
490067,BON SECOURS SOUTHSIDE MEDICAL CENTER,PETERSBURG,VA,23805,Acute Care Hospitals,Proprietary,Yes,1
490069,BON SECOURS MEMORIAL REGIONAL MEDICAL CENTER,MECHANICSVILLE,VA,23116,Acute Care Hospitals,Voluntary non-profit - Church,Yes,4
49006F,HAMPTON VA MEDICAL CENTER,HAMPTON,VA,23667,Acute Care - Veterans Administration,Veterans Health Administration,Yes,4
490075,SOVAH HEALTH DANVILLE,DANVILLE,VA,24541,Acute Care Hospitals,Proprietary,Yes,2
490077,SENTARA MARTHA JEFFERSON HOSPITAL,CHARLOTTESVILLE,VA,22911,Acute Care Hospitals,Voluntary non-profit - Private,Yes,5
490084,VCU HEALTH TAPPAHANNOCK HOSPITAL,TAPPAHANNOCK,VA,22560,Acute Care Hospitals,Voluntary non-profit - Private,Yes,4
490088,CENTRA BEDFORD MEMORIAL HOSPITAL,BEDFORD,VA,24523,Acute Care Hospitals,Voluntary non-profit - Private,Yes,4
490089,CARILION FRANKLIN MEMORIAL HOSPITAL,ROCKY MOUNT,VA,24151,Acute Care Hospitals,Voluntary non-profit - Private,Yes,4
49008F,NMC Portsmouth,Portsmouth,VA,23708,Acute Care - Department of Defense,Department of Defense,Yes,Not Available
490090,"SOUTHSIDE COMMUNITY HOSPITAL, INC",FARMVILLE,VA,23901,Acute Care Hospitals,Voluntary non-profit - Private,Yes,4
490092,BON SECOURS SOUTHAMPTON MEMORIAL HOSPITAL,FRANKLIN,VA,23851,Acute Care Hospitals,Voluntary non-profit - Private,Yes,3
490093,SENTARA CAREPLEX HOSPITAL,HAMPTON,VA,23666,Acute Care Hospitals,Voluntary non-profit - Private,Yes,4
490094,BON SECOURS RICHMOND COMMUNITY HOSPITAL,RICHMOND,VA,23223,Acute Care Hospitals,Voluntary non-profit - Private,Yes,Not Available
490097,BON SECOURS SOUTHERN VIRGINIA MEDICAL CENTER,EMPORIA,VA,23847,Acute Care Hospitals,Proprietary,Yes,Not Available
490098,COMMUNITY MEMORIAL HOSPITAL,SOUTH HILL,VA,23970,Acute Care Hospitals,Government - Hospital District or Authority,Yes,3
490101,INOVA FAIR OAKS HOSPITAL,FAIRFAX,VA,22033,Acute Care Hospitals,Voluntary non-profit - Other,No,5
490104,HIRAM W DAVIS MEDICAL CENTER,PETERSBURG,VA,23803,Acute Care Hospitals,Government - State,No,Not Available
490107,RESTON HOSPITAL CENTER,RESTON,VA,20190,Acute Care Hospitals,Voluntary non-profit - Private,Yes,3
49010F,RICHMOND VA MEDICAL CENTER,RICHMOND,VA,23249,Acute Care - Veterans Administration,Veterans Health Administration,Yes,5
490110,LEWISGALE HOSPITAL MONTGOMERY,BLACKSBURG,VA,24060,Acute Care Hospitals,Proprietary,Yes,3
490111,WYTHE COUNTY COMMUNITY HOSPITAL,WYTHEVILLE,VA,24382,Acute Care Hospitals,Proprietary,Yes,4
490112,CJW MEDICAL CENTER,RICHMOND,VA,23225,Acute Care Hospitals,Proprietary,Yes,4
490113,SENTARA NORTHERN VIRGINIA MEDICAL CENTER,WOODBRIDGE,VA,22191,Acute Care Hospitals,Voluntary non-profit - Private,Yes,3
490114,LONESOME PINE HOSPITAL,BIG STONE GAP,VA,24219,Acute Care Hospitals,Voluntary non-profit - Private,Yes,2
490115,TWIN COUNTY REGIONAL HOSPITAL,GALAX,VA,24333,Acute Care Hospitals,Proprietary,Yes,2
490116,LEWISGALE HOSPITAL PULASKI,PULASKI,VA,24301,Acute Care Hospitals,Proprietary,Yes,3
490117,CARILION TAZEWELL COMMUNITY HOSPITAL,TAZEWELL,VA,24651,Acute Care Hospitals,Voluntary non-profit - Other,Yes,Not Available
490118,HENRICO DOCTORS' HOSPITAL,RICHMOND,VA,23229,Acute Care Hospitals,Voluntary non-profit - Other,Yes,3
490119,SENTARA PRINCESS ANNE HOSPITAL,VIRGINIA BEACH,VA,23456,Acute Care Hospitals,Voluntary non-profit - Other,No,4
49011F,SALEM VA MEDICAL CENTER,SALEM,VA,24153,Acute Care - Veterans Administration,Veterans Health Administration,Yes,5
490120,CHESAPEAKE GENERAL HOSPITAL,CHESAPEAKE,VA,23320,Acute Care Hospitals,Government - Hospital District or Authority,Yes,3
490122,INOVA MOUNT VERNON HOSPITAL,ALEXANDRIA,VA,22306,Acute Care Hospitals,Voluntary non-profit - Private,Yes,3
490126,LEWISGALE HOSPITAL ALLEGHANY,LOW MOOR,VA,24457,Acute Care Hospitals,Proprietary,Yes,3
490127,BUCHANAN GENERAL HOSPITAL,GRUNDY,VA,24614,Acute Care Hospitals,Voluntary non-profit - Private,Yes,2
490130,RIVERSIDE WALTER REED HOSPITAL,GLOUCESTER,VA,23061,Acute Care Hospitals,Voluntary non-profit - Private,Yes,4
490136,BON SECOURS ST FRANCIS MEDICAL CENTER,MIDLOTHIAN,VA,23114,Acute Care Hospitals,Voluntary non-profit - Church,Yes,3
490140,"STAFFORD HOSPITAL, LLC",STAFFORD,VA,22554,Acute Care Hospitals,Voluntary non-profit - Private,Yes,3
490141,SPOTSYLVANIA REGIONAL MEDICAL CENTER,FREDERICKSBURG,VA,22408,Acute Care Hospitals,Proprietary,Yes,3
490143,RIVERSIDE DOCTORS' HOSPITAL OF WILLIAMSBURG,WILLIAMSBURG,VA,23185,Acute Care Hospitals,Voluntary non-profit - Private,Yes,4
490144,UVA HEALTH HAYMARKET MEDICAL CENTER,HAYMARKET,VA,20169,Acute Care Hospitals,Voluntary non-profit - Private,Yes,4
490145,STONESPRINGS HOSPITAL CENTER,DULLES,VA,20166,Acute Care Hospitals,Proprietary,Yes,3
491300,BATH COMMUNITY HOSPITAL,HOT SPRINGS,VA,24445,Critical Access Hospitals,Voluntary non-profit - Private,Yes,Not Available
491302,CARILION GILES COMMUNITY HOSPITAL,PEARISBURG,VA,24134,Critical Access Hospitals,Voluntary non-profit - Private,Yes,4
491303,DICKENSON COMMUNITY HOSPITAL,CLINTWOOD,VA,24228,Critical Access Hospitals,Voluntary non-profit - Private,Yes,Not Available
491304,CARILION STONEWALL JACKSON HOSPITAL,LEXINGTON,VA,24450,Critical Access Hospitals,Voluntary non-profit - Private,Yes,3
491305,SHENANDOAH MEMORIAL HOSPITAL,WOODSTOCK,VA,22664,Critical Access Hospitals,Voluntary non-profit - Private,Yes,3
491307,"PAGE MEMORIAL HOSPITAL, INC",LURAY,VA,22835,Critical Access Hospitals,Voluntary non-profit - Private,Yes,Not Available
491308,RAPPAHANNOCK GENERAL HOSPITAL,KILMARNOCK,VA,22482,Critical Access Hospitals,Voluntary non-profit - Private,Yes,4
491309,LEE COUNTY COMMUNITY HOSPITAL,PENNINGTON GAP,VA,24277,Critical Access Hospitals,Voluntary non-profit - Private,Yes,Not Available
493300,CUMBERLAND HOSPITAL LLC,NEW KENT,VA,23124,Childrens,Proprietary,No,Not Available
493301,CHILDRENS HOSPITAL OF THE KINGS DAUGHTERS INC,NORFOLK,VA,23507,Childrens,Voluntary non-profit - Private,Yes,Not Available
494010,NORTHERN VIRGINIA MENTAL HEALTH INSTI,FALLS CHURCH,VA,22042,Psychiatric,Government - State,No,Not Available
494017,SOUTHERN VIRGINIA MENTAL HEALTH INSTITUTE,DANVILLE,VA,24541,Psychiatric,Government - State,Yes,Not Available
494021,WESTERN STATE HOSPITAL,STAUNTON,VA,24402,Psychiatric,Government - State,Yes,Not Available
494022,POPLAR SPRINGS HOSPITAL,PETERSBURG,VA,23805,Psychiatric,Proprietary,No,Not Available
494023,DOMINION HOSPITAL,FALLS CHURCH,VA,22044,Psychiatric,Proprietary,No,Not Available
494025,VIRGINIA BEACH PSYCHIATRIC CENTER,VIRGINIA BEACH,VA,23454,Psychiatric,Proprietary,No,Not Available
494029,SOUTHWESTERN VIRGINIA MENTAL HEALTH INSTITUTE,MARION,VA,24354,Psychiatric,Government - State,No,Not Available
494032,THE PAVILION AT WILLIAMSBURG PLACE,WILLIAMSBURG,VA,23188,Psychiatric,Proprietary,No,Not Available
494033,CATAWBA HOSPITAL,CATAWBA,VA,24070,Psychiatric,Government - State,No,Not Available
480001,"ROY LESTER SCHNEIDER HOSPITAL,THE",ST THOMAS,VI,00801,Acute Care Hospitals,Government - Local,Yes,1
480002,GOV JUAN F LUIS HOSPITAL & MEDICAL CTR,ST CROIX,VI,00820,Acute Care Hospitals,Government - State,Yes,1
470001,CENTRAL VERMONT MEDICAL CENTER,BARRE,VT,05641,Acute Care Hospitals,Voluntary non-profit - Private,Yes,2
470003,UNIV. OF VERMONT - FLETCHER ALLEN HEALTH CARE,BURLINGTON,VT,05401,Acute Care Hospitals,Voluntary non-profit - Other,Yes,3
470005,RUTLAND REGIONAL MEDICAL CENTER,RUTLAND,VT,05701,Acute Care Hospitals,Voluntary non-profit - Private,Yes,1
470011,BRATTLEBORO MEMORIAL HOSPITAL,BRATTLEBORO,VT,05301,Acute Care Hospitals,Voluntary non-profit - Private,Yes,3
470012,SOUTHWESTERN VERMONT MEDICAL CENTER,BENNINGTON,VT,05201,Acute Care Hospitals,Voluntary non-profit - Private,Yes,4
47001F,WHITE RIVER JCT VA MEDICAL CENTER,WHITE RIVER JUNCTION,VT,05009,Acute Care - Veterans Administration,Veterans Health Administration,Yes,4
470024,NORTHWESTERN MEDICAL CENTER INC,SAINT ALBANS,VT,05478,Acute Care Hospitals,Voluntary non-profit - Other,Yes,3
471300,GRACE COTTAGE HOSPITAL,TOWNSHEND,VT,05353,Critical Access Hospitals,Voluntary non-profit - Private,No,Not Available
471301,GIFFORD MEDICAL CENTER,RANDOLPH,VT,05060,Critical Access Hospitals,Voluntary non-profit - Private,Yes,4
471302,MT ASCUTNEY HOSPITAL,WINDSOR,VT,05089,Critical Access Hospitals,Voluntary non-profit - Private,Yes,Not Available
471303,NORTHEASTERN VERMONT REGIONAL HOSPITAL,SAINT JOHNSBURY,VT,05819,Critical Access Hospitals,Voluntary non-profit - Private,Yes,3
471304,NORTH COUNTRY HOSPITAL AND HEALTH CENTER,NEWPORT,VT,05855,Critical Access Hospitals,Voluntary non-profit - Private,Yes,2
471305,COPLEY HOSPITAL,MORRISVILLE,VT,05661,Critical Access Hospitals,Voluntary non-profit - Private,Yes,3
471306,SPRINGFIELD HOSPITAL,SPRINGFIELD,VT,05156,Critical Access Hospitals,Voluntary non-profit - Private,Yes,2
471307,PORTER HOSPITAL INC,MIDDLEBURY,VT,05753,Critical Access Hospitals,Voluntary non-profit - Private,Yes,3
474001,BRATTLEBORO RETREAT,BRATTLEBORO,VT,05301,Psychiatric,Voluntary non-profit - Private,Yes,Not Available
474004,VERMONT PSYCHIATRIC CARE HOSPITAL,BERLIN,VT,05602,Psychiatric,Government - State,No,Not Available
500002,PROVIDENCE ST MARY MEDICAL CENTER,WALLA WALLA,WA,99362,Acute Care Hospitals,Voluntary non-profit - Private,Yes,3
500003,SKAGIT VALLEY HOSPITAL,MOUNT VERNON,WA,98274,Acute Care Hospitals,Government - Hospital District or Authority,Yes,3
500005,VIRGINIA MASON MEDICAL CENTER,SEATTLE,WA,98101,Acute Care Hospitals,Voluntary non-profit - Private,Yes,5
500007,ISLAND HOSPITAL,ANACORTES,WA,98221,Acute Care Hospitals,Government - Hospital District or Authority,Yes,5
500008,UNIVERSITY OF WASHINGTON MEDICAL CTR,SEATTLE,WA,98195,Acute Care Hospitals,Government - State,Yes,3
500011,HIGHLINE MEDICAL CENTER,BURIEN,WA,98166,Acute Care Hospitals,Voluntary non-profit - Private,Yes,2
500014,PROVIDENCE REGIONAL MEDICAL CENTER EVERETT,EVERETT,WA,98201,Acute Care Hospitals,Voluntary non-profit - Church,Yes,2
500015,MULTICARE AUBURN MEDICAL CENTER,AUBURN,WA,98001,Acute Care Hospitals,Voluntary non-profit - Private,Yes,2
500016,CONFLUENCE HEALTH HOSPITAL,WENATCHEE,WA,98807,Acute Care Hospitals,Voluntary non-profit - Private,Yes,4
500019,PROVIDENCE CENTRALIA HOSPITAL,CENTRALIA,WA,98531,Acute Care Hospitals,Voluntary non-profit - Other,Yes,4
500021,ST CLARE HOSPITAL,LAKEWOOD,WA,98499,Acute Care Hospitals,Voluntary non-profit - Church,Yes,5
500024,PROVIDENCE ST PETER HOSPITAL,OLYMPIA,WA,98506,Acute Care Hospitals,Voluntary non-profit - Private,Yes,3
500025,SWEDISH MEDICAL CENTER / CHERRY HILL,SEATTLE,WA,98122,Acute Care Hospitals,Voluntary non-profit - Church,Yes,4
500026,SWEDISH EDMONDS HOSPITAL,EDMONDS,WA,98026,Acute Care Hospitals,Voluntary non-profit - Private,Yes,2
500027,SWEDISH MEDICAL CENTER,SEATTLE,WA,98122,Acute Care Hospitals,Voluntary non-profit - Private,Yes,4
500030,ST JOSEPH HOSPITAL,BELLINGHAM,WA,98225,Acute Care Hospitals,Voluntary non-profit - Other,Yes,4
500031,GRAYS HARBOR COMMUNITY HOSPITAL,ABERDEEN,WA,98520,Acute Care Hospitals,Voluntary non-profit - Private,Yes,2
500033,SAMARITAN HOSPITAL,MOSES LAKE,WA,98837,Acute Care Hospitals,Proprietary,Yes,3
500036,YAKIMA VALLEY MEMORIAL,YAKIMA,WA,98902,Acute Care Hospitals,Voluntary non-profit - Private,Yes,1
500037,ASTRIA TOPPENISH HOSPITAL,TOPPENISH,WA,98948,Acute Care Hospitals,Voluntary non-profit - Private,Yes,Not Available
500039,HARRISON MEDICAL CENTER,SILVERDALE,WA,98383,Acute Care Hospitals,Voluntary non-profit - Private,Yes,4
500041,PEACEHEALTH ST JOHN MEDICAL CENTER,LONGVIEW,WA,98632,Acute Care Hospitals,Voluntary non-profit - Church,Yes,3
500044,DEACONESS MEDICAL CENTER,SPOKANE,WA,99210,Acute Care Hospitals,Voluntary non-profit - Private,Yes,3
500050,PEACEHEALTH SOUTHWEST MEDICAL CENTER,VANCOUVER,WA,98664,Acute Care Hospitals,Voluntary non-profit - Private,Yes,4
500051,OVERLAKE HOSPITAL MEDICAL CENTER,BELLEVUE,WA,98004,Acute Care Hospitals,Voluntary non-profit - Other,Yes,3
500052,KAISER PERMANENTE CENTRAL HOSPITAL,SEATTLE,WA,98112,Acute Care Hospitals,Voluntary non-profit - Other,Yes,Not Available
500053,TRIOS HEALTH,KENNEWICK,WA,99338,Acute Care Hospitals,Government - Hospital District or Authority,Yes,1
500054,PROV SACRED HRT MED CTR & CHILDS HOSP.,SPOKANE,WA,99220,Acute Care Hospitals,Voluntary non-profit - Church,Yes,2
500058,KADLEC REGIONAL MEDICAL CENTER,RICHLAND,WA,99352,Acute Care Hospitals,Voluntary non-profit - Private,Yes,4
50005F,Madigan AMC (FT Lewis),Joint Base Lewis-McChord,WA,98431,Acute Care - Department of Defense,Department of Defense,Yes,Not Available
500060,CASCADE VALLEY HOSPITAL,ARLINGTON,WA,98223,Acute Care Hospitals,Government - Hospital District or Authority,Yes,1
500064,HARBORVIEW MEDICAL CENTER,SEATTLE,WA,98104,Acute Care Hospitals,Government - Local,Yes,1
500072,OLYMPIC MEDICAL CENTER,PORT ANGELES,WA,98362,Acute Care Hospitals,Government - Local,Yes,3
500077,PROVIDENCE HOLY FAMILY HOSPITAL,SPOKANE,WA,99208,Acute Care Hospitals,Voluntary non-profit - Private,Yes,2
500079,MULTICARE GOOD SAMARITAN HOSPITAL,PUYALLUP,WA,98372,Acute Care Hospitals,Voluntary non-profit - Private,Yes,2
500084,EVERGREENHEALTH MONROE,MONROE,WA,98272,Acute Care Hospitals,Government - Hospital District or Authority,Yes,Not Available
500088,VALLEY MEDICAL CENTER,RENTON,WA,98055,Acute Care Hospitals,Government - Hospital District or Authority,Yes,2
500108,ST JOSEPH MEDICAL CENTER,TACOMA,WA,98405,Acute Care Hospitals,Voluntary non-profit - Church,Yes,4
500119,MULTICARE VALLEY HOSPITAL,SPOKANE VALLEY,WA,99216,Acute Care Hospitals,Voluntary non-profit - Private,Yes,5
50011F,SPOKANE VA MEDICAL CENTER,SPOKANE,WA,99205,Acute Care - Veterans Administration,Veterans Health Administration,Yes,5
500124,EVERGREENHEALTH MEDICAL CENTER,KIRKLAND,WA,98034,Acute Care Hospitals,Government - Hospital District or Authority,Yes,5
500129,TACOMA GENERAL ALLENMORE HOSPITAL,TACOMA,WA,98405,Acute Care Hospitals,Voluntary non-profit - Private,Yes,2
500139,CAPITAL MEDICAL CENTER,OLYMPIA,WA,98502,Acute Care Hospitals,Voluntary non-profit - Private,Yes,4
500141,ST FRANCIS COMMUNITY HOSPITAL,FEDERAL WAY,WA,98003,Acute Care Hospitals,Voluntary non-profit - Church,Yes,3
500150,LEGACY SALMON CREEK MEDICAL CENTER,VANCOUVER,WA,98686,Acute Care Hospitals,Voluntary non-profit - Private,Yes,4
500151,ST ANTHONY HOSPITAL,GIG HARBOR,WA,98332,Acute Care Hospitals,Voluntary non-profit - Church,Yes,4
500152,SWEDISH ISSAQUAH,ISSAQUAH,WA,98029,Acute Care Hospitals,Voluntary non-profit - Private,Yes,5
500154,MULTICARE COVINGTON MEDICAL CENTER,COVINGTON,WA,98042,Acute Care Hospitals,Voluntary non-profit - Private,Yes,4
50030F,SEATTLE VA MEDICAL CENTER (VA PUGET SOUND HEALTHCARE SYSTEM),SEATTLE,WA,98108,Acute Care - Veterans Administration,Veterans Health Administration,Yes,5
501301,GARFIELD COUNTY PUBLIC HOSPITAL DISTRICT #1,POMEROY,WA,99347,Critical Access Hospitals,Government - Hospital District or Authority,Yes,Not Available
501302,DAYTON GENERAL HOSPITAL,DAYTON,WA,99328,Critical Access Hospitals,Government - Hospital District or Authority,Yes,Not Available
501303,WILLAPA HARBOR HOSPITAL,SOUTH BEND,WA,98586,Critical Access Hospitals,Government - Hospital District or Authority,Yes,Not Available
501304,SUMMIT PACIFIC MEDICAL CENTER,ELMA,WA,98541,Critical Access Hospitals,Government - Hospital District or Authority,Yes,2
501305,LINCOLN HOSPITAL,DAVENPORT,WA,99122,Critical Access Hospitals,Government - Hospital District or Authority,Yes,Not Available
501307,ODESSA MEMORIAL HEALTHCARE CENTER,ODESSA,WA,99159,Critical Access Hospitals,Government - Hospital District or Authority,Yes,Not Available
501308,COULEE MEDICAL CENTER,GRAND COULEE,WA,99133,Critical Access Hospitals,Government - Hospital District or Authority,Yes,Not Available
501309,PROVIDENCE ST JOSEPH HOSPITAL,CHEWELAH,WA,99109,Critical Access Hospitals,Voluntary non-profit - Church,Yes,Not Available
501310,NEWPORT COMMUNITY HOSPITAL,NEWPORT,WA,99156,Critical Access Hospitals,Government - Hospital District or Authority,Yes,Not Available
501311,EAST ADAMS RURAL HOSPITAL,RITZVILLE,WA,99169,Critical Access Hospitals,Government - Hospital District or Authority,Yes,Not Available
501312,PROSSER MEMORIAL HOSPITAL,PROSSER,WA,99350,Critical Access Hospitals,Government - Hospital District or Authority,Yes,5
501313,CASCADE MEDICAL CENTER,LEAVENWORTH,WA,98826,Critical Access Hospitals,Government - Hospital District or Authority,Yes,Not Available
501314,OCEAN BEACH HOSPITAL,ILWACO,WA,98624,Critical Access Hospitals,Government - Hospital District or Authority,Yes,3
501315,SKYLINE HOSPITAL,WHITE SALMON,WA,98672,Critical Access Hospitals,Government - Hospital District or Authority,Yes,Not Available
501316,KLICKITAT VALLEY HOSPITAL,GOLDENDALE,WA,98620,Critical Access Hospitals,Government - Hospital District or Authority,Yes,Not Available
501317,COLUMBIA BASIN HOSPITAL,EPHRATA,WA,98823,Critical Access Hospitals,Government - Hospital District or Authority,Yes,Not Available
501318,OTHELLO COMMUNITY HOSPITAL,OTHELLO,WA,99344,Critical Access Hospitals,Government - Local,Yes,Not Available
501319,ARBOR HEALTH MORTON HOSPITAL,MORTON,WA,98356,Critical Access Hospitals,Government - Hospital District or Authority,Yes,Not Available
501320,QUINCY VALLEY MEDICAL CENTER,QUINCY,WA,98848,Critical Access Hospitals,Government - Hospital District or Authority,Yes,Not Available
501321,NORTH VALLEY HOSPITAL,TONASKET,WA,98855,Critical Access Hospitals,Government - Hospital District or Authority,Yes,Not Available
501322,FERRY COUNTY MEMORIAL HOSPITAL,REPUBLIC,WA,99166,Critical Access Hospitals,Government - Hospital District or Authority,Yes,Not Available
501323,JEFFERSON HEALTHCARE,PORT TOWNSEND,WA,98368,Critical Access Hospitals,Government - Hospital District or Authority,Yes,3
501324,THREE RIVERS HOSPITAL,BREWSTER,WA,98812,Critical Access Hospitals,Government - Hospital District or Authority,Yes,Not Available
501325,FORKS COMMUNITY HOSPITAL,FORKS,WA,98331,Critical Access Hospitals,Government - Hospital District or Authority,Yes,Not Available
501326,PROVIDENCE MOUNT CARMEL HOSPITAL,COLVILLE,WA,99114,Critical Access Hospitals,Voluntary non-profit - Church,Yes,3
501327,WHITMAN HOSPITAL AND MEDICAL CENTER,COLFAX,WA,99111,Critical Access Hospitals,Government - Hospital District or Authority,Yes,Not Available
501328,MID VALLEY HOSPITAL & CLINIC,OMAK,WA,98841,Critical Access Hospitals,Government - Hospital District or Authority,Yes,Not Available
501329,PEACEHEALTH UNITED GENERAL MEDICAL CENTER,SEDRO WOOLLEY,WA,98284,Critical Access Hospitals,Government - Hospital District or Authority,Yes,4
501330,ASTRIA SUNNYSIDE HOSPITAL,SUNNYSIDE,WA,98944,Critical Access Hospitals,Voluntary non-profit - Other,Yes,1
501331,PULLMAN REGIONAL HOSPITAL,PULLMAN,WA,99163,Critical Access Hospitals,Government - Hospital District or Authority,Yes,3
501332,TRI-STATE MEMORIAL HOSPITAL,CLARKSTON,WA,99403,Critical Access Hospitals,Voluntary non-profit - Private,Yes,3
501333,KITTITAS VALLEY COMMUNITY HOSPITAL,ELLENSBURG,WA,98926,Critical Access Hospitals,Government - Hospital District or Authority,Yes,Not Available
501334,LAKE CHELAN COMMUNITY HOSPITAL,CHELAN,WA,98816,Critical Access Hospitals,Government - Hospital District or Authority,Yes,Not Available
501335,ST ELIZABETH HOSPITAL,ENUMCLAW,WA,98022,Critical Access Hospitals,Voluntary non-profit - Private,Yes,3
501336,MASON GENERAL HOSPITAL & FAMILY OF CLINICS,SHELTON,WA,98584,Critical Access Hospitals,Government - Hospital District or Authority,Yes,1
501337,LOURDES MEDICAL CENTER,PASCO,WA,99301,Critical Access Hospitals,Voluntary non-profit - Church,Yes,3
501338,SNOQUALMIE VALLEY HOSPITAL,SNOQUALMIE,WA,98065,Critical Access Hospitals,Government - Hospital District or Authority,Yes,Not Available
501339,WHIDBEYHEALTH MEDICAL CENTER,COUPEVILLE,WA,98239,Critical Access Hospitals,Government - Hospital District or Authority,Yes,1
501340,PEACEHEALTH PEACE ISLAND MEDICAL CENTER,FRIDAY HARBOR,WA,98250,Critical Access Hospitals,Voluntary non-profit - Private,Yes,Not Available
503300,SEATTLE CHILDREN'S HOSPITAL,SEATTLE,WA,98105,Childrens,Voluntary non-profit - Private,Yes,Not Available
503301,MARY BRIDGE CHILDREN'S HOSPITAL,TACOMA,WA,98415,Childrens,Voluntary non-profit - Other,Yes,Not Available
503302,SHRINERS HOSPITAL FOR CHILDREN,SPOKANE,WA,99204,Childrens,Voluntary non-profit - Private,No,Not Available
504002,BHC FAIRFAX HOSPITAL,KIRKLAND,WA,98034,Psychiatric,Proprietary,No,Not Available
504004,EASTERN STATE HOSPITAL,MEDICAL LAKE,WA,99022,Psychiatric,Government - State,No,Not Available
504008,LOURDES COUNSELING CENTER,RICHLAND,WA,99352,Psychiatric,Voluntary non-profit - Private,No,Not Available
504009,NAVOS - INPATIENT SERVICES,SEATTLE,WA,98126,Psychiatric,Voluntary non-profit - Private,No,Not Available
504012,SMOKEY POINT BEHAVIORAL HOSPITAL,MARYSVILLE,WA,98271,Psychiatric,Proprietary,No,Not Available
504013,RAINIER SPRINGS,VANCOUVER,WA,98686,Psychiatric,Proprietary,No,Not Available
504014,INLAND NORTHWEST BEHAVIORAL HEALTH,SPOKANE,WA,99204,Psychiatric,Proprietary,No,Not Available
504015,SOUTH SOUND BEHAVIORAL HOSPITAL,LACEY,WA,98503,Psychiatric,Proprietary,No,Not Available
504016,WELLFOUND BEHAVIORAL HEALTH HOSPITAL,TACOMA,WA,98405,Psychiatric,Voluntary non-profit - Private,No,Not Available
520002,"ASPIRUS STEVENS POINT HOSPITAL & CLINICS, INC.",STEVENS POINT,WI,54481,Acute Care Hospitals,Voluntary non-profit - Church,Yes,3
520004,MAYO CLINIC HEALTH SYSTEM-FRANCISCAN MEDICAL CENTER INC,LA CROSSE,WI,54601,Acute Care Hospitals,Voluntary non-profit - Private,Yes,5
520008,WAUKESHA MEMORIAL HOSPITAL,WAUKESHA,WI,53188,Acute Care Hospitals,Voluntary non-profit - Private,Yes,5
520009,ASCENSION NE WISCONSIN - ST ELIZABETH CAMPUS,APPLETON,WI,54915,Acute Care Hospitals,Voluntary non-profit - Private,Yes,4
520011,MARSHFIELD MEDICAL CENTER - RICE LAKE,RICE LAKE,WI,54868,Acute Care Hospitals,Voluntary non-profit - Private,Yes,2
520019,ASPIRUS RHINELANDER HOSPITAL,RHINELANDER,WI,54501,Acute Care Hospitals,Voluntary non-profit - Private,Yes,3
520021,FROEDTERT SOUTH INC.,KENOSHA,WI,53143,Acute Care Hospitals,Government - Local,Yes,1
520028,THE MONROE CLINIC,MONROE,WI,53566,Acute Care Hospitals,Voluntary non-profit - Private,Yes,4
52002F,TOMAH VA MEDICAL CENTER,TOMAH,WI,54660,Acute Care - Veterans Administration,Veterans Health Administration,No,Not Available
520030,ASPIRUS WAUSAU HOSPITAL,WAUSAU,WI,54401,Acute Care Hospitals,Proprietary,Yes,4
520033,ASPIRUS RIVERVIEW HOSPITAL & CLINICS INC,WISCONSIN RAPIDS,WI,54494,Acute Care Hospitals,Voluntary non-profit - Private,Yes,3
520034,AURORA MEDICAL CTR MANITOWOC COUNTY,TWO RIVERS,WI,54241,Acute Care Hospitals,Voluntary non-profit - Private,Yes,Not Available
520035,AURORA MEDICAL CENTER SHEBOYGAN COUNTY,SHEBOYGAN,WI,53083,Acute Care Hospitals,Voluntary non-profit - Private,Yes,5
520037,MARSHFIELD MEDICAL CENTER,MARSHFIELD,WI,54449,Acute Care Hospitals,Voluntary non-profit - Church,Yes,2
520038,AURORA MEDICAL CTR WASHINGTON COUNTY,HARTFORD,WI,53027,Acute Care Hospitals,Voluntary non-profit - Private,Yes,4
52003F,MILWAUKEE VA MEDICAL CENTER,MILWAUKEE,WI,53295,Acute Care - Veterans Administration,Veterans Health Administration,Yes,4
520041,ASPIRUS DIVINE SAVIOR HOSPITAL,PORTAGE,WI,53901,Acute Care Hospitals,Voluntary non-profit - Private,Yes,3
520044,ST NICHOLAS HOSPITAL,SHEBOYGAN,WI,53081,Acute Care Hospitals,Voluntary non-profit - Private,Yes,3
520045,THEDACARE REGIONAL MED CTR - NEENAH,NEENAH,WI,54956,Acute Care Hospitals,Voluntary non-profit - Private,Yes,5
520049,BELLIN MEMORIAL HOSPITAL,GREEN BAY,WI,54301,Acute Care Hospitals,Voluntary non-profit - Private,Yes,5
52004F,MADISON VA MEDICAL CENTER,MADISON,WI,53705,Acute Care - Veterans Administration,Veterans Health Administration,Yes,5
520051,ASCENSION COLUMBIA ST MARYS HOSPITAL MILWAUKEE,MILWAUKEE,WI,53211,Acute Care Hospitals,Voluntary non-profit - Church,Yes,2
520057,SSM HEALTH ST CLARE HOSPITAL - BARABOO,BARABOO,WI,53913,Acute Care Hospitals,Voluntary non-profit - Private,Yes,4
520059,AURORA MEMORIAL HOSPITAL BURLINGTON,BURLINGTON,WI,53105,Acute Care Hospitals,Voluntary non-profit - Private,Yes,5
520062,OCONOMOWOC MEMORIAL HOSPITAL,OCONOMOWOC,WI,53066,Acute Care Hospitals,Voluntary non-profit - Private,Yes,5
520063,ST JOSEPHS COMMUNITY HOSPITAL WEST BEND,WEST BEND,WI,53095,Acute Care Hospitals,Voluntary non-profit - Private,Yes,3
520066,MERCY HEALTH SYSTEM CORP,JANESVILLE,WI,53547,Acute Care Hospitals,Voluntary non-profit - Private,Yes,3
520070,MAYO CLINIC HEALTH SYSTEM EAU CLAIRE HOSPITAL,EAU CLAIRE,WI,54703,Acute Care Hospitals,Voluntary non-profit - Private,Yes,5
520071,FORT MEMORIAL HOSPITAL,FORT ATKINSON,WI,53538,Acute Care Hospitals,Voluntary non-profit - Private,Yes,Not Available
520075,ST VINCENT HOSPITAL,GREEN BAY,WI,54301,Acute Care Hospitals,Voluntary non-profit - Church,Yes,4
520076,MARSHFIELD MEDICAL CENTER - BEAVER DAM (MMC-BD),BEAVER DAM,WI,53916,Acute Care Hospitals,Voluntary non-profit - Private,Yes,3
520078,ASCENSION ST FRANCIS HOSPITAL,MILWAUKEE,WI,53215,Acute Care Hospitals,Voluntary non-profit - Private,Yes,4
520083,SSM HEALTH ST MARY'S HOSPITAL - MADISON,MADISON,WI,53715,Acute Care Hospitals,Voluntary non-profit - Private,Yes,4
520087,GUNDERSEN LUTHERAN MEDICAL CENTER,LA CROSSE,WI,54601,Acute Care Hospitals,Voluntary non-profit - Private,Yes,4
520088,SSM HEALTH ST AGNES HOSPITAL-FOND DU LAC,FOND DU LAC,WI,54935,Acute Care Hospitals,Voluntary non-profit - Private,Yes,4
520089,UNITYPOINT HEALTH - MERITER,MADISON,WI,53715,Acute Care Hospitals,Voluntary non-profit - Private,Yes,4
520091,HOWARD YOUNG MEDICAL CENTER,WOODRUFF,WI,54568,Acute Care Hospitals,Voluntary non-profit - Church,Yes,4
520095,SAUK PRAIRIE HOSPITAL,PRAIRIE DU SAC,WI,53578,Acute Care Hospitals,Voluntary non-profit - Private,Yes,5
520096,ASCENSION ALL SAINTS HOSPITAL,RACINE,WI,53405,Acute Care Hospitals,Voluntary non-profit - Church,Yes,3
520097,ST MARYS HOSPITAL MEDICAL CTR,GREEN BAY,WI,54303,Acute Care Hospitals,Voluntary non-profit - Other,Yes,4
520098,UNIVERSITY OF WI  HOSPITALS & CLINICS AUTHORITY,MADISON,WI,53792,Acute Care Hospitals,Government - Hospital District or Authority,Yes,4
520100,BELOIT HEALTH SYSTEM,BELOIT,WI,53511,Acute Care Hospitals,Voluntary non-profit - Private,Yes,4
520102,AURORA LAKELAND MEDICAL CENTER,ELKHORN,WI,53121,Acute Care Hospitals,Voluntary non-profit - Private,Yes,4
520103,COMMUNITY MEMORIAL HOSPITAL,MENOMONEE FALLS,WI,53051,Acute Care Hospitals,Voluntary non-profit - Private,Yes,3
520107,HOLY FAMILY MEMORIAL,MANITOWOC,WI,54221,Acute Care Hospitals,Voluntary non-profit - Other,Yes,3
520109,MILE BLUFF MEDICAL CENTER,MAUSTON,WI,53948,Acute Care Hospitals,Proprietary,Yes,Not Available
520113,AURORA MEDICAL CENTER BAY AREA,MARINETTE,WI,54143,Acute Care Hospitals,Voluntary non-profit - Private,Yes,3
520116,WATERTOWN MEMORIAL HOSPITAL,WATERTOWN,WI,53098,Acute Care Hospitals,Voluntary non-profit - Private,Yes,3
520136,ASCENSION SE WISCONSIN HOSPITAL,MILWAUKEE,WI,53210,Acute Care Hospitals,Voluntary non-profit - Church,Yes,4
520138,AURORA ST LUKES MEDICAL CENTER,MILWAUKEE,WI,53215,Acute Care Hospitals,Voluntary non-profit - Private,Yes,4
520139,WEST ALLIS MEMORIAL HOSPITAL,WEST ALLIS,WI,53227,Acute Care Hospitals,Voluntary non-profit - Private,Yes,4
520160,THEDACARE REGIONAL MEDICAL CENTER - APPLETON INC,APPLETON,WI,54911,Acute Care Hospitals,Voluntary non-profit - Private,Yes,4
520177,FROEDTERT MEMORIAL LUTHERAN HOSPITAL,MILWAUKEE,WI,53226,Acute Care Hospitals,Voluntary non-profit - Private,Yes,4
520189,AURORA MEDICAL CENTER KENOSHA,KENOSHA,WI,53142,Acute Care Hospitals,Voluntary non-profit - Private,Yes,4
520193,AURORA BAYCARE MEDICAL CTR,GREEN BAY,WI,54313,Acute Care Hospitals,Proprietary,Yes,4
520194,ORTHOPAEDIC HOSPITAL OF WISCONSIN,GLENDALE,WI,53212,Acute Care Hospitals,Physician,No,Not Available
520196,OAKLEAF SURGICAL HOSPITAL,ALTOONA,WI,54720,Acute Care Hospitals,Physician,No,Not Available
520198,AURORA MEDICAL CTR OSHKOSH,OSHKOSH,WI,54904,Acute Care Hospitals,Voluntary non-profit - Private,Yes,4
520202,MARSHFIELD MEDICAL CENTER - WESTON,WESTON,WI,54476,Acute Care Hospitals,Voluntary non-profit - Private,Yes,4
520205,MIDWEST ORTHOPEDIC SPECIALTY HOSPITAL,FRANKLIN,WI,53132,Acute Care Hospitals,Physician,No,Not Available
520206,AURORA MEDICAL CENTER - SUMMIT,SUMMIT,WI,53066,Acute Care Hospitals,Voluntary non-profit - Private,Yes,5
520207,AURORA MEDICAL CENTER,GRAFTON,WI,53024,Acute Care Hospitals,Voluntary non-profit - Private,Yes,5
520208,SSM HEALTH ST MARY'S HOSPITAL - JANESVILLE,JANESVILLE,WI,53546,Acute Care Hospitals,Voluntary non-profit - Other,Yes,4
520210,MARSHFIELD MEDICAL CENTER - EAU CLAIRE,EAU CLAIRE,WI,54701,Acute Care Hospitals,Voluntary non-profit - Private,Yes,3
520212,MARSHFIELD MEDICAL CENTER - MINOCQUA,MINOCQUA,WI,54548,Acute Care Hospitals,Voluntary non-profit - Private,Yes,Not Available
520213,FROEDTERT COMMUNITY HOSPITAL,NEW BERLIN,WI,53151,Acute Care Hospitals,Voluntary non-profit - Private,Yes,Not Available
520214,ASCENSION WISCONSIN HOSP MENOMONEE FALLS CAMPUS,MENOMONEE FALLS,WI,53051,Acute Care Hospitals,Proprietary,Yes,Not Available
520215,MARSHFIELD MEDICAL CENTER - RIVER REGION,STEVENS POINT,WI,54482,Acute Care Hospitals,Voluntary non-profit - Private,Yes,Not Available
521300,ASPIRUS EAGLE RIVER HOSPITAL,EAGLE RIVER,WI,54521,Critical Access Hospitals,Voluntary non-profit - Private,Yes,Not Available
521302,MAYO CLINIC HEALTH SYSTEM OAKRIDGE,OSSEO,WI,54758,Critical Access Hospitals,Voluntary non-profit - Other,Yes,Not Available
521303,THEDACARE MEDICAL CENTER - WILD ROSE,WILD ROSE,WI,54984,Critical Access Hospitals,Voluntary non-profit - Private,Yes,Not Available
521304,GUNDERSEN ST JOSEPHS HOSPITAL AND CLINICS,HILLSBORO,WI,54634,Critical Access Hospitals,Voluntary non-profit - Private,Yes,Not Available
521305,MAYO CLINIC HLTH SYSTM FRANCISCAN HLTHCARE SPARTA,SPARTA,WI,54656,Critical Access Hospitals,Voluntary non-profit - Church,Yes,Not Available
521307,CHIPPEWA VALLEY HOSPITAL,DURAND,WI,54736,Critical Access Hospitals,Voluntary non-profit - Church,Yes,Not Available
521308,AMERY HOSPITAL & CLINIC,AMERY,WI,54001,Critical Access Hospitals,Voluntary non-profit - Private,Yes,3
521309,GUNDERSEN MOUNDVIEW HOSPITAL AND CLINICS,FRIENDSHIP,WI,53934,Critical Access Hospitals,Voluntary non-profit - Private,Yes,Not Available
521310,HSHS ST CLARE MEMORIAL HOSPITAL,OCONTO FALLS,WI,54154,Critical Access Hospitals,Voluntary non-profit - Private,Yes,Not Available
521311,ASPIRUS STANLEY HOSPITAL,STANLEY,WI,54768,Critical Access Hospitals,Voluntary non-profit - Private,Yes,Not Available
521312,MEMORIAL HOSPITAL OF LAFAYETTE COUNTY,DARLINGTON,WI,53530,Critical Access Hospitals,Voluntary non-profit - Other,Yes,Not Available
521313,ASPIRUS TOMAHAWK HOSPITAL,TOMAHAWK,WI,54487,Critical Access Hospitals,Voluntary non-profit - Private,Yes,Not Available
521314,MAYO CLINIC HEALTH SYSTEM CHIPPEWA VALLEY,BLOOMER,WI,54724,Critical Access Hospitals,Voluntary non-profit - Private,Yes,Not Available
521315,MAYO CLINIC HEALTH SYSTEM-NORTHLAND,BARRON,WI,54812,Critical Access Hospitals,Voluntary non-profit - Private,Yes,Not Available
521316,GUNDERSEN TRI-COUNTY HOSPITAL & CLINICS,WHITEHALL,WI,54773,Critical Access Hospitals,Voluntary non-profit - Private,Yes,Not Available
521317,ASCENSION CALUMET HOSPITAL,CHILTON,WI,53014,Critical Access Hospitals,Voluntary non-profit - Private,Yes,Not Available
521318,LADD MEMORIAL HOSPITAL,OSCEOLA,WI,54020,Critical Access Hospitals,Voluntary non-profit - Private,Yes,Not Available
521319,EDGERTON HOSPITAL AND HEALTH SERVICES,EDGERTON,WI,53534,Critical Access Hospitals,Voluntary non-profit - Private,Yes,Not Available
521320,TOMAH MEMORIAL HOSPITAL,TOMAH,WI,54660,Critical Access Hospitals,Voluntary non-profit - Private,Yes,Not Available
521321,RIPON MEDICAL CENTER,RIPON,WI,54971,Critical Access Hospitals,Voluntary non-profit - Private,Yes,Not Available
521322,GRANT REGIONAL HEALTH CENTER,LANCASTER,WI,53813,Critical Access Hospitals,Voluntary non-profit - Private,Yes,Not Available
521323,MARSHFIELD MEDICAL CENTER - NEILLSVILLE,NEILLSVILLE,WI,54456,Critical Access Hospitals,Voluntary non-profit - Private,Yes,Not Available
521324,"ASPIRUS MEDFORD HOSPITAL & CLINICS, INC",MEDFORD,WI,54451,Critical Access Hospitals,Voluntary non-profit - Private,Yes,Not Available
521325,FLAMBEAU HOSPITAL,PARK FALLS,WI,54552,Critical Access Hospitals,Voluntary non-profit - Private,Yes,Not Available
521326,THEDACARE MEDICAL CENTER - NEW LONDON,NEW LONDON,WI,54961,Critical Access Hospitals,Voluntary non-profit - Private,Yes,Not Available
521327,WAUPUN MEMORIAL HOSPITAL,WAUPUN,WI,53963,Critical Access Hospitals,Voluntary non-profit - Private,Yes,Not Available
521328,MARSHFIELD MEDICAL CENTER - LADYSMITH,LADYSMITH,WI,54848,Critical Access Hospitals,Government - Hospital District or Authority,Yes,Not Available
521329,ST MARYS HOSPITAL SUPERIOR,SUPERIOR,WI,54880,Critical Access Hospitals,Voluntary non-profit - Private,Yes,Not Available
521330,CROSSING RIVERS HEALTH MEDICAL CENTER,PRAIRIE DU CHIEN,WI,53821,Critical Access Hospitals,Voluntary non-profit - Private,Yes,Not Available
521331,BURNETT MEDICAL CENTER,GRANTSBURG,WI,54840,Critical Access Hospitals,Voluntary non-profit - Private,Yes,Not Available
521332,SPOONER HEALTH SYSTEM,SPOONER,WI,54801,Critical Access Hospitals,Voluntary non-profit - Private,Yes,Not Available
521333,BLACK RIVER MEMORIAL HOSPITAL,BLACK RIVER FALLS,WI,54615,Critical Access Hospitals,Voluntary non-profit - Private,Yes,Not Available
521334,THEDACARE MEDICAL CENTER-WAUPACA,WAUPACA,WI,54981,Critical Access Hospitals,Voluntary non-profit - Private,Yes,Not Available
521335,HUDSON HOSPITAL,HUDSON,WI,54016,Critical Access Hospitals,Voluntary non-profit - Private,Yes,Not Available
521336,TAMARACK HEALTH HAYWARD MEDICAL CENTER,HAYWARD,WI,54843,Critical Access Hospitals,Voluntary non-profit - Private,Yes,Not Available
521337,ST CROIX REGIONAL MEDICAL CENTER,SAINT CROIX FALLS,WI,54024,Critical Access Hospitals,Voluntary non-profit - Private,Yes,3
521338,COLUMBUS COMMUNITY HOSPITAL,COLUMBUS,WI,53925,Critical Access Hospitals,Voluntary non-profit - Private,Yes,Not Available
521339,ASPIRUS MERRILL HOSPITAL,MERRILL,WI,54452,Critical Access Hospitals,Voluntary non-profit - Church,Yes,Not Available
521340,MAYO CLINIC HEALTH SYSTEM-RED CEDAR INC,MENOMONIE,WI,54751,Critical Access Hospitals,Voluntary non-profit - Private,Yes,4
521341,RICHLAND HOSPITAL,RICHLAND CENTER,WI,53581,Critical Access Hospitals,Voluntary non-profit - Private,Yes,4
521342,INDIANHEAD MEDICAL CTR,SHELL LAKE,WI,54871,Critical Access Hospitals,Proprietary,Yes,Not Available
521343,STOUGHTON HOSPITAL,STOUGHTON,WI,53589,Critical Access Hospitals,Voluntary non-profit - Private,Yes,Not Available
521344,GUNDERSEN BOSCOBEL AREA HOSPITAL AND CLINICS,BOSCOBEL,WI,53805,Critical Access Hospitals,Voluntary non-profit - Private,Yes,Not Available
521345,WESTFIELDS HOSPITAL AND CLINIC,NEW RICHMOND,WI,54017,Critical Access Hospitals,Voluntary non-profit - Private,Yes,Not Available
521346,THEDACARE MEDICAL CENTER - SHAWANO,SHAWANO,WI,54166,Critical Access Hospitals,Voluntary non-profit - Private,Yes,Not Available
521347,WESTERN WISCONSIN HEALTH,BALDWIN,WI,54002,Critical Access Hospitals,Voluntary non-profit - Private,Yes,Not Available
521348,VERNON MEMORIAL HOSPITAL,VIROQUA,WI,54665,Critical Access Hospitals,Voluntary non-profit - Private,Yes,Not Available
521349,RIVER FALLS AREA HOSPITAL,RIVER FALLS,WI,54022,Critical Access Hospitals,Voluntary non-profit - Private,Yes,Not Available
521350,LANGLADE HOSPITAL,ANTIGO,WI,54409,Critical Access Hospitals,Voluntary non-profit - Church,Yes,Not Available
521351,REEDSBURG AREA MEDICAL CENTER,REEDSBURG,WI,53959,Critical Access Hospitals,Voluntary non-profit - Private,Yes,3
521352,UPLAND HILLS HEALTH,DODGEVILLE,WI,53533,Critical Access Hospitals,Voluntary non-profit - Private,Yes,3
521353,CUMBERLAND MEMORIAL HOSPITAL,CUMBERLAND,WI,54829,Critical Access Hospitals,Voluntary non-profit - Other,Yes,Not Available
521354,SOUTHWEST HEALTH CENTER,PLATTEVILLE,WI,53818,Critical Access Hospitals,Voluntary non-profit - Private,Yes,Not Available
521355,THEDACARE MEDICAL CENTER - BERLIN INC,BERLIN,WI,54923,Critical Access Hospitals,Voluntary non-profit - Private,Yes,Not Available
521356,BELLIN HEALTH OCONTO HOSPITAL,OCONTO,WI,54153,Critical Access Hospitals,Voluntary non-profit - Private,Yes,Not Available
521357,MERCY WALWORTH HOSPITAL & MEDICAL CENTER,LAKE GENEVA,WI,53147,Critical Access Hospitals,Voluntary non-profit - Private,Yes,4
521358,DOOR COUNTY MEDICAL CENTER,STURGEON BAY,WI,54235,Critical Access Hospitals,Voluntary non-profit - Private,Yes,5
521359,TAMARACK HEALTH ASHLAND MEDICAL CENTER,ASHLAND,WI,54806,Critical Access Hospitals,Voluntary non-profit - Private,Yes,3
523300,CHILDRENS HOSPITAL OF WISCONSIN,MILWAUKEE,WI,53226,Childrens,Voluntary non-profit - Other,Yes,Not Available
523302,CHILDRENS HOSPITAL OF WISCONSIN FOX VALLEY,NEENAH,WI,54956,Childrens,Voluntary non-profit - Other,Yes,Not Available
524000,AURORA PSYCHIATRIC HOSPITAL,WAUWATOSA,WI,53213,Psychiatric,Voluntary non-profit - Private,No,Not Available
524002,WINNEBAGO MENTAL HEALTH INSTITUTE,WINNEBAGO,WI,54985,Psychiatric,Government - State,No,Not Available
524008,MENDOTA MENTAL HEALTH INSTITUTE,MADISON,WI,53704,Psychiatric,Government - State,No,Not Available
524014,BROWN COUNTY COMMUNITY TREATMENT CTR,GREEN BAY,WI,54311,Psychiatric,Government - Local,No,Not Available
524017,NORTH CENTRAL HEALTH CARE,WAUSAU,WI,54403,Psychiatric,Voluntary non-profit - Other,No,Not Available
524018,ROGERS MEMORIAL HOSPITAL,OCONOMOWOC,WI,53066,Psychiatric,Voluntary non-profit - Private,No,Not Available
524019,NORWOOD HEALTH CENTER,MARSHFIELD,WI,54449,Psychiatric,Government - Local,No,Not Available
524025,FOND DU LAC COUNTY ACUTE PSYCH UNIT,FOND DU LAC,WI,54935,Psychiatric,Government - Local,Yes,Not Available
524026,WAUKESHA COUNTY MENTAL HEALTH CTR,WAUKESHA,WI,53188,Psychiatric,Government - Local,No,Not Available
524038,BELLIN PSYCHIATRIC CENTER,GREEN BAY,WI,54301,Psychiatric,Voluntary non-profit - Church,No,Not Available
524041,"SBH Green Bay, LLC d/b/a WILLOW CREEK BEHAVIORAL HEALTH",GREEN BAY,WI,54311,Psychiatric,Proprietary,No,Not Available
524042,MIRAMONT BEHAVIORAL HEALTH,MIDDLETON,WI,53562,Psychiatric,Proprietary,No,Not Available
524043,GRANITE HILLS HOSPITAL,WEST ALLIS,WI,53214,Psychiatric,Proprietary,Yes,Not Available
524044,"MENTAL HEALTH EMERGENCY CENTER, INC",MILWAUKEE,WI,53205,Psychiatric,Voluntary non-profit - Private,No,Not Available
510001,"WEST VIRGINIA UNIVERSITY HOSPITALS, INC",MORGANTOWN,WV,26506,Acute Care Hospitals,Voluntary non-profit - Private,Yes,2
510002,"CAMC GREENBRIER VALLEY MEDICAL CENTER, INC",RONCEVERTE,WV,24970,Acute Care Hospitals,Proprietary,Yes,2
510006,"UNITED HOSPITAL CENTER, INC",BRIDGEPORT,WV,26330,Acute Care Hospitals,Voluntary non-profit - Private,Yes,4
510007,ST MARYS MEDICAL CENTER,HUNTINGTON,WV,25702,Acute Care Hospitals,Voluntary non-profit - Church,Yes,2
510008,BERKELEY MEDICAL CENTER,MARTINSBURG,WV,25401,Acute Care Hospitals,Voluntary non-profit - Private,Yes,1
510012,RIVERS HEALTH,POINT PLEASANT,WV,25550,Acute Care Hospitals,Voluntary non-profit - Private,Yes,1
510013,REYNOLDS MEMORIAL HOSPITAL,GLEN DALE,WV,26038,Acute Care Hospitals,Voluntary non-profit - Private,Yes,3
510022,CHARLESTON AREA MEDICAL CENTER,CHARLESTON,WV,25301,Acute Care Hospitals,Voluntary non-profit - Private,Yes,1
510023,"WEIRTON MEDICAL CENTER, INC",WEIRTON,WV,26062,Acute Care Hospitals,Government - Local,Yes,2
510024,MON HEALTH MEDICAL CENTER,MORGANTOWN,WV,26505,Acute Care Hospitals,Voluntary non-profit - Private,Yes,4
510029,THOMAS MEMORIAL HOSPITAL,SOUTH CHARLESTON,WV,25309,Acute Care Hospitals,Voluntary non-profit - Private,Yes,Not Available
51002F,BECKLEY VA MEDICAL CENTER,BECKLEY,WV,25801,Acute Care - Veterans Administration,Veterans Health Administration,Yes,5
510030,DAVIS MEDICAL CENTER,ELKINS,WV,26241,Acute Care Hospitals,Voluntary non-profit - Private,Yes,3
510038,STONEWALL JACKSON MEMORIAL HOSPITAL,WESTON,WV,26452,Acute Care Hospitals,Voluntary non-profit - Private,Yes,2
51003F,CLARKSBURG VA MEDICAL CENTER,CLARKSBURG,WV,26301,Acute Care - Veterans Administration,Veterans Health Administration,Yes,4
510046,PRINCETON COMMUNITY HOSPITAL ASSN INC,PRINCETON,WV,24740,Acute Care Hospitals,Government - Local,Yes,1
510048,LOGAN REGIONAL MEDICAL CENTER,LOGAN,WV,25601,Acute Care Hospitals,Proprietary,Yes,4
51004F,HUNTINGTON VA MEDICAL CENTER,HUNTINGTON,WV,25704,Acute Care - Veterans Administration,Veterans Health Administration,Yes,5
510050,"WHEELING HOSPITAL, INC",WHEELING,WV,26003,Acute Care Hospitals,Voluntary non-profit - Church,Yes,1
510055,"CABELL HUNTINGTON HOSPITAL, INC",HUNTINGTON,WV,25701,Acute Care Hospitals,Voluntary non-profit - Private,Yes,2
510058,CAMDEN CLARK MEDICAL CENTER,PARKERSBURG,WV,26101,Acute Care Hospitals,Voluntary non-profit - Private,Yes,3
51005F,MARTINSBURG VA MEDICAL CENTER,MARTINSBURG,WV,25405,Acute Care - Veterans Administration,Veterans Health Administration,Yes,4
510062,BECKLEY ARH HOSPITAL,BECKLEY,WV,25801,Acute Care Hospitals,Voluntary non-profit - Private,Yes,1
510070,RALEIGH GENERAL HOSPITAL,BECKLEY,WV,25801,Acute Care Hospitals,Proprietary,Yes,1
510072,WETZEL COUNTY HOSPITAL,NEW MARTINSVILLE,WV,26155,Acute Care Hospitals,Government - Local,Yes,Not Available
510086,WELCH COMMUNITY HOSPITAL,WELCH,WV,24801,Acute Care Hospitals,Government - State,Yes,Not Available
510091,CAMC CHARLESTON SURGICAL HOSPITAL,CHARLESTON,WV,25301,Acute Care Hospitals,Physician,No,Not Available
510093,MON HEALTH MARION,WHITEHALL,WV,26554,Acute Care Hospitals,Voluntary non-profit - Private,Yes,Not Available
510094,WILLIAMSON MEMORIAL INC,WILLIAMSON,WV,25661,Acute Care Hospitals,Voluntary non-profit - Private,No,Not Available
511300,"BROADDUS HOSPITAL ASSOCIATION, INC",PHILIPPI,WV,26416,Critical Access Hospitals,Voluntary non-profit - Private,Yes,Not Available
511301,WEBSTER MEMORIAL HOSPITAL,WEBSTER SPRINGS,WV,26288,Critical Access Hospitals,Voluntary non-profit - Private,Yes,Not Available
511303,MINNIE HAMILTON HEALTH SYSTEM,GRANTSVILLE,WV,26147,Critical Access Hospitals,Voluntary non-profit - Private,Yes,Not Available
511304,SISTERSVILLE GENERAL HOSPITAL,SISTERSVILLE,WV,26175,Critical Access Hospitals,Proprietary,Yes,Not Available
511306,ROANE GENERAL HOSPITAL,SPENCER,WV,25276,Critical Access Hospitals,Voluntary non-profit - Private,Yes,Not Available
511307,"GRAFTON CITY HOSPITAL, INC",GRAFTON,WV,26354,Critical Access Hospitals,Government - Local,Yes,Not Available
511308,"BRAXTON COUNTY MEMORIAL HOSPITAL, INC",GASSAWAY,WV,26624,Critical Access Hospitals,Voluntary non-profit - Private,Yes,Not Available
511309,VALLEY HEALTH WAR MEMORIAL HOSPITAL,BERKELEY SPRINGS,WV,25411,Critical Access Hospitals,Voluntary non-profit - Private,Yes,Not Available
511310,SUMMERS COUNTY ARH HOSPITAL,HINTON,WV,25951,Critical Access Hospitals,Voluntary non-profit - Private,Yes,Not Available
511311,HAMPSHIRE MEMORIAL HOSPITAL,ROMNEY,WV,26757,Critical Access Hospitals,Voluntary non-profit - Private,Yes,Not Available
511312,PRESTON MEMORIAL HOSPITAL,KINGWOOD,WV,26537,Critical Access Hospitals,Proprietary,Yes,Not Available
511313,BOONE MEMORIAL HOSPITAL,MADISON,WV,25130,Critical Access Hospitals,Government - Local,Yes,Not Available
511314,POCAHONTAS MEMORIAL HOSPITAL,BUCKEYE,WV,24924,Critical Access Hospitals,Government - Local,Yes,Not Available
511315,POTOMAC VALLEY HOSPITAL,KEYSER,WV,26726,Critical Access Hospitals,Voluntary non-profit - Private,Yes,4
511316,GRANT MEMORIAL HOSPITAL,PETERSBURG,WV,26847,Critical Access Hospitals,Voluntary non-profit - Other,Yes,4
511317,"CAMC PLATEAU MEDICAL CENTER, INC",OAK HILL,WV,25901,Critical Access Hospitals,Proprietary,Yes,Not Available
511318,MONTGOMERY GENERAL HOSPITAL,MONTGOMERY,WV,25136,Critical Access Hospitals,Voluntary non-profit - Other,Yes,Not Available
511319,JEFFERSON MEDICAL CENTER,RANSON,WV,25438,Critical Access Hospitals,Voluntary non-profit - Private,Yes,2
511320,JACKSON GENERAL HOSPITAL,RIPLEY,WV,25271,Critical Access Hospitals,Voluntary non-profit - Private,Yes,3
511321,"ST JOSEPH'S HOSPITAL OF BUCKHANNON, INC",BUCKHANNON,WV,26201,Critical Access Hospitals,Voluntary non-profit - Private,Yes,Not Available
511322,SUMMERSVILLE REGIONAL MEDICAL CENTER,SUMMERSVILLE,WV,26651,Critical Access Hospitals,Voluntary non-profit - Private,Yes,Not Available
514001,HIGHLAND HOSPITAL,CHARLESTON,WV,25304,Psychiatric,Voluntary non-profit - Private,No,Not Available
514008,RIVER PARK HOSPITAL,HUNTINGTON,WV,25701,Psychiatric,Proprietary,No,Not Available
514009,MILDRED MITCHELL-BATEMAN HOSPITAL,HUNTINGTON,WV,25705,Psychiatric,Government - State,No,Not Available
514011,"HIGHLAND-CLARKSBURG HOSPITAL, INC",CLARKSBURG,WV,26301,Psychiatric,Voluntary non-profit - Private,Yes,Not Available
514012,"WILLIAM R SHARPE, JR HOSPITAL",WESTON,WV,26452,Psychiatric,Government - State,No,Not Available
530002,CAMPBELL COUNTY HEALTH,GILLETTE,WY,82716,Acute Care Hospitals,Government - Hospital District or Authority,Yes,2
530006,SHERIDAN MEMORIAL HOSPITAL,SHERIDAN,WY,82801,Acute Care Hospitals,Government - Local,Yes,3
530008,SAGEWEST HEALTH CARE,RIVERTON,WY,82501,Acute Care Hospitals,Proprietary,Yes,1
530012,BANNER WYOMING MEDICAL CENTER,CASPER,WY,82601,Acute Care Hospitals,Government - Local,Yes,3
530014,CHEYENNE REGIONAL MEDICAL CENTER,CHEYENNE,WY,82001,Acute Care Hospitals,Voluntary non-profit - Other,Yes,3
530015,ST JOHNS MEDICAL CENTER,JACKSON,WY,83001,Acute Care Hospitals,Government - Hospital District or Authority,Yes,4
530025,IVINSON MEMORIAL HOSPITAL,LARAMIE,WY,82072,Acute Care Hospitals,Government - Hospital District or Authority,Yes,2
530034,SUMMIT MEDICAL CENTER,CASPER,WY,82609,Acute Care Hospitals,Physician,No,Not Available
53004F,CHEYENNE VA MEDICAL CENTER,CHEYENNE,WY,82001,Acute Care - Veterans Administration,Veterans Health Administration,Yes,5
53005F,SHERIDAN VA MEDICAL CENTER,SHERIDAN,WY,82801,Acute Care - Veterans Administration,Veterans Health Administration,No,Not Available
531301,SOUTH BIG HORN COUNTY HOSPITAL,BASIN,WY,82410,Critical Access Hospitals,Government - Hospital District or Authority,Yes,Not Available
531302,MEMORIAL HOSPITAL OF CONVERSE COUNTY,DOUGLAS,WY,82633,Critical Access Hospitals,Government - Local,Yes,Not Available
531303,WESTON COUNTY HEALTH SERVICES,NEWCASTLE,WY,82701,Critical Access Hospitals,Government - Hospital District or Authority,Yes,Not Available
531304,HOT SPRINGS COUNTY MEMORIAL HOSPITAL,THERMOPOLIS,WY,82443,Critical Access Hospitals,Government - Hospital District or Authority,Yes,Not Available
531305,PLATTE COUNTY HOSPITAL,WHEATLAND,WY,82201,Critical Access Hospitals,Government - Local,Yes,4
531306,WASHAKIE MEDICAL CENTER,WORLAND,WY,82401,Critical Access Hospitals,Government - Local,Yes,Not Available
531307,COMMUNITY HOSPITAL,TORRINGTON,WY,82240,Critical Access Hospitals,Voluntary non-profit - Private,Yes,Not Available
531308,JOHNSON COUNTY HEALTHCARE CENTER,BUFFALO,WY,82834,Critical Access Hospitals,Government - Hospital District or Authority,No,Not Available
531309,NORTH BIG HORN HOSPITAL DISTRICT,LOVELL,WY,82431,Critical Access Hospitals,Government - Hospital District or Authority,Yes,Not Available
531310,POWELL VALLEY HOSPITAL,POWELL,WY,82435,Critical Access Hospitals,Government - Hospital District or Authority,Yes,Not Available
531311,CROOK COUNTY HOSPITAL,SUNDANCE,WY,82729,Critical Access Hospitals,Government - Hospital District or Authority,Yes,Not Available
531312,CODY REGIONAL HEALTH,CODY,WY,82414,Critical Access Hospitals,Government - Hospital District or Authority,Yes,Not Available
531313,STAR VALLEY MEDICAL CENTER,AFTON,WY,83110,Critical Access Hospitals,Government - Hospital District or Authority,Yes,Not Available
531314,NIOBRARA COUNTY HOSPITAL DISTRICT,LUSK,WY,82225,Critical Access Hospitals,Government - Hospital District or Authority,Yes,Not Available
531315,SOUTH LINCOLN MEDICAL CENTER - CAH,KEMMERER,WY,83101,Critical Access Hospitals,Government - Hospital District or Authority,No,Not Available
531316,MEMORIAL HOSPITAL OF CARBON COUNTY,RAWLINS,WY,82301,Critical Access Hospitals,Government - Local,Yes,Not Available
531317,NORTH PLATTE VALLEY MEDICAL CENTER,SARATOGA,WY,82331,Critical Access Hospitals,Voluntary non-profit - Private,Yes,Not Available
531318,MEMORIAL HOSPITAL SWEETWATER COUNTY,ROCK SPRINGS,WY,82901,Critical Access Hospitals,Government - Hospital District or Authority,Yes,Not Available
531319,EVANSTON REGIONAL HOSPITAL,EVANSTON,WY,82930,Critical Access Hospitals,Proprietary,Yes,Not Available
534004,WYOMING BEHAVIORAL INSTITUTE,CASPER,WY,82609,Psychiatric,Proprietary,No,Not Available
