facility_id,facility_name,state,dataset_id,measure_id,measure_name,score,compared_to_national,denominator,start_date,end_date
010001,SOUTHEAST HEALTH MEDICAL CENTER,AL,ynj2-r877,COMP_HIP_KNEE,Rate of complications for hip/knee replacement patients,3.2,No Different Than the National Rate,27,04/01/2021,03/31/2024
010001,SOUTHEAST HEALTH MEDICAL CENTER,AL,632h-zaca,EDAC_30_AMI,Hospital return days for heart attack patients,-15.6,Fewer Days Than Average per 100 Discharges,273,07/01/2021,06/30/2024
010001,SOUTHEAST HEALTH MEDICAL CENTER,AL,632h-zaca,EDAC_30_HF,Hospital return days for heart failure patients,-1.1,Average Days per 100 Discharges,652,07/01/2021,06/30/2024
010001,SOUTHEAST HEALTH MEDICAL CENTER,AL,632h-zaca,EDAC_30_PN,Hospital return days for pneumonia patients,17.4,More Days Than Average per 100 Discharges,507,07/01/2021,06/30/2024
010001,SOUTHEAST HEALTH MEDICAL CENTER,AL,77hc-ibv8,HAI_1_CILOWER,Central Line Associated Bloodstream Infection (ICU + select Wards): Lower Confidence Limit,0.133,No Different than National Benchmark,,04/01/2024,03/31/2025
010001,SOUTHEAST HEALTH MEDICAL CENTER,AL,77hc-ibv8,HAI_1_CIUPPER,Central Line Associated Bloodstream Infection (ICU + select Wards): Upper Confidence Limit,1.008,No Different than National Benchmark,,04/01/2024,03/31/2025
010001,SOUTHEAST HEALTH MEDICAL CENTER,AL,77hc-ibv8,HAI_1_DOPC,Central Line Associated Bloodstream Infection: Number of Device Days,9078,No Different than National Benchmark,,04/01/2024,03/31/2025
010001,SOUTHEAST HEALTH MEDICAL CENTER,AL,77hc-ibv8,HAI_1_ELIGCASES,Central Line Associated Bloodstream Infection (ICU + select Wards): Predicted Cases,9.568,No Different than National Benchmark,,04/01/2024,03/31/2025
010001,SOUTHEAST HEALTH MEDICAL CENTER,AL,77hc-ibv8,HAI_1_NUMERATOR,Central Line Associated Bloodstream Infection (ICU + select Wards): Observed Cases,4,No Different than National Benchmark,,04/01/2024,03/31/2025
010001,SOUTHEAST HEALTH MEDICAL CENTER,AL,77hc-ibv8,HAI_1_SIR,Central Line Associated Bloodstream Infection (ICU + select Wards),0.418,No Different than National Benchmark,,04/01/2024,03/31/2025
010001,SOUTHEAST HEALTH MEDICAL CENTER,AL,77hc-ibv8,HAI_2_CILOWER,Catheter Associated Urinary Tract Infections (ICU + select Wards): Lower Confidence Limit,0.032,Better than the National Benchmark,,04/01/2024,03/31/2025
010001,SOUTHEAST HEALTH MEDICAL CENTER,AL,77hc-ibv8,HAI_2_CIUPPER,Catheter Associated Urinary Tract Infections (ICU + select Wards): Upper Confidence Limit,0.341,Better than the National Benchmark,,04/01/2024,03/31/2025
010001,SOUTHEAST HEALTH MEDICAL CENTER,AL,77hc-ibv8,HAI_2_DOPC,Catheter Associated Urinary Tract Infections (ICU + select Wards): Number of Urinary Catheter Days,16727,Better than the National Benchmark,,04/01/2024,03/31/2025
010001,SOUTHEAST HEALTH MEDICAL CENTER,AL,77hc-ibv8,HAI_2_ELIGCASES,Catheter Associated Urinary Tract Infections (ICU + select Wards): Predicted Cases,23.917,Better than the National Benchmark,,04/01/2024,03/31/2025
010001,SOUTHEAST HEALTH MEDICAL CENTER,AL,77hc-ibv8,HAI_2_NUMERATOR,Catheter Associated Urinary Tract Infections (ICU + select Wards): Observed Cases,3,Better than the National Benchmark,,04/01/2024,03/31/2025
010001,SOUTHEAST HEALTH MEDICAL CENTER,AL,77hc-ibv8,HAI_2_SIR,Catheter Associated Urinary Tract Infections (ICU + select Wards),0.125,Better than the National Benchmark,,04/01/2024,03/31/2025
010001,SOUTHEAST HEALTH MEDICAL CENTER,AL,77hc-ibv8,HAI_3_CILOWER,SSI - Colon Surgery: Lower Confidence Limit,0.049,Better than the National Benchmark,,04/01/2024,03/31/2025
010001,SOUTHEAST HEALTH MEDICAL CENTER,AL,77hc-ibv8,HAI_3_CIUPPER,SSI - Colon Surgery: Upper Confidence Limit,0.964,Better than the National Benchmark,,04/01/2024,03/31/2025
010001,SOUTHEAST HEALTH MEDICAL CENTER,AL,77hc-ibv8,HAI_3_DOPC,SSI - Colon Surgery: Number of Procedures,237,Better than the National Benchmark,,04/01/2024,03/31/2025
010001,SOUTHEAST HEALTH MEDICAL CENTER,AL,77hc-ibv8,HAI_3_ELIGCASES,SSI - Colon Surgery: Predicted Cases,6.858,Better than the National Benchmark,,04/01/2024,03/31/2025
010001,SOUTHEAST HEALTH MEDICAL CENTER,AL,77hc-ibv8,HAI_3_NUMERATOR,SSI - Colon Surgery: Observed Cases,2,Better than the National Benchmark,,04/01/2024,03/31/2025
010001,SOUTHEAST HEALTH MEDICAL CENTER,AL,77hc-ibv8,HAI_3_SIR,SSI - Colon Surgery,0.292,Better than the National Benchmark,,04/01/2024,03/31/2025
010001,SOUTHEAST HEALTH MEDICAL CENTER,AL,77hc-ibv8,HAI_4_CILOWER,SSI - Abdominal Hysterectomy: Lower Confidence Limit,Not Available,Not Available,,04/01/2024,03/31/2025
010001,SOUTHEAST HEALTH MEDICAL CENTER,AL,77hc-ibv8,HAI_4_CIUPPER,SSI - Abdominal Hysterectomy: Upper Confidence Limit,Not Available,Not Available,,04/01/2024,03/31/2025
010001,SOUTHEAST HEALTH MEDICAL CENTER,AL,77hc-ibv8,HAI_4_DOPC,SSI - Abdominal Hysterectomy: Number of Procedures,99,Not Available,,04/01/2024,03/31/2025
010001,SOUTHEAST HEALTH MEDICAL CENTER,AL,77hc-ibv8,HAI_4_ELIGCASES,SSI - Abdominal Hysterectomy: Predicted Cases,0.936,Not Available,,04/01/2024,03/31/2025
010001,SOUTHEAST HEALTH MEDICAL CENTER,AL,77hc-ibv8,HAI_4_NUMERATOR,SSI - Abdominal Hysterectomy: Observed Cases,1,Not Available,,04/01/2024,03/31/2025
010001,SOUTHEAST HEALTH MEDICAL CENTER,AL,77hc-ibv8,HAI_4_SIR,SSI - Abdominal Hysterectomy,Not Available,Not Available,,04/01/2024,03/31/2025
010001,SOUTHEAST HEALTH MEDICAL CENTER,AL,77hc-ibv8,HAI_5_CILOWER,MRSA Bacteremia: Lower Confidence Limit,0.124,Better than the National Benchmark,,04/01/2024,03/31/2025
010001,SOUTHEAST HEALTH MEDICAL CENTER,AL,77hc-ibv8,HAI_5_CIUPPER,MRSA Bacteremia: Upper Confidence Limit,0.940,Better than the National Benchmark,,04/01/2024,03/31/2025
010001,SOUTHEAST HEALTH MEDICAL CENTER,AL,77hc-ibv8,HAI_5_DOPC,MRSA Bacteremia: Patient Days,111718,Better than the National Benchmark,,04/01/2024,03/31/2025
010001,SOUTHEAST HEALTH MEDICAL CENTER,AL,77hc-ibv8,HAI_5_ELIGCASES,MRSA Bacteremia: Predicted Cases,10.267,Better than the National Benchmark,,04/01/2024,03/31/2025
010001,SOUTHEAST HEALTH MEDICAL CENTER,AL,77hc-ibv8,HAI_5_NUMERATOR,MRSA Bacteremia: Observed Cases,4,Better than the National Benchmark,,04/01/2024,03/31/2025
010001,SOUTHEAST HEALTH MEDICAL CENTER,AL,77hc-ibv8,HAI_5_SIR,MRSA Bacteremia,0.390,Better than the National Benchmark,,04/01/2024,03/31/2025
010001,SOUTHEAST HEALTH MEDICAL CENTER,AL,77hc-ibv8,HAI_6_CILOWER,Clostridium Difficile (C.Diff): Lower Confidence Limit,0.268,Better than the National Benchmark,,04/01/2024,03/31/2025
010001,SOUTHEAST HEALTH MEDICAL CENTER,AL,77hc-ibv8,HAI_6_CIUPPER,Clostridium Difficile (C.Diff): Upper Confidence Limit,0.563,Better than the National Benchmark,,04/01/2024,03/31/2025
010001,SOUTHEAST HEALTH MEDICAL CENTER,AL,77hc-ibv8,HAI_6_DOPC,Clostridium Difficile (C.Diff): Patient Days,111718,Better than the National Benchmark,,04/01/2024,03/31/2025
010001,SOUTHEAST HEALTH MEDICAL CENTER,AL,77hc-ibv8,HAI_6_ELIGCASES,Clostridium Difficile (C.Diff): Predicted Cases,70.895,Better than the National Benchmark,,04/01/2024,03/31/2025
010001,SOUTHEAST HEALTH MEDICAL CENTER,AL,77hc-ibv8,HAI_6_NUMERATOR,Clostridium Difficile (C.Diff): Observed Cases,28,Better than the National Benchmark,,04/01/2024,03/31/2025
010001,SOUTHEAST HEALTH MEDICAL CENTER,AL,77hc-ibv8,HAI_6_SIR,Clostridium Difficile (C.Diff),0.395,Better than the National Benchmark,,04/01/2024,03/31/2025
010001,SOUTHEAST HEALTH MEDICAL CENTER,AL,ynj2-r877,MORT_30_AMI,Death rate for heart attack patients,11.4,No Different Than the National Rate,270,07/01/2021,06/30/2024
010001,SOUTHEAST HEALTH MEDICAL CENTER,AL,ynj2-r877,MORT_30_CABG,Death rate for CABG surgery patients,3,No Different Than the National Rate,144,07/01/2021,06/30/2024
010001,SOUTHEAST HEALTH MEDICAL CENTER,AL,ynj2-r877,MORT_30_COPD,Death rate for COPD patients,9.4,No Different Than the National Rate,112,07/01/2021,06/30/2024
010001,SOUTHEAST HEALTH MEDICAL CENTER,AL,ynj2-r877,MORT_30_HF,Death rate for heart failure patients,10.2,No Different Than the National Rate,583,07/01/2021,06/30/2024
010001,SOUTHEAST HEALTH MEDICAL CENTER,AL,ynj2-r877,MORT_30_PN,Death rate for pneumonia patients,18.4,No Different Than the National Rate,517,07/01/2021,06/30/2024
010001,SOUTHEAST HEALTH MEDICAL CENTER,AL,ynj2-r877,MORT_30_STK,Death rate for stroke patients,13.5,No Different Than the National Rate,395,07/01/2021,06/30/2024
010001,SOUTHEAST HEALTH MEDICAL CENTER,AL,ynj2-r877,PSI_03,Pressure ulcer rate,0.13,No Different Than the National Rate,6114,07/01/2022,06/30/2024
010001,SOUTHEAST HEALTH MEDICAL CENTER,AL,muwa-iene,PSI_03,Pressure ulcer rate,0.130263,,,07/01/2022,06/30/2024
010001,SOUTHEAST HEALTH MEDICAL CENTER,AL,ynj2-r877,PSI_04,Death rate among surgical inpatients with serious treatable complications,203.00,No Different Than the National Rate,118,07/01/2022,06/30/2024
010001,SOUTHEAST HEALTH MEDICAL CENTER,AL,muwa-iene,PSI_06,Iatrogenic pneumothorax rate,0.130879,,,07/01/2022,06/30/2024
010001,SOUTHEAST HEALTH MEDICAL CENTER,AL,ynj2-r877,PSI_06,Iatrogenic pneumothorax rate,0.13,No Different Than the National Rate,7558,07/01/2022,06/30/2024
010001,SOUTHEAST HEALTH MEDICAL CENTER,AL,muwa-iene,PSI_08,In-hospital fall-associated fracture rate,0.344633,,,07/01/2022,06/30/2024
010001,SOUTHEAST HEALTH MEDICAL CENTER,AL,ynj2-r877,PSI_08,In-hospital fall-associated fracture rate,0.34,No Different Than the National Rate,7649,07/01/2022,06/30/2024
010001,SOUTHEAST HEALTH MEDICAL CENTER,AL,ynj2-r877,PSI_09,Postoperative hemorrhage or hematoma rate,2.75,No Different Than the National Rate,1747,07/01/2022,06/30/2024
010001,SOUTHEAST HEALTH MEDICAL CENTER,AL,muwa-iene,PSI_09,Postoperative hemorrhage or hematoma rate,2.754995,,,07/01/2022,06/30/2024
010001,SOUTHEAST HEALTH MEDICAL CENTER,AL,muwa-iene,PSI_10,Postoperative acute kidney injury requiring dialysis rate,1.316678,,,07/01/2022,06/30/2024
010001,SOUTHEAST HEALTH MEDICAL CENTER,AL,ynj2-r877,PSI_10,Postoperative acute kidney injury requiring dialysis rate,1.32,No Different Than the National Rate,648,07/01/2022,06/30/2024
010001,SOUTHEAST HEALTH MEDICAL CENTER,AL,ynj2-r877,PSI_11,Postoperative respiratory failure rate,10.66,No Different Than the National Rate,665,07/01/2022,06/30/2024
010001,SOUTHEAST HEALTH MEDICAL CENTER,AL,muwa-iene,PSI_11,Postoperative respiratory failure rate,10.664516,,,07/01/2022,06/30/2024
010001,SOUTHEAST HEALTH MEDICAL CENTER,AL,ynj2-r877,PSI_12,Perioperative pulmonary embolism or deep vein thrombosis rate,4.40,No Different Than the National Rate,1873,07/01/2022,06/30/2024
010001,SOUTHEAST HEALTH MEDICAL CENTER,AL,muwa-iene,PSI_12,Perioperative pulmonary embolism or deep vein thrombosis rate,4.401435,,,07/01/2022,06/30/2024
010001,SOUTHEAST HEALTH MEDICAL CENTER,AL,muwa-iene,PSI_13,Postoperative sepsis rate,5.402728,,,07/01/2022,06/30/2024
010001,SOUTHEAST HEALTH MEDICAL CENTER,AL,ynj2-r877,PSI_13,Postoperative sepsis rate,5.40,No Different Than the National Rate,665,07/01/2022,06/30/2024
010001,SOUTHEAST HEALTH MEDICAL CENTER,AL,ynj2-r877,PSI_14,Postoperative wound dehiscence rate,1.58,No Different Than the National Rate,351,07/01/2022,06/30/2024
010001,SOUTHEAST HEALTH MEDICAL CENTER,AL,muwa-iene,PSI_14,Postoperative wound dehiscence rate,1.576565,,,07/01/2022,06/30/2024
010001,SOUTHEAST HEALTH MEDICAL CENTER,AL,ynj2-r877,PSI_15,Abdominopelvic accidental puncture or laceration rate,2.09,Worse Than the National Rate,1336,07/01/2022,06/30/2024
010001,SOUTHEAST HEALTH MEDICAL CENTER,AL,muwa-iene,PSI_15,Abdominopelvic accidental puncture or laceration rate,2.092750,,,07/01/2022,06/30/2024
010001,SOUTHEAST HEALTH MEDICAL CENTER,AL,muwa-iene,PSI_90,CMS Medicare PSI 90: Patient safety and adverse events composite,0.952032,,,07/01/2022,06/30/2024
010001,SOUTHEAST HEALTH MEDICAL CENTER,AL,ynj2-r877,PSI_90,CMS Medicare PSI 90: Patient safety and adverse events composite,0.95,No Different Than the National Value,Not Applicable,07/01/2022,06/30/2024
010001,SOUTHEAST HEALTH MEDICAL CENTER,AL,632h-zaca,READM_30_AMI,Acute Myocardial Infarction (AMI) 30-Day Readmission Rate,13,No Different Than the National Rate,273,07/01/2021,06/30/2024
010001,SOUTHEAST HEALTH MEDICAL CENTER,AL,632h-zaca,READM_30_CABG,Rate of readmission for CABG,10.1,No Different Than the National Rate,137,07/01/2021,06/30/2024
010001,SOUTHEAST HEALTH MEDICAL CENTER,AL,632h-zaca,READM_30_COPD,Rate of readmission for chronic obstructive pulmonary disease (COPD) patients,18,No Different Than the National Rate,122,07/01/2021,06/30/2024
010001,SOUTHEAST HEALTH MEDICAL CENTER,AL,632h-zaca,READM_30_HF,Heart failure (HF) 30-Day Readmission Rate,20.1,No Different Than the National Rate,652,07/01/2021,06/30/2024
010001,SOUTHEAST HEALTH MEDICAL CENTER,AL,632h-zaca,READM_30_HIP_KNEE,Rate of readmission after hip/knee replacement,4.8,No Different Than the National Rate,25,07/01/2021,06/30/2024
010001,SOUTHEAST HEALTH MEDICAL CENTER,AL,632h-zaca,READM_30_PN,Pneumonia (PN) 30-Day Readmission Rate,16,No Different Than the National Rate,507,07/01/2021,06/30/2024
010005,MARSHALL MEDICAL CENTERS,AL,ynj2-r877,COMP_HIP_KNEE,Rate of complications for hip/knee replacement patients,3,No Different Than the National Rate,104,04/01/2021,03/31/2024
010005,MARSHALL MEDICAL CENTERS,AL,632h-zaca,EDAC_30_AMI,Hospital return days for heart attack patients,Not Available,Number of Cases Too Small,Not Available,07/01/2021,06/30/2024
010005,MARSHALL MEDICAL CENTERS,AL,632h-zaca,EDAC_30_HF,Hospital return days for heart failure patients,12.2,Average Days per 100 Discharges,164,07/01/2021,06/30/2024
010005,MARSHALL MEDICAL CENTERS,AL,632h-zaca,EDAC_30_PN,Hospital return days for pneumonia patients,-17.2,Fewer Days Than Average per 100 Discharges,292,07/01/2021,06/30/2024
010005,MARSHALL MEDICAL CENTERS,AL,77hc-ibv8,HAI_1_CILOWER,Central Line Associated Bloodstream Infection (ICU + select Wards): Lower Confidence Limit,0.454,No Different than National Benchmark,,04/01/2024,03/31/2025
010005,MARSHALL MEDICAL CENTERS,AL,77hc-ibv8,HAI_1_CIUPPER,Central Line Associated Bloodstream Infection (ICU + select Wards): Upper Confidence Limit,3.450,No Different than National Benchmark,,04/01/2024,03/31/2025
010005,MARSHALL MEDICAL CENTERS,AL,77hc-ibv8,HAI_1_DOPC,Central Line Associated Bloodstream Infection: Number of Device Days,4592,No Different than National Benchmark,,04/01/2024,03/31/2025
010005,MARSHALL MEDICAL CENTERS,AL,77hc-ibv8,HAI_1_ELIGCASES,Central Line Associated Bloodstream Infection (ICU + select Wards): Predicted Cases,2.797,No Different than National Benchmark,,04/01/2024,03/31/2025
010005,MARSHALL MEDICAL CENTERS,AL,77hc-ibv8,HAI_1_NUMERATOR,Central Line Associated Bloodstream Infection (ICU + select Wards): Observed Cases,4,No Different than National Benchmark,,04/01/2024,03/31/2025
010005,MARSHALL MEDICAL CENTERS,AL,77hc-ibv8,HAI_1_SIR,Central Line Associated Bloodstream Infection (ICU + select Wards),1.430,No Different than National Benchmark,,04/01/2024,03/31/2025
010005,MARSHALL MEDICAL CENTERS,AL,77hc-ibv8,HAI_2_CILOWER,Catheter Associated Urinary Tract Infections (ICU + select Wards): Lower Confidence Limit,0.268,No Different than National Benchmark,,04/01/2024,03/31/2025
010005,MARSHALL MEDICAL CENTERS,AL,77hc-ibv8,HAI_2_CIUPPER,Catheter Associated Urinary Tract Infections (ICU + select Wards): Upper Confidence Limit,2.870,No Different than National Benchmark,,04/01/2024,03/31/2025
010005,MARSHALL MEDICAL CENTERS,AL,77hc-ibv8,HAI_2_DOPC,Catheter Associated Urinary Tract Infections (ICU + select Wards): Number of Urinary Catheter Days,6224,No Different than National Benchmark,,04/01/2024,03/31/2025
010005,MARSHALL MEDICAL CENTERS,AL,77hc-ibv8,HAI_2_ELIGCASES,Catheter Associated Urinary Tract Infections (ICU + select Wards): Predicted Cases,2.845,No Different than National Benchmark,,04/01/2024,03/31/2025
010005,MARSHALL MEDICAL CENTERS,AL,77hc-ibv8,HAI_2_NUMERATOR,Catheter Associated Urinary Tract Infections (ICU + select Wards): Observed Cases,3,No Different than National Benchmark,,04/01/2024,03/31/2025
010005,MARSHALL MEDICAL CENTERS,AL,77hc-ibv8,HAI_2_SIR,Catheter Associated Urinary Tract Infections (ICU + select Wards),1.054,No Different than National Benchmark,,04/01/2024,03/31/2025
010005,MARSHALL MEDICAL CENTERS,AL,77hc-ibv8,HAI_3_CILOWER,SSI - Colon Surgery: Lower Confidence Limit,0.135,No Different than National Benchmark,,04/01/2024,03/31/2025
010005,MARSHALL MEDICAL CENTERS,AL,77hc-ibv8,HAI_3_CIUPPER,SSI - Colon Surgery: Upper Confidence Limit,2.655,No Different than National Benchmark,,04/01/2024,03/31/2025
010005,MARSHALL MEDICAL CENTERS,AL,77hc-ibv8,HAI_3_DOPC,SSI - Colon Surgery: Number of Procedures,95,No Different than National Benchmark,,04/01/2024,03/31/2025
010005,MARSHALL MEDICAL CENTERS,AL,77hc-ibv8,HAI_3_ELIGCASES,SSI - Colon Surgery: Predicted Cases,2.489,No Different than National Benchmark,,04/01/2024,03/31/2025
010005,MARSHALL MEDICAL CENTERS,AL,77hc-ibv8,HAI_3_NUMERATOR,SSI - Colon Surgery: Observed Cases,2,No Different than National Benchmark,,04/01/2024,03/31/2025
010005,MARSHALL MEDICAL CENTERS,AL,77hc-ibv8,HAI_3_SIR,SSI - Colon Surgery,0.804,No Different than National Benchmark,,04/01/2024,03/31/2025
010005,MARSHALL MEDICAL CENTERS,AL,77hc-ibv8,HAI_4_CILOWER,SSI - Abdominal Hysterectomy: Lower Confidence Limit,Not Available,Not Available,,04/01/2024,03/31/2025
010005,MARSHALL MEDICAL CENTERS,AL,77hc-ibv8,HAI_4_CIUPPER,SSI - Abdominal Hysterectomy: Upper Confidence Limit,Not Available,Not Available,,04/01/2024,03/31/2025
010005,MARSHALL MEDICAL CENTERS,AL,77hc-ibv8,HAI_4_DOPC,SSI - Abdominal Hysterectomy: Number of Procedures,51,Not Available,,04/01/2024,03/31/2025
010005,MARSHALL MEDICAL CENTERS,AL,77hc-ibv8,HAI_4_ELIGCASES,SSI - Abdominal Hysterectomy: Predicted Cases,0.531,Not Available,,04/01/2024,03/31/2025
010005,MARSHALL MEDICAL CENTERS,AL,77hc-ibv8,HAI_4_NUMERATOR,SSI - Abdominal Hysterectomy: Observed Cases,0,Not Available,,04/01/2024,03/31/2025
010005,MARSHALL MEDICAL CENTERS,AL,77hc-ibv8,HAI_4_SIR,SSI - Abdominal Hysterectomy,Not Available,Not Available,,04/01/2024,03/31/2025
010005,MARSHALL MEDICAL CENTERS,AL,77hc-ibv8,HAI_5_CILOWER,MRSA Bacteremia: Lower Confidence Limit,0.618,No Different than National Benchmark,,04/01/2024,03/31/2025
010005,MARSHALL MEDICAL CENTERS,AL,77hc-ibv8,HAI_5_CIUPPER,MRSA Bacteremia: Upper Confidence Limit,6.616,No Different than National Benchmark,,04/01/2024,03/31/2025
010005,MARSHALL MEDICAL CENTERS,AL,77hc-ibv8,HAI_5_DOPC,MRSA Bacteremia: Patient Days,36822,No Different than National Benchmark,,04/01/2024,03/31/2025
010005,MARSHALL MEDICAL CENTERS,AL,77hc-ibv8,HAI_5_ELIGCASES,MRSA Bacteremia: Predicted Cases,1.234,No Different than National Benchmark,,04/01/2024,03/31/2025
010005,MARSHALL MEDICAL CENTERS,AL,77hc-ibv8,HAI_5_NUMERATOR,MRSA Bacteremia: Observed Cases,3,No Different than National Benchmark,,04/01/2024,03/31/2025
010005,MARSHALL MEDICAL CENTERS,AL,77hc-ibv8,HAI_5_SIR,MRSA Bacteremia,2.431,No Different than National Benchmark,,04/01/2024,03/31/2025
010005,MARSHALL MEDICAL CENTERS,AL,77hc-ibv8,HAI_6_CILOWER,Clostridium Difficile (C.Diff): Lower Confidence Limit,0.137,No Different than National Benchmark,,04/01/2024,03/31/2025
010005,MARSHALL MEDICAL CENTERS,AL,77hc-ibv8,HAI_6_CIUPPER,Clostridium Difficile (C.Diff): Upper Confidence Limit,1.038,No Different than National Benchmark,,04/01/2024,03/31/2025
010005,MARSHALL MEDICAL CENTERS,AL,77hc-ibv8,HAI_6_DOPC,Clostridium Difficile (C.Diff): Patient Days,35164,No Different than National Benchmark,,04/01/2024,03/31/2025
010005,MARSHALL MEDICAL CENTERS,AL,77hc-ibv8,HAI_6_ELIGCASES,Clostridium Difficile (C.Diff): Predicted Cases,9.297,No Different than National Benchmark,,04/01/2024,03/31/2025
010005,MARSHALL MEDICAL CENTERS,AL,77hc-ibv8,HAI_6_NUMERATOR,Clostridium Difficile (C.Diff): Observed Cases,4,No Different than National Benchmark,,04/01/2024,03/31/2025
010005,MARSHALL MEDICAL CENTERS,AL,77hc-ibv8,HAI_6_SIR,Clostridium Difficile (C.Diff),0.430,No Different than National Benchmark,,04/01/2024,03/31/2025
010005,MARSHALL MEDICAL CENTERS,AL,ynj2-r877,MORT_30_AMI,Death rate for heart attack patients,Not Available,Number of Cases Too Small,Not Available,07/01/2021,06/30/2024
010005,MARSHALL MEDICAL CENTERS,AL,ynj2-r877,MORT_30_CABG,Death rate for CABG surgery patients,Not Available,Not Available,Not Available,07/01/2021,06/30/2024
010005,MARSHALL MEDICAL CENTERS,AL,ynj2-r877,MORT_30_COPD,Death rate for COPD patients,8.9,No Different Than the National Rate,126,07/01/2021,06/30/2024
010005,MARSHALL MEDICAL CENTERS,AL,ynj2-r877,MORT_30_HF,Death rate for heart failure patients,14.1,No Different Than the National Rate,158,07/01/2021,06/30/2024
010005,MARSHALL MEDICAL CENTERS,AL,ynj2-r877,MORT_30_PN,Death rate for pneumonia patients,21.2,Worse Than the National Rate,285,07/01/2021,06/30/2024
010005,MARSHALL MEDICAL CENTERS,AL,ynj2-r877,MORT_30_STK,Death rate for stroke patients,12.9,No Different Than the National Rate,89,07/01/2021,06/30/2024
010005,MARSHALL MEDICAL CENTERS,AL,muwa-iene,PSI_03,Pressure ulcer rate,0.325856,,,07/01/2022,06/30/2024
010005,MARSHALL MEDICAL CENTERS,AL,ynj2-r877,PSI_03,Pressure ulcer rate,0.33,No Different Than the National Rate,2193,07/01/2022,06/30/2024
010005,MARSHALL MEDICAL CENTERS,AL,ynj2-r877,PSI_04,Death rate among surgical inpatients with serious treatable complications,184.79,No Different Than the National Rate,27,07/01/2022,06/30/2024
010005,MARSHALL MEDICAL CENTERS,AL,ynj2-r877,PSI_06,Iatrogenic pneumothorax rate,0.19,No Different Than the National Rate,2667,07/01/2022,06/30/2024
010005,MARSHALL MEDICAL CENTERS,AL,muwa-iene,PSI_06,Iatrogenic pneumothorax rate,0.192654,,,07/01/2022,06/30/2024
010005,MARSHALL MEDICAL CENTERS,AL,muwa-iene,PSI_08,In-hospital fall-associated fracture rate,0.247320,,,07/01/2022,06/30/2024
010005,MARSHALL MEDICAL CENTERS,AL,ynj2-r877,PSI_08,In-hospital fall-associated fracture rate,0.25,No Different Than the National Rate,2641,07/01/2022,06/30/2024
010005,MARSHALL MEDICAL CENTERS,AL,ynj2-r877,PSI_09,Postoperative hemorrhage or hematoma rate,2.04,No Different Than the National Rate,520,07/01/2022,06/30/2024
010005,MARSHALL MEDICAL CENTERS,AL,muwa-iene,PSI_09,Postoperative hemorrhage or hematoma rate,2.036310,,,07/01/2022,06/30/2024
010005,MARSHALL MEDICAL CENTERS,AL,muwa-iene,PSI_10,Postoperative acute kidney injury requiring dialysis rate,1.437629,,,07/01/2022,06/30/2024
010005,MARSHALL MEDICAL CENTERS,AL,ynj2-r877,PSI_10,Postoperative acute kidney injury requiring dialysis rate,1.44,No Different Than the National Rate,204,07/01/2022,06/30/2024
010005,MARSHALL MEDICAL CENTERS,AL,ynj2-r877,PSI_11,Postoperative respiratory failure rate,8.65,No Different Than the National Rate,215,07/01/2022,06/30/2024
010005,MARSHALL MEDICAL CENTERS,AL,muwa-iene,PSI_11,Postoperative respiratory failure rate,8.647614,,,07/01/2022,06/30/2024
010005,MARSHALL MEDICAL CENTERS,AL,ynj2-r877,PSI_12,Perioperative pulmonary embolism or deep vein thrombosis rate,4.89,No Different Than the National Rate,550,07/01/2022,06/30/2024
010005,MARSHALL MEDICAL CENTERS,AL,muwa-iene,PSI_12,Perioperative pulmonary embolism or deep vein thrombosis rate,4.888411,,,07/01/2022,06/30/2024
010005,MARSHALL MEDICAL CENTERS,AL,muwa-iene,PSI_13,Postoperative sepsis rate,6.383805,,,07/01/2022,06/30/2024
010005,MARSHALL MEDICAL CENTERS,AL,ynj2-r877,PSI_13,Postoperative sepsis rate,6.38,No Different Than the National Rate,182,07/01/2022,06/30/2024
010005,MARSHALL MEDICAL CENTERS,AL,ynj2-r877,PSI_14,Postoperative wound dehiscence rate,1.73,No Different Than the National Rate,106,07/01/2022,06/30/2024
010005,MARSHALL MEDICAL CENTERS,AL,muwa-iene,PSI_14,Postoperative wound dehiscence rate,1.729088,,,07/01/2022,06/30/2024
010005,MARSHALL MEDICAL CENTERS,AL,ynj2-r877,PSI_15,Abdominopelvic accidental puncture or laceration rate,1.23,No Different Than the National Rate,425,07/01/2022,06/30/2024
010005,MARSHALL MEDICAL CENTERS,AL,muwa-iene,PSI_15,Abdominopelvic accidental puncture or laceration rate,1.225388,,,07/01/2022,06/30/2024
010005,MARSHALL MEDICAL CENTERS,AL,muwa-iene,PSI_90,CMS Medicare PSI 90: Patient safety and adverse events composite,0.974092,,,07/01/2022,06/30/2024
010005,MARSHALL MEDICAL CENTERS,AL,ynj2-r877,PSI_90,CMS Medicare PSI 90: Patient safety and adverse events composite,0.97,No Different Than the National Value,Not Applicable,07/01/2022,06/30/2024
010005,MARSHALL MEDICAL CENTERS,AL,632h-zaca,READM_30_AMI,Acute Myocardial Infarction (AMI) 30-Day Readmission Rate,Not Available,Number of Cases Too Small,Not Available,07/01/2021,06/30/2024
010005,MARSHALL MEDICAL CENTERS,AL,632h-zaca,READM_30_CABG,Rate of readmission for CABG,Not Available,Not Available,Not Available,07/01/2021,06/30/2024
010005,MARSHALL MEDICAL CENTERS,AL,632h-zaca,READM_30_COPD,Rate of readmission for chronic obstructive pulmonary disease (COPD) patients,17.1,No Different Than the National Rate,132,07/01/2021,06/30/2024
010005,MARSHALL MEDICAL CENTERS,AL,632h-zaca,READM_30_HF,Heart failure (HF) 30-Day Readmission Rate,19.8,No Different Than the National Rate,164,07/01/2021,06/30/2024
010005,MARSHALL MEDICAL CENTERS,AL,632h-zaca,READM_30_HIP_KNEE,Rate of readmission after hip/knee replacement,4.2,No Different Than the National Rate,81,07/01/2021,06/30/2024
010005,MARSHALL MEDICAL CENTERS,AL,632h-zaca,READM_30_PN,Pneumonia (PN) 30-Day Readmission Rate,13.9,No Different Than the National Rate,292,07/01/2021,06/30/2024
010006,NORTH ALABAMA MEDICAL CENTER,AL,ynj2-r877,COMP_HIP_KNEE,Rate of complications for hip/knee replacement patients,4.7,No Different Than the National Rate,49,04/01/2021,03/31/2024
010006,NORTH ALABAMA MEDICAL CENTER,AL,632h-zaca,EDAC_30_AMI,Hospital return days for heart attack patients,-18,Fewer Days Than Average per 100 Discharges,285,07/01/2021,06/30/2024
010006,NORTH ALABAMA MEDICAL CENTER,AL,632h-zaca,EDAC_30_HF,Hospital return days for heart failure patients,-4.7,Average Days per 100 Discharges,461,07/01/2021,06/30/2024
010006,NORTH ALABAMA MEDICAL CENTER,AL,632h-zaca,EDAC_30_PN,Hospital return days for pneumonia patients,-0.9,Average Days per 100 Discharges,679,07/01/2021,06/30/2024
010006,NORTH ALABAMA MEDICAL CENTER,AL,77hc-ibv8,HAI_1_CILOWER,Central Line Associated Bloodstream Infection (ICU + select Wards): Lower Confidence Limit,N/A,Better than the National Benchmark,,04/01/2024,03/31/2025
010006,NORTH ALABAMA MEDICAL CENTER,AL,77hc-ibv8,HAI_1_CIUPPER,Central Line Associated Bloodstream Infection (ICU + select Wards): Upper Confidence Limit,0.697,Better than the National Benchmark,,04/01/2024,03/31/2025
010006,NORTH ALABAMA MEDICAL CENTER,AL,77hc-ibv8,HAI_1_DOPC,Central Line Associated Bloodstream Infection: Number of Device Days,3887,Better than the National Benchmark,,04/01/2024,03/31/2025
010006,NORTH ALABAMA MEDICAL CENTER,AL,77hc-ibv8,HAI_1_ELIGCASES,Central Line Associated Bloodstream Infection (ICU + select Wards): Predicted Cases,4.301,Better than the National Benchmark,,04/01/2024,03/31/2025
010006,NORTH ALABAMA MEDICAL CENTER,AL,77hc-ibv8,HAI_1_NUMERATOR,Central Line Associated Bloodstream Infection (ICU + select Wards): Observed Cases,0,Better than the National Benchmark,,04/01/2024,03/31/2025
010006,NORTH ALABAMA MEDICAL CENTER,AL,77hc-ibv8,HAI_1_SIR,Central Line Associated Bloodstream Infection (ICU + select Wards),0.000,Better than the National Benchmark,,04/01/2024,03/31/2025
010006,NORTH ALABAMA MEDICAL CENTER,AL,77hc-ibv8,HAI_2_CILOWER,Catheter Associated Urinary Tract Infections (ICU + select Wards): Lower Confidence Limit,0.005,Better than the National Benchmark,,04/01/2024,03/31/2025
010006,NORTH ALABAMA MEDICAL CENTER,AL,77hc-ibv8,HAI_2_CIUPPER,Catheter Associated Urinary Tract Infections (ICU + select Wards): Upper Confidence Limit,0.518,Better than the National Benchmark,,04/01/2024,03/31/2025
010006,NORTH ALABAMA MEDICAL CENTER,AL,77hc-ibv8,HAI_2_DOPC,Catheter Associated Urinary Tract Infections (ICU + select Wards): Number of Urinary Catheter Days,7376,Better than the National Benchmark,,04/01/2024,03/31/2025
010006,NORTH ALABAMA MEDICAL CENTER,AL,77hc-ibv8,HAI_2_ELIGCASES,Catheter Associated Urinary Tract Infections (ICU + select Wards): Predicted Cases,9.518,Better than the National Benchmark,,04/01/2024,03/31/2025
010006,NORTH ALABAMA MEDICAL CENTER,AL,77hc-ibv8,HAI_2_NUMERATOR,Catheter Associated Urinary Tract Infections (ICU + select Wards): Observed Cases,1,Better than the National Benchmark,,04/01/2024,03/31/2025
010006,NORTH ALABAMA MEDICAL CENTER,AL,77hc-ibv8,HAI_2_SIR,Catheter Associated Urinary Tract Infections (ICU + select Wards),0.105,Better than the National Benchmark,,04/01/2024,03/31/2025
010006,NORTH ALABAMA MEDICAL CENTER,AL,77hc-ibv8,HAI_3_CILOWER,SSI - Colon Surgery: Lower Confidence Limit,N/A,No Different than National Benchmark,,04/01/2024,03/31/2025
010006,NORTH ALABAMA MEDICAL CENTER,AL,77hc-ibv8,HAI_3_CIUPPER,SSI - Colon Surgery: Upper Confidence Limit,1.220,No Different than National Benchmark,,04/01/2024,03/31/2025
010006,NORTH ALABAMA MEDICAL CENTER,AL,77hc-ibv8,HAI_3_DOPC,SSI - Colon Surgery: Number of Procedures,90,No Different than National Benchmark,,04/01/2024,03/31/2025
010006,NORTH ALABAMA MEDICAL CENTER,AL,77hc-ibv8,HAI_3_ELIGCASES,SSI - Colon Surgery: Predicted Cases,2.455,No Different than National Benchmark,,04/01/2024,03/31/2025
010006,NORTH ALABAMA MEDICAL CENTER,AL,77hc-ibv8,HAI_3_NUMERATOR,SSI - Colon Surgery: Observed Cases,0,No Different than National Benchmark,,04/01/2024,03/31/2025
010006,NORTH ALABAMA MEDICAL CENTER,AL,77hc-ibv8,HAI_3_SIR,SSI - Colon Surgery,0.000,No Different than National Benchmark,,04/01/2024,03/31/2025
010006,NORTH ALABAMA MEDICAL CENTER,AL,77hc-ibv8,HAI_4_CILOWER,SSI - Abdominal Hysterectomy: Lower Confidence Limit,N/A,No Different than National Benchmark,,04/01/2024,03/31/2025
010006,NORTH ALABAMA MEDICAL CENTER,AL,77hc-ibv8,HAI_4_CIUPPER,SSI - Abdominal Hysterectomy: Upper Confidence Limit,1.293,No Different than National Benchmark,,04/01/2024,03/31/2025
010006,NORTH ALABAMA MEDICAL CENTER,AL,77hc-ibv8,HAI_4_DOPC,SSI - Abdominal Hysterectomy: Number of Procedures,240,No Different than National Benchmark,,04/01/2024,03/31/2025
010006,NORTH ALABAMA MEDICAL CENTER,AL,77hc-ibv8,HAI_4_ELIGCASES,SSI - Abdominal Hysterectomy: Predicted Cases,2.316,No Different than National Benchmark,,04/01/2024,03/31/2025
010006,NORTH ALABAMA MEDICAL CENTER,AL,77hc-ibv8,HAI_4_NUMERATOR,SSI - Abdominal Hysterectomy: Observed Cases,0,No Different than National Benchmark,,04/01/2024,03/31/2025
010006,NORTH ALABAMA MEDICAL CENTER,AL,77hc-ibv8,HAI_4_SIR,SSI - Abdominal Hysterectomy,0.000,No Different than National Benchmark,,04/01/2024,03/31/2025
010006,NORTH ALABAMA MEDICAL CENTER,AL,77hc-ibv8,HAI_5_CILOWER,MRSA Bacteremia: Lower Confidence Limit,0.010,Better than the National Benchmark,,04/01/2024,03/31/2025
010006,NORTH ALABAMA MEDICAL CENTER,AL,77hc-ibv8,HAI_5_CIUPPER,MRSA Bacteremia: Upper Confidence Limit,0.988,Better than the National Benchmark,,04/01/2024,03/31/2025
010006,NORTH ALABAMA MEDICAL CENTER,AL,77hc-ibv8,HAI_5_DOPC,MRSA Bacteremia: Patient Days,69320,Better than the National Benchmark,,04/01/2024,03/31/2025
010006,NORTH ALABAMA MEDICAL CENTER,AL,77hc-ibv8,HAI_5_ELIGCASES,MRSA Bacteremia: Predicted Cases,4.993,Better than the National Benchmark,,04/01/2024,03/31/2025
010006,NORTH ALABAMA MEDICAL CENTER,AL,77hc-ibv8,HAI_5_NUMERATOR,MRSA Bacteremia: Observed Cases,1,Better than the National Benchmark,,04/01/2024,03/31/2025
010006,NORTH ALABAMA MEDICAL CENTER,AL,77hc-ibv8,HAI_5_SIR,MRSA Bacteremia,0.200,Better than the National Benchmark,,04/01/2024,03/31/2025
010006,NORTH ALABAMA MEDICAL CENTER,AL,77hc-ibv8,HAI_6_CILOWER,Clostridium Difficile (C.Diff): Lower Confidence Limit,0.033,Better than the National Benchmark,,04/01/2024,03/31/2025
010006,NORTH ALABAMA MEDICAL CENTER,AL,77hc-ibv8,HAI_6_CIUPPER,Clostridium Difficile (C.Diff): Upper Confidence Limit,0.247,Better than the National Benchmark,,04/01/2024,03/31/2025
010006,NORTH ALABAMA MEDICAL CENTER,AL,77hc-ibv8,HAI_6_DOPC,Clostridium Difficile (C.Diff): Patient Days,66354,Better than the National Benchmark,,04/01/2024,03/31/2025
010006,NORTH ALABAMA MEDICAL CENTER,AL,77hc-ibv8,HAI_6_ELIGCASES,Clostridium Difficile (C.Diff): Predicted Cases,39.104,Better than the National Benchmark,,04/01/2024,03/31/2025
010006,NORTH ALABAMA MEDICAL CENTER,AL,77hc-ibv8,HAI_6_NUMERATOR,Clostridium Difficile (C.Diff): Observed Cases,4,Better than the National Benchmark,,04/01/2024,03/31/2025
010006,NORTH ALABAMA MEDICAL CENTER,AL,77hc-ibv8,HAI_6_SIR,Clostridium Difficile (C.Diff),0.102,Better than the National Benchmark,,04/01/2024,03/31/2025
010006,NORTH ALABAMA MEDICAL CENTER,AL,ynj2-r877,MORT_30_AMI,Death rate for heart attack patients,14.5,No Different Than the National Rate,266,07/01/2021,06/30/2024
010006,NORTH ALABAMA MEDICAL CENTER,AL,ynj2-r877,MORT_30_CABG,Death rate for CABG surgery patients,5.4,Worse Than the National Rate,79,07/01/2021,06/30/2024
010006,NORTH ALABAMA MEDICAL CENTER,AL,ynj2-r877,MORT_30_COPD,Death rate for COPD patients,8.7,No Different Than the National Rate,160,07/01/2021,06/30/2024
010006,NORTH ALABAMA MEDICAL CENTER,AL,ynj2-r877,MORT_30_HF,Death rate for heart failure patients,12.5,No Different Than the National Rate,413,07/01/2021,06/30/2024
010006,NORTH ALABAMA MEDICAL CENTER,AL,ynj2-r877,MORT_30_PN,Death rate for pneumonia patients,19.6,Worse Than the National Rate,659,07/01/2021,06/30/2024
010006,NORTH ALABAMA MEDICAL CENTER,AL,ynj2-r877,MORT_30_STK,Death rate for stroke patients,12.4,No Different Than the National Rate,258,07/01/2021,06/30/2024
010006,NORTH ALABAMA MEDICAL CENTER,AL,ynj2-r877,PSI_03,Pressure ulcer rate,0.55,No Different Than the National Rate,5008,07/01/2022,06/30/2024
010006,NORTH ALABAMA MEDICAL CENTER,AL,muwa-iene,PSI_03,Pressure ulcer rate,0.546129,,,07/01/2022,06/30/2024
010006,NORTH ALABAMA MEDICAL CENTER,AL,ynj2-r877,PSI_04,Death rate among surgical inpatients with serious treatable complications,236.12,Worse Than the National Rate,91,07/01/2022,06/30/2024
010006,NORTH ALABAMA MEDICAL CENTER,AL,muwa-iene,PSI_06,Iatrogenic pneumothorax rate,0.263105,,,07/01/2022,06/30/2024
010006,NORTH ALABAMA MEDICAL CENTER,AL,ynj2-r877,PSI_06,Iatrogenic pneumothorax rate,0.26,No Different Than the National Rate,6347,07/01/2022,06/30/2024
010006,NORTH ALABAMA MEDICAL CENTER,AL,muwa-iene,PSI_08,In-hospital fall-associated fracture rate,0.254574,,,07/01/2022,06/30/2024
010006,NORTH ALABAMA MEDICAL CENTER,AL,ynj2-r877,PSI_08,In-hospital fall-associated fracture rate,0.25,No Different Than the National Rate,6413,07/01/2022,06/30/2024
010006,NORTH ALABAMA MEDICAL CENTER,AL,ynj2-r877,PSI_09,Postoperative hemorrhage or hematoma rate,3.59,No Different Than the National Rate,1235,07/01/2022,06/30/2024
010006,NORTH ALABAMA MEDICAL CENTER,AL,muwa-iene,PSI_09,Postoperative hemorrhage or hematoma rate,3.592926,,,07/01/2022,06/30/2024
010006,NORTH ALABAMA MEDICAL CENTER,AL,muwa-iene,PSI_10,Postoperative acute kidney injury requiring dialysis rate,1.436585,,,07/01/2022,06/30/2024
010006,NORTH ALABAMA MEDICAL CENTER,AL,ynj2-r877,PSI_10,Postoperative acute kidney injury requiring dialysis rate,1.44,No Different Than the National Rate,324,07/01/2022,06/30/2024
010006,NORTH ALABAMA MEDICAL CENTER,AL,muwa-iene,PSI_11,Postoperative respiratory failure rate,16.586171,,,07/01/2022,06/30/2024
010006,NORTH ALABAMA MEDICAL CENTER,AL,ynj2-r877,PSI_11,Postoperative respiratory failure rate,16.59,Worse Than the National Rate,334,07/01/2022,06/30/2024
010006,NORTH ALABAMA MEDICAL CENTER,AL,ynj2-r877,PSI_12,Perioperative pulmonary embolism or deep vein thrombosis rate,2.92,No Different Than the National Rate,1269,07/01/2022,06/30/2024
010006,NORTH ALABAMA MEDICAL CENTER,AL,muwa-iene,PSI_12,Perioperative pulmonary embolism or deep vein thrombosis rate,2.915944,,,07/01/2022,06/30/2024
010006,NORTH ALABAMA MEDICAL CENTER,AL,muwa-iene,PSI_13,Postoperative sepsis rate,4.624830,,,07/01/2022,06/30/2024
010006,NORTH ALABAMA MEDICAL CENTER,AL,ynj2-r877,PSI_13,Postoperative sepsis rate,4.62,No Different Than the National Rate,317,07/01/2022,06/30/2024
010006,NORTH ALABAMA MEDICAL CENTER,AL,ynj2-r877,PSI_14,Postoperative wound dehiscence rate,1.96,No Different Than the National Rate,232,07/01/2022,06/30/2024
010006,NORTH ALABAMA MEDICAL CENTER,AL,muwa-iene,PSI_14,Postoperative wound dehiscence rate,1.961128,,,07/01/2022,06/30/2024
010006,NORTH ALABAMA MEDICAL CENTER,AL,ynj2-r877,PSI_15,Abdominopelvic accidental puncture or laceration rate,1.34,No Different Than the National Rate,1002,07/01/2022,06/30/2024
010006,NORTH ALABAMA MEDICAL CENTER,AL,muwa-iene,PSI_15,Abdominopelvic accidental puncture or laceration rate,1.342318,,,07/01/2022,06/30/2024
010006,NORTH ALABAMA MEDICAL CENTER,AL,muwa-iene,PSI_90,CMS Medicare PSI 90: Patient safety and adverse events composite,1.138385,,,07/01/2022,06/30/2024
010006,NORTH ALABAMA MEDICAL CENTER,AL,ynj2-r877,PSI_90,CMS Medicare PSI 90: Patient safety and adverse events composite,1.14,No Different Than the National Value,Not Applicable,07/01/2022,06/30/2024
010006,NORTH ALABAMA MEDICAL CENTER,AL,632h-zaca,READM_30_AMI,Acute Myocardial Infarction (AMI) 30-Day Readmission Rate,12.5,No Different Than the National Rate,285,07/01/2021,06/30/2024
010006,NORTH ALABAMA MEDICAL CENTER,AL,632h-zaca,READM_30_CABG,Rate of readmission for CABG,10.6,No Different Than the National Rate,71,07/01/2021,06/30/2024
010006,NORTH ALABAMA MEDICAL CENTER,AL,632h-zaca,READM_30_COPD,Rate of readmission for chronic obstructive pulmonary disease (COPD) patients,19.1,No Different Than the National Rate,174,07/01/2021,06/30/2024
010006,NORTH ALABAMA MEDICAL CENTER,AL,632h-zaca,READM_30_HF,Heart failure (HF) 30-Day Readmission Rate,19.5,No Different Than the National Rate,461,07/01/2021,06/30/2024
010006,NORTH ALABAMA MEDICAL CENTER,AL,632h-zaca,READM_30_HIP_KNEE,Rate of readmission after hip/knee replacement,5.1,No Different Than the National Rate,56,07/01/2021,06/30/2024
010006,NORTH ALABAMA MEDICAL CENTER,AL,632h-zaca,READM_30_PN,Pneumonia (PN) 30-Day Readmission Rate,15.7,No Different Than the National Rate,679,07/01/2021,06/30/2024
010007,MIZELL MEMORIAL HOSPITAL,AL,ynj2-r877,COMP_HIP_KNEE,Rate of complications for hip/knee replacement patients,Not Available,Number of Cases Too Small,Not Available,04/01/2021,03/31/2024
010007,MIZELL MEMORIAL HOSPITAL,AL,632h-zaca,EDAC_30_AMI,Hospital return days for heart attack patients,Not Available,Number of Cases Too Small,Not Available,07/01/2021,06/30/2024
010007,MIZELL MEMORIAL HOSPITAL,AL,632h-zaca,EDAC_30_HF,Hospital return days for heart failure patients,77.9,More Days Than Average per 100 Discharges,39,07/01/2021,06/30/2024
010007,MIZELL MEMORIAL HOSPITAL,AL,632h-zaca,EDAC_30_PN,Hospital return days for pneumonia patients,29.8,More Days Than Average per 100 Discharges,84,07/01/2021,06/30/2024
010007,MIZELL MEMORIAL HOSPITAL,AL,77hc-ibv8,HAI_1_CILOWER,Central Line Associated Bloodstream Infection (ICU + select Wards): Lower Confidence Limit,Not Available,Not Available,,04/01/2024,03/31/2025
010007,MIZELL MEMORIAL HOSPITAL,AL,77hc-ibv8,HAI_1_CIUPPER,Central Line Associated Bloodstream Infection (ICU + select Wards): Upper Confidence Limit,Not Available,Not Available,,04/01/2024,03/31/2025
010007,MIZELL MEMORIAL HOSPITAL,AL,77hc-ibv8,HAI_1_DOPC,Central Line Associated Bloodstream Infection: Number of Device Days,252,Not Available,,04/01/2024,03/31/2025
010007,MIZELL MEMORIAL HOSPITAL,AL,77hc-ibv8,HAI_1_ELIGCASES,Central Line Associated Bloodstream Infection (ICU + select Wards): Predicted Cases,0.156,Not Available,,04/01/2024,03/31/2025
010007,MIZELL MEMORIAL HOSPITAL,AL,77hc-ibv8,HAI_1_NUMERATOR,Central Line Associated Bloodstream Infection (ICU + select Wards): Observed Cases,0,Not Available,,04/01/2024,03/31/2025
010007,MIZELL MEMORIAL HOSPITAL,AL,77hc-ibv8,HAI_1_SIR,Central Line Associated Bloodstream Infection (ICU + select Wards),Not Available,Not Available,,04/01/2024,03/31/2025
010007,MIZELL MEMORIAL HOSPITAL,AL,77hc-ibv8,HAI_2_CILOWER,Catheter Associated Urinary Tract Infections (ICU + select Wards): Lower Confidence Limit,Not Available,Not Available,,04/01/2024,03/31/2025
010007,MIZELL MEMORIAL HOSPITAL,AL,77hc-ibv8,HAI_2_CIUPPER,Catheter Associated Urinary Tract Infections (ICU + select Wards): Upper Confidence Limit,Not Available,Not Available,,04/01/2024,03/31/2025
010007,MIZELL MEMORIAL HOSPITAL,AL,77hc-ibv8,HAI_2_DOPC,Catheter Associated Urinary Tract Infections (ICU + select Wards): Number of Urinary Catheter Days,1430,Not Available,,04/01/2024,03/31/2025
010007,MIZELL MEMORIAL HOSPITAL,AL,77hc-ibv8,HAI_2_ELIGCASES,Catheter Associated Urinary Tract Infections (ICU + select Wards): Predicted Cases,0.782,Not Available,,04/01/2024,03/31/2025
010007,MIZELL MEMORIAL HOSPITAL,AL,77hc-ibv8,HAI_2_NUMERATOR,Catheter Associated Urinary Tract Infections (ICU + select Wards): Observed Cases,2,Not Available,,04/01/2024,03/31/2025
010007,MIZELL MEMORIAL HOSPITAL,AL,77hc-ibv8,HAI_2_SIR,Catheter Associated Urinary Tract Infections (ICU + select Wards),Not Available,Not Available,,04/01/2024,03/31/2025
010007,MIZELL MEMORIAL HOSPITAL,AL,77hc-ibv8,HAI_3_CILOWER,SSI - Colon Surgery: Lower Confidence Limit,Not Available,Not Available,,04/01/2024,03/31/2025
010007,MIZELL MEMORIAL HOSPITAL,AL,77hc-ibv8,HAI_3_CIUPPER,SSI - Colon Surgery: Upper Confidence Limit,Not Available,Not Available,,04/01/2024,03/31/2025
010007,MIZELL MEMORIAL HOSPITAL,AL,77hc-ibv8,HAI_3_DOPC,SSI - Colon Surgery: Number of Procedures,1,Not Available,,04/01/2024,03/31/2025
010007,MIZELL MEMORIAL HOSPITAL,AL,77hc-ibv8,HAI_3_ELIGCASES,SSI - Colon Surgery: Predicted Cases,0.026,Not Available,,04/01/2024,03/31/2025
010007,MIZELL MEMORIAL HOSPITAL,AL,77hc-ibv8,HAI_3_NUMERATOR,SSI - Colon Surgery: Observed Cases,0,Not Available,,04/01/2024,03/31/2025
010007,MIZELL MEMORIAL HOSPITAL,AL,77hc-ibv8,HAI_3_SIR,SSI - Colon Surgery,Not Available,Not Available,,04/01/2024,03/31/2025
010007,MIZELL MEMORIAL HOSPITAL,AL,77hc-ibv8,HAI_4_CILOWER,SSI - Abdominal Hysterectomy: Lower Confidence Limit,Not Available,Not Available,,04/01/2024,03/31/2025
010007,MIZELL MEMORIAL HOSPITAL,AL,77hc-ibv8,HAI_4_CIUPPER,SSI - Abdominal Hysterectomy: Upper Confidence Limit,Not Available,Not Available,,04/01/2024,03/31/2025
010007,MIZELL MEMORIAL HOSPITAL,AL,77hc-ibv8,HAI_4_DOPC,SSI - Abdominal Hysterectomy: Number of Procedures,Not Available,Not Available,,04/01/2024,03/31/2025
010007,MIZELL MEMORIAL HOSPITAL,AL,77hc-ibv8,HAI_4_ELIGCASES,SSI - Abdominal Hysterectomy: Predicted Cases,Not Available,Not Available,,04/01/2024,03/31/2025
010007,MIZELL MEMORIAL HOSPITAL,AL,77hc-ibv8,HAI_4_NUMERATOR,SSI - Abdominal Hysterectomy: Observed Cases,Not Available,Not Available,,04/01/2024,03/31/2025
010007,MIZELL MEMORIAL HOSPITAL,AL,77hc-ibv8,HAI_4_SIR,SSI - Abdominal Hysterectomy,Not Available,Not Available,,04/01/2024,03/31/2025
010007,MIZELL MEMORIAL HOSPITAL,AL,77hc-ibv8,HAI_5_CILOWER,MRSA Bacteremia: Lower Confidence Limit,Not Available,Not Available,,04/01/2024,03/31/2025
010007,MIZELL MEMORIAL HOSPITAL,AL,77hc-ibv8,HAI_5_CIUPPER,MRSA Bacteremia: Upper Confidence Limit,Not Available,Not Available,,04/01/2024,03/31/2025
010007,MIZELL MEMORIAL HOSPITAL,AL,77hc-ibv8,HAI_5_DOPC,MRSA Bacteremia: Patient Days,3894,Not Available,,04/01/2024,03/31/2025
010007,MIZELL MEMORIAL HOSPITAL,AL,77hc-ibv8,HAI_5_ELIGCASES,MRSA Bacteremia: Predicted Cases,0.087,Not Available,,04/01/2024,03/31/2025
010007,MIZELL MEMORIAL HOSPITAL,AL,77hc-ibv8,HAI_5_NUMERATOR,MRSA Bacteremia: Observed Cases,0,Not Available,,04/01/2024,03/31/2025
010007,MIZELL MEMORIAL HOSPITAL,AL,77hc-ibv8,HAI_5_SIR,MRSA Bacteremia,Not Available,Not Available,,04/01/2024,03/31/2025
010007,MIZELL MEMORIAL HOSPITAL,AL,77hc-ibv8,HAI_6_CILOWER,Clostridium Difficile (C.Diff): Lower Confidence Limit,0.039,No Different than National Benchmark,,04/01/2024,03/31/2025
010007,MIZELL MEMORIAL HOSPITAL,AL,77hc-ibv8,HAI_6_CIUPPER,Clostridium Difficile (C.Diff): Upper Confidence Limit,3.808,No Different than National Benchmark,,04/01/2024,03/31/2025
010007,MIZELL MEMORIAL HOSPITAL,AL,77hc-ibv8,HAI_6_DOPC,Clostridium Difficile (C.Diff): Patient Days,3894,No Different than National Benchmark,,04/01/2024,03/31/2025
010007,MIZELL MEMORIAL HOSPITAL,AL,77hc-ibv8,HAI_6_ELIGCASES,Clostridium Difficile (C.Diff): Predicted Cases,1.295,No Different than National Benchmark,,04/01/2024,03/31/2025
010007,MIZELL MEMORIAL HOSPITAL,AL,77hc-ibv8,HAI_6_NUMERATOR,Clostridium Difficile (C.Diff): Observed Cases,1,No Different than National Benchmark,,04/01/2024,03/31/2025
010007,MIZELL MEMORIAL HOSPITAL,AL,77hc-ibv8,HAI_6_SIR,Clostridium Difficile (C.Diff),0.772,No Different than National Benchmark,,04/01/2024,03/31/2025
010007,MIZELL MEMORIAL HOSPITAL,AL,ynj2-r877,MORT_30_AMI,Death rate for heart attack patients,Not Available,Number of Cases Too Small,Not Available,07/01/2021,06/30/2024
010007,MIZELL MEMORIAL HOSPITAL,AL,ynj2-r877,MORT_30_CABG,Death rate for CABG surgery patients,Not Available,Not Available,Not Available,07/01/2021,06/30/2024
010007,MIZELL MEMORIAL HOSPITAL,AL,ynj2-r877,MORT_30_COPD,Death rate for COPD patients,11.2,No Different Than the National Rate,34,07/01/2021,06/30/2024
010007,MIZELL MEMORIAL HOSPITAL,AL,ynj2-r877,MORT_30_HF,Death rate for heart failure patients,13.4,No Different Than the National Rate,34,07/01/2021,06/30/2024
010007,MIZELL MEMORIAL HOSPITAL,AL,ynj2-r877,MORT_30_PN,Death rate for pneumonia patients,25.4,Worse Than the National Rate,98,07/01/2021,06/30/2024
010007,MIZELL MEMORIAL HOSPITAL,AL,ynj2-r877,MORT_30_STK,Death rate for stroke patients,Not Available,Number of Cases Too Small,Not Available,07/01/2021,06/30/2024
010007,MIZELL MEMORIAL HOSPITAL,AL,ynj2-r877,PSI_03,Pressure ulcer rate,0.54,No Different Than the National Rate,527,07/01/2022,06/30/2024
010007,MIZELL MEMORIAL HOSPITAL,AL,muwa-iene,PSI_03,Pressure ulcer rate,0.538364,,,07/01/2022,06/30/2024
010007,MIZELL MEMORIAL HOSPITAL,AL,ynj2-r877,PSI_04,Death rate among surgical inpatients with serious treatable complications,Not Available,Number of Cases Too Small,Not Available,07/01/2022,06/30/2024
010007,MIZELL MEMORIAL HOSPITAL,AL,muwa-iene,PSI_06,Iatrogenic pneumothorax rate,0.206643,,,07/01/2022,06/30/2024
010007,MIZELL MEMORIAL HOSPITAL,AL,ynj2-r877,PSI_06,Iatrogenic pneumothorax rate,0.21,No Different Than the National Rate,672,07/01/2022,06/30/2024
010007,MIZELL MEMORIAL HOSPITAL,AL,muwa-iene,PSI_08,In-hospital fall-associated fracture rate,0.266197,,,07/01/2022,06/30/2024
010007,MIZELL MEMORIAL HOSPITAL,AL,ynj2-r877,PSI_08,In-hospital fall-associated fracture rate,0.27,No Different Than the National Rate,638,07/01/2022,06/30/2024
010007,MIZELL MEMORIAL HOSPITAL,AL,muwa-iene,PSI_09,Postoperative hemorrhage or hematoma rate,2.317289,,,07/01/2022,06/30/2024
010007,MIZELL MEMORIAL HOSPITAL,AL,ynj2-r877,PSI_09,Postoperative hemorrhage or hematoma rate,2.32,No Different Than the National Rate,75,07/01/2022,06/30/2024
010007,MIZELL MEMORIAL HOSPITAL,AL,ynj2-r877,PSI_10,Postoperative acute kidney injury requiring dialysis rate,1.65,No Different Than the National Rate,27,07/01/2022,06/30/2024
010007,MIZELL MEMORIAL HOSPITAL,AL,muwa-iene,PSI_10,Postoperative acute kidney injury requiring dialysis rate,1.654863,,,07/01/2022,06/30/2024
010007,MIZELL MEMORIAL HOSPITAL,AL,muwa-iene,PSI_11,Postoperative respiratory failure rate,11.821897,,,07/01/2022,06/30/2024
010007,MIZELL MEMORIAL HOSPITAL,AL,ynj2-r877,PSI_11,Postoperative respiratory failure rate,11.82,No Different Than the National Rate,26,07/01/2022,06/30/2024
010007,MIZELL MEMORIAL HOSPITAL,AL,muwa-iene,PSI_12,Perioperative pulmonary embolism or deep vein thrombosis rate,3.407648,,,07/01/2022,06/30/2024
010007,MIZELL MEMORIAL HOSPITAL,AL,ynj2-r877,PSI_12,Perioperative pulmonary embolism or deep vein thrombosis rate,3.41,No Different Than the National Rate,77,07/01/2022,06/30/2024
010007,MIZELL MEMORIAL HOSPITAL,AL,muwa-iene,PSI_13,Postoperative sepsis rate,Not Available,,,07/01/2022,06/30/2024
010007,MIZELL MEMORIAL HOSPITAL,AL,ynj2-r877,PSI_13,Postoperative sepsis rate,Not Available,Number of Cases Too Small,Not Available,07/01/2022,06/30/2024
010007,MIZELL MEMORIAL HOSPITAL,AL,ynj2-r877,PSI_14,Postoperative wound dehiscence rate,Not Available,Number of Cases Too Small,Not Available,07/01/2022,06/30/2024
010007,MIZELL MEMORIAL HOSPITAL,AL,muwa-iene,PSI_14,Postoperative wound dehiscence rate,Not Available,,,07/01/2022,06/30/2024
010007,MIZELL MEMORIAL HOSPITAL,AL,ynj2-r877,PSI_15,Abdominopelvic accidental puncture or laceration rate,1.05,No Different Than the National Rate,41,07/01/2022,06/30/2024
010007,MIZELL MEMORIAL HOSPITAL,AL,muwa-iene,PSI_15,Abdominopelvic accidental puncture or laceration rate,1.046891,,,07/01/2022,06/30/2024
010007,MIZELL MEMORIAL HOSPITAL,AL,ynj2-r877,PSI_90,CMS Medicare PSI 90: Patient safety and adverse events composite,1.06,No Different Than the National Value,Not Applicable,07/01/2022,06/30/2024
010007,MIZELL MEMORIAL HOSPITAL,AL,muwa-iene,PSI_90,CMS Medicare PSI 90: Patient safety and adverse events composite,1.057468,,,07/01/2022,06/30/2024
010007,MIZELL MEMORIAL HOSPITAL,AL,632h-zaca,READM_30_AMI,Acute Myocardial Infarction (AMI) 30-Day Readmission Rate,Not Available,Number of Cases Too Small,Not Available,07/01/2021,06/30/2024
010007,MIZELL MEMORIAL HOSPITAL,AL,632h-zaca,READM_30_CABG,Rate of readmission for CABG,Not Available,Not Available,Not Available,07/01/2021,06/30/2024
010007,MIZELL MEMORIAL HOSPITAL,AL,632h-zaca,READM_30_COPD,Rate of readmission for chronic obstructive pulmonary disease (COPD) patients,18.6,No Different Than the National Rate,32,07/01/2021,06/30/2024
010007,MIZELL MEMORIAL HOSPITAL,AL,632h-zaca,READM_30_HF,Heart failure (HF) 30-Day Readmission Rate,20.9,No Different Than the National Rate,39,07/01/2021,06/30/2024
010007,MIZELL MEMORIAL HOSPITAL,AL,632h-zaca,READM_30_HIP_KNEE,Rate of readmission after hip/knee replacement,Not Available,Number of Cases Too Small,Not Available,07/01/2021,06/30/2024
010007,MIZELL MEMORIAL HOSPITAL,AL,632h-zaca,READM_30_PN,Pneumonia (PN) 30-Day Readmission Rate,16.5,No Different Than the National Rate,84,07/01/2021,06/30/2024
010008,CRENSHAW COMMUNITY HOSPITAL,AL,ynj2-r877,COMP_HIP_KNEE,Rate of complications for hip/knee replacement patients,Not Available,Not Available,Not Available,04/01/2021,03/31/2024
010008,CRENSHAW COMMUNITY HOSPITAL,AL,632h-zaca,EDAC_30_AMI,Hospital return days for heart attack patients,Not Available,Number of Cases Too Small,Not Available,07/01/2021,06/30/2024
010008,CRENSHAW COMMUNITY HOSPITAL,AL,632h-zaca,EDAC_30_HF,Hospital return days for heart failure patients,Not Available,Number of Cases Too Small,Not Available,07/01/2021,06/30/2024
010008,CRENSHAW COMMUNITY HOSPITAL,AL,632h-zaca,EDAC_30_PN,Hospital return days for pneumonia patients,-8.9,Average Days per 100 Discharges,29,07/01/2021,06/30/2024
010008,CRENSHAW COMMUNITY HOSPITAL,AL,77hc-ibv8,HAI_1_CILOWER,Central Line Associated Bloodstream Infection (ICU + select Wards): Lower Confidence Limit,Not Available,Not Available,,04/01/2024,03/31/2025
010008,CRENSHAW COMMUNITY HOSPITAL,AL,77hc-ibv8,HAI_1_CIUPPER,Central Line Associated Bloodstream Infection (ICU + select Wards): Upper Confidence Limit,Not Available,Not Available,,04/01/2024,03/31/2025
010008,CRENSHAW COMMUNITY HOSPITAL,AL,77hc-ibv8,HAI_1_DOPC,Central Line Associated Bloodstream Infection: Number of Device Days,30,Not Available,,04/01/2024,03/31/2025
010008,CRENSHAW COMMUNITY HOSPITAL,AL,77hc-ibv8,HAI_1_ELIGCASES,Central Line Associated Bloodstream Infection (ICU + select Wards): Predicted Cases,0.017,Not Available,,04/01/2024,03/31/2025
010008,CRENSHAW COMMUNITY HOSPITAL,AL,77hc-ibv8,HAI_1_NUMERATOR,Central Line Associated Bloodstream Infection (ICU + select Wards): Observed Cases,0,Not Available,,04/01/2024,03/31/2025
010008,CRENSHAW COMMUNITY HOSPITAL,AL,77hc-ibv8,HAI_1_SIR,Central Line Associated Bloodstream Infection (ICU + select Wards),Not Available,Not Available,,04/01/2024,03/31/2025
010008,CRENSHAW COMMUNITY HOSPITAL,AL,77hc-ibv8,HAI_2_CILOWER,Catheter Associated Urinary Tract Infections (ICU + select Wards): Lower Confidence Limit,Not Available,Not Available,,04/01/2024,03/31/2025
010008,CRENSHAW COMMUNITY HOSPITAL,AL,77hc-ibv8,HAI_2_CIUPPER,Catheter Associated Urinary Tract Infections (ICU + select Wards): Upper Confidence Limit,Not Available,Not Available,,04/01/2024,03/31/2025
010008,CRENSHAW COMMUNITY HOSPITAL,AL,77hc-ibv8,HAI_2_DOPC,Catheter Associated Urinary Tract Infections (ICU + select Wards): Number of Urinary Catheter Days,326,Not Available,,04/01/2024,03/31/2025
010008,CRENSHAW COMMUNITY HOSPITAL,AL,77hc-ibv8,HAI_2_ELIGCASES,Catheter Associated Urinary Tract Infections (ICU + select Wards): Predicted Cases,0.177,Not Available,,04/01/2024,03/31/2025
010008,CRENSHAW COMMUNITY HOSPITAL,AL,77hc-ibv8,HAI_2_NUMERATOR,Catheter Associated Urinary Tract Infections (ICU + select Wards): Observed Cases,0,Not Available,,04/01/2024,03/31/2025
010008,CRENSHAW COMMUNITY HOSPITAL,AL,77hc-ibv8,HAI_2_SIR,Catheter Associated Urinary Tract Infections (ICU + select Wards),Not Available,Not Available,,04/01/2024,03/31/2025
010008,CRENSHAW COMMUNITY HOSPITAL,AL,77hc-ibv8,HAI_3_CILOWER,SSI - Colon Surgery: Lower Confidence Limit,Not Available,Not Available,,04/01/2024,03/31/2025
010008,CRENSHAW COMMUNITY HOSPITAL,AL,77hc-ibv8,HAI_3_CIUPPER,SSI - Colon Surgery: Upper Confidence Limit,Not Available,Not Available,,04/01/2024,03/31/2025
010008,CRENSHAW COMMUNITY HOSPITAL,AL,77hc-ibv8,HAI_3_DOPC,SSI - Colon Surgery: Number of Procedures,Not Available,Not Available,,04/01/2024,03/31/2025
010008,CRENSHAW COMMUNITY HOSPITAL,AL,77hc-ibv8,HAI_3_ELIGCASES,SSI - Colon Surgery: Predicted Cases,Not Available,Not Available,,04/01/2024,03/31/2025
010008,CRENSHAW COMMUNITY HOSPITAL,AL,77hc-ibv8,HAI_3_NUMERATOR,SSI - Colon Surgery: Observed Cases,Not Available,Not Available,,04/01/2024,03/31/2025
010008,CRENSHAW COMMUNITY HOSPITAL,AL,77hc-ibv8,HAI_3_SIR,SSI - Colon Surgery,Not Available,Not Available,,04/01/2024,03/31/2025
010008,CRENSHAW COMMUNITY HOSPITAL,AL,77hc-ibv8,HAI_4_CILOWER,SSI - Abdominal Hysterectomy: Lower Confidence Limit,Not Available,Not Available,,04/01/2024,03/31/2025
010008,CRENSHAW COMMUNITY HOSPITAL,AL,77hc-ibv8,HAI_4_CIUPPER,SSI - Abdominal Hysterectomy: Upper Confidence Limit,Not Available,Not Available,,04/01/2024,03/31/2025
010008,CRENSHAW COMMUNITY HOSPITAL,AL,77hc-ibv8,HAI_4_DOPC,SSI - Abdominal Hysterectomy: Number of Procedures,Not Available,Not Available,,04/01/2024,03/31/2025
010008,CRENSHAW COMMUNITY HOSPITAL,AL,77hc-ibv8,HAI_4_ELIGCASES,SSI - Abdominal Hysterectomy: Predicted Cases,Not Available,Not Available,,04/01/2024,03/31/2025
010008,CRENSHAW COMMUNITY HOSPITAL,AL,77hc-ibv8,HAI_4_NUMERATOR,SSI - Abdominal Hysterectomy: Observed Cases,Not Available,Not Available,,04/01/2024,03/31/2025
010008,CRENSHAW COMMUNITY HOSPITAL,AL,77hc-ibv8,HAI_4_SIR,SSI - Abdominal Hysterectomy,Not Available,Not Available,,04/01/2024,03/31/2025
010008,CRENSHAW COMMUNITY HOSPITAL,AL,77hc-ibv8,HAI_5_CILOWER,MRSA Bacteremia: Lower Confidence Limit,Not Available,Not Available,,04/01/2024,03/31/2025
010008,CRENSHAW COMMUNITY HOSPITAL,AL,77hc-ibv8,HAI_5_CIUPPER,MRSA Bacteremia: Upper Confidence Limit,Not Available,Not Available,,04/01/2024,03/31/2025
010008,CRENSHAW COMMUNITY HOSPITAL,AL,77hc-ibv8,HAI_5_DOPC,MRSA Bacteremia: Patient Days,1403,Not Available,,04/01/2024,03/31/2025
010008,CRENSHAW COMMUNITY HOSPITAL,AL,77hc-ibv8,HAI_5_ELIGCASES,MRSA Bacteremia: Predicted Cases,0.047,Not Available,,04/01/2024,03/31/2025
010008,CRENSHAW COMMUNITY HOSPITAL,AL,77hc-ibv8,HAI_5_NUMERATOR,MRSA Bacteremia: Observed Cases,0,Not Available,,04/01/2024,03/31/2025
010008,CRENSHAW COMMUNITY HOSPITAL,AL,77hc-ibv8,HAI_5_SIR,MRSA Bacteremia,Not Available,Not Available,,04/01/2024,03/31/2025
010008,CRENSHAW COMMUNITY HOSPITAL,AL,77hc-ibv8,HAI_6_CILOWER,Clostridium Difficile (C.Diff): Lower Confidence Limit,Not Available,Not Available,,04/01/2024,03/31/2025
010008,CRENSHAW COMMUNITY HOSPITAL,AL,77hc-ibv8,HAI_6_CIUPPER,Clostridium Difficile (C.Diff): Upper Confidence Limit,Not Available,Not Available,,04/01/2024,03/31/2025
010008,CRENSHAW COMMUNITY HOSPITAL,AL,77hc-ibv8,HAI_6_DOPC,Clostridium Difficile (C.Diff): Patient Days,1403,Not Available,,04/01/2024,03/31/2025
010008,CRENSHAW COMMUNITY HOSPITAL,AL,77hc-ibv8,HAI_6_ELIGCASES,Clostridium Difficile (C.Diff): Predicted Cases,0.260,Not Available,,04/01/2024,03/31/2025
010008,CRENSHAW COMMUNITY HOSPITAL,AL,77hc-ibv8,HAI_6_NUMERATOR,Clostridium Difficile (C.Diff): Observed Cases,0,Not Available,,04/01/2024,03/31/2025
010008,CRENSHAW COMMUNITY HOSPITAL,AL,77hc-ibv8,HAI_6_SIR,Clostridium Difficile (C.Diff),Not Available,Not Available,,04/01/2024,03/31/2025
010008,CRENSHAW COMMUNITY HOSPITAL,AL,ynj2-r877,MORT_30_AMI,Death rate for heart attack patients,Not Available,Number of Cases Too Small,Not Available,07/01/2021,06/30/2024
010008,CRENSHAW COMMUNITY HOSPITAL,AL,ynj2-r877,MORT_30_CABG,Death rate for CABG surgery patients,Not Available,Not Available,Not Available,07/01/2021,06/30/2024
010008,CRENSHAW COMMUNITY HOSPITAL,AL,ynj2-r877,MORT_30_COPD,Death rate for COPD patients,Not Available,Number of Cases Too Small,Not Available,07/01/2021,06/30/2024
010008,CRENSHAW COMMUNITY HOSPITAL,AL,ynj2-r877,MORT_30_HF,Death rate for heart failure patients,Not Available,Number of Cases Too Small,Not Available,07/01/2021,06/30/2024
010008,CRENSHAW COMMUNITY HOSPITAL,AL,ynj2-r877,MORT_30_PN,Death rate for pneumonia patients,15,No Different Than the National Rate,31,07/01/2021,06/30/2024
010008,CRENSHAW COMMUNITY HOSPITAL,AL,ynj2-r877,MORT_30_STK,Death rate for stroke patients,Not Available,Number of Cases Too Small,Not Available,07/01/2021,06/30/2024
010008,CRENSHAW COMMUNITY HOSPITAL,AL,muwa-iene,PSI_03,Pressure ulcer rate,0.601922,,,07/01/2022,06/30/2024
010008,CRENSHAW COMMUNITY HOSPITAL,AL,ynj2-r877,PSI_03,Pressure ulcer rate,0.60,No Different Than the National Rate,196,07/01/2022,06/30/2024
010008,CRENSHAW COMMUNITY HOSPITAL,AL,ynj2-r877,PSI_04,Death rate among surgical inpatients with serious treatable complications,Not Available,Not Available,Not Available,07/01/2022,06/30/2024
010008,CRENSHAW COMMUNITY HOSPITAL,AL,ynj2-r877,PSI_06,Iatrogenic pneumothorax rate,0.21,No Different Than the National Rate,215,07/01/2022,06/30/2024
010008,CRENSHAW COMMUNITY HOSPITAL,AL,muwa-iene,PSI_06,Iatrogenic pneumothorax rate,0.209472,,,07/01/2022,06/30/2024
010008,CRENSHAW COMMUNITY HOSPITAL,AL,muwa-iene,PSI_08,In-hospital fall-associated fracture rate,0.269934,,,07/01/2022,06/30/2024
010008,CRENSHAW COMMUNITY HOSPITAL,AL,ynj2-r877,PSI_08,In-hospital fall-associated fracture rate,0.27,No Different Than the National Rate,222,07/01/2022,06/30/2024
010008,CRENSHAW COMMUNITY HOSPITAL,AL,ynj2-r877,PSI_09,Postoperative hemorrhage or hematoma rate,Not Available,Not Available,Not Available,07/01/2022,06/30/2024
010008,CRENSHAW COMMUNITY HOSPITAL,AL,muwa-iene,PSI_09,Postoperative hemorrhage or hematoma rate,Not Available,,,07/01/2022,06/30/2024
010008,CRENSHAW COMMUNITY HOSPITAL,AL,muwa-iene,PSI_10,Postoperative acute kidney injury requiring dialysis rate,Not Available,,,07/01/2022,06/30/2024
010008,CRENSHAW COMMUNITY HOSPITAL,AL,ynj2-r877,PSI_10,Postoperative acute kidney injury requiring dialysis rate,Not Available,Not Available,Not Available,07/01/2022,06/30/2024
010008,CRENSHAW COMMUNITY HOSPITAL,AL,ynj2-r877,PSI_11,Postoperative respiratory failure rate,Not Available,Not Available,Not Available,07/01/2022,06/30/2024
010008,CRENSHAW COMMUNITY HOSPITAL,AL,muwa-iene,PSI_11,Postoperative respiratory failure rate,Not Available,,,07/01/2022,06/30/2024
010008,CRENSHAW COMMUNITY HOSPITAL,AL,ynj2-r877,PSI_12,Perioperative pulmonary embolism or deep vein thrombosis rate,Not Available,Number of Cases Too Small,Not Available,07/01/2022,06/30/2024
010008,CRENSHAW COMMUNITY HOSPITAL,AL,muwa-iene,PSI_12,Perioperative pulmonary embolism or deep vein thrombosis rate,Not Available,,,07/01/2022,06/30/2024
010008,CRENSHAW COMMUNITY HOSPITAL,AL,muwa-iene,PSI_13,Postoperative sepsis rate,Not Available,,,07/01/2022,06/30/2024
010008,CRENSHAW COMMUNITY HOSPITAL,AL,ynj2-r877,PSI_13,Postoperative sepsis rate,Not Available,Not Available,Not Available,07/01/2022,06/30/2024
010008,CRENSHAW COMMUNITY HOSPITAL,AL,ynj2-r877,PSI_14,Postoperative wound dehiscence rate,Not Available,Not Available,Not Available,07/01/2022,06/30/2024
010008,CRENSHAW COMMUNITY HOSPITAL,AL,muwa-iene,PSI_14,Postoperative wound dehiscence rate,Not Available,,,07/01/2022,06/30/2024
010008,CRENSHAW COMMUNITY HOSPITAL,AL,ynj2-r877,PSI_15,Abdominopelvic accidental puncture or laceration rate,Not Available,Not Available,Not Available,07/01/2022,06/30/2024
010008,CRENSHAW COMMUNITY HOSPITAL,AL,muwa-iene,PSI_15,Abdominopelvic accidental puncture or laceration rate,Not Available,,,07/01/2022,06/30/2024
010008,CRENSHAW COMMUNITY HOSPITAL,AL,muwa-iene,PSI_90,CMS Medicare PSI 90: Patient safety and adverse events composite,Not Available,,,07/01/2022,06/30/2024
010008,CRENSHAW COMMUNITY HOSPITAL,AL,ynj2-r877,PSI_90,CMS Medicare PSI 90: Patient safety and adverse events composite,Not Available,Not Available,Not Applicable,07/01/2022,06/30/2024
010008,CRENSHAW COMMUNITY HOSPITAL,AL,632h-zaca,READM_30_AMI,Acute Myocardial Infarction (AMI) 30-Day Readmission Rate,Not Available,Number of Cases Too Small,Not Available,07/01/2021,06/30/2024
010008,CRENSHAW COMMUNITY HOSPITAL,AL,632h-zaca,READM_30_CABG,Rate of readmission for CABG,Not Available,Not Available,Not Available,07/01/2021,06/30/2024
010008,CRENSHAW COMMUNITY HOSPITAL,AL,632h-zaca,READM_30_COPD,Rate of readmission for chronic obstructive pulmonary disease (COPD) patients,Not Available,Number of Cases Too Small,Not Available,07/01/2021,06/30/2024
010008,CRENSHAW COMMUNITY HOSPITAL,AL,632h-zaca,READM_30_HF,Heart failure (HF) 30-Day Readmission Rate,Not Available,Number of Cases Too Small,Not Available,07/01/2021,06/30/2024
010008,CRENSHAW COMMUNITY HOSPITAL,AL,632h-zaca,READM_30_HIP_KNEE,Rate of readmission after hip/knee replacement,Not Available,Not Available,Not Available,07/01/2021,06/30/2024
010008,CRENSHAW COMMUNITY HOSPITAL,AL,632h-zaca,READM_30_PN,Pneumonia (PN) 30-Day Readmission Rate,16,No Different Than the National Rate,29,07/01/2021,06/30/2024
010011,ST. VINCENT'S EAST,AL,ynj2-r877,COMP_HIP_KNEE,Rate of complications for hip/knee replacement patients,4,No Different Than the National Rate,25,04/01/2021,03/31/2024
010011,ST. VINCENT'S EAST,AL,632h-zaca,EDAC_30_AMI,Hospital return days for heart attack patients,-23.6,Fewer Days Than Average per 100 Discharges,118,07/01/2021,06/30/2024
010011,ST. VINCENT'S EAST,AL,632h-zaca,EDAC_30_HF,Hospital return days for heart failure patients,21.2,More Days Than Average per 100 Discharges,266,07/01/2021,06/30/2024
010011,ST. VINCENT'S EAST,AL,632h-zaca,EDAC_30_PN,Hospital return days for pneumonia patients,18.1,More Days Than Average per 100 Discharges,281,07/01/2021,06/30/2024
010011,ST. VINCENT'S EAST,AL,77hc-ibv8,HAI_1_CILOWER,Central Line Associated Bloodstream Infection (ICU + select Wards): Lower Confidence Limit,0.737,No Different than National Benchmark,,04/01/2024,03/31/2025
010011,ST. VINCENT'S EAST,AL,77hc-ibv8,HAI_1_CIUPPER,Central Line Associated Bloodstream Infection (ICU + select Wards): Upper Confidence Limit,3.014,No Different than National Benchmark,,04/01/2024,03/31/2025
010011,ST. VINCENT'S EAST,AL,77hc-ibv8,HAI_1_DOPC,Central Line Associated Bloodstream Infection: Number of Device Days,4679,No Different than National Benchmark,,04/01/2024,03/31/2025
010011,ST. VINCENT'S EAST,AL,77hc-ibv8,HAI_1_ELIGCASES,Central Line Associated Bloodstream Infection (ICU + select Wards): Predicted Cases,5.041,No Different than National Benchmark,,04/01/2024,03/31/2025
010011,ST. VINCENT'S EAST,AL,77hc-ibv8,HAI_1_NUMERATOR,Central Line Associated Bloodstream Infection (ICU + select Wards): Observed Cases,8,No Different than National Benchmark,,04/01/2024,03/31/2025
010011,ST. VINCENT'S EAST,AL,77hc-ibv8,HAI_1_SIR,Central Line Associated Bloodstream Infection (ICU + select Wards),1.587,No Different than National Benchmark,,04/01/2024,03/31/2025
010011,ST. VINCENT'S EAST,AL,77hc-ibv8,HAI_2_CILOWER,Catheter Associated Urinary Tract Infections (ICU + select Wards): Lower Confidence Limit,0.008,Better than the National Benchmark,,04/01/2024,03/31/2025
010011,ST. VINCENT'S EAST,AL,77hc-ibv8,HAI_2_CIUPPER,Catheter Associated Urinary Tract Infections (ICU + select Wards): Upper Confidence Limit,0.762,Better than the National Benchmark,,04/01/2024,03/31/2025
010011,ST. VINCENT'S EAST,AL,77hc-ibv8,HAI_2_DOPC,Catheter Associated Urinary Tract Infections (ICU + select Wards): Number of Urinary Catheter Days,5025,Better than the National Benchmark,,04/01/2024,03/31/2025
010011,ST. VINCENT'S EAST,AL,77hc-ibv8,HAI_2_ELIGCASES,Catheter Associated Urinary Tract Infections (ICU + select Wards): Predicted Cases,6.474,Better than the National Benchmark,,04/01/2024,03/31/2025
010011,ST. VINCENT'S EAST,AL,77hc-ibv8,HAI_2_NUMERATOR,Catheter Associated Urinary Tract Infections (ICU + select Wards): Observed Cases,1,Better than the National Benchmark,,04/01/2024,03/31/2025
010011,ST. VINCENT'S EAST,AL,77hc-ibv8,HAI_2_SIR,Catheter Associated Urinary Tract Infections (ICU + select Wards),0.154,Better than the National Benchmark,,04/01/2024,03/31/2025
010011,ST. VINCENT'S EAST,AL,77hc-ibv8,HAI_3_CILOWER,SSI - Colon Surgery: Lower Confidence Limit,N/A,No Different than National Benchmark,,04/01/2024,03/31/2025
010011,ST. VINCENT'S EAST,AL,77hc-ibv8,HAI_3_CIUPPER,SSI - Colon Surgery: Upper Confidence Limit,1.588,No Different than National Benchmark,,04/01/2024,03/31/2025
010011,ST. VINCENT'S EAST,AL,77hc-ibv8,HAI_3_DOPC,SSI - Colon Surgery: Number of Procedures,68,No Different than National Benchmark,,04/01/2024,03/31/2025
010011,ST. VINCENT'S EAST,AL,77hc-ibv8,HAI_3_ELIGCASES,SSI - Colon Surgery: Predicted Cases,1.886,No Different than National Benchmark,,04/01/2024,03/31/2025
010011,ST. VINCENT'S EAST,AL,77hc-ibv8,HAI_3_NUMERATOR,SSI - Colon Surgery: Observed Cases,0,No Different than National Benchmark,,04/01/2024,03/31/2025
010011,ST. VINCENT'S EAST,AL,77hc-ibv8,HAI_3_SIR,SSI - Colon Surgery,0.000,No Different than National Benchmark,,04/01/2024,03/31/2025
010011,ST. VINCENT'S EAST,AL,77hc-ibv8,HAI_4_CILOWER,SSI - Abdominal Hysterectomy: Lower Confidence Limit,Not Available,Not Available,,04/01/2024,03/31/2025
010011,ST. VINCENT'S EAST,AL,77hc-ibv8,HAI_4_CIUPPER,SSI - Abdominal Hysterectomy: Upper Confidence Limit,Not Available,Not Available,,04/01/2024,03/31/2025
010011,ST. VINCENT'S EAST,AL,77hc-ibv8,HAI_4_DOPC,SSI - Abdominal Hysterectomy: Number of Procedures,1,Not Available,,04/01/2024,03/31/2025
010011,ST. VINCENT'S EAST,AL,77hc-ibv8,HAI_4_ELIGCASES,SSI - Abdominal Hysterectomy: Predicted Cases,0.009,Not Available,,04/01/2024,03/31/2025
010011,ST. VINCENT'S EAST,AL,77hc-ibv8,HAI_4_NUMERATOR,SSI - Abdominal Hysterectomy: Observed Cases,0,Not Available,,04/01/2024,03/31/2025
010011,ST. VINCENT'S EAST,AL,77hc-ibv8,HAI_4_SIR,SSI - Abdominal Hysterectomy,Not Available,Not Available,,04/01/2024,03/31/2025
010011,ST. VINCENT'S EAST,AL,77hc-ibv8,HAI_5_CILOWER,MRSA Bacteremia: Lower Confidence Limit,0.216,No Different than National Benchmark,,04/01/2024,03/31/2025
010011,ST. VINCENT'S EAST,AL,77hc-ibv8,HAI_5_CIUPPER,MRSA Bacteremia: Upper Confidence Limit,2.311,No Different than National Benchmark,,04/01/2024,03/31/2025
010011,ST. VINCENT'S EAST,AL,77hc-ibv8,HAI_5_DOPC,MRSA Bacteremia: Patient Days,38111,No Different than National Benchmark,,04/01/2024,03/31/2025
010011,ST. VINCENT'S EAST,AL,77hc-ibv8,HAI_5_ELIGCASES,MRSA Bacteremia: Predicted Cases,3.533,No Different than National Benchmark,,04/01/2024,03/31/2025
010011,ST. VINCENT'S EAST,AL,77hc-ibv8,HAI_5_NUMERATOR,MRSA Bacteremia: Observed Cases,3,No Different than National Benchmark,,04/01/2024,03/31/2025
010011,ST. VINCENT'S EAST,AL,77hc-ibv8,HAI_5_SIR,MRSA Bacteremia,0.849,No Different than National Benchmark,,04/01/2024,03/31/2025
010011,ST. VINCENT'S EAST,AL,77hc-ibv8,HAI_6_CILOWER,Clostridium Difficile (C.Diff): Lower Confidence Limit,0.098,Better than the National Benchmark,,04/01/2024,03/31/2025
010011,ST. VINCENT'S EAST,AL,77hc-ibv8,HAI_6_CIUPPER,Clostridium Difficile (C.Diff): Upper Confidence Limit,0.592,Better than the National Benchmark,,04/01/2024,03/31/2025
010011,ST. VINCENT'S EAST,AL,77hc-ibv8,HAI_6_DOPC,Clostridium Difficile (C.Diff): Patient Days,38111,Better than the National Benchmark,,04/01/2024,03/31/2025
010011,ST. VINCENT'S EAST,AL,77hc-ibv8,HAI_6_ELIGCASES,Clostridium Difficile (C.Diff): Predicted Cases,18.718,Better than the National Benchmark,,04/01/2024,03/31/2025
010011,ST. VINCENT'S EAST,AL,77hc-ibv8,HAI_6_NUMERATOR,Clostridium Difficile (C.Diff): Observed Cases,5,Better than the National Benchmark,,04/01/2024,03/31/2025
010011,ST. VINCENT'S EAST,AL,77hc-ibv8,HAI_6_SIR,Clostridium Difficile (C.Diff),0.267,Better than the National Benchmark,,04/01/2024,03/31/2025
010011,ST. VINCENT'S EAST,AL,ynj2-r877,MORT_30_AMI,Death rate for heart attack patients,12.7,No Different Than the National Rate,109,07/01/2021,06/30/2024
010011,ST. VINCENT'S EAST,AL,ynj2-r877,MORT_30_CABG,Death rate for CABG surgery patients,2.2,No Different Than the National Rate,64,07/01/2021,06/30/2024
010011,ST. VINCENT'S EAST,AL,ynj2-r877,MORT_30_COPD,Death rate for COPD patients,9.1,No Different Than the National Rate,53,07/01/2021,06/30/2024
010011,ST. VINCENT'S EAST,AL,ynj2-r877,MORT_30_HF,Death rate for heart failure patients,14.4,No Different Than the National Rate,235,07/01/2021,06/30/2024
010011,ST. VINCENT'S EAST,AL,ynj2-r877,MORT_30_PN,Death rate for pneumonia patients,20.1,No Different Than the National Rate,268,07/01/2021,06/30/2024
010011,ST. VINCENT'S EAST,AL,ynj2-r877,MORT_30_STK,Death rate for stroke patients,12.8,No Different Than the National Rate,66,07/01/2021,06/30/2024
010011,ST. VINCENT'S EAST,AL,ynj2-r877,PSI_03,Pressure ulcer rate,0.23,No Different Than the National Rate,2979,07/01/2022,06/30/2024
010011,ST. VINCENT'S EAST,AL,muwa-iene,PSI_03,Pressure ulcer rate,0.234743,,,07/01/2022,06/30/2024
010011,ST. VINCENT'S EAST,AL,ynj2-r877,PSI_04,Death rate among surgical inpatients with serious treatable complications,176.90,No Different Than the National Rate,43,07/01/2022,06/30/2024
010011,ST. VINCENT'S EAST,AL,muwa-iene,PSI_06,Iatrogenic pneumothorax rate,0.338668,,,07/01/2022,06/30/2024
010011,ST. VINCENT'S EAST,AL,ynj2-r877,PSI_06,Iatrogenic pneumothorax rate,0.34,No Different Than the National Rate,3432,07/01/2022,06/30/2024
010011,ST. VINCENT'S EAST,AL,ynj2-r877,PSI_08,In-hospital fall-associated fracture rate,0.28,No Different Than the National Rate,3549,07/01/2022,06/30/2024
010011,ST. VINCENT'S EAST,AL,muwa-iene,PSI_08,In-hospital fall-associated fracture rate,0.277717,,,07/01/2022,06/30/2024
010011,ST. VINCENT'S EAST,AL,ynj2-r877,PSI_09,Postoperative hemorrhage or hematoma rate,1.95,No Different Than the National Rate,710,07/01/2022,06/30/2024
010011,ST. VINCENT'S EAST,AL,muwa-iene,PSI_09,Postoperative hemorrhage or hematoma rate,1.951979,,,07/01/2022,06/30/2024
010011,ST. VINCENT'S EAST,AL,ynj2-r877,PSI_10,Postoperative acute kidney injury requiring dialysis rate,1.86,No Different Than the National Rate,248,07/01/2022,06/30/2024
010011,ST. VINCENT'S EAST,AL,muwa-iene,PSI_10,Postoperative acute kidney injury requiring dialysis rate,1.859326,,,07/01/2022,06/30/2024
010011,ST. VINCENT'S EAST,AL,muwa-iene,PSI_11,Postoperative respiratory failure rate,13.639578,,,07/01/2022,06/30/2024
010011,ST. VINCENT'S EAST,AL,ynj2-r877,PSI_11,Postoperative respiratory failure rate,13.64,No Different Than the National Rate,253,07/01/2022,06/30/2024
010011,ST. VINCENT'S EAST,AL,muwa-iene,PSI_12,Perioperative pulmonary embolism or deep vein thrombosis rate,2.700266,,,07/01/2022,06/30/2024
010011,ST. VINCENT'S EAST,AL,ynj2-r877,PSI_12,Perioperative pulmonary embolism or deep vein thrombosis rate,2.70,No Different Than the National Rate,738,07/01/2022,06/30/2024
010011,ST. VINCENT'S EAST,AL,muwa-iene,PSI_13,Postoperative sepsis rate,6.775774,,,07/01/2022,06/30/2024
010011,ST. VINCENT'S EAST,AL,ynj2-r877,PSI_13,Postoperative sepsis rate,6.78,No Different Than the National Rate,243,07/01/2022,06/30/2024
010011,ST. VINCENT'S EAST,AL,ynj2-r877,PSI_14,Postoperative wound dehiscence rate,1.72,No Different Than the National Rate,152,07/01/2022,06/30/2024
010011,ST. VINCENT'S EAST,AL,muwa-iene,PSI_14,Postoperative wound dehiscence rate,1.717479,,,07/01/2022,06/30/2024
010011,ST. VINCENT'S EAST,AL,muwa-iene,PSI_15,Abdominopelvic accidental puncture or laceration rate,0.960665,,,07/01/2022,06/30/2024
010011,ST. VINCENT'S EAST,AL,ynj2-r877,PSI_15,Abdominopelvic accidental puncture or laceration rate,0.96,No Different Than the National Rate,514,07/01/2022,06/30/2024
010011,ST. VINCENT'S EAST,AL,muwa-iene,PSI_90,CMS Medicare PSI 90: Patient safety and adverse events composite,1.033266,,,07/01/2022,06/30/2024
010011,ST. VINCENT'S EAST,AL,ynj2-r877,PSI_90,CMS Medicare PSI 90: Patient safety and adverse events composite,1.03,No Different Than the National Value,Not Applicable,07/01/2022,06/30/2024
010011,ST. VINCENT'S EAST,AL,632h-zaca,READM_30_AMI,Acute Myocardial Infarction (AMI) 30-Day Readmission Rate,13.2,No Different Than the National Rate,118,07/01/2021,06/30/2024
010011,ST. VINCENT'S EAST,AL,632h-zaca,READM_30_CABG,Rate of readmission for CABG,11.9,No Different Than the National Rate,63,07/01/2021,06/30/2024
010011,ST. VINCENT'S EAST,AL,632h-zaca,READM_30_COPD,Rate of readmission for chronic obstructive pulmonary disease (COPD) patients,18.2,No Different Than the National Rate,57,07/01/2021,06/30/2024
010011,ST. VINCENT'S EAST,AL,632h-zaca,READM_30_HF,Heart failure (HF) 30-Day Readmission Rate,20.9,No Different Than the National Rate,266,07/01/2021,06/30/2024
010011,ST. VINCENT'S EAST,AL,632h-zaca,READM_30_HIP_KNEE,Rate of readmission after hip/knee replacement,Not Available,Number of Cases Too Small,Not Available,07/01/2021,06/30/2024
010011,ST. VINCENT'S EAST,AL,632h-zaca,READM_30_PN,Pneumonia (PN) 30-Day Readmission Rate,16.2,No Different Than the National Rate,281,07/01/2021,06/30/2024
010012,DEKALB REGIONAL MEDICAL CENTER,AL,ynj2-r877,COMP_HIP_KNEE,Rate of complications for hip/knee replacement patients,5.3,No Different Than the National Rate,66,04/01/2021,03/31/2024
010012,DEKALB REGIONAL MEDICAL CENTER,AL,632h-zaca,EDAC_30_AMI,Hospital return days for heart attack patients,41.1,More Days Than Average per 100 Discharges,55,07/01/2021,06/30/2024
010012,DEKALB REGIONAL MEDICAL CENTER,AL,632h-zaca,EDAC_30_HF,Hospital return days for heart failure patients,40,More Days Than Average per 100 Discharges,98,07/01/2021,06/30/2024
010012,DEKALB REGIONAL MEDICAL CENTER,AL,632h-zaca,EDAC_30_PN,Hospital return days for pneumonia patients,2.3,Average Days per 100 Discharges,142,07/01/2021,06/30/2024
010012,DEKALB REGIONAL MEDICAL CENTER,AL,77hc-ibv8,HAI_1_CILOWER,Central Line Associated Bloodstream Infection (ICU + select Wards): Lower Confidence Limit,Not Available,Not Available,,04/01/2024,03/31/2025
010012,DEKALB REGIONAL MEDICAL CENTER,AL,77hc-ibv8,HAI_1_CIUPPER,Central Line Associated Bloodstream Infection (ICU + select Wards): Upper Confidence Limit,Not Available,Not Available,,04/01/2024,03/31/2025
010012,DEKALB REGIONAL MEDICAL CENTER,AL,77hc-ibv8,HAI_1_DOPC,Central Line Associated Bloodstream Infection: Number of Device Days,626,Not Available,,04/01/2024,03/31/2025
010012,DEKALB REGIONAL MEDICAL CENTER,AL,77hc-ibv8,HAI_1_ELIGCASES,Central Line Associated Bloodstream Infection (ICU + select Wards): Predicted Cases,0.436,Not Available,,04/01/2024,03/31/2025
010012,DEKALB REGIONAL MEDICAL CENTER,AL,77hc-ibv8,HAI_1_NUMERATOR,Central Line Associated Bloodstream Infection (ICU + select Wards): Observed Cases,0,Not Available,,04/01/2024,03/31/2025
010012,DEKALB REGIONAL MEDICAL CENTER,AL,77hc-ibv8,HAI_1_SIR,Central Line Associated Bloodstream Infection (ICU + select Wards),Not Available,Not Available,,04/01/2024,03/31/2025
010012,DEKALB REGIONAL MEDICAL CENTER,AL,77hc-ibv8,HAI_2_CILOWER,Catheter Associated Urinary Tract Infections (ICU + select Wards): Lower Confidence Limit,0.482,No Different than National Benchmark,,04/01/2024,03/31/2025
010012,DEKALB REGIONAL MEDICAL CENTER,AL,77hc-ibv8,HAI_2_CIUPPER,Catheter Associated Urinary Tract Infections (ICU + select Wards): Upper Confidence Limit,5.161,No Different than National Benchmark,,04/01/2024,03/31/2025
010012,DEKALB REGIONAL MEDICAL CENTER,AL,77hc-ibv8,HAI_2_DOPC,Catheter Associated Urinary Tract Infections (ICU + select Wards): Number of Urinary Catheter Days,2317,No Different than National Benchmark,,04/01/2024,03/31/2025
010012,DEKALB REGIONAL MEDICAL CENTER,AL,77hc-ibv8,HAI_2_ELIGCASES,Catheter Associated Urinary Tract Infections (ICU + select Wards): Predicted Cases,1.582,No Different than National Benchmark,,04/01/2024,03/31/2025
010012,DEKALB REGIONAL MEDICAL CENTER,AL,77hc-ibv8,HAI_2_NUMERATOR,Catheter Associated Urinary Tract Infections (ICU + select Wards): Observed Cases,3,No Different than National Benchmark,,04/01/2024,03/31/2025
010012,DEKALB REGIONAL MEDICAL CENTER,AL,77hc-ibv8,HAI_2_SIR,Catheter Associated Urinary Tract Infections (ICU + select Wards),1.896,No Different than National Benchmark,,04/01/2024,03/31/2025
010012,DEKALB REGIONAL MEDICAL CENTER,AL,77hc-ibv8,HAI_3_CILOWER,SSI - Colon Surgery: Lower Confidence Limit,Not Available,Not Available,,04/01/2024,03/31/2025
010012,DEKALB REGIONAL MEDICAL CENTER,AL,77hc-ibv8,HAI_3_CIUPPER,SSI - Colon Surgery: Upper Confidence Limit,Not Available,Not Available,,04/01/2024,03/31/2025
010012,DEKALB REGIONAL MEDICAL CENTER,AL,77hc-ibv8,HAI_3_DOPC,SSI - Colon Surgery: Number of Procedures,20,Not Available,,04/01/2024,03/31/2025
010012,DEKALB REGIONAL MEDICAL CENTER,AL,77hc-ibv8,HAI_3_ELIGCASES,SSI - Colon Surgery: Predicted Cases,0.515,Not Available,,04/01/2024,03/31/2025
010012,DEKALB REGIONAL MEDICAL CENTER,AL,77hc-ibv8,HAI_3_NUMERATOR,SSI - Colon Surgery: Observed Cases,0,Not Available,,04/01/2024,03/31/2025
010012,DEKALB REGIONAL MEDICAL CENTER,AL,77hc-ibv8,HAI_3_SIR,SSI - Colon Surgery,Not Available,Not Available,,04/01/2024,03/31/2025
010012,DEKALB REGIONAL MEDICAL CENTER,AL,77hc-ibv8,HAI_4_CILOWER,SSI - Abdominal Hysterectomy: Lower Confidence Limit,Not Available,Not Available,,04/01/2024,03/31/2025
010012,DEKALB REGIONAL MEDICAL CENTER,AL,77hc-ibv8,HAI_4_CIUPPER,SSI - Abdominal Hysterectomy: Upper Confidence Limit,Not Available,Not Available,,04/01/2024,03/31/2025
010012,DEKALB REGIONAL MEDICAL CENTER,AL,77hc-ibv8,HAI_4_DOPC,SSI - Abdominal Hysterectomy: Number of Procedures,42,Not Available,,04/01/2024,03/31/2025
010012,DEKALB REGIONAL MEDICAL CENTER,AL,77hc-ibv8,HAI_4_ELIGCASES,SSI - Abdominal Hysterectomy: Predicted Cases,0.386,Not Available,,04/01/2024,03/31/2025
010012,DEKALB REGIONAL MEDICAL CENTER,AL,77hc-ibv8,HAI_4_NUMERATOR,SSI - Abdominal Hysterectomy: Observed Cases,1,Not Available,,04/01/2024,03/31/2025
010012,DEKALB REGIONAL MEDICAL CENTER,AL,77hc-ibv8,HAI_4_SIR,SSI - Abdominal Hysterectomy,Not Available,Not Available,,04/01/2024,03/31/2025
010012,DEKALB REGIONAL MEDICAL CENTER,AL,77hc-ibv8,HAI_5_CILOWER,MRSA Bacteremia: Lower Confidence Limit,Not Available,Not Available,,04/01/2024,03/31/2025
010012,DEKALB REGIONAL MEDICAL CENTER,AL,77hc-ibv8,HAI_5_CIUPPER,MRSA Bacteremia: Upper Confidence Limit,Not Available,Not Available,,04/01/2024,03/31/2025
010012,DEKALB REGIONAL MEDICAL CENTER,AL,77hc-ibv8,HAI_5_DOPC,MRSA Bacteremia: Patient Days,8484,Not Available,,04/01/2024,03/31/2025
010012,DEKALB REGIONAL MEDICAL CENTER,AL,77hc-ibv8,HAI_5_ELIGCASES,MRSA Bacteremia: Predicted Cases,0.291,Not Available,,04/01/2024,03/31/2025
010012,DEKALB REGIONAL MEDICAL CENTER,AL,77hc-ibv8,HAI_5_NUMERATOR,MRSA Bacteremia: Observed Cases,0,Not Available,,04/01/2024,03/31/2025
010012,DEKALB REGIONAL MEDICAL CENTER,AL,77hc-ibv8,HAI_5_SIR,MRSA Bacteremia,Not Available,Not Available,,04/01/2024,03/31/2025
010012,DEKALB REGIONAL MEDICAL CENTER,AL,77hc-ibv8,HAI_6_CILOWER,Clostridium Difficile (C.Diff): Lower Confidence Limit,N/A,Better than the National Benchmark,,04/01/2024,03/31/2025
010012,DEKALB REGIONAL MEDICAL CENTER,AL,77hc-ibv8,HAI_6_CIUPPER,Clostridium Difficile (C.Diff): Upper Confidence Limit,0.927,Better than the National Benchmark,,04/01/2024,03/31/2025
010012,DEKALB REGIONAL MEDICAL CENTER,AL,77hc-ibv8,HAI_6_DOPC,Clostridium Difficile (C.Diff): Patient Days,8484,Better than the National Benchmark,,04/01/2024,03/31/2025
010012,DEKALB REGIONAL MEDICAL CENTER,AL,77hc-ibv8,HAI_6_ELIGCASES,Clostridium Difficile (C.Diff): Predicted Cases,3.233,Better than the National Benchmark,,04/01/2024,03/31/2025
010012,DEKALB REGIONAL MEDICAL CENTER,AL,77hc-ibv8,HAI_6_NUMERATOR,Clostridium Difficile (C.Diff): Observed Cases,0,Better than the National Benchmark,,04/01/2024,03/31/2025
010012,DEKALB REGIONAL MEDICAL CENTER,AL,77hc-ibv8,HAI_6_SIR,Clostridium Difficile (C.Diff),0.000,Better than the National Benchmark,,04/01/2024,03/31/2025
010012,DEKALB REGIONAL MEDICAL CENTER,AL,ynj2-r877,MORT_30_AMI,Death rate for heart attack patients,12.8,No Different Than the National Rate,43,07/01/2021,06/30/2024
010012,DEKALB REGIONAL MEDICAL CENTER,AL,ynj2-r877,MORT_30_CABG,Death rate for CABG surgery patients,Not Available,Not Available,Not Available,07/01/2021,06/30/2024
010012,DEKALB REGIONAL MEDICAL CENTER,AL,ynj2-r877,MORT_30_COPD,Death rate for COPD patients,9.5,No Different Than the National Rate,25,07/01/2021,06/30/2024
010012,DEKALB REGIONAL MEDICAL CENTER,AL,ynj2-r877,MORT_30_HF,Death rate for heart failure patients,15.9,No Different Than the National Rate,78,07/01/2021,06/30/2024
010012,DEKALB REGIONAL MEDICAL CENTER,AL,ynj2-r877,MORT_30_PN,Death rate for pneumonia patients,19.8,No Different Than the National Rate,126,07/01/2021,06/30/2024
010012,DEKALB REGIONAL MEDICAL CENTER,AL,ynj2-r877,MORT_30_STK,Death rate for stroke patients,Not Available,Number of Cases Too Small,Not Available,07/01/2021,06/30/2024
010012,DEKALB REGIONAL MEDICAL CENTER,AL,muwa-iene,PSI_03,Pressure ulcer rate,0.481697,,,07/01/2022,06/30/2024
010012,DEKALB REGIONAL MEDICAL CENTER,AL,ynj2-r877,PSI_03,Pressure ulcer rate,0.48,No Different Than the National Rate,631,07/01/2022,06/30/2024
010012,DEKALB REGIONAL MEDICAL CENTER,AL,ynj2-r877,PSI_04,Death rate among surgical inpatients with serious treatable complications,Not Available,Number of Cases Too Small,Not Available,07/01/2022,06/30/2024
010012,DEKALB REGIONAL MEDICAL CENTER,AL,ynj2-r877,PSI_06,Iatrogenic pneumothorax rate,0.20,No Different Than the National Rate,1095,07/01/2022,06/30/2024
010012,DEKALB REGIONAL MEDICAL CENTER,AL,muwa-iene,PSI_06,Iatrogenic pneumothorax rate,0.200757,,,07/01/2022,06/30/2024
010012,DEKALB REGIONAL MEDICAL CENTER,AL,muwa-iene,PSI_08,In-hospital fall-associated fracture rate,0.261391,,,07/01/2022,06/30/2024
010012,DEKALB REGIONAL MEDICAL CENTER,AL,ynj2-r877,PSI_08,In-hospital fall-associated fracture rate,0.26,No Different Than the National Rate,1053,07/01/2022,06/30/2024
010012,DEKALB REGIONAL MEDICAL CENTER,AL,ynj2-r877,PSI_09,Postoperative hemorrhage or hematoma rate,2.28,No Different Than the National Rate,209,07/01/2022,06/30/2024
010012,DEKALB REGIONAL MEDICAL CENTER,AL,muwa-iene,PSI_09,Postoperative hemorrhage or hematoma rate,2.283942,,,07/01/2022,06/30/2024
010012,DEKALB REGIONAL MEDICAL CENTER,AL,muwa-iene,PSI_10,Postoperative acute kidney injury requiring dialysis rate,1.658597,,,07/01/2022,06/30/2024
010012,DEKALB REGIONAL MEDICAL CENTER,AL,ynj2-r877,PSI_10,Postoperative acute kidney injury requiring dialysis rate,1.66,No Different Than the National Rate,100,07/01/2022,06/30/2024
010012,DEKALB REGIONAL MEDICAL CENTER,AL,ynj2-r877,PSI_11,Postoperative respiratory failure rate,11.34,No Different Than the National Rate,105,07/01/2022,06/30/2024
010012,DEKALB REGIONAL MEDICAL CENTER,AL,muwa-iene,PSI_11,Postoperative respiratory failure rate,11.337173,,,07/01/2022,06/30/2024
010012,DEKALB REGIONAL MEDICAL CENTER,AL,ynj2-r877,PSI_12,Perioperative pulmonary embolism or deep vein thrombosis rate,3.25,No Different Than the National Rate,212,07/01/2022,06/30/2024
010012,DEKALB REGIONAL MEDICAL CENTER,AL,muwa-iene,PSI_12,Perioperative pulmonary embolism or deep vein thrombosis rate,3.254847,,,07/01/2022,06/30/2024
010012,DEKALB REGIONAL MEDICAL CENTER,AL,muwa-iene,PSI_13,Postoperative sepsis rate,6.037711,,,07/01/2022,06/30/2024
010012,DEKALB REGIONAL MEDICAL CENTER,AL,ynj2-r877,PSI_13,Postoperative sepsis rate,6.04,No Different Than the National Rate,97,07/01/2022,06/30/2024
010012,DEKALB REGIONAL MEDICAL CENTER,AL,ynj2-r877,PSI_14,Postoperative wound dehiscence rate,1.74,No Different Than the National Rate,34,07/01/2022,06/30/2024
010012,DEKALB REGIONAL MEDICAL CENTER,AL,muwa-iene,PSI_14,Postoperative wound dehiscence rate,1.738461,,,07/01/2022,06/30/2024
010012,DEKALB REGIONAL MEDICAL CENTER,AL,ynj2-r877,PSI_15,Abdominopelvic accidental puncture or laceration rate,1.03,No Different Than the National Rate,103,07/01/2022,06/30/2024
010012,DEKALB REGIONAL MEDICAL CENTER,AL,muwa-iene,PSI_15,Abdominopelvic accidental puncture or laceration rate,1.025528,,,07/01/2022,06/30/2024
010012,DEKALB REGIONAL MEDICAL CENTER,AL,muwa-iene,PSI_90,CMS Medicare PSI 90: Patient safety and adverse events composite,1.016805,,,07/01/2022,06/30/2024
010012,DEKALB REGIONAL MEDICAL CENTER,AL,ynj2-r877,PSI_90,CMS Medicare PSI 90: Patient safety and adverse events composite,1.02,No Different Than the National Value,Not Applicable,07/01/2022,06/30/2024
010012,DEKALB REGIONAL MEDICAL CENTER,AL,632h-zaca,READM_30_AMI,Acute Myocardial Infarction (AMI) 30-Day Readmission Rate,14.3,No Different Than the National Rate,55,07/01/2021,06/30/2024
010012,DEKALB REGIONAL MEDICAL CENTER,AL,632h-zaca,READM_30_CABG,Rate of readmission for CABG,Not Available,Not Available,Not Available,07/01/2021,06/30/2024
010012,DEKALB REGIONAL MEDICAL CENTER,AL,632h-zaca,READM_30_COPD,Rate of readmission for chronic obstructive pulmonary disease (COPD) patients,18.1,No Different Than the National Rate,25,07/01/2021,06/30/2024
010012,DEKALB REGIONAL MEDICAL CENTER,AL,632h-zaca,READM_30_HF,Heart failure (HF) 30-Day Readmission Rate,21.3,No Different Than the National Rate,98,07/01/2021,06/30/2024
010012,DEKALB REGIONAL MEDICAL CENTER,AL,632h-zaca,READM_30_HIP_KNEE,Rate of readmission after hip/knee replacement,4.5,No Different Than the National Rate,69,07/01/2021,06/30/2024
010012,DEKALB REGIONAL MEDICAL CENTER,AL,632h-zaca,READM_30_PN,Pneumonia (PN) 30-Day Readmission Rate,16.3,No Different Than the National Rate,142,07/01/2021,06/30/2024
010016,SHELBY BAPTIST MEDICAL CENTER,AL,ynj2-r877,COMP_HIP_KNEE,Rate of complications for hip/knee replacement patients,4.8,No Different Than the National Rate,46,04/01/2021,03/31/2024
010016,SHELBY BAPTIST MEDICAL CENTER,AL,632h-zaca,EDAC_30_AMI,Hospital return days for heart attack patients,23.3,Average Days per 100 Discharges,58,07/01/2021,06/30/2024
010016,SHELBY BAPTIST MEDICAL CENTER,AL,632h-zaca,EDAC_30_HF,Hospital return days for heart failure patients,0.3,Average Days per 100 Discharges,212,07/01/2021,06/30/2024
010016,SHELBY BAPTIST MEDICAL CENTER,AL,632h-zaca,EDAC_30_PN,Hospital return days for pneumonia patients,29.5,More Days Than Average per 100 Discharges,216,07/01/2021,06/30/2024
010016,SHELBY BAPTIST MEDICAL CENTER,AL,77hc-ibv8,HAI_1_CILOWER,Central Line Associated Bloodstream Infection (ICU + select Wards): Lower Confidence Limit,0.520,No Different than National Benchmark,,04/01/2024,03/31/2025
010016,SHELBY BAPTIST MEDICAL CENTER,AL,77hc-ibv8,HAI_1_CIUPPER,Central Line Associated Bloodstream Infection (ICU + select Wards): Upper Confidence Limit,3.143,No Different than National Benchmark,,04/01/2024,03/31/2025
010016,SHELBY BAPTIST MEDICAL CENTER,AL,77hc-ibv8,HAI_1_DOPC,Central Line Associated Bloodstream Infection: Number of Device Days,4952,No Different than National Benchmark,,04/01/2024,03/31/2025
010016,SHELBY BAPTIST MEDICAL CENTER,AL,77hc-ibv8,HAI_1_ELIGCASES,Central Line Associated Bloodstream Infection (ICU + select Wards): Predicted Cases,3.526,No Different than National Benchmark,,04/01/2024,03/31/2025
010016,SHELBY BAPTIST MEDICAL CENTER,AL,77hc-ibv8,HAI_1_NUMERATOR,Central Line Associated Bloodstream Infection (ICU + select Wards): Observed Cases,5,No Different than National Benchmark,,04/01/2024,03/31/2025
010016,SHELBY BAPTIST MEDICAL CENTER,AL,77hc-ibv8,HAI_1_SIR,Central Line Associated Bloodstream Infection (ICU + select Wards),1.418,No Different than National Benchmark,,04/01/2024,03/31/2025
010016,SHELBY BAPTIST MEDICAL CENTER,AL,77hc-ibv8,HAI_2_CILOWER,Catheter Associated Urinary Tract Infections (ICU + select Wards): Lower Confidence Limit,0.122,No Different than National Benchmark,,04/01/2024,03/31/2025
010016,SHELBY BAPTIST MEDICAL CENTER,AL,77hc-ibv8,HAI_2_CIUPPER,Catheter Associated Urinary Tract Infections (ICU + select Wards): Upper Confidence Limit,1.306,No Different than National Benchmark,,04/01/2024,03/31/2025
010016,SHELBY BAPTIST MEDICAL CENTER,AL,77hc-ibv8,HAI_2_DOPC,Catheter Associated Urinary Tract Infections (ICU + select Wards): Number of Urinary Catheter Days,8497,No Different than National Benchmark,,04/01/2024,03/31/2025
010016,SHELBY BAPTIST MEDICAL CENTER,AL,77hc-ibv8,HAI_2_ELIGCASES,Catheter Associated Urinary Tract Infections (ICU + select Wards): Predicted Cases,6.250,No Different than National Benchmark,,04/01/2024,03/31/2025
010016,SHELBY BAPTIST MEDICAL CENTER,AL,77hc-ibv8,HAI_2_NUMERATOR,Catheter Associated Urinary Tract Infections (ICU + select Wards): Observed Cases,3,No Different than National Benchmark,,04/01/2024,03/31/2025
010016,SHELBY BAPTIST MEDICAL CENTER,AL,77hc-ibv8,HAI_2_SIR,Catheter Associated Urinary Tract Infections (ICU + select Wards),0.480,No Different than National Benchmark,,04/01/2024,03/31/2025
010016,SHELBY BAPTIST MEDICAL CENTER,AL,77hc-ibv8,HAI_3_CILOWER,SSI - Colon Surgery: Lower Confidence Limit,N/A,No Different than National Benchmark,,04/01/2024,03/31/2025
010016,SHELBY BAPTIST MEDICAL CENTER,AL,77hc-ibv8,HAI_3_CIUPPER,SSI - Colon Surgery: Upper Confidence Limit,1.099,No Different than National Benchmark,,04/01/2024,03/31/2025
010016,SHELBY BAPTIST MEDICAL CENTER,AL,77hc-ibv8,HAI_3_DOPC,SSI - Colon Surgery: Number of Procedures,99,No Different than National Benchmark,,04/01/2024,03/31/2025
010016,SHELBY BAPTIST MEDICAL CENTER,AL,77hc-ibv8,HAI_3_ELIGCASES,SSI - Colon Surgery: Predicted Cases,2.727,No Different than National Benchmark,,04/01/2024,03/31/2025
010016,SHELBY BAPTIST MEDICAL CENTER,AL,77hc-ibv8,HAI_3_NUMERATOR,SSI - Colon Surgery: Observed Cases,0,No Different than National Benchmark,,04/01/2024,03/31/2025
010016,SHELBY BAPTIST MEDICAL CENTER,AL,77hc-ibv8,HAI_3_SIR,SSI - Colon Surgery,0.000,No Different than National Benchmark,,04/01/2024,03/31/2025
010016,SHELBY BAPTIST MEDICAL CENTER,AL,77hc-ibv8,HAI_4_CILOWER,SSI - Abdominal Hysterectomy: Lower Confidence Limit,Not Available,Not Available,,04/01/2024,03/31/2025
010016,SHELBY BAPTIST MEDICAL CENTER,AL,77hc-ibv8,HAI_4_CIUPPER,SSI - Abdominal Hysterectomy: Upper Confidence Limit,Not Available,Not Available,,04/01/2024,03/31/2025
010016,SHELBY BAPTIST MEDICAL CENTER,AL,77hc-ibv8,HAI_4_DOPC,SSI - Abdominal Hysterectomy: Number of Procedures,Not Available,Not Available,,04/01/2024,03/31/2025
010016,SHELBY BAPTIST MEDICAL CENTER,AL,77hc-ibv8,HAI_4_ELIGCASES,SSI - Abdominal Hysterectomy: Predicted Cases,Not Available,Not Available,,04/01/2024,03/31/2025
010016,SHELBY BAPTIST MEDICAL CENTER,AL,77hc-ibv8,HAI_4_NUMERATOR,SSI - Abdominal Hysterectomy: Observed Cases,Not Available,Not Available,,04/01/2024,03/31/2025
010016,SHELBY BAPTIST MEDICAL CENTER,AL,77hc-ibv8,HAI_4_SIR,SSI - Abdominal Hysterectomy,Not Available,Not Available,,04/01/2024,03/31/2025
010016,SHELBY BAPTIST MEDICAL CENTER,AL,77hc-ibv8,HAI_5_CILOWER,MRSA Bacteremia: Lower Confidence Limit,0.138,No Different than National Benchmark,,04/01/2024,03/31/2025
010016,SHELBY BAPTIST MEDICAL CENTER,AL,77hc-ibv8,HAI_5_CIUPPER,MRSA Bacteremia: Upper Confidence Limit,2.724,No Different than National Benchmark,,04/01/2024,03/31/2025
010016,SHELBY BAPTIST MEDICAL CENTER,AL,77hc-ibv8,HAI_5_DOPC,MRSA Bacteremia: Patient Days,36111,No Different than National Benchmark,,04/01/2024,03/31/2025
010016,SHELBY BAPTIST MEDICAL CENTER,AL,77hc-ibv8,HAI_5_ELIGCASES,MRSA Bacteremia: Predicted Cases,2.426,No Different than National Benchmark,,04/01/2024,03/31/2025
010016,SHELBY BAPTIST MEDICAL CENTER,AL,77hc-ibv8,HAI_5_NUMERATOR,MRSA Bacteremia: Observed Cases,2,No Different than National Benchmark,,04/01/2024,03/31/2025
010016,SHELBY BAPTIST MEDICAL CENTER,AL,77hc-ibv8,HAI_5_SIR,MRSA Bacteremia,0.824,No Different than National Benchmark,,04/01/2024,03/31/2025
010016,SHELBY BAPTIST MEDICAL CENTER,AL,77hc-ibv8,HAI_6_CILOWER,Clostridium Difficile (C.Diff): Lower Confidence Limit,0.166,Better than the National Benchmark,,04/01/2024,03/31/2025
010016,SHELBY BAPTIST MEDICAL CENTER,AL,77hc-ibv8,HAI_6_CIUPPER,Clostridium Difficile (C.Diff): Upper Confidence Limit,0.850,Better than the National Benchmark,,04/01/2024,03/31/2025
010016,SHELBY BAPTIST MEDICAL CENTER,AL,77hc-ibv8,HAI_6_DOPC,Clostridium Difficile (C.Diff): Patient Days,36111,Better than the National Benchmark,,04/01/2024,03/31/2025
010016,SHELBY BAPTIST MEDICAL CENTER,AL,77hc-ibv8,HAI_6_ELIGCASES,Clostridium Difficile (C.Diff): Predicted Cases,14.681,Better than the National Benchmark,,04/01/2024,03/31/2025
010016,SHELBY BAPTIST MEDICAL CENTER,AL,77hc-ibv8,HAI_6_NUMERATOR,Clostridium Difficile (C.Diff): Observed Cases,6,Better than the National Benchmark,,04/01/2024,03/31/2025
010016,SHELBY BAPTIST MEDICAL CENTER,AL,77hc-ibv8,HAI_6_SIR,Clostridium Difficile (C.Diff),0.409,Better than the National Benchmark,,04/01/2024,03/31/2025
010016,SHELBY BAPTIST MEDICAL CENTER,AL,ynj2-r877,MORT_30_AMI,Death rate for heart attack patients,14.1,No Different Than the National Rate,69,07/01/2021,06/30/2024
010016,SHELBY BAPTIST MEDICAL CENTER,AL,ynj2-r877,MORT_30_CABG,Death rate for CABG surgery patients,2.2,No Different Than the National Rate,31,07/01/2021,06/30/2024
010016,SHELBY BAPTIST MEDICAL CENTER,AL,ynj2-r877,MORT_30_COPD,Death rate for COPD patients,9.4,No Different Than the National Rate,36,07/01/2021,06/30/2024
010016,SHELBY BAPTIST MEDICAL CENTER,AL,ynj2-r877,MORT_30_HF,Death rate for heart failure patients,10.6,No Different Than the National Rate,189,07/01/2021,06/30/2024
010016,SHELBY BAPTIST MEDICAL CENTER,AL,ynj2-r877,MORT_30_PN,Death rate for pneumonia patients,16.9,No Different Than the National Rate,203,07/01/2021,06/30/2024
010016,SHELBY BAPTIST MEDICAL CENTER,AL,ynj2-r877,MORT_30_STK,Death rate for stroke patients,16,No Different Than the National Rate,102,07/01/2021,06/30/2024
010016,SHELBY BAPTIST MEDICAL CENTER,AL,muwa-iene,PSI_03,Pressure ulcer rate,1.007753,,,07/01/2022,06/30/2024
010016,SHELBY BAPTIST MEDICAL CENTER,AL,ynj2-r877,PSI_03,Pressure ulcer rate,1.01,No Different Than the National Rate,2243,07/01/2022,06/30/2024
010016,SHELBY BAPTIST MEDICAL CENTER,AL,ynj2-r877,PSI_04,Death rate among surgical inpatients with serious treatable complications,142.26,No Different Than the National Rate,65,07/01/2022,06/30/2024
010016,SHELBY BAPTIST MEDICAL CENTER,AL,ynj2-r877,PSI_06,Iatrogenic pneumothorax rate,0.30,No Different Than the National Rate,2764,07/01/2022,06/30/2024
010016,SHELBY BAPTIST MEDICAL CENTER,AL,muwa-iene,PSI_06,Iatrogenic pneumothorax rate,0.295004,,,07/01/2022,06/30/2024
010016,SHELBY BAPTIST MEDICAL CENTER,AL,ynj2-r877,PSI_08,In-hospital fall-associated fracture rate,0.24,No Different Than the National Rate,2756,07/01/2022,06/30/2024
010016,SHELBY BAPTIST MEDICAL CENTER,AL,muwa-iene,PSI_08,In-hospital fall-associated fracture rate,0.242582,,,07/01/2022,06/30/2024
010016,SHELBY BAPTIST MEDICAL CENTER,AL,muwa-iene,PSI_09,Postoperative hemorrhage or hematoma rate,1.867508,,,07/01/2022,06/30/2024
010016,SHELBY BAPTIST MEDICAL CENTER,AL,ynj2-r877,PSI_09,Postoperative hemorrhage or hematoma rate,1.87,No Different Than the National Rate,727,07/01/2022,06/30/2024
010016,SHELBY BAPTIST MEDICAL CENTER,AL,muwa-iene,PSI_10,Postoperative acute kidney injury requiring dialysis rate,2.469886,,,07/01/2022,06/30/2024
010016,SHELBY BAPTIST MEDICAL CENTER,AL,ynj2-r877,PSI_10,Postoperative acute kidney injury requiring dialysis rate,2.47,No Different Than the National Rate,293,07/01/2022,06/30/2024
010016,SHELBY BAPTIST MEDICAL CENTER,AL,ynj2-r877,PSI_11,Postoperative respiratory failure rate,13.24,No Different Than the National Rate,325,07/01/2022,06/30/2024
010016,SHELBY BAPTIST MEDICAL CENTER,AL,muwa-iene,PSI_11,Postoperative respiratory failure rate,13.242165,,,07/01/2022,06/30/2024
010016,SHELBY BAPTIST MEDICAL CENTER,AL,ynj2-r877,PSI_12,Perioperative pulmonary embolism or deep vein thrombosis rate,3.68,No Different Than the National Rate,797,07/01/2022,06/30/2024
010016,SHELBY BAPTIST MEDICAL CENTER,AL,muwa-iene,PSI_12,Perioperative pulmonary embolism or deep vein thrombosis rate,3.683198,,,07/01/2022,06/30/2024
010016,SHELBY BAPTIST MEDICAL CENTER,AL,muwa-iene,PSI_13,Postoperative sepsis rate,10.678781,,,07/01/2022,06/30/2024
010016,SHELBY BAPTIST MEDICAL CENTER,AL,ynj2-r877,PSI_13,Postoperative sepsis rate,10.68,Worse Than the National Rate,296,07/01/2022,06/30/2024
010016,SHELBY BAPTIST MEDICAL CENTER,AL,ynj2-r877,PSI_14,Postoperative wound dehiscence rate,1.99,No Different Than the National Rate,156,07/01/2022,06/30/2024
010016,SHELBY BAPTIST MEDICAL CENTER,AL,muwa-iene,PSI_14,Postoperative wound dehiscence rate,1.987511,,,07/01/2022,06/30/2024
010016,SHELBY BAPTIST MEDICAL CENTER,AL,ynj2-r877,PSI_15,Abdominopelvic accidental puncture or laceration rate,1.13,No Different Than the National Rate,550,07/01/2022,06/30/2024
010016,SHELBY BAPTIST MEDICAL CENTER,AL,muwa-iene,PSI_15,Abdominopelvic accidental puncture or laceration rate,1.130828,,,07/01/2022,06/30/2024
010016,SHELBY BAPTIST MEDICAL CENTER,AL,muwa-iene,PSI_90,CMS Medicare PSI 90: Patient safety and adverse events composite,1.446387,,,07/01/2022,06/30/2024
010016,SHELBY BAPTIST MEDICAL CENTER,AL,ynj2-r877,PSI_90,CMS Medicare PSI 90: Patient safety and adverse events composite,1.45,Worse Than the National Value,Not Applicable,07/01/2022,06/30/2024
010016,SHELBY BAPTIST MEDICAL CENTER,AL,632h-zaca,READM_30_AMI,Acute Myocardial Infarction (AMI) 30-Day Readmission Rate,13.9,No Different Than the National Rate,58,07/01/2021,06/30/2024
010016,SHELBY BAPTIST MEDICAL CENTER,AL,632h-zaca,READM_30_CABG,Rate of readmission for CABG,11.5,No Different Than the National Rate,31,07/01/2021,06/30/2024
010016,SHELBY BAPTIST MEDICAL CENTER,AL,632h-zaca,READM_30_COPD,Rate of readmission for chronic obstructive pulmonary disease (COPD) patients,18,No Different Than the National Rate,44,07/01/2021,06/30/2024
010016,SHELBY BAPTIST MEDICAL CENTER,AL,632h-zaca,READM_30_HF,Heart failure (HF) 30-Day Readmission Rate,19.9,No Different Than the National Rate,212,07/01/2021,06/30/2024
010016,SHELBY BAPTIST MEDICAL CENTER,AL,632h-zaca,READM_30_HIP_KNEE,Rate of readmission after hip/knee replacement,5.3,No Different Than the National Rate,46,07/01/2021,06/30/2024
010016,SHELBY BAPTIST MEDICAL CENTER,AL,632h-zaca,READM_30_PN,Pneumonia (PN) 30-Day Readmission Rate,16.4,No Different Than the National Rate,216,07/01/2021,06/30/2024
010018,CALLAHAN EYE HOSPITAL,AL,ynj2-r877,COMP_HIP_KNEE,Rate of complications for hip/knee replacement patients,Not Available,Not Available,Not Available,04/01/2021,03/31/2024
010018,CALLAHAN EYE HOSPITAL,AL,632h-zaca,EDAC_30_AMI,Hospital return days for heart attack patients,Not Available,Not Available,Not Available,07/01/2021,06/30/2024
010018,CALLAHAN EYE HOSPITAL,AL,632h-zaca,EDAC_30_HF,Hospital return days for heart failure patients,Not Available,Not Available,Not Available,07/01/2021,06/30/2024
010018,CALLAHAN EYE HOSPITAL,AL,632h-zaca,EDAC_30_PN,Hospital return days for pneumonia patients,Not Available,Not Available,Not Available,07/01/2021,06/30/2024
010018,CALLAHAN EYE HOSPITAL,AL,77hc-ibv8,HAI_1_CILOWER,Central Line Associated Bloodstream Infection (ICU + select Wards): Lower Confidence Limit,Not Available,Not Available,,04/01/2024,03/31/2025
010018,CALLAHAN EYE HOSPITAL,AL,77hc-ibv8,HAI_1_CIUPPER,Central Line Associated Bloodstream Infection (ICU + select Wards): Upper Confidence Limit,Not Available,Not Available,,04/01/2024,03/31/2025
010018,CALLAHAN EYE HOSPITAL,AL,77hc-ibv8,HAI_1_DOPC,Central Line Associated Bloodstream Infection: Number of Device Days,Not Available,Not Available,,04/01/2024,03/31/2025
010018,CALLAHAN EYE HOSPITAL,AL,77hc-ibv8,HAI_1_ELIGCASES,Central Line Associated Bloodstream Infection (ICU + select Wards): Predicted Cases,Not Available,Not Available,,04/01/2024,03/31/2025
010018,CALLAHAN EYE HOSPITAL,AL,77hc-ibv8,HAI_1_NUMERATOR,Central Line Associated Bloodstream Infection (ICU + select Wards): Observed Cases,Not Available,Not Available,,04/01/2024,03/31/2025
010018,CALLAHAN EYE HOSPITAL,AL,77hc-ibv8,HAI_1_SIR,Central Line Associated Bloodstream Infection (ICU + select Wards),Not Available,Not Available,,04/01/2024,03/31/2025
010018,CALLAHAN EYE HOSPITAL,AL,77hc-ibv8,HAI_2_CILOWER,Catheter Associated Urinary Tract Infections (ICU + select Wards): Lower Confidence Limit,Not Available,Not Available,,04/01/2024,03/31/2025
010018,CALLAHAN EYE HOSPITAL,AL,77hc-ibv8,HAI_2_CIUPPER,Catheter Associated Urinary Tract Infections (ICU + select Wards): Upper Confidence Limit,Not Available,Not Available,,04/01/2024,03/31/2025
010018,CALLAHAN EYE HOSPITAL,AL,77hc-ibv8,HAI_2_DOPC,Catheter Associated Urinary Tract Infections (ICU + select Wards): Number of Urinary Catheter Days,Not Available,Not Available,,04/01/2024,03/31/2025
010018,CALLAHAN EYE HOSPITAL,AL,77hc-ibv8,HAI_2_ELIGCASES,Catheter Associated Urinary Tract Infections (ICU + select Wards): Predicted Cases,Not Available,Not Available,,04/01/2024,03/31/2025
010018,CALLAHAN EYE HOSPITAL,AL,77hc-ibv8,HAI_2_NUMERATOR,Catheter Associated Urinary Tract Infections (ICU + select Wards): Observed Cases,Not Available,Not Available,,04/01/2024,03/31/2025
010018,CALLAHAN EYE HOSPITAL,AL,77hc-ibv8,HAI_2_SIR,Catheter Associated Urinary Tract Infections (ICU + select Wards),Not Available,Not Available,,04/01/2024,03/31/2025
010018,CALLAHAN EYE HOSPITAL,AL,77hc-ibv8,HAI_3_CILOWER,SSI - Colon Surgery: Lower Confidence Limit,Not Available,Not Available,,04/01/2024,03/31/2025
010018,CALLAHAN EYE HOSPITAL,AL,77hc-ibv8,HAI_3_CIUPPER,SSI - Colon Surgery: Upper Confidence Limit,Not Available,Not Available,,04/01/2024,03/31/2025
010018,CALLAHAN EYE HOSPITAL,AL,77hc-ibv8,HAI_3_DOPC,SSI - Colon Surgery: Number of Procedures,Not Available,Not Available,,04/01/2024,03/31/2025
010018,CALLAHAN EYE HOSPITAL,AL,77hc-ibv8,HAI_3_ELIGCASES,SSI - Colon Surgery: Predicted Cases,Not Available,Not Available,,04/01/2024,03/31/2025
010018,CALLAHAN EYE HOSPITAL,AL,77hc-ibv8,HAI_3_NUMERATOR,SSI - Colon Surgery: Observed Cases,Not Available,Not Available,,04/01/2024,03/31/2025
010018,CALLAHAN EYE HOSPITAL,AL,77hc-ibv8,HAI_3_SIR,SSI - Colon Surgery,Not Available,Not Available,,04/01/2024,03/31/2025
010018,CALLAHAN EYE HOSPITAL,AL,77hc-ibv8,HAI_4_CILOWER,SSI - Abdominal Hysterectomy: Lower Confidence Limit,Not Available,Not Available,,04/01/2024,03/31/2025
010018,CALLAHAN EYE HOSPITAL,AL,77hc-ibv8,HAI_4_CIUPPER,SSI - Abdominal Hysterectomy: Upper Confidence Limit,Not Available,Not Available,,04/01/2024,03/31/2025
010018,CALLAHAN EYE HOSPITAL,AL,77hc-ibv8,HAI_4_DOPC,SSI - Abdominal Hysterectomy: Number of Procedures,Not Available,Not Available,,04/01/2024,03/31/2025
010018,CALLAHAN EYE HOSPITAL,AL,77hc-ibv8,HAI_4_ELIGCASES,SSI - Abdominal Hysterectomy: Predicted Cases,Not Available,Not Available,,04/01/2024,03/31/2025
010018,CALLAHAN EYE HOSPITAL,AL,77hc-ibv8,HAI_4_NUMERATOR,SSI - Abdominal Hysterectomy: Observed Cases,Not Available,Not Available,,04/01/2024,03/31/2025
010018,CALLAHAN EYE HOSPITAL,AL,77hc-ibv8,HAI_4_SIR,SSI - Abdominal Hysterectomy,Not Available,Not Available,,04/01/2024,03/31/2025
010018,CALLAHAN EYE HOSPITAL,AL,77hc-ibv8,HAI_5_CILOWER,MRSA Bacteremia: Lower Confidence Limit,Not Available,Not Available,,04/01/2024,03/31/2025
010018,CALLAHAN EYE HOSPITAL,AL,77hc-ibv8,HAI_5_CIUPPER,MRSA Bacteremia: Upper Confidence Limit,Not Available,Not Available,,04/01/2024,03/31/2025
010018,CALLAHAN EYE HOSPITAL,AL,77hc-ibv8,HAI_5_DOPC,MRSA Bacteremia: Patient Days,415,Not Available,,04/01/2024,03/31/2025
010018,CALLAHAN EYE HOSPITAL,AL,77hc-ibv8,HAI_5_ELIGCASES,MRSA Bacteremia: Predicted Cases,0.011,Not Available,,04/01/2024,03/31/2025
010018,CALLAHAN EYE HOSPITAL,AL,77hc-ibv8,HAI_5_NUMERATOR,MRSA Bacteremia: Observed Cases,0,Not Available,,04/01/2024,03/31/2025
010018,CALLAHAN EYE HOSPITAL,AL,77hc-ibv8,HAI_5_SIR,MRSA Bacteremia,Not Available,Not Available,,04/01/2024,03/31/2025
010018,CALLAHAN EYE HOSPITAL,AL,77hc-ibv8,HAI_6_CILOWER,Clostridium Difficile (C.Diff): Lower Confidence Limit,Not Available,Not Available,,04/01/2024,03/31/2025
010018,CALLAHAN EYE HOSPITAL,AL,77hc-ibv8,HAI_6_CIUPPER,Clostridium Difficile (C.Diff): Upper Confidence Limit,Not Available,Not Available,,04/01/2024,03/31/2025
010018,CALLAHAN EYE HOSPITAL,AL,77hc-ibv8,HAI_6_DOPC,Clostridium Difficile (C.Diff): Patient Days,415,Not Available,,04/01/2024,03/31/2025
010018,CALLAHAN EYE HOSPITAL,AL,77hc-ibv8,HAI_6_ELIGCASES,Clostridium Difficile (C.Diff): Predicted Cases,0.077,Not Available,,04/01/2024,03/31/2025
010018,CALLAHAN EYE HOSPITAL,AL,77hc-ibv8,HAI_6_NUMERATOR,Clostridium Difficile (C.Diff): Observed Cases,0,Not Available,,04/01/2024,03/31/2025
010018,CALLAHAN EYE HOSPITAL,AL,77hc-ibv8,HAI_6_SIR,Clostridium Difficile (C.Diff),Not Available,Not Available,,04/01/2024,03/31/2025
010018,CALLAHAN EYE HOSPITAL,AL,ynj2-r877,MORT_30_AMI,Death rate for heart attack patients,Not Available,Not Available,Not Available,07/01/2021,06/30/2024
010018,CALLAHAN EYE HOSPITAL,AL,ynj2-r877,MORT_30_CABG,Death rate for CABG surgery patients,Not Available,Not Available,Not Available,07/01/2021,06/30/2024
010018,CALLAHAN EYE HOSPITAL,AL,ynj2-r877,MORT_30_COPD,Death rate for COPD patients,Not Available,Not Available,Not Available,07/01/2021,06/30/2024
010018,CALLAHAN EYE HOSPITAL,AL,ynj2-r877,MORT_30_HF,Death rate for heart failure patients,Not Available,Not Available,Not Available,07/01/2021,06/30/2024
010018,CALLAHAN EYE HOSPITAL,AL,ynj2-r877,MORT_30_PN,Death rate for pneumonia patients,Not Available,Not Available,Not Available,07/01/2021,06/30/2024
010018,CALLAHAN EYE HOSPITAL,AL,ynj2-r877,MORT_30_STK,Death rate for stroke patients,Not Available,Not Available,Not Available,07/01/2021,06/30/2024
010018,CALLAHAN EYE HOSPITAL,AL,ynj2-r877,PSI_03,Pressure ulcer rate,Not Available,Number of Cases Too Small,Not Available,07/01/2022,06/30/2024
010018,CALLAHAN EYE HOSPITAL,AL,muwa-iene,PSI_03,Pressure ulcer rate,Not Available,,,07/01/2022,06/30/2024
010018,CALLAHAN EYE HOSPITAL,AL,ynj2-r877,PSI_04,Death rate among surgical inpatients with serious treatable complications,Not Available,Not Available,Not Available,07/01/2022,06/30/2024
010018,CALLAHAN EYE HOSPITAL,AL,muwa-iene,PSI_06,Iatrogenic pneumothorax rate,0.209855,,,07/01/2022,06/30/2024
010018,CALLAHAN EYE HOSPITAL,AL,ynj2-r877,PSI_06,Iatrogenic pneumothorax rate,0.21,No Different Than the National Rate,33,07/01/2022,06/30/2024
010018,CALLAHAN EYE HOSPITAL,AL,ynj2-r877,PSI_08,In-hospital fall-associated fracture rate,0.27,No Different Than the National Rate,33,07/01/2022,06/30/2024
010018,CALLAHAN EYE HOSPITAL,AL,muwa-iene,PSI_08,In-hospital fall-associated fracture rate,0.271300,,,07/01/2022,06/30/2024
010018,CALLAHAN EYE HOSPITAL,AL,ynj2-r877,PSI_09,Postoperative hemorrhage or hematoma rate,2.32,No Different Than the National Rate,27,07/01/2022,06/30/2024
010018,CALLAHAN EYE HOSPITAL,AL,muwa-iene,PSI_09,Postoperative hemorrhage or hematoma rate,2.317809,,,07/01/2022,06/30/2024
010018,CALLAHAN EYE HOSPITAL,AL,ynj2-r877,PSI_10,Postoperative acute kidney injury requiring dialysis rate,Not Available,Number of Cases Too Small,Not Available,07/01/2022,06/30/2024
010018,CALLAHAN EYE HOSPITAL,AL,muwa-iene,PSI_10,Postoperative acute kidney injury requiring dialysis rate,Not Available,,,07/01/2022,06/30/2024
010018,CALLAHAN EYE HOSPITAL,AL,muwa-iene,PSI_11,Postoperative respiratory failure rate,Not Available,,,07/01/2022,06/30/2024
010018,CALLAHAN EYE HOSPITAL,AL,ynj2-r877,PSI_11,Postoperative respiratory failure rate,Not Available,Number of Cases Too Small,Not Available,07/01/2022,06/30/2024
010018,CALLAHAN EYE HOSPITAL,AL,muwa-iene,PSI_12,Perioperative pulmonary embolism or deep vein thrombosis rate,3.515677,,,07/01/2022,06/30/2024
010018,CALLAHAN EYE HOSPITAL,AL,ynj2-r877,PSI_12,Perioperative pulmonary embolism or deep vein thrombosis rate,3.52,No Different Than the National Rate,27,07/01/2022,06/30/2024
010018,CALLAHAN EYE HOSPITAL,AL,muwa-iene,PSI_13,Postoperative sepsis rate,Not Available,,,07/01/2022,06/30/2024
010018,CALLAHAN EYE HOSPITAL,AL,ynj2-r877,PSI_13,Postoperative sepsis rate,Not Available,Number of Cases Too Small,Not Available,07/01/2022,06/30/2024
010018,CALLAHAN EYE HOSPITAL,AL,ynj2-r877,PSI_14,Postoperative wound dehiscence rate,Not Available,Not Available,Not Available,07/01/2022,06/30/2024
010018,CALLAHAN EYE HOSPITAL,AL,muwa-iene,PSI_14,Postoperative wound dehiscence rate,Not Available,,,07/01/2022,06/30/2024
010018,CALLAHAN EYE HOSPITAL,AL,muwa-iene,PSI_15,Abdominopelvic accidental puncture or laceration rate,Not Available,,,07/01/2022,06/30/2024
010018,CALLAHAN EYE HOSPITAL,AL,ynj2-r877,PSI_15,Abdominopelvic accidental puncture or laceration rate,Not Available,Not Available,Not Available,07/01/2022,06/30/2024
010018,CALLAHAN EYE HOSPITAL,AL,muwa-iene,PSI_90,CMS Medicare PSI 90: Patient safety and adverse events composite,0.989206,,,07/01/2022,06/30/2024
010018,CALLAHAN EYE HOSPITAL,AL,ynj2-r877,PSI_90,CMS Medicare PSI 90: Patient safety and adverse events composite,0.99,No Different Than the National Value,Not Applicable,07/01/2022,06/30/2024
010018,CALLAHAN EYE HOSPITAL,AL,632h-zaca,READM_30_AMI,Acute Myocardial Infarction (AMI) 30-Day Readmission Rate,Not Available,Not Available,Not Available,07/01/2021,06/30/2024
010018,CALLAHAN EYE HOSPITAL,AL,632h-zaca,READM_30_CABG,Rate of readmission for CABG,Not Available,Not Available,Not Available,07/01/2021,06/30/2024
010018,CALLAHAN EYE HOSPITAL,AL,632h-zaca,READM_30_COPD,Rate of readmission for chronic obstructive pulmonary disease (COPD) patients,Not Available,Not Available,Not Available,07/01/2021,06/30/2024
010018,CALLAHAN EYE HOSPITAL,AL,632h-zaca,READM_30_HF,Heart failure (HF) 30-Day Readmission Rate,Not Available,Not Available,Not Available,07/01/2021,06/30/2024
010018,CALLAHAN EYE HOSPITAL,AL,632h-zaca,READM_30_HIP_KNEE,Rate of readmission after hip/knee replacement,Not Available,Not Available,Not Available,07/01/2021,06/30/2024
010018,CALLAHAN EYE HOSPITAL,AL,632h-zaca,READM_30_PN,Pneumonia (PN) 30-Day Readmission Rate,Not Available,Not Available,Not Available,07/01/2021,06/30/2024
010019,HELEN KELLER HOSPITAL,AL,ynj2-r877,COMP_HIP_KNEE,Rate of complications for hip/knee replacement patients,4.5,No Different Than the National Rate,33,04/01/2021,03/31/2024
010019,HELEN KELLER HOSPITAL,AL,632h-zaca,EDAC_30_AMI,Hospital return days for heart attack patients,Not Available,Number of Cases Too Small,Not Available,07/01/2021,06/30/2024
010019,HELEN KELLER HOSPITAL,AL,632h-zaca,EDAC_30_HF,Hospital return days for heart failure patients,-16.1,Fewer Days Than Average per 100 Discharges,255,07/01/2021,06/30/2024
010019,HELEN KELLER HOSPITAL,AL,632h-zaca,EDAC_30_PN,Hospital return days for pneumonia patients,19.8,More Days Than Average per 100 Discharges,235,07/01/2021,06/30/2024
010019,HELEN KELLER HOSPITAL,AL,77hc-ibv8,HAI_1_CILOWER,Central Line Associated Bloodstream Infection (ICU + select Wards): Lower Confidence Limit,N/A,No Different than National Benchmark,,04/01/2024,03/31/2025
010019,HELEN KELLER HOSPITAL,AL,77hc-ibv8,HAI_1_CIUPPER,Central Line Associated Bloodstream Infection (ICU + select Wards): Upper Confidence Limit,2.348,No Different than National Benchmark,,04/01/2024,03/31/2025
010019,HELEN KELLER HOSPITAL,AL,77hc-ibv8,HAI_1_DOPC,Central Line Associated Bloodstream Infection: Number of Device Days,1613,No Different than National Benchmark,,04/01/2024,03/31/2025
010019,HELEN KELLER HOSPITAL,AL,77hc-ibv8,HAI_1_ELIGCASES,Central Line Associated Bloodstream Infection (ICU + select Wards): Predicted Cases,1.276,No Different than National Benchmark,,04/01/2024,03/31/2025
010019,HELEN KELLER HOSPITAL,AL,77hc-ibv8,HAI_1_NUMERATOR,Central Line Associated Bloodstream Infection (ICU + select Wards): Observed Cases,0,No Different than National Benchmark,,04/01/2024,03/31/2025
010019,HELEN KELLER HOSPITAL,AL,77hc-ibv8,HAI_1_SIR,Central Line Associated Bloodstream Infection (ICU + select Wards),0.000,No Different than National Benchmark,,04/01/2024,03/31/2025
010019,HELEN KELLER HOSPITAL,AL,77hc-ibv8,HAI_2_CILOWER,Catheter Associated Urinary Tract Infections (ICU + select Wards): Lower Confidence Limit,0.013,No Different than National Benchmark,,04/01/2024,03/31/2025
010019,HELEN KELLER HOSPITAL,AL,77hc-ibv8,HAI_2_CIUPPER,Catheter Associated Urinary Tract Infections (ICU + select Wards): Upper Confidence Limit,1.305,No Different than National Benchmark,,04/01/2024,03/31/2025
010019,HELEN KELLER HOSPITAL,AL,77hc-ibv8,HAI_2_DOPC,Catheter Associated Urinary Tract Infections (ICU + select Wards): Number of Urinary Catheter Days,4669,No Different than National Benchmark,,04/01/2024,03/31/2025
010019,HELEN KELLER HOSPITAL,AL,77hc-ibv8,HAI_2_ELIGCASES,Catheter Associated Urinary Tract Infections (ICU + select Wards): Predicted Cases,3.779,No Different than National Benchmark,,04/01/2024,03/31/2025
010019,HELEN KELLER HOSPITAL,AL,77hc-ibv8,HAI_2_NUMERATOR,Catheter Associated Urinary Tract Infections (ICU + select Wards): Observed Cases,1,No Different than National Benchmark,,04/01/2024,03/31/2025
010019,HELEN KELLER HOSPITAL,AL,77hc-ibv8,HAI_2_SIR,Catheter Associated Urinary Tract Infections (ICU + select Wards),0.265,No Different than National Benchmark,,04/01/2024,03/31/2025
010019,HELEN KELLER HOSPITAL,AL,77hc-ibv8,HAI_3_CILOWER,SSI - Colon Surgery: Lower Confidence Limit,0.584,No Different than National Benchmark,,04/01/2024,03/31/2025
010019,HELEN KELLER HOSPITAL,AL,77hc-ibv8,HAI_3_CIUPPER,SSI - Colon Surgery: Upper Confidence Limit,6.252,No Different than National Benchmark,,04/01/2024,03/31/2025
010019,HELEN KELLER HOSPITAL,AL,77hc-ibv8,HAI_3_DOPC,SSI - Colon Surgery: Number of Procedures,51,No Different than National Benchmark,,04/01/2024,03/31/2025
010019,HELEN KELLER HOSPITAL,AL,77hc-ibv8,HAI_3_ELIGCASES,SSI - Colon Surgery: Predicted Cases,1.306,No Different than National Benchmark,,04/01/2024,03/31/2025
010019,HELEN KELLER HOSPITAL,AL,77hc-ibv8,HAI_3_NUMERATOR,SSI - Colon Surgery: Observed Cases,3,No Different than National Benchmark,,04/01/2024,03/31/2025
010019,HELEN KELLER HOSPITAL,AL,77hc-ibv8,HAI_3_SIR,SSI - Colon Surgery,2.297,No Different than National Benchmark,,04/01/2024,03/31/2025
010019,HELEN KELLER HOSPITAL,AL,77hc-ibv8,HAI_4_CILOWER,SSI - Abdominal Hysterectomy: Lower Confidence Limit,Not Available,Not Available,,04/01/2024,03/31/2025
010019,HELEN KELLER HOSPITAL,AL,77hc-ibv8,HAI_4_CIUPPER,SSI - Abdominal Hysterectomy: Upper Confidence Limit,Not Available,Not Available,,04/01/2024,03/31/2025
010019,HELEN KELLER HOSPITAL,AL,77hc-ibv8,HAI_4_DOPC,SSI - Abdominal Hysterectomy: Number of Procedures,84,Not Available,,04/01/2024,03/31/2025
010019,HELEN KELLER HOSPITAL,AL,77hc-ibv8,HAI_4_ELIGCASES,SSI - Abdominal Hysterectomy: Predicted Cases,0.767,Not Available,,04/01/2024,03/31/2025
010019,HELEN KELLER HOSPITAL,AL,77hc-ibv8,HAI_4_NUMERATOR,SSI - Abdominal Hysterectomy: Observed Cases,2,Not Available,,04/01/2024,03/31/2025
010019,HELEN KELLER HOSPITAL,AL,77hc-ibv8,HAI_4_SIR,SSI - Abdominal Hysterectomy,Not Available,Not Available,,04/01/2024,03/31/2025
010019,HELEN KELLER HOSPITAL,AL,77hc-ibv8,HAI_5_CILOWER,MRSA Bacteremia: Lower Confidence Limit,N/A,No Different than National Benchmark,,04/01/2024,03/31/2025
010019,HELEN KELLER HOSPITAL,AL,77hc-ibv8,HAI_5_CIUPPER,MRSA Bacteremia: Upper Confidence Limit,2.480,No Different than National Benchmark,,04/01/2024,03/31/2025
010019,HELEN KELLER HOSPITAL,AL,77hc-ibv8,HAI_5_DOPC,MRSA Bacteremia: Patient Days,27556,No Different than National Benchmark,,04/01/2024,03/31/2025
010019,HELEN KELLER HOSPITAL,AL,77hc-ibv8,HAI_5_ELIGCASES,MRSA Bacteremia: Predicted Cases,1.208,No Different than National Benchmark,,04/01/2024,03/31/2025
010019,HELEN KELLER HOSPITAL,AL,77hc-ibv8,HAI_5_NUMERATOR,MRSA Bacteremia: Observed Cases,0,No Different than National Benchmark,,04/01/2024,03/31/2025
010019,HELEN KELLER HOSPITAL,AL,77hc-ibv8,HAI_5_SIR,MRSA Bacteremia,0.000,No Different than National Benchmark,,04/01/2024,03/31/2025
010019,HELEN KELLER HOSPITAL,AL,77hc-ibv8,HAI_6_CILOWER,Clostridium Difficile (C.Diff): Lower Confidence Limit,0.395,No Different than National Benchmark,,04/01/2024,03/31/2025
010019,HELEN KELLER HOSPITAL,AL,77hc-ibv8,HAI_6_CIUPPER,Clostridium Difficile (C.Diff): Upper Confidence Limit,1.485,No Different than National Benchmark,,04/01/2024,03/31/2025
010019,HELEN KELLER HOSPITAL,AL,77hc-ibv8,HAI_6_DOPC,Clostridium Difficile (C.Diff): Patient Days,25557,No Different than National Benchmark,,04/01/2024,03/31/2025
010019,HELEN KELLER HOSPITAL,AL,77hc-ibv8,HAI_6_ELIGCASES,Clostridium Difficile (C.Diff): Predicted Cases,11.125,No Different than National Benchmark,,04/01/2024,03/31/2025
010019,HELEN KELLER HOSPITAL,AL,77hc-ibv8,HAI_6_NUMERATOR,Clostridium Difficile (C.Diff): Observed Cases,9,No Different than National Benchmark,,04/01/2024,03/31/2025
010019,HELEN KELLER HOSPITAL,AL,77hc-ibv8,HAI_6_SIR,Clostridium Difficile (C.Diff),0.809,No Different than National Benchmark,,04/01/2024,03/31/2025
010019,HELEN KELLER HOSPITAL,AL,ynj2-r877,MORT_30_AMI,Death rate for heart attack patients,Not Available,Number of Cases Too Small,Not Available,07/01/2021,06/30/2024
010019,HELEN KELLER HOSPITAL,AL,ynj2-r877,MORT_30_CABG,Death rate for CABG surgery patients,Not Available,Not Available,Not Available,07/01/2021,06/30/2024
010019,HELEN KELLER HOSPITAL,AL,ynj2-r877,MORT_30_COPD,Death rate for COPD patients,8.6,No Different Than the National Rate,149,07/01/2021,06/30/2024
010019,HELEN KELLER HOSPITAL,AL,ynj2-r877,MORT_30_HF,Death rate for heart failure patients,18.5,Worse Than the National Rate,230,07/01/2021,06/30/2024
010019,HELEN KELLER HOSPITAL,AL,ynj2-r877,MORT_30_PN,Death rate for pneumonia patients,18.7,No Different Than the National Rate,228,07/01/2021,06/30/2024
010019,HELEN KELLER HOSPITAL,AL,ynj2-r877,MORT_30_STK,Death rate for stroke patients,13.3,No Different Than the National Rate,48,07/01/2021,06/30/2024
010019,HELEN KELLER HOSPITAL,AL,muwa-iene,PSI_03,Pressure ulcer rate,0.312706,,,07/01/2022,06/30/2024
010019,HELEN KELLER HOSPITAL,AL,ynj2-r877,PSI_03,Pressure ulcer rate,0.31,No Different Than the National Rate,2416,07/01/2022,06/30/2024
010019,HELEN KELLER HOSPITAL,AL,ynj2-r877,PSI_04,Death rate among surgical inpatients with serious treatable complications,Not Available,Number of Cases Too Small,Not Available,07/01/2022,06/30/2024
010019,HELEN KELLER HOSPITAL,AL,ynj2-r877,PSI_06,Iatrogenic pneumothorax rate,0.19,No Different Than the National Rate,2964,07/01/2022,06/30/2024
010019,HELEN KELLER HOSPITAL,AL,muwa-iene,PSI_06,Iatrogenic pneumothorax rate,0.189249,,,07/01/2022,06/30/2024
010019,HELEN KELLER HOSPITAL,AL,muwa-iene,PSI_08,In-hospital fall-associated fracture rate,0.289309,,,07/01/2022,06/30/2024
010019,HELEN KELLER HOSPITAL,AL,ynj2-r877,PSI_08,In-hospital fall-associated fracture rate,0.29,No Different Than the National Rate,2871,07/01/2022,06/30/2024
010019,HELEN KELLER HOSPITAL,AL,ynj2-r877,PSI_09,Postoperative hemorrhage or hematoma rate,2.83,No Different Than the National Rate,319,07/01/2022,06/30/2024
010019,HELEN KELLER HOSPITAL,AL,muwa-iene,PSI_09,Postoperative hemorrhage or hematoma rate,2.831079,,,07/01/2022,06/30/2024
010019,HELEN KELLER HOSPITAL,AL,muwa-iene,PSI_10,Postoperative acute kidney injury requiring dialysis rate,Not Available,,,07/01/2022,06/30/2024
010019,HELEN KELLER HOSPITAL,AL,ynj2-r877,PSI_10,Postoperative acute kidney injury requiring dialysis rate,Not Available,Number of Cases Too Small,Not Available,07/01/2022,06/30/2024
010019,HELEN KELLER HOSPITAL,AL,ynj2-r877,PSI_11,Postoperative respiratory failure rate,Not Available,Number of Cases Too Small,Not Available,07/01/2022,06/30/2024
010019,HELEN KELLER HOSPITAL,AL,muwa-iene,PSI_11,Postoperative respiratory failure rate,Not Available,,,07/01/2022,06/30/2024
010019,HELEN KELLER HOSPITAL,AL,ynj2-r877,PSI_12,Perioperative pulmonary embolism or deep vein thrombosis rate,3.93,No Different Than the National Rate,324,07/01/2022,06/30/2024
010019,HELEN KELLER HOSPITAL,AL,muwa-iene,PSI_12,Perioperative pulmonary embolism or deep vein thrombosis rate,3.927209,,,07/01/2022,06/30/2024
010019,HELEN KELLER HOSPITAL,AL,muwa-iene,PSI_13,Postoperative sepsis rate,Not Available,,,07/01/2022,06/30/2024
010019,HELEN KELLER HOSPITAL,AL,ynj2-r877,PSI_13,Postoperative sepsis rate,Not Available,Number of Cases Too Small,Not Available,07/01/2022,06/30/2024
010019,HELEN KELLER HOSPITAL,AL,ynj2-r877,PSI_14,Postoperative wound dehiscence rate,2.02,No Different Than the National Rate,108,07/01/2022,06/30/2024
010019,HELEN KELLER HOSPITAL,AL,muwa-iene,PSI_14,Postoperative wound dehiscence rate,2.024477,,,07/01/2022,06/30/2024
010019,HELEN KELLER HOSPITAL,AL,ynj2-r877,PSI_15,Abdominopelvic accidental puncture or laceration rate,0.94,No Different Than the National Rate,440,07/01/2022,06/30/2024
010019,HELEN KELLER HOSPITAL,AL,muwa-iene,PSI_15,Abdominopelvic accidental puncture or laceration rate,0.938249,,,07/01/2022,06/30/2024
010019,HELEN KELLER HOSPITAL,AL,muwa-iene,PSI_90,CMS Medicare PSI 90: Patient safety and adverse events composite,0.928615,,,07/01/2022,06/30/2024
010019,HELEN KELLER HOSPITAL,AL,ynj2-r877,PSI_90,CMS Medicare PSI 90: Patient safety and adverse events composite,0.93,No Different Than the National Value,Not Applicable,07/01/2022,06/30/2024
010019,HELEN KELLER HOSPITAL,AL,632h-zaca,READM_30_AMI,Acute Myocardial Infarction (AMI) 30-Day Readmission Rate,Not Available,Number of Cases Too Small,Not Available,07/01/2021,06/30/2024
010019,HELEN KELLER HOSPITAL,AL,632h-zaca,READM_30_CABG,Rate of readmission for CABG,Not Available,Not Available,Not Available,07/01/2021,06/30/2024
010019,HELEN KELLER HOSPITAL,AL,632h-zaca,READM_30_COPD,Rate of readmission for chronic obstructive pulmonary disease (COPD) patients,18.8,No Different Than the National Rate,169,07/01/2021,06/30/2024
010019,HELEN KELLER HOSPITAL,AL,632h-zaca,READM_30_HF,Heart failure (HF) 30-Day Readmission Rate,17.8,No Different Than the National Rate,255,07/01/2021,06/30/2024
010019,HELEN KELLER HOSPITAL,AL,632h-zaca,READM_30_HIP_KNEE,Rate of readmission after hip/knee replacement,5.8,No Different Than the National Rate,33,07/01/2021,06/30/2024
010019,HELEN KELLER HOSPITAL,AL,632h-zaca,READM_30_PN,Pneumonia (PN) 30-Day Readmission Rate,16.1,No Different Than the National Rate,235,07/01/2021,06/30/2024
010021,DALE MEDICAL CENTER,AL,ynj2-r877,COMP_HIP_KNEE,Rate of complications for hip/knee replacement patients,Not Available,Not Available,Not Available,04/01/2021,03/31/2024
010021,DALE MEDICAL CENTER,AL,632h-zaca,EDAC_30_AMI,Hospital return days for heart attack patients,Not Available,Number of Cases Too Small,Not Available,07/01/2021,06/30/2024
010021,DALE MEDICAL CENTER,AL,632h-zaca,EDAC_30_HF,Hospital return days for heart failure patients,Not Available,Number of Cases Too Small,Not Available,07/01/2021,06/30/2024
010021,DALE MEDICAL CENTER,AL,632h-zaca,EDAC_30_PN,Hospital return days for pneumonia patients,39.7,More Days Than Average per 100 Discharges,71,07/01/2021,06/30/2024
010021,DALE MEDICAL CENTER,AL,77hc-ibv8,HAI_1_CILOWER,Central Line Associated Bloodstream Infection (ICU + select Wards): Lower Confidence Limit,Not Available,Not Available,,04/01/2024,03/31/2025
010021,DALE MEDICAL CENTER,AL,77hc-ibv8,HAI_1_CIUPPER,Central Line Associated Bloodstream Infection (ICU + select Wards): Upper Confidence Limit,Not Available,Not Available,,04/01/2024,03/31/2025
010021,DALE MEDICAL CENTER,AL,77hc-ibv8,HAI_1_DOPC,Central Line Associated Bloodstream Infection: Number of Device Days,345,Not Available,,04/01/2024,03/31/2025
010021,DALE MEDICAL CENTER,AL,77hc-ibv8,HAI_1_ELIGCASES,Central Line Associated Bloodstream Infection (ICU + select Wards): Predicted Cases,0.211,Not Available,,04/01/2024,03/31/2025
010021,DALE MEDICAL CENTER,AL,77hc-ibv8,HAI_1_NUMERATOR,Central Line Associated Bloodstream Infection (ICU + select Wards): Observed Cases,1,Not Available,,04/01/2024,03/31/2025
010021,DALE MEDICAL CENTER,AL,77hc-ibv8,HAI_1_SIR,Central Line Associated Bloodstream Infection (ICU + select Wards),Not Available,Not Available,,04/01/2024,03/31/2025
010021,DALE MEDICAL CENTER,AL,77hc-ibv8,HAI_2_CILOWER,Catheter Associated Urinary Tract Infections (ICU + select Wards): Lower Confidence Limit,Not Available,Not Available,,04/01/2024,03/31/2025
010021,DALE MEDICAL CENTER,AL,77hc-ibv8,HAI_2_CIUPPER,Catheter Associated Urinary Tract Infections (ICU + select Wards): Upper Confidence Limit,Not Available,Not Available,,04/01/2024,03/31/2025
010021,DALE MEDICAL CENTER,AL,77hc-ibv8,HAI_2_DOPC,Catheter Associated Urinary Tract Infections (ICU + select Wards): Number of Urinary Catheter Days,755,Not Available,,04/01/2024,03/31/2025
010021,DALE MEDICAL CENTER,AL,77hc-ibv8,HAI_2_ELIGCASES,Catheter Associated Urinary Tract Infections (ICU + select Wards): Predicted Cases,0.388,Not Available,,04/01/2024,03/31/2025
010021,DALE MEDICAL CENTER,AL,77hc-ibv8,HAI_2_NUMERATOR,Catheter Associated Urinary Tract Infections (ICU + select Wards): Observed Cases,0,Not Available,,04/01/2024,03/31/2025
010021,DALE MEDICAL CENTER,AL,77hc-ibv8,HAI_2_SIR,Catheter Associated Urinary Tract Infections (ICU + select Wards),Not Available,Not Available,,04/01/2024,03/31/2025
010021,DALE MEDICAL CENTER,AL,77hc-ibv8,HAI_3_CILOWER,SSI - Colon Surgery: Lower Confidence Limit,Not Available,Not Available,,04/01/2024,03/31/2025
010021,DALE MEDICAL CENTER,AL,77hc-ibv8,HAI_3_CIUPPER,SSI - Colon Surgery: Upper Confidence Limit,Not Available,Not Available,,04/01/2024,03/31/2025
010021,DALE MEDICAL CENTER,AL,77hc-ibv8,HAI_3_DOPC,SSI - Colon Surgery: Number of Procedures,3,Not Available,,04/01/2024,03/31/2025
010021,DALE MEDICAL CENTER,AL,77hc-ibv8,HAI_3_ELIGCASES,SSI - Colon Surgery: Predicted Cases,0.076,Not Available,,04/01/2024,03/31/2025
010021,DALE MEDICAL CENTER,AL,77hc-ibv8,HAI_3_NUMERATOR,SSI - Colon Surgery: Observed Cases,0,Not Available,,04/01/2024,03/31/2025
010021,DALE MEDICAL CENTER,AL,77hc-ibv8,HAI_3_SIR,SSI - Colon Surgery,Not Available,Not Available,,04/01/2024,03/31/2025
010021,DALE MEDICAL CENTER,AL,77hc-ibv8,HAI_4_CILOWER,SSI - Abdominal Hysterectomy: Lower Confidence Limit,Not Available,Not Available,,04/01/2024,03/31/2025
010021,DALE MEDICAL CENTER,AL,77hc-ibv8,HAI_4_CIUPPER,SSI - Abdominal Hysterectomy: Upper Confidence Limit,Not Available,Not Available,,04/01/2024,03/31/2025
010021,DALE MEDICAL CENTER,AL,77hc-ibv8,HAI_4_DOPC,SSI - Abdominal Hysterectomy: Number of Procedures,Not Available,Not Available,,04/01/2024,03/31/2025
010021,DALE MEDICAL CENTER,AL,77hc-ibv8,HAI_4_ELIGCASES,SSI - Abdominal Hysterectomy: Predicted Cases,Not Available,Not Available,,04/01/2024,03/31/2025
010021,DALE MEDICAL CENTER,AL,77hc-ibv8,HAI_4_NUMERATOR,SSI - Abdominal Hysterectomy: Observed Cases,Not Available,Not Available,,04/01/2024,03/31/2025
010021,DALE MEDICAL CENTER,AL,77hc-ibv8,HAI_4_SIR,SSI - Abdominal Hysterectomy,Not Available,Not Available,,04/01/2024,03/31/2025
010021,DALE MEDICAL CENTER,AL,77hc-ibv8,HAI_5_CILOWER,MRSA Bacteremia: Lower Confidence Limit,Not Available,Not Available,,04/01/2024,03/31/2025
010021,DALE MEDICAL CENTER,AL,77hc-ibv8,HAI_5_CIUPPER,MRSA Bacteremia: Upper Confidence Limit,Not Available,Not Available,,04/01/2024,03/31/2025
010021,DALE MEDICAL CENTER,AL,77hc-ibv8,HAI_5_DOPC,MRSA Bacteremia: Patient Days,4793,Not Available,,04/01/2024,03/31/2025
010021,DALE MEDICAL CENTER,AL,77hc-ibv8,HAI_5_ELIGCASES,MRSA Bacteremia: Predicted Cases,0.151,Not Available,,04/01/2024,03/31/2025
010021,DALE MEDICAL CENTER,AL,77hc-ibv8,HAI_5_NUMERATOR,MRSA Bacteremia: Observed Cases,1,Not Available,,04/01/2024,03/31/2025
010021,DALE MEDICAL CENTER,AL,77hc-ibv8,HAI_5_SIR,MRSA Bacteremia,Not Available,Not Available,,04/01/2024,03/31/2025
010021,DALE MEDICAL CENTER,AL,77hc-ibv8,HAI_6_CILOWER,Clostridium Difficile (C.Diff): Lower Confidence Limit,0.021,No Different than National Benchmark,,04/01/2024,03/31/2025
010021,DALE MEDICAL CENTER,AL,77hc-ibv8,HAI_6_CIUPPER,Clostridium Difficile (C.Diff): Upper Confidence Limit,2.082,No Different than National Benchmark,,04/01/2024,03/31/2025
010021,DALE MEDICAL CENTER,AL,77hc-ibv8,HAI_6_DOPC,Clostridium Difficile (C.Diff): Patient Days,4793,No Different than National Benchmark,,04/01/2024,03/31/2025
010021,DALE MEDICAL CENTER,AL,77hc-ibv8,HAI_6_ELIGCASES,Clostridium Difficile (C.Diff): Predicted Cases,2.369,No Different than National Benchmark,,04/01/2024,03/31/2025
010021,DALE MEDICAL CENTER,AL,77hc-ibv8,HAI_6_NUMERATOR,Clostridium Difficile (C.Diff): Observed Cases,1,No Different than National Benchmark,,04/01/2024,03/31/2025
010021,DALE MEDICAL CENTER,AL,77hc-ibv8,HAI_6_SIR,Clostridium Difficile (C.Diff),0.422,No Different than National Benchmark,,04/01/2024,03/31/2025
010021,DALE MEDICAL CENTER,AL,ynj2-r877,MORT_30_AMI,Death rate for heart attack patients,Not Available,Number of Cases Too Small,Not Available,07/01/2021,06/30/2024
010021,DALE MEDICAL CENTER,AL,ynj2-r877,MORT_30_CABG,Death rate for CABG surgery patients,Not Available,Not Available,Not Available,07/01/2021,06/30/2024
010021,DALE MEDICAL CENTER,AL,ynj2-r877,MORT_30_COPD,Death rate for COPD patients,Not Available,Number of Cases Too Small,Not Available,07/01/2021,06/30/2024
010021,DALE MEDICAL CENTER,AL,ynj2-r877,MORT_30_HF,Death rate for heart failure patients,Not Available,Number of Cases Too Small,Not Available,07/01/2021,06/30/2024
010021,DALE MEDICAL CENTER,AL,ynj2-r877,MORT_30_PN,Death rate for pneumonia patients,16,No Different Than the National Rate,72,07/01/2021,06/30/2024
010021,DALE MEDICAL CENTER,AL,ynj2-r877,MORT_30_STK,Death rate for stroke patients,Not Available,Number of Cases Too Small,Not Available,07/01/2021,06/30/2024
010021,DALE MEDICAL CENTER,AL,muwa-iene,PSI_03,Pressure ulcer rate,0.561237,,,07/01/2022,06/30/2024
010021,DALE MEDICAL CENTER,AL,ynj2-r877,PSI_03,Pressure ulcer rate,0.56,No Different Than the National Rate,304,07/01/2022,06/30/2024
010021,DALE MEDICAL CENTER,AL,ynj2-r877,PSI_04,Death rate among surgical inpatients with serious treatable complications,Not Available,Number of Cases Too Small,Not Available,07/01/2022,06/30/2024
010021,DALE MEDICAL CENTER,AL,ynj2-r877,PSI_06,Iatrogenic pneumothorax rate,0.21,No Different Than the National Rate,381,07/01/2022,06/30/2024
010021,DALE MEDICAL CENTER,AL,muwa-iene,PSI_06,Iatrogenic pneumothorax rate,0.206421,,,07/01/2022,06/30/2024
010021,DALE MEDICAL CENTER,AL,muwa-iene,PSI_08,In-hospital fall-associated fracture rate,0.268574,,,07/01/2022,06/30/2024
010021,DALE MEDICAL CENTER,AL,ynj2-r877,PSI_08,In-hospital fall-associated fracture rate,0.27,No Different Than the National Rate,391,07/01/2022,06/30/2024
010021,DALE MEDICAL CENTER,AL,ynj2-r877,PSI_09,Postoperative hemorrhage or hematoma rate,2.33,No Different Than the National Rate,27,07/01/2022,06/30/2024
010021,DALE MEDICAL CENTER,AL,muwa-iene,PSI_09,Postoperative hemorrhage or hematoma rate,2.326470,,,07/01/2022,06/30/2024
010021,DALE MEDICAL CENTER,AL,muwa-iene,PSI_10,Postoperative acute kidney injury requiring dialysis rate,Not Available,,,07/01/2022,06/30/2024
010021,DALE MEDICAL CENTER,AL,ynj2-r877,PSI_10,Postoperative acute kidney injury requiring dialysis rate,Not Available,Number of Cases Too Small,Not Available,07/01/2022,06/30/2024
010021,DALE MEDICAL CENTER,AL,ynj2-r877,PSI_11,Postoperative respiratory failure rate,16.47,No Different Than the National Rate,26,07/01/2022,06/30/2024
010021,DALE MEDICAL CENTER,AL,muwa-iene,PSI_11,Postoperative respiratory failure rate,16.474897,,,07/01/2022,06/30/2024
010021,DALE MEDICAL CENTER,AL,ynj2-r877,PSI_12,Perioperative pulmonary embolism or deep vein thrombosis rate,3.47,No Different Than the National Rate,27,07/01/2022,06/30/2024
010021,DALE MEDICAL CENTER,AL,muwa-iene,PSI_12,Perioperative pulmonary embolism or deep vein thrombosis rate,3.470121,,,07/01/2022,06/30/2024
010021,DALE MEDICAL CENTER,AL,muwa-iene,PSI_13,Postoperative sepsis rate,Not Available,,,07/01/2022,06/30/2024
010021,DALE MEDICAL CENTER,AL,ynj2-r877,PSI_13,Postoperative sepsis rate,Not Available,Number of Cases Too Small,Not Available,07/01/2022,06/30/2024
010021,DALE MEDICAL CENTER,AL,muwa-iene,PSI_14,Postoperative wound dehiscence rate,Not Available,,,07/01/2022,06/30/2024
010021,DALE MEDICAL CENTER,AL,ynj2-r877,PSI_14,Postoperative wound dehiscence rate,Not Available,Number of Cases Too Small,Not Available,07/01/2022,06/30/2024
010021,DALE MEDICAL CENTER,AL,ynj2-r877,PSI_15,Abdominopelvic accidental puncture or laceration rate,1.04,No Different Than the National Rate,35,07/01/2022,06/30/2024
010021,DALE MEDICAL CENTER,AL,muwa-iene,PSI_15,Abdominopelvic accidental puncture or laceration rate,1.037070,,,07/01/2022,06/30/2024
010021,DALE MEDICAL CENTER,AL,ynj2-r877,PSI_90,CMS Medicare PSI 90: Patient safety and adverse events composite,1.16,No Different Than the National Value,Not Applicable,07/01/2022,06/30/2024
010021,DALE MEDICAL CENTER,AL,muwa-iene,PSI_90,CMS Medicare PSI 90: Patient safety and adverse events composite,1.155593,,,07/01/2022,06/30/2024
010021,DALE MEDICAL CENTER,AL,632h-zaca,READM_30_AMI,Acute Myocardial Infarction (AMI) 30-Day Readmission Rate,Not Available,Number of Cases Too Small,Not Available,07/01/2021,06/30/2024
010021,DALE MEDICAL CENTER,AL,632h-zaca,READM_30_CABG,Rate of readmission for CABG,Not Available,Not Available,Not Available,07/01/2021,06/30/2024
010021,DALE MEDICAL CENTER,AL,632h-zaca,READM_30_COPD,Rate of readmission for chronic obstructive pulmonary disease (COPD) patients,Not Available,Number of Cases Too Small,Not Available,07/01/2021,06/30/2024
010021,DALE MEDICAL CENTER,AL,632h-zaca,READM_30_HF,Heart failure (HF) 30-Day Readmission Rate,Not Available,Number of Cases Too Small,Not Available,07/01/2021,06/30/2024
010021,DALE MEDICAL CENTER,AL,632h-zaca,READM_30_HIP_KNEE,Rate of readmission after hip/knee replacement,Not Available,Not Available,Not Available,07/01/2021,06/30/2024
010021,DALE MEDICAL CENTER,AL,632h-zaca,READM_30_PN,Pneumonia (PN) 30-Day Readmission Rate,16,No Different Than the National Rate,71,07/01/2021,06/30/2024
010022,FLOYD CHEROKEE MEDICAL CENTER,AL,ynj2-r877,COMP_HIP_KNEE,Rate of complications for hip/knee replacement patients,Not Available,Not Available,Not Available,04/01/2021,03/31/2024
010022,FLOYD CHEROKEE MEDICAL CENTER,AL,632h-zaca,EDAC_30_AMI,Hospital return days for heart attack patients,Not Available,Not Available,Not Available,07/01/2021,06/30/2024
010022,FLOYD CHEROKEE MEDICAL CENTER,AL,632h-zaca,EDAC_30_HF,Hospital return days for heart failure patients,Not Available,Number of Cases Too Small,Not Available,07/01/2021,06/30/2024
010022,FLOYD CHEROKEE MEDICAL CENTER,AL,632h-zaca,EDAC_30_PN,Hospital return days for pneumonia patients,-5.8,Average Days per 100 Discharges,29,07/01/2021,06/30/2024
010022,FLOYD CHEROKEE MEDICAL CENTER,AL,77hc-ibv8,HAI_1_CILOWER,Central Line Associated Bloodstream Infection (ICU + select Wards): Lower Confidence Limit,Not Available,Not Available,,04/01/2024,03/31/2025
010022,FLOYD CHEROKEE MEDICAL CENTER,AL,77hc-ibv8,HAI_1_CIUPPER,Central Line Associated Bloodstream Infection (ICU + select Wards): Upper Confidence Limit,Not Available,Not Available,,04/01/2024,03/31/2025
010022,FLOYD CHEROKEE MEDICAL CENTER,AL,77hc-ibv8,HAI_1_DOPC,Central Line Associated Bloodstream Infection: Number of Device Days,7,Not Available,,04/01/2024,03/31/2025
010022,FLOYD CHEROKEE MEDICAL CENTER,AL,77hc-ibv8,HAI_1_ELIGCASES,Central Line Associated Bloodstream Infection (ICU + select Wards): Predicted Cases,0.006,Not Available,,04/01/2024,03/31/2025
010022,FLOYD CHEROKEE MEDICAL CENTER,AL,77hc-ibv8,HAI_1_NUMERATOR,Central Line Associated Bloodstream Infection (ICU + select Wards): Observed Cases,0,Not Available,,04/01/2024,03/31/2025
010022,FLOYD CHEROKEE MEDICAL CENTER,AL,77hc-ibv8,HAI_1_SIR,Central Line Associated Bloodstream Infection (ICU + select Wards),Not Available,Not Available,,04/01/2024,03/31/2025
010022,FLOYD CHEROKEE MEDICAL CENTER,AL,77hc-ibv8,HAI_2_CILOWER,Catheter Associated Urinary Tract Infections (ICU + select Wards): Lower Confidence Limit,Not Available,Not Available,,04/01/2024,03/31/2025
010022,FLOYD CHEROKEE MEDICAL CENTER,AL,77hc-ibv8,HAI_2_CIUPPER,Catheter Associated Urinary Tract Infections (ICU + select Wards): Upper Confidence Limit,Not Available,Not Available,,04/01/2024,03/31/2025
010022,FLOYD CHEROKEE MEDICAL CENTER,AL,77hc-ibv8,HAI_2_DOPC,Catheter Associated Urinary Tract Infections (ICU + select Wards): Number of Urinary Catheter Days,142,Not Available,,04/01/2024,03/31/2025
010022,FLOYD CHEROKEE MEDICAL CENTER,AL,77hc-ibv8,HAI_2_ELIGCASES,Catheter Associated Urinary Tract Infections (ICU + select Wards): Predicted Cases,0.101,Not Available,,04/01/2024,03/31/2025
010022,FLOYD CHEROKEE MEDICAL CENTER,AL,77hc-ibv8,HAI_2_NUMERATOR,Catheter Associated Urinary Tract Infections (ICU + select Wards): Observed Cases,0,Not Available,,04/01/2024,03/31/2025
010022,FLOYD CHEROKEE MEDICAL CENTER,AL,77hc-ibv8,HAI_2_SIR,Catheter Associated Urinary Tract Infections (ICU + select Wards),Not Available,Not Available,,04/01/2024,03/31/2025
010022,FLOYD CHEROKEE MEDICAL CENTER,AL,77hc-ibv8,HAI_3_CILOWER,SSI - Colon Surgery: Lower Confidence Limit,Not Available,Not Available,,04/01/2024,03/31/2025
010022,FLOYD CHEROKEE MEDICAL CENTER,AL,77hc-ibv8,HAI_3_CIUPPER,SSI - Colon Surgery: Upper Confidence Limit,Not Available,Not Available,,04/01/2024,03/31/2025
010022,FLOYD CHEROKEE MEDICAL CENTER,AL,77hc-ibv8,HAI_3_DOPC,SSI - Colon Surgery: Number of Procedures,Not Available,Not Available,,04/01/2024,03/31/2025
010022,FLOYD CHEROKEE MEDICAL CENTER,AL,77hc-ibv8,HAI_3_ELIGCASES,SSI - Colon Surgery: Predicted Cases,Not Available,Not Available,,04/01/2024,03/31/2025
010022,FLOYD CHEROKEE MEDICAL CENTER,AL,77hc-ibv8,HAI_3_NUMERATOR,SSI - Colon Surgery: Observed Cases,Not Available,Not Available,,04/01/2024,03/31/2025
010022,FLOYD CHEROKEE MEDICAL CENTER,AL,77hc-ibv8,HAI_3_SIR,SSI - Colon Surgery,Not Available,Not Available,,04/01/2024,03/31/2025
010022,FLOYD CHEROKEE MEDICAL CENTER,AL,77hc-ibv8,HAI_4_CILOWER,SSI - Abdominal Hysterectomy: Lower Confidence Limit,Not Available,Not Available,,04/01/2024,03/31/2025
010022,FLOYD CHEROKEE MEDICAL CENTER,AL,77hc-ibv8,HAI_4_CIUPPER,SSI - Abdominal Hysterectomy: Upper Confidence Limit,Not Available,Not Available,,04/01/2024,03/31/2025
010022,FLOYD CHEROKEE MEDICAL CENTER,AL,77hc-ibv8,HAI_4_DOPC,SSI - Abdominal Hysterectomy: Number of Procedures,Not Available,Not Available,,04/01/2024,03/31/2025
010022,FLOYD CHEROKEE MEDICAL CENTER,AL,77hc-ibv8,HAI_4_ELIGCASES,SSI - Abdominal Hysterectomy: Predicted Cases,Not Available,Not Available,,04/01/2024,03/31/2025
010022,FLOYD CHEROKEE MEDICAL CENTER,AL,77hc-ibv8,HAI_4_NUMERATOR,SSI - Abdominal Hysterectomy: Observed Cases,Not Available,Not Available,,04/01/2024,03/31/2025
010022,FLOYD CHEROKEE MEDICAL CENTER,AL,77hc-ibv8,HAI_4_SIR,SSI - Abdominal Hysterectomy,Not Available,Not Available,,04/01/2024,03/31/2025
010022,FLOYD CHEROKEE MEDICAL CENTER,AL,77hc-ibv8,HAI_5_CILOWER,MRSA Bacteremia: Lower Confidence Limit,Not Available,Not Available,,04/01/2024,03/31/2025
010022,FLOYD CHEROKEE MEDICAL CENTER,AL,77hc-ibv8,HAI_5_CIUPPER,MRSA Bacteremia: Upper Confidence Limit,Not Available,Not Available,,04/01/2024,03/31/2025
010022,FLOYD CHEROKEE MEDICAL CENTER,AL,77hc-ibv8,HAI_5_DOPC,MRSA Bacteremia: Patient Days,5701,Not Available,,04/01/2024,03/31/2025
010022,FLOYD CHEROKEE MEDICAL CENTER,AL,77hc-ibv8,HAI_5_ELIGCASES,MRSA Bacteremia: Predicted Cases,0.157,Not Available,,04/01/2024,03/31/2025
010022,FLOYD CHEROKEE MEDICAL CENTER,AL,77hc-ibv8,HAI_5_NUMERATOR,MRSA Bacteremia: Observed Cases,0,Not Available,,04/01/2024,03/31/2025
010022,FLOYD CHEROKEE MEDICAL CENTER,AL,77hc-ibv8,HAI_5_SIR,MRSA Bacteremia,Not Available,Not Available,,04/01/2024,03/31/2025
010022,FLOYD CHEROKEE MEDICAL CENTER,AL,77hc-ibv8,HAI_6_CILOWER,Clostridium Difficile (C.Diff): Lower Confidence Limit,N/A,No Different than National Benchmark,,04/01/2024,03/31/2025
010022,FLOYD CHEROKEE MEDICAL CENTER,AL,77hc-ibv8,HAI_6_CIUPPER,Clostridium Difficile (C.Diff): Upper Confidence Limit,2.449,No Different than National Benchmark,,04/01/2024,03/31/2025
010022,FLOYD CHEROKEE MEDICAL CENTER,AL,77hc-ibv8,HAI_6_DOPC,Clostridium Difficile (C.Diff): Patient Days,5701,No Different than National Benchmark,,04/01/2024,03/31/2025
010022,FLOYD CHEROKEE MEDICAL CENTER,AL,77hc-ibv8,HAI_6_ELIGCASES,Clostridium Difficile (C.Diff): Predicted Cases,1.223,No Different than National Benchmark,,04/01/2024,03/31/2025
010022,FLOYD CHEROKEE MEDICAL CENTER,AL,77hc-ibv8,HAI_6_NUMERATOR,Clostridium Difficile (C.Diff): Observed Cases,0,No Different than National Benchmark,,04/01/2024,03/31/2025
010022,FLOYD CHEROKEE MEDICAL CENTER,AL,77hc-ibv8,HAI_6_SIR,Clostridium Difficile (C.Diff),0.000,No Different than National Benchmark,,04/01/2024,03/31/2025
010022,FLOYD CHEROKEE MEDICAL CENTER,AL,ynj2-r877,MORT_30_AMI,Death rate for heart attack patients,Not Available,Not Available,Not Available,07/01/2021,06/30/2024
010022,FLOYD CHEROKEE MEDICAL CENTER,AL,ynj2-r877,MORT_30_CABG,Death rate for CABG surgery patients,Not Available,Not Available,Not Available,07/01/2021,06/30/2024
010022,FLOYD CHEROKEE MEDICAL CENTER,AL,ynj2-r877,MORT_30_COPD,Death rate for COPD patients,Not Available,Number of Cases Too Small,Not Available,07/01/2021,06/30/2024
010022,FLOYD CHEROKEE MEDICAL CENTER,AL,ynj2-r877,MORT_30_HF,Death rate for heart failure patients,Not Available,Number of Cases Too Small,Not Available,07/01/2021,06/30/2024
010022,FLOYD CHEROKEE MEDICAL CENTER,AL,ynj2-r877,MORT_30_PN,Death rate for pneumonia patients,Not Available,Number of Cases Too Small,Not Available,07/01/2021,06/30/2024
010022,FLOYD CHEROKEE MEDICAL CENTER,AL,ynj2-r877,MORT_30_STK,Death rate for stroke patients,Not Available,Not Available,Not Available,07/01/2021,06/30/2024
010022,FLOYD CHEROKEE MEDICAL CENTER,AL,muwa-iene,PSI_03,Pressure ulcer rate,0.603050,,,07/01/2022,06/30/2024
010022,FLOYD CHEROKEE MEDICAL CENTER,AL,ynj2-r877,PSI_03,Pressure ulcer rate,0.60,No Different Than the National Rate,237,07/01/2022,06/30/2024
010022,FLOYD CHEROKEE MEDICAL CENTER,AL,ynj2-r877,PSI_04,Death rate among surgical inpatients with serious treatable complications,Not Available,Not Available,Not Available,07/01/2022,06/30/2024
010022,FLOYD CHEROKEE MEDICAL CENTER,AL,ynj2-r877,PSI_06,Iatrogenic pneumothorax rate,0.21,No Different Than the National Rate,276,07/01/2022,06/30/2024
010022,FLOYD CHEROKEE MEDICAL CENTER,AL,muwa-iene,PSI_06,Iatrogenic pneumothorax rate,0.209340,,,07/01/2022,06/30/2024
010022,FLOYD CHEROKEE MEDICAL CENTER,AL,muwa-iene,PSI_08,In-hospital fall-associated fracture rate,0.270431,,,07/01/2022,06/30/2024
010022,FLOYD CHEROKEE MEDICAL CENTER,AL,ynj2-r877,PSI_08,In-hospital fall-associated fracture rate,0.27,No Different Than the National Rate,278,07/01/2022,06/30/2024
010022,FLOYD CHEROKEE MEDICAL CENTER,AL,ynj2-r877,PSI_09,Postoperative hemorrhage or hematoma rate,Not Available,Not Available,Not Available,07/01/2022,06/30/2024
010022,FLOYD CHEROKEE MEDICAL CENTER,AL,muwa-iene,PSI_09,Postoperative hemorrhage or hematoma rate,Not Available,,,07/01/2022,06/30/2024
010022,FLOYD CHEROKEE MEDICAL CENTER,AL,muwa-iene,PSI_10,Postoperative acute kidney injury requiring dialysis rate,Not Available,,,07/01/2022,06/30/2024
010022,FLOYD CHEROKEE MEDICAL CENTER,AL,ynj2-r877,PSI_10,Postoperative acute kidney injury requiring dialysis rate,Not Available,Not Available,Not Available,07/01/2022,06/30/2024
010022,FLOYD CHEROKEE MEDICAL CENTER,AL,ynj2-r877,PSI_11,Postoperative respiratory failure rate,Not Available,Not Available,Not Available,07/01/2022,06/30/2024
010022,FLOYD CHEROKEE MEDICAL CENTER,AL,muwa-iene,PSI_11,Postoperative respiratory failure rate,Not Available,,,07/01/2022,06/30/2024
010022,FLOYD CHEROKEE MEDICAL CENTER,AL,ynj2-r877,PSI_12,Perioperative pulmonary embolism or deep vein thrombosis rate,Not Available,Not Available,Not Available,07/01/2022,06/30/2024
010022,FLOYD CHEROKEE MEDICAL CENTER,AL,muwa-iene,PSI_12,Perioperative pulmonary embolism or deep vein thrombosis rate,Not Available,,,07/01/2022,06/30/2024
010022,FLOYD CHEROKEE MEDICAL CENTER,AL,muwa-iene,PSI_13,Postoperative sepsis rate,Not Available,,,07/01/2022,06/30/2024
010022,FLOYD CHEROKEE MEDICAL CENTER,AL,ynj2-r877,PSI_13,Postoperative sepsis rate,Not Available,Not Available,Not Available,07/01/2022,06/30/2024
010022,FLOYD CHEROKEE MEDICAL CENTER,AL,ynj2-r877,PSI_14,Postoperative wound dehiscence rate,Not Available,Not Available,Not Available,07/01/2022,06/30/2024
010022,FLOYD CHEROKEE MEDICAL CENTER,AL,muwa-iene,PSI_14,Postoperative wound dehiscence rate,Not Available,,,07/01/2022,06/30/2024
010022,FLOYD CHEROKEE MEDICAL CENTER,AL,ynj2-r877,PSI_15,Abdominopelvic accidental puncture or laceration rate,Not Available,Not Available,Not Available,07/01/2022,06/30/2024
010022,FLOYD CHEROKEE MEDICAL CENTER,AL,muwa-iene,PSI_15,Abdominopelvic accidental puncture or laceration rate,Not Available,,,07/01/2022,06/30/2024
010022,FLOYD CHEROKEE MEDICAL CENTER,AL,muwa-iene,PSI_90,CMS Medicare PSI 90: Patient safety and adverse events composite,Not Available,,,07/01/2022,06/30/2024
010022,FLOYD CHEROKEE MEDICAL CENTER,AL,ynj2-r877,PSI_90,CMS Medicare PSI 90: Patient safety and adverse events composite,Not Available,Not Available,Not Applicable,07/01/2022,06/30/2024
010022,FLOYD CHEROKEE MEDICAL CENTER,AL,632h-zaca,READM_30_AMI,Acute Myocardial Infarction (AMI) 30-Day Readmission Rate,Not Available,Not Available,Not Available,07/01/2021,06/30/2024
010022,FLOYD CHEROKEE MEDICAL CENTER,AL,632h-zaca,READM_30_CABG,Rate of readmission for CABG,Not Available,Not Available,Not Available,07/01/2021,06/30/2024
010022,FLOYD CHEROKEE MEDICAL CENTER,AL,632h-zaca,READM_30_COPD,Rate of readmission for chronic obstructive pulmonary disease (COPD) patients,Not Available,Number of Cases Too Small,Not Available,07/01/2021,06/30/2024
010022,FLOYD CHEROKEE MEDICAL CENTER,AL,632h-zaca,READM_30_HF,Heart failure (HF) 30-Day Readmission Rate,Not Available,Number of Cases Too Small,Not Available,07/01/2021,06/30/2024
010022,FLOYD CHEROKEE MEDICAL CENTER,AL,632h-zaca,READM_30_HIP_KNEE,Rate of readmission after hip/knee replacement,Not Available,Not Available,Not Available,07/01/2021,06/30/2024
010022,FLOYD CHEROKEE MEDICAL CENTER,AL,632h-zaca,READM_30_PN,Pneumonia (PN) 30-Day Readmission Rate,15.5,No Different Than the National Rate,29,07/01/2021,06/30/2024
010023,BAPTIST MEDICAL CENTER SOUTH,AL,ynj2-r877,COMP_HIP_KNEE,Rate of complications for hip/knee replacement patients,4.3,No Different Than the National Rate,72,04/01/2021,03/31/2024
010023,BAPTIST MEDICAL CENTER SOUTH,AL,632h-zaca,EDAC_30_AMI,Hospital return days for heart attack patients,-0.1,Average Days per 100 Discharges,186,07/01/2021,06/30/2024
010023,BAPTIST MEDICAL CENTER SOUTH,AL,632h-zaca,EDAC_30_HF,Hospital return days for heart failure patients,23.4,More Days Than Average per 100 Discharges,289,07/01/2021,06/30/2024
010023,BAPTIST MEDICAL CENTER SOUTH,AL,632h-zaca,EDAC_30_PN,Hospital return days for pneumonia patients,41.9,More Days Than Average per 100 Discharges,162,07/01/2021,06/30/2024
010023,BAPTIST MEDICAL CENTER SOUTH,AL,77hc-ibv8,HAI_1_CILOWER,Central Line Associated Bloodstream Infection (ICU + select Wards): Lower Confidence Limit,0.563,No Different than National Benchmark,,04/01/2024,03/31/2025
010023,BAPTIST MEDICAL CENTER SOUTH,AL,77hc-ibv8,HAI_1_CIUPPER,Central Line Associated Bloodstream Infection (ICU + select Wards): Upper Confidence Limit,1.427,No Different than National Benchmark,,04/01/2024,03/31/2025
010023,BAPTIST MEDICAL CENTER SOUTH,AL,77hc-ibv8,HAI_1_DOPC,Central Line Associated Bloodstream Infection: Number of Device Days,16933,No Different than National Benchmark,,04/01/2024,03/31/2025
010023,BAPTIST MEDICAL CENTER SOUTH,AL,77hc-ibv8,HAI_1_ELIGCASES,Central Line Associated Bloodstream Infection (ICU + select Wards): Predicted Cases,19.544,No Different than National Benchmark,,04/01/2024,03/31/2025
010023,BAPTIST MEDICAL CENTER SOUTH,AL,77hc-ibv8,HAI_1_NUMERATOR,Central Line Associated Bloodstream Infection (ICU + select Wards): Observed Cases,18,No Different than National Benchmark,,04/01/2024,03/31/2025
010023,BAPTIST MEDICAL CENTER SOUTH,AL,77hc-ibv8,HAI_1_SIR,Central Line Associated Bloodstream Infection (ICU + select Wards),0.921,No Different than National Benchmark,,04/01/2024,03/31/2025
010023,BAPTIST MEDICAL CENTER SOUTH,AL,77hc-ibv8,HAI_2_CILOWER,Catheter Associated Urinary Tract Infections (ICU + select Wards): Lower Confidence Limit,0.459,No Different than National Benchmark,,04/01/2024,03/31/2025
010023,BAPTIST MEDICAL CENTER SOUTH,AL,77hc-ibv8,HAI_2_CIUPPER,Catheter Associated Urinary Tract Infections (ICU + select Wards): Upper Confidence Limit,1.027,No Different than National Benchmark,,04/01/2024,03/31/2025
010023,BAPTIST MEDICAL CENTER SOUTH,AL,77hc-ibv8,HAI_2_DOPC,Catheter Associated Urinary Tract Infections (ICU + select Wards): Number of Urinary Catheter Days,18193,No Different than National Benchmark,,04/01/2024,03/31/2025
010023,BAPTIST MEDICAL CENTER SOUTH,AL,77hc-ibv8,HAI_2_ELIGCASES,Catheter Associated Urinary Tract Infections (ICU + select Wards): Predicted Cases,34.243,No Different than National Benchmark,,04/01/2024,03/31/2025
010023,BAPTIST MEDICAL CENTER SOUTH,AL,77hc-ibv8,HAI_2_NUMERATOR,Catheter Associated Urinary Tract Infections (ICU + select Wards): Observed Cases,24,No Different than National Benchmark,,04/01/2024,03/31/2025
010023,BAPTIST MEDICAL CENTER SOUTH,AL,77hc-ibv8,HAI_2_SIR,Catheter Associated Urinary Tract Infections (ICU + select Wards),0.701,No Different than National Benchmark,,04/01/2024,03/31/2025
010023,BAPTIST MEDICAL CENTER SOUTH,AL,77hc-ibv8,HAI_3_CILOWER,SSI - Colon Surgery: Lower Confidence Limit,0.559,No Different than National Benchmark,,04/01/2024,03/31/2025
010023,BAPTIST MEDICAL CENTER SOUTH,AL,77hc-ibv8,HAI_3_CIUPPER,SSI - Colon Surgery: Upper Confidence Limit,2.529,No Different than National Benchmark,,04/01/2024,03/31/2025
010023,BAPTIST MEDICAL CENTER SOUTH,AL,77hc-ibv8,HAI_3_DOPC,SSI - Colon Surgery: Number of Procedures,167,No Different than National Benchmark,,04/01/2024,03/31/2025
010023,BAPTIST MEDICAL CENTER SOUTH,AL,77hc-ibv8,HAI_3_ELIGCASES,SSI - Colon Surgery: Predicted Cases,5.475,No Different than National Benchmark,,04/01/2024,03/31/2025
010023,BAPTIST MEDICAL CENTER SOUTH,AL,77hc-ibv8,HAI_3_NUMERATOR,SSI - Colon Surgery: Observed Cases,7,No Different than National Benchmark,,04/01/2024,03/31/2025
010023,BAPTIST MEDICAL CENTER SOUTH,AL,77hc-ibv8,HAI_3_SIR,SSI - Colon Surgery,1.279,No Different than National Benchmark,,04/01/2024,03/31/2025
010023,BAPTIST MEDICAL CENTER SOUTH,AL,77hc-ibv8,HAI_4_CILOWER,SSI - Abdominal Hysterectomy: Lower Confidence Limit,Not Available,Not Available,,04/01/2024,03/31/2025
010023,BAPTIST MEDICAL CENTER SOUTH,AL,77hc-ibv8,HAI_4_CIUPPER,SSI - Abdominal Hysterectomy: Upper Confidence Limit,Not Available,Not Available,,04/01/2024,03/31/2025
010023,BAPTIST MEDICAL CENTER SOUTH,AL,77hc-ibv8,HAI_4_DOPC,SSI - Abdominal Hysterectomy: Number of Procedures,73,Not Available,,04/01/2024,03/31/2025
010023,BAPTIST MEDICAL CENTER SOUTH,AL,77hc-ibv8,HAI_4_ELIGCASES,SSI - Abdominal Hysterectomy: Predicted Cases,0.765,Not Available,,04/01/2024,03/31/2025
010023,BAPTIST MEDICAL CENTER SOUTH,AL,77hc-ibv8,HAI_4_NUMERATOR,SSI - Abdominal Hysterectomy: Observed Cases,2,Not Available,,04/01/2024,03/31/2025
010023,BAPTIST MEDICAL CENTER SOUTH,AL,77hc-ibv8,HAI_4_SIR,SSI - Abdominal Hysterectomy,Not Available,Not Available,,04/01/2024,03/31/2025
010023,BAPTIST MEDICAL CENTER SOUTH,AL,77hc-ibv8,HAI_5_CILOWER,MRSA Bacteremia: Lower Confidence Limit,0.791,No Different than National Benchmark,,04/01/2024,03/31/2025
010023,BAPTIST MEDICAL CENTER SOUTH,AL,77hc-ibv8,HAI_5_CIUPPER,MRSA Bacteremia: Upper Confidence Limit,2.371,No Different than National Benchmark,,04/01/2024,03/31/2025
010023,BAPTIST MEDICAL CENTER SOUTH,AL,77hc-ibv8,HAI_5_DOPC,MRSA Bacteremia: Patient Days,99263,No Different than National Benchmark,,04/01/2024,03/31/2025
010023,BAPTIST MEDICAL CENTER SOUTH,AL,77hc-ibv8,HAI_5_ELIGCASES,MRSA Bacteremia: Predicted Cases,9.140,No Different than National Benchmark,,04/01/2024,03/31/2025
010023,BAPTIST MEDICAL CENTER SOUTH,AL,77hc-ibv8,HAI_5_NUMERATOR,MRSA Bacteremia: Observed Cases,13,No Different than National Benchmark,,04/01/2024,03/31/2025
010023,BAPTIST MEDICAL CENTER SOUTH,AL,77hc-ibv8,HAI_5_SIR,MRSA Bacteremia,1.422,No Different than National Benchmark,,04/01/2024,03/31/2025
010023,BAPTIST MEDICAL CENTER SOUTH,AL,77hc-ibv8,HAI_6_CILOWER,Clostridium Difficile (C.Diff): Lower Confidence Limit,0.316,Better than the National Benchmark,,04/01/2024,03/31/2025
010023,BAPTIST MEDICAL CENTER SOUTH,AL,77hc-ibv8,HAI_6_CIUPPER,Clostridium Difficile (C.Diff): Upper Confidence Limit,0.748,Better than the National Benchmark,,04/01/2024,03/31/2025
010023,BAPTIST MEDICAL CENTER SOUTH,AL,77hc-ibv8,HAI_6_DOPC,Clostridium Difficile (C.Diff): Patient Days,93785,Better than the National Benchmark,,04/01/2024,03/31/2025
010023,BAPTIST MEDICAL CENTER SOUTH,AL,77hc-ibv8,HAI_6_ELIGCASES,Clostridium Difficile (C.Diff): Predicted Cases,42.199,Better than the National Benchmark,,04/01/2024,03/31/2025
010023,BAPTIST MEDICAL CENTER SOUTH,AL,77hc-ibv8,HAI_6_NUMERATOR,Clostridium Difficile (C.Diff): Observed Cases,21,Better than the National Benchmark,,04/01/2024,03/31/2025
010023,BAPTIST MEDICAL CENTER SOUTH,AL,77hc-ibv8,HAI_6_SIR,Clostridium Difficile (C.Diff),0.498,Better than the National Benchmark,,04/01/2024,03/31/2025
010023,BAPTIST MEDICAL CENTER SOUTH,AL,ynj2-r877,MORT_30_AMI,Death rate for heart attack patients,12.8,No Different Than the National Rate,171,07/01/2021,06/30/2024
010023,BAPTIST MEDICAL CENTER SOUTH,AL,ynj2-r877,MORT_30_CABG,Death rate for CABG surgery patients,1.9,No Different Than the National Rate,69,07/01/2021,06/30/2024
010023,BAPTIST MEDICAL CENTER SOUTH,AL,ynj2-r877,MORT_30_COPD,Death rate for COPD patients,8.6,No Different Than the National Rate,61,07/01/2021,06/30/2024
010023,BAPTIST MEDICAL CENTER SOUTH,AL,ynj2-r877,MORT_30_HF,Death rate for heart failure patients,12.5,No Different Than the National Rate,251,07/01/2021,06/30/2024
010023,BAPTIST MEDICAL CENTER SOUTH,AL,ynj2-r877,MORT_30_PN,Death rate for pneumonia patients,17.4,No Different Than the National Rate,165,07/01/2021,06/30/2024
010023,BAPTIST MEDICAL CENTER SOUTH,AL,ynj2-r877,MORT_30_STK,Death rate for stroke patients,16.7,Worse Than the National Rate,270,07/01/2021,06/30/2024
010023,BAPTIST MEDICAL CENTER SOUTH,AL,ynj2-r877,PSI_03,Pressure ulcer rate,3.24,Worse Than the National Rate,3630,07/01/2022,06/30/2024
010023,BAPTIST MEDICAL CENTER SOUTH,AL,muwa-iene,PSI_03,Pressure ulcer rate,3.244336,,,07/01/2022,06/30/2024
010023,BAPTIST MEDICAL CENTER SOUTH,AL,ynj2-r877,PSI_04,Death rate among surgical inpatients with serious treatable complications,194.83,No Different Than the National Rate,110,07/01/2022,06/30/2024
010023,BAPTIST MEDICAL CENTER SOUTH,AL,muwa-iene,PSI_06,Iatrogenic pneumothorax rate,0.321687,,,07/01/2022,06/30/2024
010023,BAPTIST MEDICAL CENTER SOUTH,AL,ynj2-r877,PSI_06,Iatrogenic pneumothorax rate,0.32,No Different Than the National Rate,4630,07/01/2022,06/30/2024
010023,BAPTIST MEDICAL CENTER SOUTH,AL,ynj2-r877,PSI_08,In-hospital fall-associated fracture rate,0.22,No Different Than the National Rate,4637,07/01/2022,06/30/2024
010023,BAPTIST MEDICAL CENTER SOUTH,AL,muwa-iene,PSI_08,In-hospital fall-associated fracture rate,0.223436,,,07/01/2022,06/30/2024
010023,BAPTIST MEDICAL CENTER SOUTH,AL,ynj2-r877,PSI_09,Postoperative hemorrhage or hematoma rate,1.62,No Different Than the National Rate,1393,07/01/2022,06/30/2024
010023,BAPTIST MEDICAL CENTER SOUTH,AL,muwa-iene,PSI_09,Postoperative hemorrhage or hematoma rate,1.622919,,,07/01/2022,06/30/2024
010023,BAPTIST MEDICAL CENTER SOUTH,AL,ynj2-r877,PSI_10,Postoperative acute kidney injury requiring dialysis rate,1.64,No Different Than the National Rate,583,07/01/2022,06/30/2024
010023,BAPTIST MEDICAL CENTER SOUTH,AL,muwa-iene,PSI_10,Postoperative acute kidney injury requiring dialysis rate,1.642611,,,07/01/2022,06/30/2024
010023,BAPTIST MEDICAL CENTER SOUTH,AL,muwa-iene,PSI_11,Postoperative respiratory failure rate,11.713964,,,07/01/2022,06/30/2024
010023,BAPTIST MEDICAL CENTER SOUTH,AL,ynj2-r877,PSI_11,Postoperative respiratory failure rate,11.71,No Different Than the National Rate,631,07/01/2022,06/30/2024
010023,BAPTIST MEDICAL CENTER SOUTH,AL,muwa-iene,PSI_12,Perioperative pulmonary embolism or deep vein thrombosis rate,6.519155,,,07/01/2022,06/30/2024
010023,BAPTIST MEDICAL CENTER SOUTH,AL,ynj2-r877,PSI_12,Perioperative pulmonary embolism or deep vein thrombosis rate,6.52,Worse Than the National Rate,1382,07/01/2022,06/30/2024
010023,BAPTIST MEDICAL CENTER SOUTH,AL,muwa-iene,PSI_13,Postoperative sepsis rate,6.430228,,,07/01/2022,06/30/2024
010023,BAPTIST MEDICAL CENTER SOUTH,AL,ynj2-r877,PSI_13,Postoperative sepsis rate,6.43,No Different Than the National Rate,578,07/01/2022,06/30/2024
010023,BAPTIST MEDICAL CENTER SOUTH,AL,ynj2-r877,PSI_14,Postoperative wound dehiscence rate,1.66,No Different Than the National Rate,151,07/01/2022,06/30/2024
010023,BAPTIST MEDICAL CENTER SOUTH,AL,muwa-iene,PSI_14,Postoperative wound dehiscence rate,1.660804,,,07/01/2022,06/30/2024
010023,BAPTIST MEDICAL CENTER SOUTH,AL,muwa-iene,PSI_15,Abdominopelvic accidental puncture or laceration rate,0.902436,,,07/01/2022,06/30/2024
010023,BAPTIST MEDICAL CENTER SOUTH,AL,ynj2-r877,PSI_15,Abdominopelvic accidental puncture or laceration rate,0.90,No Different Than the National Rate,722,07/01/2022,06/30/2024
010023,BAPTIST MEDICAL CENTER SOUTH,AL,muwa-iene,PSI_90,CMS Medicare PSI 90: Patient safety and adverse events composite,1.978433,,,07/01/2022,06/30/2024
010023,BAPTIST MEDICAL CENTER SOUTH,AL,ynj2-r877,PSI_90,CMS Medicare PSI 90: Patient safety and adverse events composite,1.98,Worse Than the National Value,Not Applicable,07/01/2022,06/30/2024
010023,BAPTIST MEDICAL CENTER SOUTH,AL,632h-zaca,READM_30_AMI,Acute Myocardial Infarction (AMI) 30-Day Readmission Rate,13.6,No Different Than the National Rate,186,07/01/2021,06/30/2024
010023,BAPTIST MEDICAL CENTER SOUTH,AL,632h-zaca,READM_30_CABG,Rate of readmission for CABG,11.5,No Different Than the National Rate,68,07/01/2021,06/30/2024
010023,BAPTIST MEDICAL CENTER SOUTH,AL,632h-zaca,READM_30_COPD,Rate of readmission for chronic obstructive pulmonary disease (COPD) patients,19,No Different Than the National Rate,64,07/01/2021,06/30/2024
010023,BAPTIST MEDICAL CENTER SOUTH,AL,632h-zaca,READM_30_HF,Heart failure (HF) 30-Day Readmission Rate,20.8,No Different Than the National Rate,289,07/01/2021,06/30/2024
010023,BAPTIST MEDICAL CENTER SOUTH,AL,632h-zaca,READM_30_HIP_KNEE,Rate of readmission after hip/knee replacement,4.6,No Different Than the National Rate,65,07/01/2021,06/30/2024
010023,BAPTIST MEDICAL CENTER SOUTH,AL,632h-zaca,READM_30_PN,Pneumonia (PN) 30-Day Readmission Rate,16.7,No Different Than the National Rate,162,07/01/2021,06/30/2024
010024,JACKSON HOSPITAL & CLINIC INC,AL,ynj2-r877,COMP_HIP_KNEE,Rate of complications for hip/knee replacement patients,Not Available,Number of Cases Too Small,Not Available,04/01/2021,03/31/2024
010024,JACKSON HOSPITAL & CLINIC INC,AL,632h-zaca,EDAC_30_AMI,Hospital return days for heart attack patients,0.6,Average Days per 100 Discharges,141,07/01/2021,06/30/2024
010024,JACKSON HOSPITAL & CLINIC INC,AL,632h-zaca,EDAC_30_HF,Hospital return days for heart failure patients,0.2,Average Days per 100 Discharges,321,07/01/2021,06/30/2024
010024,JACKSON HOSPITAL & CLINIC INC,AL,632h-zaca,EDAC_30_PN,Hospital return days for pneumonia patients,10.2,Average Days per 100 Discharges,260,07/01/2021,06/30/2024
010024,JACKSON HOSPITAL & CLINIC INC,AL,77hc-ibv8,HAI_1_CILOWER,Central Line Associated Bloodstream Infection (ICU + select Wards): Lower Confidence Limit,0.986,No Different than National Benchmark,,04/01/2024,03/31/2025
010024,JACKSON HOSPITAL & CLINIC INC,AL,77hc-ibv8,HAI_1_CIUPPER,Central Line Associated Bloodstream Infection (ICU + select Wards): Upper Confidence Limit,3.459,No Different than National Benchmark,,04/01/2024,03/31/2025
010024,JACKSON HOSPITAL & CLINIC INC,AL,77hc-ibv8,HAI_1_DOPC,Central Line Associated Bloodstream Infection: Number of Device Days,4852,No Different than National Benchmark,,04/01/2024,03/31/2025
010024,JACKSON HOSPITAL & CLINIC INC,AL,77hc-ibv8,HAI_1_ELIGCASES,Central Line Associated Bloodstream Infection (ICU + select Wards): Predicted Cases,5.153,No Different than National Benchmark,,04/01/2024,03/31/2025
010024,JACKSON HOSPITAL & CLINIC INC,AL,77hc-ibv8,HAI_1_NUMERATOR,Central Line Associated Bloodstream Infection (ICU + select Wards): Observed Cases,10,No Different than National Benchmark,,04/01/2024,03/31/2025
010024,JACKSON HOSPITAL & CLINIC INC,AL,77hc-ibv8,HAI_1_SIR,Central Line Associated Bloodstream Infection (ICU + select Wards),1.941,No Different than National Benchmark,,04/01/2024,03/31/2025
010024,JACKSON HOSPITAL & CLINIC INC,AL,77hc-ibv8,HAI_2_CILOWER,Catheter Associated Urinary Tract Infections (ICU + select Wards): Lower Confidence Limit,0.618,No Different than National Benchmark,,04/01/2024,03/31/2025
010024,JACKSON HOSPITAL & CLINIC INC,AL,77hc-ibv8,HAI_2_CIUPPER,Catheter Associated Urinary Tract Infections (ICU + select Wards): Upper Confidence Limit,1.778,No Different than National Benchmark,,04/01/2024,03/31/2025
010024,JACKSON HOSPITAL & CLINIC INC,AL,77hc-ibv8,HAI_2_DOPC,Catheter Associated Urinary Tract Infections (ICU + select Wards): Number of Urinary Catheter Days,10401,No Different than National Benchmark,,04/01/2024,03/31/2025
010024,JACKSON HOSPITAL & CLINIC INC,AL,77hc-ibv8,HAI_2_ELIGCASES,Catheter Associated Urinary Tract Infections (ICU + select Wards): Predicted Cases,12.898,No Different than National Benchmark,,04/01/2024,03/31/2025
010024,JACKSON HOSPITAL & CLINIC INC,AL,77hc-ibv8,HAI_2_NUMERATOR,Catheter Associated Urinary Tract Infections (ICU + select Wards): Observed Cases,14,No Different than National Benchmark,,04/01/2024,03/31/2025
010024,JACKSON HOSPITAL & CLINIC INC,AL,77hc-ibv8,HAI_2_SIR,Catheter Associated Urinary Tract Infections (ICU + select Wards),1.085,No Different than National Benchmark,,04/01/2024,03/31/2025
010024,JACKSON HOSPITAL & CLINIC INC,AL,77hc-ibv8,HAI_3_CILOWER,SSI - Colon Surgery: Lower Confidence Limit,0.096,No Different than National Benchmark,,04/01/2024,03/31/2025
010024,JACKSON HOSPITAL & CLINIC INC,AL,77hc-ibv8,HAI_3_CIUPPER,SSI - Colon Surgery: Upper Confidence Limit,1.896,No Different than National Benchmark,,04/01/2024,03/31/2025
010024,JACKSON HOSPITAL & CLINIC INC,AL,77hc-ibv8,HAI_3_DOPC,SSI - Colon Surgery: Number of Procedures,124,No Different than National Benchmark,,04/01/2024,03/31/2025
010024,JACKSON HOSPITAL & CLINIC INC,AL,77hc-ibv8,HAI_3_ELIGCASES,SSI - Colon Surgery: Predicted Cases,3.486,No Different than National Benchmark,,04/01/2024,03/31/2025
010024,JACKSON HOSPITAL & CLINIC INC,AL,77hc-ibv8,HAI_3_NUMERATOR,SSI - Colon Surgery: Observed Cases,2,No Different than National Benchmark,,04/01/2024,03/31/2025
010024,JACKSON HOSPITAL & CLINIC INC,AL,77hc-ibv8,HAI_3_SIR,SSI - Colon Surgery,0.574,No Different than National Benchmark,,04/01/2024,03/31/2025
010024,JACKSON HOSPITAL & CLINIC INC,AL,77hc-ibv8,HAI_4_CILOWER,SSI - Abdominal Hysterectomy: Lower Confidence Limit,Not Available,Not Available,,04/01/2024,03/31/2025
010024,JACKSON HOSPITAL & CLINIC INC,AL,77hc-ibv8,HAI_4_CIUPPER,SSI - Abdominal Hysterectomy: Upper Confidence Limit,Not Available,Not Available,,04/01/2024,03/31/2025
010024,JACKSON HOSPITAL & CLINIC INC,AL,77hc-ibv8,HAI_4_DOPC,SSI - Abdominal Hysterectomy: Number of Procedures,45,Not Available,,04/01/2024,03/31/2025
010024,JACKSON HOSPITAL & CLINIC INC,AL,77hc-ibv8,HAI_4_ELIGCASES,SSI - Abdominal Hysterectomy: Predicted Cases,0.421,Not Available,,04/01/2024,03/31/2025
010024,JACKSON HOSPITAL & CLINIC INC,AL,77hc-ibv8,HAI_4_NUMERATOR,SSI - Abdominal Hysterectomy: Observed Cases,0,Not Available,,04/01/2024,03/31/2025
010024,JACKSON HOSPITAL & CLINIC INC,AL,77hc-ibv8,HAI_4_SIR,SSI - Abdominal Hysterectomy,Not Available,Not Available,,04/01/2024,03/31/2025
010024,JACKSON HOSPITAL & CLINIC INC,AL,77hc-ibv8,HAI_5_CILOWER,MRSA Bacteremia: Lower Confidence Limit,1.549,Worse than the National Benchmark,,04/01/2024,03/31/2025
010024,JACKSON HOSPITAL & CLINIC INC,AL,77hc-ibv8,HAI_5_CIUPPER,MRSA Bacteremia: Upper Confidence Limit,5.436,Worse than the National Benchmark,,04/01/2024,03/31/2025
010024,JACKSON HOSPITAL & CLINIC INC,AL,77hc-ibv8,HAI_5_DOPC,MRSA Bacteremia: Patient Days,58750,Worse than the National Benchmark,,04/01/2024,03/31/2025
010024,JACKSON HOSPITAL & CLINIC INC,AL,77hc-ibv8,HAI_5_ELIGCASES,MRSA Bacteremia: Predicted Cases,3.279,Worse than the National Benchmark,,04/01/2024,03/31/2025
010024,JACKSON HOSPITAL & CLINIC INC,AL,77hc-ibv8,HAI_5_NUMERATOR,MRSA Bacteremia: Observed Cases,10,Worse than the National Benchmark,,04/01/2024,03/31/2025
010024,JACKSON HOSPITAL & CLINIC INC,AL,77hc-ibv8,HAI_5_SIR,MRSA Bacteremia,3.050,Worse than the National Benchmark,,04/01/2024,03/31/2025
010024,JACKSON HOSPITAL & CLINIC INC,AL,77hc-ibv8,HAI_6_CILOWER,Clostridium Difficile (C.Diff): Lower Confidence Limit,0.789,No Different than National Benchmark,,04/01/2024,03/31/2025
010024,JACKSON HOSPITAL & CLINIC INC,AL,77hc-ibv8,HAI_6_CIUPPER,Clostridium Difficile (C.Diff): Upper Confidence Limit,1.448,No Different than National Benchmark,,04/01/2024,03/31/2025
010024,JACKSON HOSPITAL & CLINIC INC,AL,77hc-ibv8,HAI_6_DOPC,Clostridium Difficile (C.Diff): Patient Days,56682,No Different than National Benchmark,,04/01/2024,03/31/2025
010024,JACKSON HOSPITAL & CLINIC INC,AL,77hc-ibv8,HAI_6_ELIGCASES,Clostridium Difficile (C.Diff): Predicted Cases,38.840,No Different than National Benchmark,,04/01/2024,03/31/2025
010024,JACKSON HOSPITAL & CLINIC INC,AL,77hc-ibv8,HAI_6_NUMERATOR,Clostridium Difficile (C.Diff): Observed Cases,42,No Different than National Benchmark,,04/01/2024,03/31/2025
010024,JACKSON HOSPITAL & CLINIC INC,AL,77hc-ibv8,HAI_6_SIR,Clostridium Difficile (C.Diff),1.081,No Different than National Benchmark,,04/01/2024,03/31/2025
010024,JACKSON HOSPITAL & CLINIC INC,AL,ynj2-r877,MORT_30_AMI,Death rate for heart attack patients,11.7,No Different Than the National Rate,142,07/01/2021,06/30/2024
010024,JACKSON HOSPITAL & CLINIC INC,AL,ynj2-r877,MORT_30_CABG,Death rate for CABG surgery patients,3,No Different Than the National Rate,76,07/01/2021,06/30/2024
010024,JACKSON HOSPITAL & CLINIC INC,AL,ynj2-r877,MORT_30_COPD,Death rate for COPD patients,7.8,No Different Than the National Rate,79,07/01/2021,06/30/2024
010024,JACKSON HOSPITAL & CLINIC INC,AL,ynj2-r877,MORT_30_HF,Death rate for heart failure patients,13,No Different Than the National Rate,273,07/01/2021,06/30/2024
010024,JACKSON HOSPITAL & CLINIC INC,AL,ynj2-r877,MORT_30_PN,Death rate for pneumonia patients,20.8,Worse Than the National Rate,261,07/01/2021,06/30/2024
010024,JACKSON HOSPITAL & CLINIC INC,AL,ynj2-r877,MORT_30_STK,Death rate for stroke patients,14.3,No Different Than the National Rate,124,07/01/2021,06/30/2024
010024,JACKSON HOSPITAL & CLINIC INC,AL,muwa-iene,PSI_03,Pressure ulcer rate,0.831661,,,07/01/2022,06/30/2024
010024,JACKSON HOSPITAL & CLINIC INC,AL,ynj2-r877,PSI_03,Pressure ulcer rate,0.83,No Different Than the National Rate,3692,07/01/2022,06/30/2024
010024,JACKSON HOSPITAL & CLINIC INC,AL,ynj2-r877,PSI_04,Death rate among surgical inpatients with serious treatable complications,176.11,No Different Than the National Rate,43,07/01/2022,06/30/2024
010024,JACKSON HOSPITAL & CLINIC INC,AL,ynj2-r877,PSI_06,Iatrogenic pneumothorax rate,0.17,No Different Than the National Rate,4424,07/01/2022,06/30/2024
010024,JACKSON HOSPITAL & CLINIC INC,AL,muwa-iene,PSI_06,Iatrogenic pneumothorax rate,0.165879,,,07/01/2022,06/30/2024
010024,JACKSON HOSPITAL & CLINIC INC,AL,muwa-iene,PSI_08,In-hospital fall-associated fracture rate,0.308473,,,07/01/2022,06/30/2024
010024,JACKSON HOSPITAL & CLINIC INC,AL,ynj2-r877,PSI_08,In-hospital fall-associated fracture rate,0.31,No Different Than the National Rate,4478,07/01/2022,06/30/2024
010024,JACKSON HOSPITAL & CLINIC INC,AL,ynj2-r877,PSI_09,Postoperative hemorrhage or hematoma rate,1.75,No Different Than the National Rate,1058,07/01/2022,06/30/2024
010024,JACKSON HOSPITAL & CLINIC INC,AL,muwa-iene,PSI_09,Postoperative hemorrhage or hematoma rate,1.753598,,,07/01/2022,06/30/2024
010024,JACKSON HOSPITAL & CLINIC INC,AL,muwa-iene,PSI_10,Postoperative acute kidney injury requiring dialysis rate,1.455941,,,07/01/2022,06/30/2024
010024,JACKSON HOSPITAL & CLINIC INC,AL,ynj2-r877,PSI_10,Postoperative acute kidney injury requiring dialysis rate,1.46,No Different Than the National Rate,293,07/01/2022,06/30/2024
010024,JACKSON HOSPITAL & CLINIC INC,AL,ynj2-r877,PSI_11,Postoperative respiratory failure rate,6.49,No Different Than the National Rate,327,07/01/2022,06/30/2024
010024,JACKSON HOSPITAL & CLINIC INC,AL,muwa-iene,PSI_11,Postoperative respiratory failure rate,6.486264,,,07/01/2022,06/30/2024
010024,JACKSON HOSPITAL & CLINIC INC,AL,ynj2-r877,PSI_12,Perioperative pulmonary embolism or deep vein thrombosis rate,3.08,No Different Than the National Rate,1025,07/01/2022,06/30/2024
010024,JACKSON HOSPITAL & CLINIC INC,AL,muwa-iene,PSI_12,Perioperative pulmonary embolism or deep vein thrombosis rate,3.077960,,,07/01/2022,06/30/2024
010024,JACKSON HOSPITAL & CLINIC INC,AL,muwa-iene,PSI_13,Postoperative sepsis rate,5.623882,,,07/01/2022,06/30/2024
010024,JACKSON HOSPITAL & CLINIC INC,AL,ynj2-r877,PSI_13,Postoperative sepsis rate,5.62,No Different Than the National Rate,299,07/01/2022,06/30/2024
010024,JACKSON HOSPITAL & CLINIC INC,AL,ynj2-r877,PSI_14,Postoperative wound dehiscence rate,1.64,No Different Than the National Rate,266,07/01/2022,06/30/2024
010024,JACKSON HOSPITAL & CLINIC INC,AL,muwa-iene,PSI_14,Postoperative wound dehiscence rate,1.640267,,,07/01/2022,06/30/2024
010024,JACKSON HOSPITAL & CLINIC INC,AL,ynj2-r877,PSI_15,Abdominopelvic accidental puncture or laceration rate,0.88,No Different Than the National Rate,875,07/01/2022,06/30/2024
010024,JACKSON HOSPITAL & CLINIC INC,AL,muwa-iene,PSI_15,Abdominopelvic accidental puncture or laceration rate,0.877587,,,07/01/2022,06/30/2024
010024,JACKSON HOSPITAL & CLINIC INC,AL,muwa-iene,PSI_90,CMS Medicare PSI 90: Patient safety and adverse events composite,0.949761,,,07/01/2022,06/30/2024
010024,JACKSON HOSPITAL & CLINIC INC,AL,ynj2-r877,PSI_90,CMS Medicare PSI 90: Patient safety and adverse events composite,0.95,No Different Than the National Value,Not Applicable,07/01/2022,06/30/2024
010024,JACKSON HOSPITAL & CLINIC INC,AL,632h-zaca,READM_30_AMI,Acute Myocardial Infarction (AMI) 30-Day Readmission Rate,13.8,No Different Than the National Rate,141,07/01/2021,06/30/2024
010024,JACKSON HOSPITAL & CLINIC INC,AL,632h-zaca,READM_30_CABG,Rate of readmission for CABG,9.9,No Different Than the National Rate,71,07/01/2021,06/30/2024
010024,JACKSON HOSPITAL & CLINIC INC,AL,632h-zaca,READM_30_COPD,Rate of readmission for chronic obstructive pulmonary disease (COPD) patients,17.4,No Different Than the National Rate,87,07/01/2021,06/30/2024
010024,JACKSON HOSPITAL & CLINIC INC,AL,632h-zaca,READM_30_HF,Heart failure (HF) 30-Day Readmission Rate,20,No Different Than the National Rate,321,07/01/2021,06/30/2024
010024,JACKSON HOSPITAL & CLINIC INC,AL,632h-zaca,READM_30_HIP_KNEE,Rate of readmission after hip/knee replacement,Not Available,Number of Cases Too Small,Not Available,07/01/2021,06/30/2024
010024,JACKSON HOSPITAL & CLINIC INC,AL,632h-zaca,READM_30_PN,Pneumonia (PN) 30-Day Readmission Rate,16,No Different Than the National Rate,260,07/01/2021,06/30/2024
010029,THE EAST ALABAMA HEALTHCARE AUTHORITY,AL,ynj2-r877,COMP_HIP_KNEE,Rate of complications for hip/knee replacement patients,3.5,No Different Than the National Rate,477,04/01/2021,03/31/2024
010029,THE EAST ALABAMA HEALTHCARE AUTHORITY,AL,632h-zaca,EDAC_30_AMI,Hospital return days for heart attack patients,42.4,More Days Than Average per 100 Discharges,113,07/01/2021,06/30/2024
010029,THE EAST ALABAMA HEALTHCARE AUTHORITY,AL,632h-zaca,EDAC_30_HF,Hospital return days for heart failure patients,36.7,More Days Than Average per 100 Discharges,300,07/01/2021,06/30/2024
010029,THE EAST ALABAMA HEALTHCARE AUTHORITY,AL,632h-zaca,EDAC_30_PN,Hospital return days for pneumonia patients,-7.9,Average Days per 100 Discharges,252,07/01/2021,06/30/2024
010029,THE EAST ALABAMA HEALTHCARE AUTHORITY,AL,77hc-ibv8,HAI_1_CILOWER,Central Line Associated Bloodstream Infection (ICU + select Wards): Lower Confidence Limit,0.097,No Different than National Benchmark,,04/01/2024,03/31/2025
010029,THE EAST ALABAMA HEALTHCARE AUTHORITY,AL,77hc-ibv8,HAI_1_CIUPPER,Central Line Associated Bloodstream Infection (ICU + select Wards): Upper Confidence Limit,1.035,No Different than National Benchmark,,04/01/2024,03/31/2025
010029,THE EAST ALABAMA HEALTHCARE AUTHORITY,AL,77hc-ibv8,HAI_1_DOPC,Central Line Associated Bloodstream Infection: Number of Device Days,7605,No Different than National Benchmark,,04/01/2024,03/31/2025
010029,THE EAST ALABAMA HEALTHCARE AUTHORITY,AL,77hc-ibv8,HAI_1_ELIGCASES,Central Line Associated Bloodstream Infection (ICU + select Wards): Predicted Cases,7.886,No Different than National Benchmark,,04/01/2024,03/31/2025
010029,THE EAST ALABAMA HEALTHCARE AUTHORITY,AL,77hc-ibv8,HAI_1_NUMERATOR,Central Line Associated Bloodstream Infection (ICU + select Wards): Observed Cases,3,No Different than National Benchmark,,04/01/2024,03/31/2025
010029,THE EAST ALABAMA HEALTHCARE AUTHORITY,AL,77hc-ibv8,HAI_1_SIR,Central Line Associated Bloodstream Infection (ICU + select Wards),0.380,No Different than National Benchmark,,04/01/2024,03/31/2025
010029,THE EAST ALABAMA HEALTHCARE AUTHORITY,AL,77hc-ibv8,HAI_2_CILOWER,Catheter Associated Urinary Tract Infections (ICU + select Wards): Lower Confidence Limit,0.039,Better than the National Benchmark,,04/01/2024,03/31/2025
010029,THE EAST ALABAMA HEALTHCARE AUTHORITY,AL,77hc-ibv8,HAI_2_CIUPPER,Catheter Associated Urinary Tract Infections (ICU + select Wards): Upper Confidence Limit,0.768,Better than the National Benchmark,,04/01/2024,03/31/2025
010029,THE EAST ALABAMA HEALTHCARE AUTHORITY,AL,77hc-ibv8,HAI_2_DOPC,Catheter Associated Urinary Tract Infections (ICU + select Wards): Number of Urinary Catheter Days,6918,Better than the National Benchmark,,04/01/2024,03/31/2025
010029,THE EAST ALABAMA HEALTHCARE AUTHORITY,AL,77hc-ibv8,HAI_2_ELIGCASES,Catheter Associated Urinary Tract Infections (ICU + select Wards): Predicted Cases,8.606,Better than the National Benchmark,,04/01/2024,03/31/2025
010029,THE EAST ALABAMA HEALTHCARE AUTHORITY,AL,77hc-ibv8,HAI_2_NUMERATOR,Catheter Associated Urinary Tract Infections (ICU + select Wards): Observed Cases,2,Better than the National Benchmark,,04/01/2024,03/31/2025
010029,THE EAST ALABAMA HEALTHCARE AUTHORITY,AL,77hc-ibv8,HAI_2_SIR,Catheter Associated Urinary Tract Infections (ICU + select Wards),0.232,Better than the National Benchmark,,04/01/2024,03/31/2025
010029,THE EAST ALABAMA HEALTHCARE AUTHORITY,AL,77hc-ibv8,HAI_3_CILOWER,SSI - Colon Surgery: Lower Confidence Limit,1.031,Worse than the National Benchmark,,04/01/2024,03/31/2025
010029,THE EAST ALABAMA HEALTHCARE AUTHORITY,AL,77hc-ibv8,HAI_3_CIUPPER,SSI - Colon Surgery: Upper Confidence Limit,3.619,Worse than the National Benchmark,,04/01/2024,03/31/2025
010029,THE EAST ALABAMA HEALTHCARE AUTHORITY,AL,77hc-ibv8,HAI_3_DOPC,SSI - Colon Surgery: Number of Procedures,184,Worse than the National Benchmark,,04/01/2024,03/31/2025
010029,THE EAST ALABAMA HEALTHCARE AUTHORITY,AL,77hc-ibv8,HAI_3_ELIGCASES,SSI - Colon Surgery: Predicted Cases,4.926,Worse than the National Benchmark,,04/01/2024,03/31/2025
010029,THE EAST ALABAMA HEALTHCARE AUTHORITY,AL,77hc-ibv8,HAI_3_NUMERATOR,SSI - Colon Surgery: Observed Cases,10,Worse than the National Benchmark,,04/01/2024,03/31/2025
010029,THE EAST ALABAMA HEALTHCARE AUTHORITY,AL,77hc-ibv8,HAI_3_SIR,SSI - Colon Surgery,2.030,Worse than the National Benchmark,,04/01/2024,03/31/2025
010029,THE EAST ALABAMA HEALTHCARE AUTHORITY,AL,77hc-ibv8,HAI_4_CILOWER,SSI - Abdominal Hysterectomy: Lower Confidence Limit,0.396,No Different than National Benchmark,,04/01/2024,03/31/2025
010029,THE EAST ALABAMA HEALTHCARE AUTHORITY,AL,77hc-ibv8,HAI_4_CIUPPER,SSI - Abdominal Hysterectomy: Upper Confidence Limit,4.241,No Different than National Benchmark,,04/01/2024,03/31/2025
010029,THE EAST ALABAMA HEALTHCARE AUTHORITY,AL,77hc-ibv8,HAI_4_DOPC,SSI - Abdominal Hysterectomy: Number of Procedures,230,No Different than National Benchmark,,04/01/2024,03/31/2025
010029,THE EAST ALABAMA HEALTHCARE AUTHORITY,AL,77hc-ibv8,HAI_4_ELIGCASES,SSI - Abdominal Hysterectomy: Predicted Cases,1.925,No Different than National Benchmark,,04/01/2024,03/31/2025
010029,THE EAST ALABAMA HEALTHCARE AUTHORITY,AL,77hc-ibv8,HAI_4_NUMERATOR,SSI - Abdominal Hysterectomy: Observed Cases,3,No Different than National Benchmark,,04/01/2024,03/31/2025
010029,THE EAST ALABAMA HEALTHCARE AUTHORITY,AL,77hc-ibv8,HAI_4_SIR,SSI - Abdominal Hysterectomy,1.558,No Different than National Benchmark,,04/01/2024,03/31/2025
010029,THE EAST ALABAMA HEALTHCARE AUTHORITY,AL,77hc-ibv8,HAI_5_CILOWER,MRSA Bacteremia: Lower Confidence Limit,0.336,No Different than National Benchmark,,04/01/2024,03/31/2025
010029,THE EAST ALABAMA HEALTHCARE AUTHORITY,AL,77hc-ibv8,HAI_5_CIUPPER,MRSA Bacteremia: Upper Confidence Limit,1.722,No Different than National Benchmark,,04/01/2024,03/31/2025
010029,THE EAST ALABAMA HEALTHCARE AUTHORITY,AL,77hc-ibv8,HAI_5_DOPC,MRSA Bacteremia: Patient Days,90052,No Different than National Benchmark,,04/01/2024,03/31/2025
010029,THE EAST ALABAMA HEALTHCARE AUTHORITY,AL,77hc-ibv8,HAI_5_ELIGCASES,MRSA Bacteremia: Predicted Cases,7.245,No Different than National Benchmark,,04/01/2024,03/31/2025
010029,THE EAST ALABAMA HEALTHCARE AUTHORITY,AL,77hc-ibv8,HAI_5_NUMERATOR,MRSA Bacteremia: Observed Cases,6,No Different than National Benchmark,,04/01/2024,03/31/2025
010029,THE EAST ALABAMA HEALTHCARE AUTHORITY,AL,77hc-ibv8,HAI_5_SIR,MRSA Bacteremia,0.828,No Different than National Benchmark,,04/01/2024,03/31/2025
010029,THE EAST ALABAMA HEALTHCARE AUTHORITY,AL,77hc-ibv8,HAI_6_CILOWER,Clostridium Difficile (C.Diff): Lower Confidence Limit,0.478,Better than the National Benchmark,,04/01/2024,03/31/2025
010029,THE EAST ALABAMA HEALTHCARE AUTHORITY,AL,77hc-ibv8,HAI_6_CIUPPER,Clostridium Difficile (C.Diff): Upper Confidence Limit,0.905,Better than the National Benchmark,,04/01/2024,03/31/2025
010029,THE EAST ALABAMA HEALTHCARE AUTHORITY,AL,77hc-ibv8,HAI_6_DOPC,Clostridium Difficile (C.Diff): Patient Days,83250,Better than the National Benchmark,,04/01/2024,03/31/2025
010029,THE EAST ALABAMA HEALTHCARE AUTHORITY,AL,77hc-ibv8,HAI_6_ELIGCASES,Clostridium Difficile (C.Diff): Predicted Cases,57.026,Better than the National Benchmark,,04/01/2024,03/31/2025
010029,THE EAST ALABAMA HEALTHCARE AUTHORITY,AL,77hc-ibv8,HAI_6_NUMERATOR,Clostridium Difficile (C.Diff): Observed Cases,38,Better than the National Benchmark,,04/01/2024,03/31/2025
010029,THE EAST ALABAMA HEALTHCARE AUTHORITY,AL,77hc-ibv8,HAI_6_SIR,Clostridium Difficile (C.Diff),0.666,Better than the National Benchmark,,04/01/2024,03/31/2025
010029,THE EAST ALABAMA HEALTHCARE AUTHORITY,AL,ynj2-r877,MORT_30_AMI,Death rate for heart attack patients,13.8,No Different Than the National Rate,127,07/01/2021,06/30/2024
010029,THE EAST ALABAMA HEALTHCARE AUTHORITY,AL,ynj2-r877,MORT_30_CABG,Death rate for CABG surgery patients,3.5,No Different Than the National Rate,95,07/01/2021,06/30/2024
010029,THE EAST ALABAMA HEALTHCARE AUTHORITY,AL,ynj2-r877,MORT_30_COPD,Death rate for COPD patients,11.1,No Different Than the National Rate,125,07/01/2021,06/30/2024
010029,THE EAST ALABAMA HEALTHCARE AUTHORITY,AL,ynj2-r877,MORT_30_HF,Death rate for heart failure patients,13.7,No Different Than the National Rate,272,07/01/2021,06/30/2024
010029,THE EAST ALABAMA HEALTHCARE AUTHORITY,AL,ynj2-r877,MORT_30_PN,Death rate for pneumonia patients,17.7,No Different Than the National Rate,267,07/01/2021,06/30/2024
010029,THE EAST ALABAMA HEALTHCARE AUTHORITY,AL,ynj2-r877,MORT_30_STK,Death rate for stroke patients,14.5,No Different Than the National Rate,134,07/01/2021,06/30/2024
010029,THE EAST ALABAMA HEALTHCARE AUTHORITY,AL,ynj2-r877,PSI_03,Pressure ulcer rate,0.67,No Different Than the National Rate,4085,07/01/2022,06/30/2024
010029,THE EAST ALABAMA HEALTHCARE AUTHORITY,AL,muwa-iene,PSI_03,Pressure ulcer rate,0.666153,,,07/01/2022,06/30/2024
010029,THE EAST ALABAMA HEALTHCARE AUTHORITY,AL,ynj2-r877,PSI_04,Death rate among surgical inpatients with serious treatable complications,214.87,No Different Than the National Rate,54,07/01/2022,06/30/2024
010029,THE EAST ALABAMA HEALTHCARE AUTHORITY,AL,muwa-iene,PSI_06,Iatrogenic pneumothorax rate,0.272465,,,07/01/2022,06/30/2024
010029,THE EAST ALABAMA HEALTHCARE AUTHORITY,AL,ynj2-r877,PSI_06,Iatrogenic pneumothorax rate,0.27,No Different Than the National Rate,4406,07/01/2022,06/30/2024
010029,THE EAST ALABAMA HEALTHCARE AUTHORITY,AL,muwa-iene,PSI_08,In-hospital fall-associated fracture rate,0.297566,,,07/01/2022,06/30/2024
010029,THE EAST ALABAMA HEALTHCARE AUTHORITY,AL,ynj2-r877,PSI_08,In-hospital fall-associated fracture rate,0.30,No Different Than the National Rate,4625,07/01/2022,06/30/2024
010029,THE EAST ALABAMA HEALTHCARE AUTHORITY,AL,muwa-iene,PSI_09,Postoperative hemorrhage or hematoma rate,1.959065,,,07/01/2022,06/30/2024
010029,THE EAST ALABAMA HEALTHCARE AUTHORITY,AL,ynj2-r877,PSI_09,Postoperative hemorrhage or hematoma rate,1.96,No Different Than the National Rate,1454,07/01/2022,06/30/2024
010029,THE EAST ALABAMA HEALTHCARE AUTHORITY,AL,muwa-iene,PSI_10,Postoperative acute kidney injury requiring dialysis rate,1.274175,,,07/01/2022,06/30/2024
010029,THE EAST ALABAMA HEALTHCARE AUTHORITY,AL,ynj2-r877,PSI_10,Postoperative acute kidney injury requiring dialysis rate,1.27,No Different Than the National Rate,821,07/01/2022,06/30/2024
010029,THE EAST ALABAMA HEALTHCARE AUTHORITY,AL,ynj2-r877,PSI_11,Postoperative respiratory failure rate,9.00,No Different Than the National Rate,818,07/01/2022,06/30/2024
010029,THE EAST ALABAMA HEALTHCARE AUTHORITY,AL,muwa-iene,PSI_11,Postoperative respiratory failure rate,8.999001,,,07/01/2022,06/30/2024
010029,THE EAST ALABAMA HEALTHCARE AUTHORITY,AL,ynj2-r877,PSI_12,Perioperative pulmonary embolism or deep vein thrombosis rate,3.77,No Different Than the National Rate,1488,07/01/2022,06/30/2024
010029,THE EAST ALABAMA HEALTHCARE AUTHORITY,AL,muwa-iene,PSI_12,Perioperative pulmonary embolism or deep vein thrombosis rate,3.769647,,,07/01/2022,06/30/2024
010029,THE EAST ALABAMA HEALTHCARE AUTHORITY,AL,muwa-iene,PSI_13,Postoperative sepsis rate,5.225571,,,07/01/2022,06/30/2024
010029,THE EAST ALABAMA HEALTHCARE AUTHORITY,AL,ynj2-r877,PSI_13,Postoperative sepsis rate,5.23,No Different Than the National Rate,739,07/01/2022,06/30/2024
010029,THE EAST ALABAMA HEALTHCARE AUTHORITY,AL,ynj2-r877,PSI_14,Postoperative wound dehiscence rate,1.62,No Different Than the National Rate,234,07/01/2022,06/30/2024
010029,THE EAST ALABAMA HEALTHCARE AUTHORITY,AL,muwa-iene,PSI_14,Postoperative wound dehiscence rate,1.617017,,,07/01/2022,06/30/2024
010029,THE EAST ALABAMA HEALTHCARE AUTHORITY,AL,ynj2-r877,PSI_15,Abdominopelvic accidental puncture or laceration rate,0.87,No Different Than the National Rate,792,07/01/2022,06/30/2024
010029,THE EAST ALABAMA HEALTHCARE AUTHORITY,AL,muwa-iene,PSI_15,Abdominopelvic accidental puncture or laceration rate,0.865375,,,07/01/2022,06/30/2024
010029,THE EAST ALABAMA HEALTHCARE AUTHORITY,AL,muwa-iene,PSI_90,CMS Medicare PSI 90: Patient safety and adverse events composite,0.993123,,,07/01/2022,06/30/2024
010029,THE EAST ALABAMA HEALTHCARE AUTHORITY,AL,ynj2-r877,PSI_90,CMS Medicare PSI 90: Patient safety and adverse events composite,0.99,No Different Than the National Value,Not Applicable,07/01/2022,06/30/2024
010029,THE EAST ALABAMA HEALTHCARE AUTHORITY,AL,632h-zaca,READM_30_AMI,Acute Myocardial Infarction (AMI) 30-Day Readmission Rate,14,No Different Than the National Rate,113,07/01/2021,06/30/2024
010029,THE EAST ALABAMA HEALTHCARE AUTHORITY,AL,632h-zaca,READM_30_CABG,Rate of readmission for CABG,10,No Different Than the National Rate,92,07/01/2021,06/30/2024
010029,THE EAST ALABAMA HEALTHCARE AUTHORITY,AL,632h-zaca,READM_30_COPD,Rate of readmission for chronic obstructive pulmonary disease (COPD) patients,17.1,No Different Than the National Rate,130,07/01/2021,06/30/2024
010029,THE EAST ALABAMA HEALTHCARE AUTHORITY,AL,632h-zaca,READM_30_HF,Heart failure (HF) 30-Day Readmission Rate,19.9,No Different Than the National Rate,300,07/01/2021,06/30/2024
010029,THE EAST ALABAMA HEALTHCARE AUTHORITY,AL,632h-zaca,READM_30_HIP_KNEE,Rate of readmission after hip/knee replacement,4.8,No Different Than the National Rate,483,07/01/2021,06/30/2024
010029,THE EAST ALABAMA HEALTHCARE AUTHORITY,AL,632h-zaca,READM_30_PN,Pneumonia (PN) 30-Day Readmission Rate,14.3,No Different Than the National Rate,252,07/01/2021,06/30/2024
010033,UNIVERSITY OF ALABAMA HOSPITAL,AL,ynj2-r877,COMP_HIP_KNEE,Rate of complications for hip/knee replacement patients,4.7,No Different Than the National Rate,41,04/01/2021,03/31/2024
010033,UNIVERSITY OF ALABAMA HOSPITAL,AL,632h-zaca,EDAC_30_AMI,Hospital return days for heart attack patients,39.4,More Days Than Average per 100 Discharges,295,07/01/2021,06/30/2024
010033,UNIVERSITY OF ALABAMA HOSPITAL,AL,632h-zaca,EDAC_30_HF,Hospital return days for heart failure patients,5.8,Average Days per 100 Discharges,638,07/01/2021,06/30/2024
010033,UNIVERSITY OF ALABAMA HOSPITAL,AL,632h-zaca,EDAC_30_PN,Hospital return days for pneumonia patients,38.3,More Days Than Average per 100 Discharges,343,07/01/2021,06/30/2024
010033,UNIVERSITY OF ALABAMA HOSPITAL,AL,77hc-ibv8,HAI_1_CILOWER,Central Line Associated Bloodstream Infection (ICU + select Wards): Lower Confidence Limit,0.494,Better than the National Benchmark,,04/01/2024,03/31/2025
010033,UNIVERSITY OF ALABAMA HOSPITAL,AL,77hc-ibv8,HAI_1_CIUPPER,Central Line Associated Bloodstream Infection (ICU + select Wards): Upper Confidence Limit,0.921,Better than the National Benchmark,,04/01/2024,03/31/2025
010033,UNIVERSITY OF ALABAMA HOSPITAL,AL,77hc-ibv8,HAI_1_DOPC,Central Line Associated Bloodstream Infection: Number of Device Days,48355,Better than the National Benchmark,,04/01/2024,03/31/2025
010033,UNIVERSITY OF ALABAMA HOSPITAL,AL,77hc-ibv8,HAI_1_ELIGCASES,Central Line Associated Bloodstream Infection (ICU + select Wards): Predicted Cases,58.576,Better than the National Benchmark,,04/01/2024,03/31/2025
010033,UNIVERSITY OF ALABAMA HOSPITAL,AL,77hc-ibv8,HAI_1_NUMERATOR,Central Line Associated Bloodstream Infection (ICU + select Wards): Observed Cases,40,Better than the National Benchmark,,04/01/2024,03/31/2025
010033,UNIVERSITY OF ALABAMA HOSPITAL,AL,77hc-ibv8,HAI_1_SIR,Central Line Associated Bloodstream Infection (ICU + select Wards),0.683,Better than the National Benchmark,,04/01/2024,03/31/2025
010033,UNIVERSITY OF ALABAMA HOSPITAL,AL,77hc-ibv8,HAI_2_CILOWER,Catheter Associated Urinary Tract Infections (ICU + select Wards): Lower Confidence Limit,0.313,Better than the National Benchmark,,04/01/2024,03/31/2025
010033,UNIVERSITY OF ALABAMA HOSPITAL,AL,77hc-ibv8,HAI_2_CIUPPER,Catheter Associated Urinary Tract Infections (ICU + select Wards): Upper Confidence Limit,0.579,Better than the National Benchmark,,04/01/2024,03/31/2025
010033,UNIVERSITY OF ALABAMA HOSPITAL,AL,77hc-ibv8,HAI_2_DOPC,Catheter Associated Urinary Tract Infections (ICU + select Wards): Number of Urinary Catheter Days,50798,Better than the National Benchmark,,04/01/2024,03/31/2025
010033,UNIVERSITY OF ALABAMA HOSPITAL,AL,77hc-ibv8,HAI_2_ELIGCASES,Catheter Associated Urinary Tract Infections (ICU + select Wards): Predicted Cases,95.139,Better than the National Benchmark,,04/01/2024,03/31/2025
010033,UNIVERSITY OF ALABAMA HOSPITAL,AL,77hc-ibv8,HAI_2_NUMERATOR,Catheter Associated Urinary Tract Infections (ICU + select Wards): Observed Cases,41,Better than the National Benchmark,,04/01/2024,03/31/2025
010033,UNIVERSITY OF ALABAMA HOSPITAL,AL,77hc-ibv8,HAI_2_SIR,Catheter Associated Urinary Tract Infections (ICU + select Wards),0.431,Better than the National Benchmark,,04/01/2024,03/31/2025
010033,UNIVERSITY OF ALABAMA HOSPITAL,AL,77hc-ibv8,HAI_3_CILOWER,SSI - Colon Surgery: Lower Confidence Limit,0.492,No Different than National Benchmark,,04/01/2024,03/31/2025
010033,UNIVERSITY OF ALABAMA HOSPITAL,AL,77hc-ibv8,HAI_3_CIUPPER,SSI - Colon Surgery: Upper Confidence Limit,1.065,No Different than National Benchmark,,04/01/2024,03/31/2025
010033,UNIVERSITY OF ALABAMA HOSPITAL,AL,77hc-ibv8,HAI_3_DOPC,SSI - Colon Surgery: Number of Procedures,1099,No Different than National Benchmark,,04/01/2024,03/31/2025
010033,UNIVERSITY OF ALABAMA HOSPITAL,AL,77hc-ibv8,HAI_3_ELIGCASES,SSI - Colon Surgery: Predicted Cases,35.254,No Different than National Benchmark,,04/01/2024,03/31/2025
010033,UNIVERSITY OF ALABAMA HOSPITAL,AL,77hc-ibv8,HAI_3_NUMERATOR,SSI - Colon Surgery: Observed Cases,26,No Different than National Benchmark,,04/01/2024,03/31/2025
010033,UNIVERSITY OF ALABAMA HOSPITAL,AL,77hc-ibv8,HAI_3_SIR,SSI - Colon Surgery,0.738,No Different than National Benchmark,,04/01/2024,03/31/2025
010033,UNIVERSITY OF ALABAMA HOSPITAL,AL,77hc-ibv8,HAI_4_CILOWER,SSI - Abdominal Hysterectomy: Lower Confidence Limit,0.315,No Different than National Benchmark,,04/01/2024,03/31/2025
010033,UNIVERSITY OF ALABAMA HOSPITAL,AL,77hc-ibv8,HAI_4_CIUPPER,SSI - Abdominal Hysterectomy: Upper Confidence Limit,1.905,No Different than National Benchmark,,04/01/2024,03/31/2025
010033,UNIVERSITY OF ALABAMA HOSPITAL,AL,77hc-ibv8,HAI_4_DOPC,SSI - Abdominal Hysterectomy: Number of Procedures,584,No Different than National Benchmark,,04/01/2024,03/31/2025
010033,UNIVERSITY OF ALABAMA HOSPITAL,AL,77hc-ibv8,HAI_4_ELIGCASES,SSI - Abdominal Hysterectomy: Predicted Cases,5.819,No Different than National Benchmark,,04/01/2024,03/31/2025
010033,UNIVERSITY OF ALABAMA HOSPITAL,AL,77hc-ibv8,HAI_4_NUMERATOR,SSI - Abdominal Hysterectomy: Observed Cases,5,No Different than National Benchmark,,04/01/2024,03/31/2025
010033,UNIVERSITY OF ALABAMA HOSPITAL,AL,77hc-ibv8,HAI_4_SIR,SSI - Abdominal Hysterectomy,0.859,No Different than National Benchmark,,04/01/2024,03/31/2025
010033,UNIVERSITY OF ALABAMA HOSPITAL,AL,77hc-ibv8,HAI_5_CILOWER,MRSA Bacteremia: Lower Confidence Limit,0.713,No Different than National Benchmark,,04/01/2024,03/31/2025
010033,UNIVERSITY OF ALABAMA HOSPITAL,AL,77hc-ibv8,HAI_5_CIUPPER,MRSA Bacteremia: Upper Confidence Limit,1.318,No Different than National Benchmark,,04/01/2024,03/31/2025
010033,UNIVERSITY OF ALABAMA HOSPITAL,AL,77hc-ibv8,HAI_5_DOPC,MRSA Bacteremia: Patient Days,397830,No Different than National Benchmark,,04/01/2024,03/31/2025
010033,UNIVERSITY OF ALABAMA HOSPITAL,AL,77hc-ibv8,HAI_5_ELIGCASES,MRSA Bacteremia: Predicted Cases,41.805,No Different than National Benchmark,,04/01/2024,03/31/2025
010033,UNIVERSITY OF ALABAMA HOSPITAL,AL,77hc-ibv8,HAI_5_NUMERATOR,MRSA Bacteremia: Observed Cases,41,No Different than National Benchmark,,04/01/2024,03/31/2025
010033,UNIVERSITY OF ALABAMA HOSPITAL,AL,77hc-ibv8,HAI_5_SIR,MRSA Bacteremia,0.981,No Different than National Benchmark,,04/01/2024,03/31/2025
010033,UNIVERSITY OF ALABAMA HOSPITAL,AL,77hc-ibv8,HAI_6_CILOWER,Clostridium Difficile (C.Diff): Lower Confidence Limit,0.373,Better than the National Benchmark,,04/01/2024,03/31/2025
010033,UNIVERSITY OF ALABAMA HOSPITAL,AL,77hc-ibv8,HAI_6_CIUPPER,Clostridium Difficile (C.Diff): Upper Confidence Limit,0.527,Better than the National Benchmark,,04/01/2024,03/31/2025
010033,UNIVERSITY OF ALABAMA HOSPITAL,AL,77hc-ibv8,HAI_6_DOPC,Clostridium Difficile (C.Diff): Patient Days,351209,Better than the National Benchmark,,04/01/2024,03/31/2025
010033,UNIVERSITY OF ALABAMA HOSPITAL,AL,77hc-ibv8,HAI_6_ELIGCASES,Clostridium Difficile (C.Diff): Predicted Cases,289.945,Better than the National Benchmark,,04/01/2024,03/31/2025
010033,UNIVERSITY OF ALABAMA HOSPITAL,AL,77hc-ibv8,HAI_6_NUMERATOR,Clostridium Difficile (C.Diff): Observed Cases,129,Better than the National Benchmark,,04/01/2024,03/31/2025
010033,UNIVERSITY OF ALABAMA HOSPITAL,AL,77hc-ibv8,HAI_6_SIR,Clostridium Difficile (C.Diff),0.445,Better than the National Benchmark,,04/01/2024,03/31/2025
010033,UNIVERSITY OF ALABAMA HOSPITAL,AL,ynj2-r877,MORT_30_AMI,Death rate for heart attack patients,11.3,No Different Than the National Rate,180,07/01/2021,06/30/2024
010033,UNIVERSITY OF ALABAMA HOSPITAL,AL,ynj2-r877,MORT_30_CABG,Death rate for CABG surgery patients,2.4,No Different Than the National Rate,369,07/01/2021,06/30/2024
010033,UNIVERSITY OF ALABAMA HOSPITAL,AL,ynj2-r877,MORT_30_COPD,Death rate for COPD patients,9.3,No Different Than the National Rate,154,07/01/2021,06/30/2024
010033,UNIVERSITY OF ALABAMA HOSPITAL,AL,ynj2-r877,MORT_30_HF,Death rate for heart failure patients,10.2,No Different Than the National Rate,526,07/01/2021,06/30/2024
010033,UNIVERSITY OF ALABAMA HOSPITAL,AL,ynj2-r877,MORT_30_PN,Death rate for pneumonia patients,14.5,No Different Than the National Rate,338,07/01/2021,06/30/2024
010033,UNIVERSITY OF ALABAMA HOSPITAL,AL,ynj2-r877,MORT_30_STK,Death rate for stroke patients,14.5,No Different Than the National Rate,368,07/01/2021,06/30/2024
010033,UNIVERSITY OF ALABAMA HOSPITAL,AL,ynj2-r877,PSI_03,Pressure ulcer rate,0.53,No Different Than the National Rate,13942,07/01/2022,06/30/2024
010033,UNIVERSITY OF ALABAMA HOSPITAL,AL,muwa-iene,PSI_03,Pressure ulcer rate,0.527524,,,07/01/2022,06/30/2024
010033,UNIVERSITY OF ALABAMA HOSPITAL,AL,ynj2-r877,PSI_04,Death rate among surgical inpatients with serious treatable complications,202.13,Worse Than the National Rate,431,07/01/2022,06/30/2024
010033,UNIVERSITY OF ALABAMA HOSPITAL,AL,muwa-iene,PSI_06,Iatrogenic pneumothorax rate,0.255085,,,07/01/2022,06/30/2024
010033,UNIVERSITY OF ALABAMA HOSPITAL,AL,ynj2-r877,PSI_06,Iatrogenic pneumothorax rate,0.26,No Different Than the National Rate,15277,07/01/2022,06/30/2024
010033,UNIVERSITY OF ALABAMA HOSPITAL,AL,ynj2-r877,PSI_08,In-hospital fall-associated fracture rate,0.38,No Different Than the National Rate,16725,07/01/2022,06/30/2024
010033,UNIVERSITY OF ALABAMA HOSPITAL,AL,muwa-iene,PSI_08,In-hospital fall-associated fracture rate,0.382062,,,07/01/2022,06/30/2024
010033,UNIVERSITY OF ALABAMA HOSPITAL,AL,ynj2-r877,PSI_09,Postoperative hemorrhage or hematoma rate,3.25,No Different Than the National Rate,5896,07/01/2022,06/30/2024
010033,UNIVERSITY OF ALABAMA HOSPITAL,AL,muwa-iene,PSI_09,Postoperative hemorrhage or hematoma rate,3.245117,,,07/01/2022,06/30/2024
010033,UNIVERSITY OF ALABAMA HOSPITAL,AL,ynj2-r877,PSI_10,Postoperative acute kidney injury requiring dialysis rate,1.97,No Different Than the National Rate,3307,07/01/2022,06/30/2024
010033,UNIVERSITY OF ALABAMA HOSPITAL,AL,muwa-iene,PSI_10,Postoperative acute kidney injury requiring dialysis rate,1.969859,,,07/01/2022,06/30/2024
010033,UNIVERSITY OF ALABAMA HOSPITAL,AL,muwa-iene,PSI_11,Postoperative respiratory failure rate,11.614778,,,07/01/2022,06/30/2024
010033,UNIVERSITY OF ALABAMA HOSPITAL,AL,ynj2-r877,PSI_11,Postoperative respiratory failure rate,11.61,No Different Than the National Rate,3142,07/01/2022,06/30/2024
010033,UNIVERSITY OF ALABAMA HOSPITAL,AL,muwa-iene,PSI_12,Perioperative pulmonary embolism or deep vein thrombosis rate,4.940404,,,07/01/2022,06/30/2024
010033,UNIVERSITY OF ALABAMA HOSPITAL,AL,ynj2-r877,PSI_12,Perioperative pulmonary embolism or deep vein thrombosis rate,4.94,Worse Than the National Rate,6646,07/01/2022,06/30/2024
010033,UNIVERSITY OF ALABAMA HOSPITAL,AL,muwa-iene,PSI_13,Postoperative sepsis rate,5.283915,,,07/01/2022,06/30/2024
010033,UNIVERSITY OF ALABAMA HOSPITAL,AL,ynj2-r877,PSI_13,Postoperative sepsis rate,5.28,No Different Than the National Rate,3244,07/01/2022,06/30/2024
010033,UNIVERSITY OF ALABAMA HOSPITAL,AL,ynj2-r877,PSI_14,Postoperative wound dehiscence rate,1.95,No Different Than the National Rate,1465,07/01/2022,06/30/2024
010033,UNIVERSITY OF ALABAMA HOSPITAL,AL,muwa-iene,PSI_14,Postoperative wound dehiscence rate,1.950508,,,07/01/2022,06/30/2024
010033,UNIVERSITY OF ALABAMA HOSPITAL,AL,muwa-iene,PSI_15,Abdominopelvic accidental puncture or laceration rate,1.561747,,,07/01/2022,06/30/2024
010033,UNIVERSITY OF ALABAMA HOSPITAL,AL,ynj2-r877,PSI_15,Abdominopelvic accidental puncture or laceration rate,1.56,No Different Than the National Rate,3867,07/01/2022,06/30/2024
010033,UNIVERSITY OF ALABAMA HOSPITAL,AL,muwa-iene,PSI_90,CMS Medicare PSI 90: Patient safety and adverse events composite,1.158696,,,07/01/2022,06/30/2024
010033,UNIVERSITY OF ALABAMA HOSPITAL,AL,ynj2-r877,PSI_90,CMS Medicare PSI 90: Patient safety and adverse events composite,1.16,No Different Than the National Value,Not Applicable,07/01/2022,06/30/2024
010033,UNIVERSITY OF ALABAMA HOSPITAL,AL,632h-zaca,READM_30_AMI,Acute Myocardial Infarction (AMI) 30-Day Readmission Rate,15.9,No Different Than the National Rate,295,07/01/2021,06/30/2024
010033,UNIVERSITY OF ALABAMA HOSPITAL,AL,632h-zaca,READM_30_CABG,Rate of readmission for CABG,13.6,Worse Than the National Rate,358,07/01/2021,06/30/2024
010033,UNIVERSITY OF ALABAMA HOSPITAL,AL,632h-zaca,READM_30_COPD,Rate of readmission for chronic obstructive pulmonary disease (COPD) patients,17.6,No Different Than the National Rate,169,07/01/2021,06/30/2024
010033,UNIVERSITY OF ALABAMA HOSPITAL,AL,632h-zaca,READM_30_HF,Heart failure (HF) 30-Day Readmission Rate,19.3,No Different Than the National Rate,638,07/01/2021,06/30/2024
010033,UNIVERSITY OF ALABAMA HOSPITAL,AL,632h-zaca,READM_30_HIP_KNEE,Rate of readmission after hip/knee replacement,6.6,No Different Than the National Rate,39,07/01/2021,06/30/2024
010033,UNIVERSITY OF ALABAMA HOSPITAL,AL,632h-zaca,READM_30_PN,Pneumonia (PN) 30-Day Readmission Rate,17.7,No Different Than the National Rate,343,07/01/2021,06/30/2024
010034,COMMUNITY HOSPITAL INC,AL,ynj2-r877,COMP_HIP_KNEE,Rate of complications for hip/knee replacement patients,Not Available,Not Available,Not Available,04/01/2021,03/31/2024
010034,COMMUNITY HOSPITAL INC,AL,632h-zaca,EDAC_30_AMI,Hospital return days for heart attack patients,Not Available,Not Available,Not Available,07/01/2021,06/30/2024
010034,COMMUNITY HOSPITAL INC,AL,632h-zaca,EDAC_30_HF,Hospital return days for heart failure patients,Not Available,Number of Cases Too Small,Not Available,07/01/2021,06/30/2024
010034,COMMUNITY HOSPITAL INC,AL,632h-zaca,EDAC_30_PN,Hospital return days for pneumonia patients,Not Available,Number of Cases Too Small,Not Available,07/01/2021,06/30/2024
010034,COMMUNITY HOSPITAL INC,AL,77hc-ibv8,HAI_1_CILOWER,Central Line Associated Bloodstream Infection (ICU + select Wards): Lower Confidence Limit,Not Available,Not Available,,04/01/2024,03/31/2025
010034,COMMUNITY HOSPITAL INC,AL,77hc-ibv8,HAI_1_CIUPPER,Central Line Associated Bloodstream Infection (ICU + select Wards): Upper Confidence Limit,Not Available,Not Available,,04/01/2024,03/31/2025
010034,COMMUNITY HOSPITAL INC,AL,77hc-ibv8,HAI_1_DOPC,Central Line Associated Bloodstream Infection: Number of Device Days,40,Not Available,,04/01/2024,03/31/2025
010034,COMMUNITY HOSPITAL INC,AL,77hc-ibv8,HAI_1_ELIGCASES,Central Line Associated Bloodstream Infection (ICU + select Wards): Predicted Cases,0.023,Not Available,,04/01/2024,03/31/2025
010034,COMMUNITY HOSPITAL INC,AL,77hc-ibv8,HAI_1_NUMERATOR,Central Line Associated Bloodstream Infection (ICU + select Wards): Observed Cases,0,Not Available,,04/01/2024,03/31/2025
010034,COMMUNITY HOSPITAL INC,AL,77hc-ibv8,HAI_1_SIR,Central Line Associated Bloodstream Infection (ICU + select Wards),Not Available,Not Available,,04/01/2024,03/31/2025
010034,COMMUNITY HOSPITAL INC,AL,77hc-ibv8,HAI_2_CILOWER,Catheter Associated Urinary Tract Infections (ICU + select Wards): Lower Confidence Limit,Not Available,Not Available,,04/01/2024,03/31/2025
010034,COMMUNITY HOSPITAL INC,AL,77hc-ibv8,HAI_2_CIUPPER,Catheter Associated Urinary Tract Infections (ICU + select Wards): Upper Confidence Limit,Not Available,Not Available,,04/01/2024,03/31/2025
010034,COMMUNITY HOSPITAL INC,AL,77hc-ibv8,HAI_2_DOPC,Catheter Associated Urinary Tract Infections (ICU + select Wards): Number of Urinary Catheter Days,413,Not Available,,04/01/2024,03/31/2025
010034,COMMUNITY HOSPITAL INC,AL,77hc-ibv8,HAI_2_ELIGCASES,Catheter Associated Urinary Tract Infections (ICU + select Wards): Predicted Cases,0.203,Not Available,,04/01/2024,03/31/2025
010034,COMMUNITY HOSPITAL INC,AL,77hc-ibv8,HAI_2_NUMERATOR,Catheter Associated Urinary Tract Infections (ICU + select Wards): Observed Cases,0,Not Available,,04/01/2024,03/31/2025
010034,COMMUNITY HOSPITAL INC,AL,77hc-ibv8,HAI_2_SIR,Catheter Associated Urinary Tract Infections (ICU + select Wards),Not Available,Not Available,,04/01/2024,03/31/2025
010034,COMMUNITY HOSPITAL INC,AL,77hc-ibv8,HAI_3_CILOWER,SSI - Colon Surgery: Lower Confidence Limit,Not Available,Not Available,,04/01/2024,03/31/2025
010034,COMMUNITY HOSPITAL INC,AL,77hc-ibv8,HAI_3_CIUPPER,SSI - Colon Surgery: Upper Confidence Limit,Not Available,Not Available,,04/01/2024,03/31/2025
010034,COMMUNITY HOSPITAL INC,AL,77hc-ibv8,HAI_3_DOPC,SSI - Colon Surgery: Number of Procedures,Not Available,Not Available,,04/01/2024,03/31/2025
010034,COMMUNITY HOSPITAL INC,AL,77hc-ibv8,HAI_3_ELIGCASES,SSI - Colon Surgery: Predicted Cases,Not Available,Not Available,,04/01/2024,03/31/2025
010034,COMMUNITY HOSPITAL INC,AL,77hc-ibv8,HAI_3_NUMERATOR,SSI - Colon Surgery: Observed Cases,Not Available,Not Available,,04/01/2024,03/31/2025
010034,COMMUNITY HOSPITAL INC,AL,77hc-ibv8,HAI_3_SIR,SSI - Colon Surgery,Not Available,Not Available,,04/01/2024,03/31/2025
010034,COMMUNITY HOSPITAL INC,AL,77hc-ibv8,HAI_4_CILOWER,SSI - Abdominal Hysterectomy: Lower Confidence Limit,Not Available,Not Available,,04/01/2024,03/31/2025
010034,COMMUNITY HOSPITAL INC,AL,77hc-ibv8,HAI_4_CIUPPER,SSI - Abdominal Hysterectomy: Upper Confidence Limit,Not Available,Not Available,,04/01/2024,03/31/2025
010034,COMMUNITY HOSPITAL INC,AL,77hc-ibv8,HAI_4_DOPC,SSI - Abdominal Hysterectomy: Number of Procedures,Not Available,Not Available,,04/01/2024,03/31/2025
010034,COMMUNITY HOSPITAL INC,AL,77hc-ibv8,HAI_4_ELIGCASES,SSI - Abdominal Hysterectomy: Predicted Cases,Not Available,Not Available,,04/01/2024,03/31/2025
010034,COMMUNITY HOSPITAL INC,AL,77hc-ibv8,HAI_4_NUMERATOR,SSI - Abdominal Hysterectomy: Observed Cases,Not Available,Not Available,,04/01/2024,03/31/2025
010034,COMMUNITY HOSPITAL INC,AL,77hc-ibv8,HAI_4_SIR,SSI - Abdominal Hysterectomy,Not Available,Not Available,,04/01/2024,03/31/2025
010034,COMMUNITY HOSPITAL INC,AL,77hc-ibv8,HAI_5_CILOWER,MRSA Bacteremia: Lower Confidence Limit,Not Available,Not Available,,04/01/2024,03/31/2025
010034,COMMUNITY HOSPITAL INC,AL,77hc-ibv8,HAI_5_CIUPPER,MRSA Bacteremia: Upper Confidence Limit,Not Available,Not Available,,04/01/2024,03/31/2025
010034,COMMUNITY HOSPITAL INC,AL,77hc-ibv8,HAI_5_DOPC,MRSA Bacteremia: Patient Days,2295,Not Available,,04/01/2024,03/31/2025
010034,COMMUNITY HOSPITAL INC,AL,77hc-ibv8,HAI_5_ELIGCASES,MRSA Bacteremia: Predicted Cases,0.050,Not Available,,04/01/2024,03/31/2025
010034,COMMUNITY HOSPITAL INC,AL,77hc-ibv8,HAI_5_NUMERATOR,MRSA Bacteremia: Observed Cases,0,Not Available,,04/01/2024,03/31/2025
010034,COMMUNITY HOSPITAL INC,AL,77hc-ibv8,HAI_5_SIR,MRSA Bacteremia,Not Available,Not Available,,04/01/2024,03/31/2025
010034,COMMUNITY HOSPITAL INC,AL,77hc-ibv8,HAI_6_CILOWER,Clostridium Difficile (C.Diff): Lower Confidence Limit,Not Available,Not Available,,04/01/2024,03/31/2025
010034,COMMUNITY HOSPITAL INC,AL,77hc-ibv8,HAI_6_CIUPPER,Clostridium Difficile (C.Diff): Upper Confidence Limit,Not Available,Not Available,,04/01/2024,03/31/2025
010034,COMMUNITY HOSPITAL INC,AL,77hc-ibv8,HAI_6_DOPC,Clostridium Difficile (C.Diff): Patient Days,2295,Not Available,,04/01/2024,03/31/2025
010034,COMMUNITY HOSPITAL INC,AL,77hc-ibv8,HAI_6_ELIGCASES,Clostridium Difficile (C.Diff): Predicted Cases,0.581,Not Available,,04/01/2024,03/31/2025
010034,COMMUNITY HOSPITAL INC,AL,77hc-ibv8,HAI_6_NUMERATOR,Clostridium Difficile (C.Diff): Observed Cases,1,Not Available,,04/01/2024,03/31/2025
010034,COMMUNITY HOSPITAL INC,AL,77hc-ibv8,HAI_6_SIR,Clostridium Difficile (C.Diff),Not Available,Not Available,,04/01/2024,03/31/2025
010034,COMMUNITY HOSPITAL INC,AL,ynj2-r877,MORT_30_AMI,Death rate for heart attack patients,Not Available,Not Available,Not Available,07/01/2021,06/30/2024
010034,COMMUNITY HOSPITAL INC,AL,ynj2-r877,MORT_30_CABG,Death rate for CABG surgery patients,Not Available,Not Available,Not Available,07/01/2021,06/30/2024
010034,COMMUNITY HOSPITAL INC,AL,ynj2-r877,MORT_30_COPD,Death rate for COPD patients,Not Available,Number of Cases Too Small,Not Available,07/01/2021,06/30/2024
010034,COMMUNITY HOSPITAL INC,AL,ynj2-r877,MORT_30_HF,Death rate for heart failure patients,Not Available,Number of Cases Too Small,Not Available,07/01/2021,06/30/2024
010034,COMMUNITY HOSPITAL INC,AL,ynj2-r877,MORT_30_PN,Death rate for pneumonia patients,Not Available,Number of Cases Too Small,Not Available,07/01/2021,06/30/2024
010034,COMMUNITY HOSPITAL INC,AL,ynj2-r877,MORT_30_STK,Death rate for stroke patients,Not Available,Number of Cases Too Small,Not Available,07/01/2021,06/30/2024
010034,COMMUNITY HOSPITAL INC,AL,muwa-iene,PSI_03,Pressure ulcer rate,0.607814,,,07/01/2022,06/30/2024
010034,COMMUNITY HOSPITAL INC,AL,ynj2-r877,PSI_03,Pressure ulcer rate,0.61,No Different Than the National Rate,146,07/01/2022,06/30/2024
010034,COMMUNITY HOSPITAL INC,AL,ynj2-r877,PSI_04,Death rate among surgical inpatients with serious treatable complications,Not Available,Not Available,Not Available,07/01/2022,06/30/2024
010034,COMMUNITY HOSPITAL INC,AL,ynj2-r877,PSI_06,Iatrogenic pneumothorax rate,0.21,No Different Than the National Rate,192,07/01/2022,06/30/2024
010034,COMMUNITY HOSPITAL INC,AL,muwa-iene,PSI_06,Iatrogenic pneumothorax rate,0.209453,,,07/01/2022,06/30/2024
010034,COMMUNITY HOSPITAL INC,AL,muwa-iene,PSI_08,In-hospital fall-associated fracture rate,0.270513,,,07/01/2022,06/30/2024
010034,COMMUNITY HOSPITAL INC,AL,ynj2-r877,PSI_08,In-hospital fall-associated fracture rate,0.27,No Different Than the National Rate,196,07/01/2022,06/30/2024
010034,COMMUNITY HOSPITAL INC,AL,ynj2-r877,PSI_09,Postoperative hemorrhage or hematoma rate,Not Available,Number of Cases Too Small,Not Available,07/01/2022,06/30/2024
010034,COMMUNITY HOSPITAL INC,AL,muwa-iene,PSI_09,Postoperative hemorrhage or hematoma rate,Not Available,,,07/01/2022,06/30/2024
010034,COMMUNITY HOSPITAL INC,AL,muwa-iene,PSI_10,Postoperative acute kidney injury requiring dialysis rate,Not Available,,,07/01/2022,06/30/2024
010034,COMMUNITY HOSPITAL INC,AL,ynj2-r877,PSI_10,Postoperative acute kidney injury requiring dialysis rate,Not Available,Not Available,Not Available,07/01/2022,06/30/2024
010034,COMMUNITY HOSPITAL INC,AL,ynj2-r877,PSI_11,Postoperative respiratory failure rate,Not Available,Not Available,Not Available,07/01/2022,06/30/2024
010034,COMMUNITY HOSPITAL INC,AL,muwa-iene,PSI_11,Postoperative respiratory failure rate,Not Available,,,07/01/2022,06/30/2024
010034,COMMUNITY HOSPITAL INC,AL,ynj2-r877,PSI_12,Perioperative pulmonary embolism or deep vein thrombosis rate,Not Available,Number of Cases Too Small,Not Available,07/01/2022,06/30/2024
010034,COMMUNITY HOSPITAL INC,AL,muwa-iene,PSI_12,Perioperative pulmonary embolism or deep vein thrombosis rate,Not Available,,,07/01/2022,06/30/2024
010034,COMMUNITY HOSPITAL INC,AL,muwa-iene,PSI_13,Postoperative sepsis rate,Not Available,,,07/01/2022,06/30/2024
010034,COMMUNITY HOSPITAL INC,AL,ynj2-r877,PSI_13,Postoperative sepsis rate,Not Available,Not Available,Not Available,07/01/2022,06/30/2024
010034,COMMUNITY HOSPITAL INC,AL,ynj2-r877,PSI_14,Postoperative wound dehiscence rate,Not Available,Not Available,Not Available,07/01/2022,06/30/2024
010034,COMMUNITY HOSPITAL INC,AL,muwa-iene,PSI_14,Postoperative wound dehiscence rate,Not Available,,,07/01/2022,06/30/2024
010034,COMMUNITY HOSPITAL INC,AL,ynj2-r877,PSI_15,Abdominopelvic accidental puncture or laceration rate,1.06,No Different Than the National Rate,28,07/01/2022,06/30/2024
010034,COMMUNITY HOSPITAL INC,AL,muwa-iene,PSI_15,Abdominopelvic accidental puncture or laceration rate,1.058450,,,07/01/2022,06/30/2024
010034,COMMUNITY HOSPITAL INC,AL,muwa-iene,PSI_90,CMS Medicare PSI 90: Patient safety and adverse events composite,Not Available,,,07/01/2022,06/30/2024
010034,COMMUNITY HOSPITAL INC,AL,ynj2-r877,PSI_90,CMS Medicare PSI 90: Patient safety and adverse events composite,Not Available,Not Available,Not Applicable,07/01/2022,06/30/2024
010034,COMMUNITY HOSPITAL INC,AL,632h-zaca,READM_30_AMI,Acute Myocardial Infarction (AMI) 30-Day Readmission Rate,Not Available,Not Available,Not Available,07/01/2021,06/30/2024
010034,COMMUNITY HOSPITAL INC,AL,632h-zaca,READM_30_CABG,Rate of readmission for CABG,Not Available,Not Available,Not Available,07/01/2021,06/30/2024
010034,COMMUNITY HOSPITAL INC,AL,632h-zaca,READM_30_COPD,Rate of readmission for chronic obstructive pulmonary disease (COPD) patients,Not Available,Number of Cases Too Small,Not Available,07/01/2021,06/30/2024
010034,COMMUNITY HOSPITAL INC,AL,632h-zaca,READM_30_HF,Heart failure (HF) 30-Day Readmission Rate,Not Available,Number of Cases Too Small,Not Available,07/01/2021,06/30/2024
010034,COMMUNITY HOSPITAL INC,AL,632h-zaca,READM_30_HIP_KNEE,Rate of readmission after hip/knee replacement,Not Available,Not Available,Not Available,07/01/2021,06/30/2024
010034,COMMUNITY HOSPITAL INC,AL,632h-zaca,READM_30_PN,Pneumonia (PN) 30-Day Readmission Rate,Not Available,Number of Cases Too Small,Not Available,07/01/2021,06/30/2024
010035,CULLMAN REGIONAL MEDICAL CENTER,AL,ynj2-r877,COMP_HIP_KNEE,Rate of complications for hip/knee replacement patients,3.9,No Different Than the National Rate,34,04/01/2021,03/31/2024
010035,CULLMAN REGIONAL MEDICAL CENTER,AL,632h-zaca,EDAC_30_AMI,Hospital return days for heart attack patients,Not Available,Number of Cases Too Small,Not Available,07/01/2021,06/30/2024
010035,CULLMAN REGIONAL MEDICAL CENTER,AL,632h-zaca,EDAC_30_HF,Hospital return days for heart failure patients,-36.8,Fewer Days Than Average per 100 Discharges,352,07/01/2021,06/30/2024
010035,CULLMAN REGIONAL MEDICAL CENTER,AL,632h-zaca,EDAC_30_PN,Hospital return days for pneumonia patients,1.3,Average Days per 100 Discharges,441,07/01/2021,06/30/2024
010035,CULLMAN REGIONAL MEDICAL CENTER,AL,77hc-ibv8,HAI_1_CILOWER,Central Line Associated Bloodstream Infection (ICU + select Wards): Lower Confidence Limit,0.040,No Different than National Benchmark,,04/01/2024,03/31/2025
010035,CULLMAN REGIONAL MEDICAL CENTER,AL,77hc-ibv8,HAI_1_CIUPPER,Central Line Associated Bloodstream Infection (ICU + select Wards): Upper Confidence Limit,3.924,No Different than National Benchmark,,04/01/2024,03/31/2025
010035,CULLMAN REGIONAL MEDICAL CENTER,AL,77hc-ibv8,HAI_1_DOPC,Central Line Associated Bloodstream Infection: Number of Device Days,1782,No Different than National Benchmark,,04/01/2024,03/31/2025
010035,CULLMAN REGIONAL MEDICAL CENTER,AL,77hc-ibv8,HAI_1_ELIGCASES,Central Line Associated Bloodstream Infection (ICU + select Wards): Predicted Cases,1.257,No Different than National Benchmark,,04/01/2024,03/31/2025
010035,CULLMAN REGIONAL MEDICAL CENTER,AL,77hc-ibv8,HAI_1_NUMERATOR,Central Line Associated Bloodstream Infection (ICU + select Wards): Observed Cases,1,No Different than National Benchmark,,04/01/2024,03/31/2025
010035,CULLMAN REGIONAL MEDICAL CENTER,AL,77hc-ibv8,HAI_1_SIR,Central Line Associated Bloodstream Infection (ICU + select Wards),0.796,No Different than National Benchmark,,04/01/2024,03/31/2025
010035,CULLMAN REGIONAL MEDICAL CENTER,AL,77hc-ibv8,HAI_2_CILOWER,Catheter Associated Urinary Tract Infections (ICU + select Wards): Lower Confidence Limit,0.164,No Different than National Benchmark,,04/01/2024,03/31/2025
010035,CULLMAN REGIONAL MEDICAL CENTER,AL,77hc-ibv8,HAI_2_CIUPPER,Catheter Associated Urinary Tract Infections (ICU + select Wards): Upper Confidence Limit,1.754,No Different than National Benchmark,,04/01/2024,03/31/2025
010035,CULLMAN REGIONAL MEDICAL CENTER,AL,77hc-ibv8,HAI_2_DOPC,Catheter Associated Urinary Tract Infections (ICU + select Wards): Number of Urinary Catheter Days,6579,No Different than National Benchmark,,04/01/2024,03/31/2025
010035,CULLMAN REGIONAL MEDICAL CENTER,AL,77hc-ibv8,HAI_2_ELIGCASES,Catheter Associated Urinary Tract Infections (ICU + select Wards): Predicted Cases,4.654,No Different than National Benchmark,,04/01/2024,03/31/2025
010035,CULLMAN REGIONAL MEDICAL CENTER,AL,77hc-ibv8,HAI_2_NUMERATOR,Catheter Associated Urinary Tract Infections (ICU + select Wards): Observed Cases,3,No Different than National Benchmark,,04/01/2024,03/31/2025
010035,CULLMAN REGIONAL MEDICAL CENTER,AL,77hc-ibv8,HAI_2_SIR,Catheter Associated Urinary Tract Infections (ICU + select Wards),0.645,No Different than National Benchmark,,04/01/2024,03/31/2025
010035,CULLMAN REGIONAL MEDICAL CENTER,AL,77hc-ibv8,HAI_3_CILOWER,SSI - Colon Surgery: Lower Confidence Limit,N/A,No Different than National Benchmark,,04/01/2024,03/31/2025
010035,CULLMAN REGIONAL MEDICAL CENTER,AL,77hc-ibv8,HAI_3_CIUPPER,SSI - Colon Surgery: Upper Confidence Limit,1.539,No Different than National Benchmark,,04/01/2024,03/31/2025
010035,CULLMAN REGIONAL MEDICAL CENTER,AL,77hc-ibv8,HAI_3_DOPC,SSI - Colon Surgery: Number of Procedures,72,No Different than National Benchmark,,04/01/2024,03/31/2025
010035,CULLMAN REGIONAL MEDICAL CENTER,AL,77hc-ibv8,HAI_3_ELIGCASES,SSI - Colon Surgery: Predicted Cases,1.946,No Different than National Benchmark,,04/01/2024,03/31/2025
010035,CULLMAN REGIONAL MEDICAL CENTER,AL,77hc-ibv8,HAI_3_NUMERATOR,SSI - Colon Surgery: Observed Cases,0,No Different than National Benchmark,,04/01/2024,03/31/2025
010035,CULLMAN REGIONAL MEDICAL CENTER,AL,77hc-ibv8,HAI_3_SIR,SSI - Colon Surgery,0.000,No Different than National Benchmark,,04/01/2024,03/31/2025
010035,CULLMAN REGIONAL MEDICAL CENTER,AL,77hc-ibv8,HAI_4_CILOWER,SSI - Abdominal Hysterectomy: Lower Confidence Limit,Not Available,Not Available,,04/01/2024,03/31/2025
010035,CULLMAN REGIONAL MEDICAL CENTER,AL,77hc-ibv8,HAI_4_CIUPPER,SSI - Abdominal Hysterectomy: Upper Confidence Limit,Not Available,Not Available,,04/01/2024,03/31/2025
010035,CULLMAN REGIONAL MEDICAL CENTER,AL,77hc-ibv8,HAI_4_DOPC,SSI - Abdominal Hysterectomy: Number of Procedures,5,Not Available,,04/01/2024,03/31/2025
010035,CULLMAN REGIONAL MEDICAL CENTER,AL,77hc-ibv8,HAI_4_ELIGCASES,SSI - Abdominal Hysterectomy: Predicted Cases,0.043,Not Available,,04/01/2024,03/31/2025
010035,CULLMAN REGIONAL MEDICAL CENTER,AL,77hc-ibv8,HAI_4_NUMERATOR,SSI - Abdominal Hysterectomy: Observed Cases,0,Not Available,,04/01/2024,03/31/2025
010035,CULLMAN REGIONAL MEDICAL CENTER,AL,77hc-ibv8,HAI_4_SIR,SSI - Abdominal Hysterectomy,Not Available,Not Available,,04/01/2024,03/31/2025
010035,CULLMAN REGIONAL MEDICAL CENTER,AL,77hc-ibv8,HAI_5_CILOWER,MRSA Bacteremia: Lower Confidence Limit,0.233,No Different than National Benchmark,,04/01/2024,03/31/2025
010035,CULLMAN REGIONAL MEDICAL CENTER,AL,77hc-ibv8,HAI_5_CIUPPER,MRSA Bacteremia: Upper Confidence Limit,4.595,No Different than National Benchmark,,04/01/2024,03/31/2025
010035,CULLMAN REGIONAL MEDICAL CENTER,AL,77hc-ibv8,HAI_5_DOPC,MRSA Bacteremia: Patient Days,38562,No Different than National Benchmark,,04/01/2024,03/31/2025
010035,CULLMAN REGIONAL MEDICAL CENTER,AL,77hc-ibv8,HAI_5_ELIGCASES,MRSA Bacteremia: Predicted Cases,1.438,No Different than National Benchmark,,04/01/2024,03/31/2025
010035,CULLMAN REGIONAL MEDICAL CENTER,AL,77hc-ibv8,HAI_5_NUMERATOR,MRSA Bacteremia: Observed Cases,2,No Different than National Benchmark,,04/01/2024,03/31/2025
010035,CULLMAN REGIONAL MEDICAL CENTER,AL,77hc-ibv8,HAI_5_SIR,MRSA Bacteremia,1.391,No Different than National Benchmark,,04/01/2024,03/31/2025
010035,CULLMAN REGIONAL MEDICAL CENTER,AL,77hc-ibv8,HAI_6_CILOWER,Clostridium Difficile (C.Diff): Lower Confidence Limit,0.023,Better than the National Benchmark,,04/01/2024,03/31/2025
010035,CULLMAN REGIONAL MEDICAL CENTER,AL,77hc-ibv8,HAI_6_CIUPPER,Clostridium Difficile (C.Diff): Upper Confidence Limit,0.443,Better than the National Benchmark,,04/01/2024,03/31/2025
010035,CULLMAN REGIONAL MEDICAL CENTER,AL,77hc-ibv8,HAI_6_DOPC,Clostridium Difficile (C.Diff): Patient Days,36873,Better than the National Benchmark,,04/01/2024,03/31/2025
010035,CULLMAN REGIONAL MEDICAL CENTER,AL,77hc-ibv8,HAI_6_ELIGCASES,Clostridium Difficile (C.Diff): Predicted Cases,14.901,Better than the National Benchmark,,04/01/2024,03/31/2025
010035,CULLMAN REGIONAL MEDICAL CENTER,AL,77hc-ibv8,HAI_6_NUMERATOR,Clostridium Difficile (C.Diff): Observed Cases,2,Better than the National Benchmark,,04/01/2024,03/31/2025
010035,CULLMAN REGIONAL MEDICAL CENTER,AL,77hc-ibv8,HAI_6_SIR,Clostridium Difficile (C.Diff),0.134,Better than the National Benchmark,,04/01/2024,03/31/2025
010035,CULLMAN REGIONAL MEDICAL CENTER,AL,ynj2-r877,MORT_30_AMI,Death rate for heart attack patients,12.6,No Different Than the National Rate,50,07/01/2021,06/30/2024
010035,CULLMAN REGIONAL MEDICAL CENTER,AL,ynj2-r877,MORT_30_CABG,Death rate for CABG surgery patients,Not Available,Not Available,Not Available,07/01/2021,06/30/2024
010035,CULLMAN REGIONAL MEDICAL CENTER,AL,ynj2-r877,MORT_30_COPD,Death rate for COPD patients,9.5,No Different Than the National Rate,115,07/01/2021,06/30/2024
010035,CULLMAN REGIONAL MEDICAL CENTER,AL,ynj2-r877,MORT_30_HF,Death rate for heart failure patients,11.6,No Different Than the National Rate,288,07/01/2021,06/30/2024
010035,CULLMAN REGIONAL MEDICAL CENTER,AL,ynj2-r877,MORT_30_PN,Death rate for pneumonia patients,20,Worse Than the National Rate,401,07/01/2021,06/30/2024
010035,CULLMAN REGIONAL MEDICAL CENTER,AL,ynj2-r877,MORT_30_STK,Death rate for stroke patients,14.3,No Different Than the National Rate,122,07/01/2021,06/30/2024
010035,CULLMAN REGIONAL MEDICAL CENTER,AL,muwa-iene,PSI_03,Pressure ulcer rate,0.277637,,,07/01/2022,06/30/2024
010035,CULLMAN REGIONAL MEDICAL CENTER,AL,ynj2-r877,PSI_03,Pressure ulcer rate,0.28,No Different Than the National Rate,2872,07/01/2022,06/30/2024
010035,CULLMAN REGIONAL MEDICAL CENTER,AL,ynj2-r877,PSI_04,Death rate among surgical inpatients with serious treatable complications,178.13,No Different Than the National Rate,27,07/01/2022,06/30/2024
010035,CULLMAN REGIONAL MEDICAL CENTER,AL,ynj2-r877,PSI_06,Iatrogenic pneumothorax rate,0.18,No Different Than the National Rate,4692,07/01/2022,06/30/2024
010035,CULLMAN REGIONAL MEDICAL CENTER,AL,muwa-iene,PSI_06,Iatrogenic pneumothorax rate,0.182066,,,07/01/2022,06/30/2024
010035,CULLMAN REGIONAL MEDICAL CENTER,AL,ynj2-r877,PSI_08,In-hospital fall-associated fracture rate,0.32,No Different Than the National Rate,4485,07/01/2022,06/30/2024
010035,CULLMAN REGIONAL MEDICAL CENTER,AL,muwa-iene,PSI_08,In-hospital fall-associated fracture rate,0.316142,,,07/01/2022,06/30/2024
010035,CULLMAN REGIONAL MEDICAL CENTER,AL,muwa-iene,PSI_09,Postoperative hemorrhage or hematoma rate,2.112907,,,07/01/2022,06/30/2024
010035,CULLMAN REGIONAL MEDICAL CENTER,AL,ynj2-r877,PSI_09,Postoperative hemorrhage or hematoma rate,2.11,No Different Than the National Rate,488,07/01/2022,06/30/2024
010035,CULLMAN REGIONAL MEDICAL CENTER,AL,muwa-iene,PSI_10,Postoperative acute kidney injury requiring dialysis rate,2.083523,,,07/01/2022,06/30/2024
010035,CULLMAN REGIONAL MEDICAL CENTER,AL,ynj2-r877,PSI_10,Postoperative acute kidney injury requiring dialysis rate,2.08,No Different Than the National Rate,115,07/01/2022,06/30/2024
010035,CULLMAN REGIONAL MEDICAL CENTER,AL,ynj2-r877,PSI_11,Postoperative respiratory failure rate,14.57,No Different Than the National Rate,117,07/01/2022,06/30/2024
010035,CULLMAN REGIONAL MEDICAL CENTER,AL,muwa-iene,PSI_11,Postoperative respiratory failure rate,14.568401,,,07/01/2022,06/30/2024
010035,CULLMAN REGIONAL MEDICAL CENTER,AL,ynj2-r877,PSI_12,Perioperative pulmonary embolism or deep vein thrombosis rate,3.63,No Different Than the National Rate,518,07/01/2022,06/30/2024
010035,CULLMAN REGIONAL MEDICAL CENTER,AL,muwa-iene,PSI_12,Perioperative pulmonary embolism or deep vein thrombosis rate,3.631815,,,07/01/2022,06/30/2024
010035,CULLMAN REGIONAL MEDICAL CENTER,AL,muwa-iene,PSI_13,Postoperative sepsis rate,6.218456,,,07/01/2022,06/30/2024
010035,CULLMAN REGIONAL MEDICAL CENTER,AL,ynj2-r877,PSI_13,Postoperative sepsis rate,6.22,No Different Than the National Rate,105,07/01/2022,06/30/2024
010035,CULLMAN REGIONAL MEDICAL CENTER,AL,ynj2-r877,PSI_14,Postoperative wound dehiscence rate,2.03,No Different Than the National Rate,128,07/01/2022,06/30/2024
010035,CULLMAN REGIONAL MEDICAL CENTER,AL,muwa-iene,PSI_14,Postoperative wound dehiscence rate,2.030708,,,07/01/2022,06/30/2024
010035,CULLMAN REGIONAL MEDICAL CENTER,AL,ynj2-r877,PSI_15,Abdominopelvic accidental puncture or laceration rate,0.95,No Different Than the National Rate,368,07/01/2022,06/30/2024
010035,CULLMAN REGIONAL MEDICAL CENTER,AL,muwa-iene,PSI_15,Abdominopelvic accidental puncture or laceration rate,0.947756,,,07/01/2022,06/30/2024
010035,CULLMAN REGIONAL MEDICAL CENTER,AL,muwa-iene,PSI_90,CMS Medicare PSI 90: Patient safety and adverse events composite,1.086603,,,07/01/2022,06/30/2024
010035,CULLMAN REGIONAL MEDICAL CENTER,AL,ynj2-r877,PSI_90,CMS Medicare PSI 90: Patient safety and adverse events composite,1.09,No Different Than the National Value,Not Applicable,07/01/2022,06/30/2024
010035,CULLMAN REGIONAL MEDICAL CENTER,AL,632h-zaca,READM_30_AMI,Acute Myocardial Infarction (AMI) 30-Day Readmission Rate,14.2,No Different Than the National Rate,28,07/01/2021,06/30/2024
010035,CULLMAN REGIONAL MEDICAL CENTER,AL,632h-zaca,READM_30_CABG,Rate of readmission for CABG,Not Available,Not Available,Not Available,07/01/2021,06/30/2024
010035,CULLMAN REGIONAL MEDICAL CENTER,AL,632h-zaca,READM_30_COPD,Rate of readmission for chronic obstructive pulmonary disease (COPD) patients,19.5,No Different Than the National Rate,137,07/01/2021,06/30/2024
010035,CULLMAN REGIONAL MEDICAL CENTER,AL,632h-zaca,READM_30_HF,Heart failure (HF) 30-Day Readmission Rate,19.2,No Different Than the National Rate,352,07/01/2021,06/30/2024
010035,CULLMAN REGIONAL MEDICAL CENTER,AL,632h-zaca,READM_30_HIP_KNEE,Rate of readmission after hip/knee replacement,4.3,No Different Than the National Rate,31,07/01/2021,06/30/2024
010035,CULLMAN REGIONAL MEDICAL CENTER,AL,632h-zaca,READM_30_PN,Pneumonia (PN) 30-Day Readmission Rate,15.8,No Different Than the National Rate,441,07/01/2021,06/30/2024
010036,ANDALUSIA HEALTH,AL,ynj2-r877,COMP_HIP_KNEE,Rate of complications for hip/knee replacement patients,3.4,No Different Than the National Rate,38,04/01/2021,03/31/2024
010036,ANDALUSIA HEALTH,AL,632h-zaca,EDAC_30_AMI,Hospital return days for heart attack patients,Not Available,Number of Cases Too Small,Not Available,07/01/2021,06/30/2024
010036,ANDALUSIA HEALTH,AL,632h-zaca,EDAC_30_HF,Hospital return days for heart failure patients,41.7,More Days Than Average per 100 Discharges,133,07/01/2021,06/30/2024
010036,ANDALUSIA HEALTH,AL,632h-zaca,EDAC_30_PN,Hospital return days for pneumonia patients,-12.4,Average Days per 100 Discharges,138,07/01/2021,06/30/2024
010036,ANDALUSIA HEALTH,AL,77hc-ibv8,HAI_1_CILOWER,Central Line Associated Bloodstream Infection (ICU + select Wards): Lower Confidence Limit,Not Available,Not Available,,04/01/2024,03/31/2025
010036,ANDALUSIA HEALTH,AL,77hc-ibv8,HAI_1_CIUPPER,Central Line Associated Bloodstream Infection (ICU + select Wards): Upper Confidence Limit,Not Available,Not Available,,04/01/2024,03/31/2025
010036,ANDALUSIA HEALTH,AL,77hc-ibv8,HAI_1_DOPC,Central Line Associated Bloodstream Infection: Number of Device Days,141,Not Available,,04/01/2024,03/31/2025
010036,ANDALUSIA HEALTH,AL,77hc-ibv8,HAI_1_ELIGCASES,Central Line Associated Bloodstream Infection (ICU + select Wards): Predicted Cases,0.094,Not Available,,04/01/2024,03/31/2025
010036,ANDALUSIA HEALTH,AL,77hc-ibv8,HAI_1_NUMERATOR,Central Line Associated Bloodstream Infection (ICU + select Wards): Observed Cases,1,Not Available,,04/01/2024,03/31/2025
010036,ANDALUSIA HEALTH,AL,77hc-ibv8,HAI_1_SIR,Central Line Associated Bloodstream Infection (ICU + select Wards),Not Available,Not Available,,04/01/2024,03/31/2025
010036,ANDALUSIA HEALTH,AL,77hc-ibv8,HAI_2_CILOWER,Catheter Associated Urinary Tract Infections (ICU + select Wards): Lower Confidence Limit,Not Available,Not Available,,04/01/2024,03/31/2025
010036,ANDALUSIA HEALTH,AL,77hc-ibv8,HAI_2_CIUPPER,Catheter Associated Urinary Tract Infections (ICU + select Wards): Upper Confidence Limit,Not Available,Not Available,,04/01/2024,03/31/2025
010036,ANDALUSIA HEALTH,AL,77hc-ibv8,HAI_2_DOPC,Catheter Associated Urinary Tract Infections (ICU + select Wards): Number of Urinary Catheter Days,1170,Not Available,,04/01/2024,03/31/2025
010036,ANDALUSIA HEALTH,AL,77hc-ibv8,HAI_2_ELIGCASES,Catheter Associated Urinary Tract Infections (ICU + select Wards): Predicted Cases,0.849,Not Available,,04/01/2024,03/31/2025
010036,ANDALUSIA HEALTH,AL,77hc-ibv8,HAI_2_NUMERATOR,Catheter Associated Urinary Tract Infections (ICU + select Wards): Observed Cases,0,Not Available,,04/01/2024,03/31/2025
010036,ANDALUSIA HEALTH,AL,77hc-ibv8,HAI_2_SIR,Catheter Associated Urinary Tract Infections (ICU + select Wards),Not Available,Not Available,,04/01/2024,03/31/2025
010036,ANDALUSIA HEALTH,AL,77hc-ibv8,HAI_3_CILOWER,SSI - Colon Surgery: Lower Confidence Limit,Not Available,Not Available,,04/01/2024,03/31/2025
010036,ANDALUSIA HEALTH,AL,77hc-ibv8,HAI_3_CIUPPER,SSI - Colon Surgery: Upper Confidence Limit,Not Available,Not Available,,04/01/2024,03/31/2025
010036,ANDALUSIA HEALTH,AL,77hc-ibv8,HAI_3_DOPC,SSI - Colon Surgery: Number of Procedures,19,Not Available,,04/01/2024,03/31/2025
010036,ANDALUSIA HEALTH,AL,77hc-ibv8,HAI_3_ELIGCASES,SSI - Colon Surgery: Predicted Cases,0.486,Not Available,,04/01/2024,03/31/2025
010036,ANDALUSIA HEALTH,AL,77hc-ibv8,HAI_3_NUMERATOR,SSI - Colon Surgery: Observed Cases,0,Not Available,,04/01/2024,03/31/2025
010036,ANDALUSIA HEALTH,AL,77hc-ibv8,HAI_3_SIR,SSI - Colon Surgery,Not Available,Not Available,,04/01/2024,03/31/2025
010036,ANDALUSIA HEALTH,AL,77hc-ibv8,HAI_4_CILOWER,SSI - Abdominal Hysterectomy: Lower Confidence Limit,Not Available,Not Available,,04/01/2024,03/31/2025
010036,ANDALUSIA HEALTH,AL,77hc-ibv8,HAI_4_CIUPPER,SSI - Abdominal Hysterectomy: Upper Confidence Limit,Not Available,Not Available,,04/01/2024,03/31/2025
010036,ANDALUSIA HEALTH,AL,77hc-ibv8,HAI_4_DOPC,SSI - Abdominal Hysterectomy: Number of Procedures,7,Not Available,,04/01/2024,03/31/2025
010036,ANDALUSIA HEALTH,AL,77hc-ibv8,HAI_4_ELIGCASES,SSI - Abdominal Hysterectomy: Predicted Cases,0.052,Not Available,,04/01/2024,03/31/2025
010036,ANDALUSIA HEALTH,AL,77hc-ibv8,HAI_4_NUMERATOR,SSI - Abdominal Hysterectomy: Observed Cases,0,Not Available,,04/01/2024,03/31/2025
010036,ANDALUSIA HEALTH,AL,77hc-ibv8,HAI_4_SIR,SSI - Abdominal Hysterectomy,Not Available,Not Available,,04/01/2024,03/31/2025
010036,ANDALUSIA HEALTH,AL,77hc-ibv8,HAI_5_CILOWER,MRSA Bacteremia: Lower Confidence Limit,Not Available,Not Available,,04/01/2024,03/31/2025
010036,ANDALUSIA HEALTH,AL,77hc-ibv8,HAI_5_CIUPPER,MRSA Bacteremia: Upper Confidence Limit,Not Available,Not Available,,04/01/2024,03/31/2025
010036,ANDALUSIA HEALTH,AL,77hc-ibv8,HAI_5_DOPC,MRSA Bacteremia: Patient Days,7732,Not Available,,04/01/2024,03/31/2025
010036,ANDALUSIA HEALTH,AL,77hc-ibv8,HAI_5_ELIGCASES,MRSA Bacteremia: Predicted Cases,0.327,Not Available,,04/01/2024,03/31/2025
010036,ANDALUSIA HEALTH,AL,77hc-ibv8,HAI_5_NUMERATOR,MRSA Bacteremia: Observed Cases,0,Not Available,,04/01/2024,03/31/2025
010036,ANDALUSIA HEALTH,AL,77hc-ibv8,HAI_5_SIR,MRSA Bacteremia,Not Available,Not Available,,04/01/2024,03/31/2025
010036,ANDALUSIA HEALTH,AL,77hc-ibv8,HAI_6_CILOWER,Clostridium Difficile (C.Diff): Lower Confidence Limit,N/A,No Different than National Benchmark,,04/01/2024,03/31/2025
010036,ANDALUSIA HEALTH,AL,77hc-ibv8,HAI_6_CIUPPER,Clostridium Difficile (C.Diff): Upper Confidence Limit,1.317,No Different than National Benchmark,,04/01/2024,03/31/2025
010036,ANDALUSIA HEALTH,AL,77hc-ibv8,HAI_6_DOPC,Clostridium Difficile (C.Diff): Patient Days,7248,No Different than National Benchmark,,04/01/2024,03/31/2025
010036,ANDALUSIA HEALTH,AL,77hc-ibv8,HAI_6_ELIGCASES,Clostridium Difficile (C.Diff): Predicted Cases,2.274,No Different than National Benchmark,,04/01/2024,03/31/2025
010036,ANDALUSIA HEALTH,AL,77hc-ibv8,HAI_6_NUMERATOR,Clostridium Difficile (C.Diff): Observed Cases,0,No Different than National Benchmark,,04/01/2024,03/31/2025
010036,ANDALUSIA HEALTH,AL,77hc-ibv8,HAI_6_SIR,Clostridium Difficile (C.Diff),0.000,No Different than National Benchmark,,04/01/2024,03/31/2025
010036,ANDALUSIA HEALTH,AL,ynj2-r877,MORT_30_AMI,Death rate for heart attack patients,Not Available,Number of Cases Too Small,Not Available,07/01/2021,06/30/2024
010036,ANDALUSIA HEALTH,AL,ynj2-r877,MORT_30_CABG,Death rate for CABG surgery patients,Not Available,Not Available,Not Available,07/01/2021,06/30/2024
010036,ANDALUSIA HEALTH,AL,ynj2-r877,MORT_30_COPD,Death rate for COPD patients,8.7,No Different Than the National Rate,49,07/01/2021,06/30/2024
010036,ANDALUSIA HEALTH,AL,ynj2-r877,MORT_30_HF,Death rate for heart failure patients,12.9,No Different Than the National Rate,114,07/01/2021,06/30/2024
010036,ANDALUSIA HEALTH,AL,ynj2-r877,MORT_30_PN,Death rate for pneumonia patients,18.3,No Different Than the National Rate,134,07/01/2021,06/30/2024
010036,ANDALUSIA HEALTH,AL,ynj2-r877,MORT_30_STK,Death rate for stroke patients,12.5,No Different Than the National Rate,52,07/01/2021,06/30/2024
010036,ANDALUSIA HEALTH,AL,ynj2-r877,PSI_03,Pressure ulcer rate,0.45,No Different Than the National Rate,930,07/01/2022,06/30/2024
010036,ANDALUSIA HEALTH,AL,muwa-iene,PSI_03,Pressure ulcer rate,0.447783,,,07/01/2022,06/30/2024
010036,ANDALUSIA HEALTH,AL,ynj2-r877,PSI_04,Death rate among surgical inpatients with serious treatable complications,Not Available,Not Available,Not Available,07/01/2022,06/30/2024
010036,ANDALUSIA HEALTH,AL,muwa-iene,PSI_06,Iatrogenic pneumothorax rate,0.200763,,,07/01/2022,06/30/2024
010036,ANDALUSIA HEALTH,AL,ynj2-r877,PSI_06,Iatrogenic pneumothorax rate,0.20,No Different Than the National Rate,1277,07/01/2022,06/30/2024
010036,ANDALUSIA HEALTH,AL,ynj2-r877,PSI_08,In-hospital fall-associated fracture rate,0.26,No Different Than the National Rate,1269,07/01/2022,06/30/2024
010036,ANDALUSIA HEALTH,AL,muwa-iene,PSI_08,In-hospital fall-associated fracture rate,0.260247,,,07/01/2022,06/30/2024
010036,ANDALUSIA HEALTH,AL,ynj2-r877,PSI_09,Postoperative hemorrhage or hematoma rate,2.27,No Different Than the National Rate,148,07/01/2022,06/30/2024
010036,ANDALUSIA HEALTH,AL,muwa-iene,PSI_09,Postoperative hemorrhage or hematoma rate,2.270787,,,07/01/2022,06/30/2024
010036,ANDALUSIA HEALTH,AL,ynj2-r877,PSI_10,Postoperative acute kidney injury requiring dialysis rate,Not Available,Not Available,Not Available,07/01/2022,06/30/2024
010036,ANDALUSIA HEALTH,AL,muwa-iene,PSI_10,Postoperative acute kidney injury requiring dialysis rate,Not Available,,,07/01/2022,06/30/2024
010036,ANDALUSIA HEALTH,AL,muwa-iene,PSI_11,Postoperative respiratory failure rate,Not Available,,,07/01/2022,06/30/2024
010036,ANDALUSIA HEALTH,AL,ynj2-r877,PSI_11,Postoperative respiratory failure rate,Not Available,Not Available,Not Available,07/01/2022,06/30/2024
010036,ANDALUSIA HEALTH,AL,muwa-iene,PSI_12,Perioperative pulmonary embolism or deep vein thrombosis rate,3.295355,,,07/01/2022,06/30/2024
010036,ANDALUSIA HEALTH,AL,ynj2-r877,PSI_12,Perioperative pulmonary embolism or deep vein thrombosis rate,3.30,No Different Than the National Rate,154,07/01/2022,06/30/2024
010036,ANDALUSIA HEALTH,AL,muwa-iene,PSI_13,Postoperative sepsis rate,Not Available,,,07/01/2022,06/30/2024
010036,ANDALUSIA HEALTH,AL,ynj2-r877,PSI_13,Postoperative sepsis rate,Not Available,Not Available,Not Available,07/01/2022,06/30/2024
010036,ANDALUSIA HEALTH,AL,ynj2-r877,PSI_14,Postoperative wound dehiscence rate,1.74,No Different Than the National Rate,29,07/01/2022,06/30/2024
010036,ANDALUSIA HEALTH,AL,muwa-iene,PSI_14,Postoperative wound dehiscence rate,1.735575,,,07/01/2022,06/30/2024
010036,ANDALUSIA HEALTH,AL,muwa-iene,PSI_15,Abdominopelvic accidental puncture or laceration rate,1.023360,,,07/01/2022,06/30/2024
010036,ANDALUSIA HEALTH,AL,ynj2-r877,PSI_15,Abdominopelvic accidental puncture or laceration rate,1.02,No Different Than the National Rate,163,07/01/2022,06/30/2024
010036,ANDALUSIA HEALTH,AL,muwa-iene,PSI_90,CMS Medicare PSI 90: Patient safety and adverse events composite,0.931875,,,07/01/2022,06/30/2024
010036,ANDALUSIA HEALTH,AL,ynj2-r877,PSI_90,CMS Medicare PSI 90: Patient safety and adverse events composite,0.93,No Different Than the National Value,Not Applicable,07/01/2022,06/30/2024
010036,ANDALUSIA HEALTH,AL,632h-zaca,READM_30_AMI,Acute Myocardial Infarction (AMI) 30-Day Readmission Rate,Not Available,Number of Cases Too Small,Not Available,07/01/2021,06/30/2024
010036,ANDALUSIA HEALTH,AL,632h-zaca,READM_30_CABG,Rate of readmission for CABG,Not Available,Not Available,Not Available,07/01/2021,06/30/2024
010036,ANDALUSIA HEALTH,AL,632h-zaca,READM_30_COPD,Rate of readmission for chronic obstructive pulmonary disease (COPD) patients,17.5,No Different Than the National Rate,63,07/01/2021,06/30/2024
010036,ANDALUSIA HEALTH,AL,632h-zaca,READM_30_HF,Heart failure (HF) 30-Day Readmission Rate,20.5,No Different Than the National Rate,133,07/01/2021,06/30/2024
010036,ANDALUSIA HEALTH,AL,632h-zaca,READM_30_HIP_KNEE,Rate of readmission after hip/knee replacement,5.5,No Different Than the National Rate,37,07/01/2021,06/30/2024
010036,ANDALUSIA HEALTH,AL,632h-zaca,READM_30_PN,Pneumonia (PN) 30-Day Readmission Rate,15.1,No Different Than the National Rate,138,07/01/2021,06/30/2024
010039,HUNTSVILLE HOSPITAL,AL,ynj2-r877,COMP_HIP_KNEE,Rate of complications for hip/knee replacement patients,2.7,No Different Than the National Rate,113,04/01/2021,03/31/2024
010039,HUNTSVILLE HOSPITAL,AL,632h-zaca,EDAC_30_AMI,Hospital return days for heart attack patients,-8.2,Fewer Days Than Average per 100 Discharges,567,07/01/2021,06/30/2024
010039,HUNTSVILLE HOSPITAL,AL,632h-zaca,EDAC_30_HF,Hospital return days for heart failure patients,16,More Days Than Average per 100 Discharges,1218,07/01/2021,06/30/2024
010039,HUNTSVILLE HOSPITAL,AL,632h-zaca,EDAC_30_PN,Hospital return days for pneumonia patients,6.1,More Days Than Average per 100 Discharges,1334,07/01/2021,06/30/2024
010039,HUNTSVILLE HOSPITAL,AL,77hc-ibv8,HAI_1_CILOWER,Central Line Associated Bloodstream Infection (ICU + select Wards): Lower Confidence Limit,0.442,No Different than National Benchmark,,04/01/2024,03/31/2025
010039,HUNTSVILLE HOSPITAL,AL,77hc-ibv8,HAI_1_CIUPPER,Central Line Associated Bloodstream Infection (ICU + select Wards): Upper Confidence Limit,1.068,No Different than National Benchmark,,04/01/2024,03/31/2025
010039,HUNTSVILLE HOSPITAL,AL,77hc-ibv8,HAI_1_DOPC,Central Line Associated Bloodstream Infection: Number of Device Days,27900,No Different than National Benchmark,,04/01/2024,03/31/2025
010039,HUNTSVILLE HOSPITAL,AL,77hc-ibv8,HAI_1_ELIGCASES,Central Line Associated Bloodstream Infection (ICU + select Wards): Predicted Cases,28.408,No Different than National Benchmark,,04/01/2024,03/31/2025
010039,HUNTSVILLE HOSPITAL,AL,77hc-ibv8,HAI_1_NUMERATOR,Central Line Associated Bloodstream Infection (ICU + select Wards): Observed Cases,20,No Different than National Benchmark,,04/01/2024,03/31/2025
010039,HUNTSVILLE HOSPITAL,AL,77hc-ibv8,HAI_1_SIR,Central Line Associated Bloodstream Infection (ICU + select Wards),0.704,No Different than National Benchmark,,04/01/2024,03/31/2025
010039,HUNTSVILLE HOSPITAL,AL,77hc-ibv8,HAI_2_CILOWER,Catheter Associated Urinary Tract Infections (ICU + select Wards): Lower Confidence Limit,0.465,Better than the National Benchmark,,04/01/2024,03/31/2025
010039,HUNTSVILLE HOSPITAL,AL,77hc-ibv8,HAI_2_CIUPPER,Catheter Associated Urinary Tract Infections (ICU + select Wards): Upper Confidence Limit,0.993,Better than the National Benchmark,,04/01/2024,03/31/2025
010039,HUNTSVILLE HOSPITAL,AL,77hc-ibv8,HAI_2_DOPC,Catheter Associated Urinary Tract Infections (ICU + select Wards): Number of Urinary Catheter Days,31825,Better than the National Benchmark,,04/01/2024,03/31/2025
010039,HUNTSVILLE HOSPITAL,AL,77hc-ibv8,HAI_2_ELIGCASES,Catheter Associated Urinary Tract Infections (ICU + select Wards): Predicted Cases,39.027,Better than the National Benchmark,,04/01/2024,03/31/2025
010039,HUNTSVILLE HOSPITAL,AL,77hc-ibv8,HAI_2_NUMERATOR,Catheter Associated Urinary Tract Infections (ICU + select Wards): Observed Cases,27,Better than the National Benchmark,,04/01/2024,03/31/2025
010039,HUNTSVILLE HOSPITAL,AL,77hc-ibv8,HAI_2_SIR,Catheter Associated Urinary Tract Infections (ICU + select Wards),0.692,Better than the National Benchmark,,04/01/2024,03/31/2025
010039,HUNTSVILLE HOSPITAL,AL,77hc-ibv8,HAI_3_CILOWER,SSI - Colon Surgery: Lower Confidence Limit,0.490,No Different than National Benchmark,,04/01/2024,03/31/2025
010039,HUNTSVILLE HOSPITAL,AL,77hc-ibv8,HAI_3_CIUPPER,SSI - Colon Surgery: Upper Confidence Limit,1.537,No Different than National Benchmark,,04/01/2024,03/31/2025
010039,HUNTSVILLE HOSPITAL,AL,77hc-ibv8,HAI_3_DOPC,SSI - Colon Surgery: Number of Procedures,473,No Different than National Benchmark,,04/01/2024,03/31/2025
010039,HUNTSVILLE HOSPITAL,AL,77hc-ibv8,HAI_3_ELIGCASES,SSI - Colon Surgery: Predicted Cases,13.273,No Different than National Benchmark,,04/01/2024,03/31/2025
010039,HUNTSVILLE HOSPITAL,AL,77hc-ibv8,HAI_3_NUMERATOR,SSI - Colon Surgery: Observed Cases,12,No Different than National Benchmark,,04/01/2024,03/31/2025
010039,HUNTSVILLE HOSPITAL,AL,77hc-ibv8,HAI_3_SIR,SSI - Colon Surgery,0.904,No Different than National Benchmark,,04/01/2024,03/31/2025
010039,HUNTSVILLE HOSPITAL,AL,77hc-ibv8,HAI_4_CILOWER,SSI - Abdominal Hysterectomy: Lower Confidence Limit,0.132,Better than the National Benchmark,,04/01/2024,03/31/2025
010039,HUNTSVILLE HOSPITAL,AL,77hc-ibv8,HAI_4_CIUPPER,SSI - Abdominal Hysterectomy: Upper Confidence Limit,0.999,Better than the National Benchmark,,04/01/2024,03/31/2025
010039,HUNTSVILLE HOSPITAL,AL,77hc-ibv8,HAI_4_DOPC,SSI - Abdominal Hysterectomy: Number of Procedures,1083,Better than the National Benchmark,,04/01/2024,03/31/2025
010039,HUNTSVILLE HOSPITAL,AL,77hc-ibv8,HAI_4_ELIGCASES,SSI - Abdominal Hysterectomy: Predicted Cases,9.660,Better than the National Benchmark,,04/01/2024,03/31/2025
010039,HUNTSVILLE HOSPITAL,AL,77hc-ibv8,HAI_4_NUMERATOR,SSI - Abdominal Hysterectomy: Observed Cases,4,Better than the National Benchmark,,04/01/2024,03/31/2025
010039,HUNTSVILLE HOSPITAL,AL,77hc-ibv8,HAI_4_SIR,SSI - Abdominal Hysterectomy,0.414,Better than the National Benchmark,,04/01/2024,03/31/2025
010039,HUNTSVILLE HOSPITAL,AL,77hc-ibv8,HAI_5_CILOWER,MRSA Bacteremia: Lower Confidence Limit,0.748,No Different than National Benchmark,,04/01/2024,03/31/2025
010039,HUNTSVILLE HOSPITAL,AL,77hc-ibv8,HAI_5_CIUPPER,MRSA Bacteremia: Upper Confidence Limit,1.769,No Different than National Benchmark,,04/01/2024,03/31/2025
010039,HUNTSVILLE HOSPITAL,AL,77hc-ibv8,HAI_5_DOPC,MRSA Bacteremia: Patient Days,296772,No Different than National Benchmark,,04/01/2024,03/31/2025
010039,HUNTSVILLE HOSPITAL,AL,77hc-ibv8,HAI_5_ELIGCASES,MRSA Bacteremia: Predicted Cases,17.832,No Different than National Benchmark,,04/01/2024,03/31/2025
010039,HUNTSVILLE HOSPITAL,AL,77hc-ibv8,HAI_5_NUMERATOR,MRSA Bacteremia: Observed Cases,21,No Different than National Benchmark,,04/01/2024,03/31/2025
010039,HUNTSVILLE HOSPITAL,AL,77hc-ibv8,HAI_5_SIR,MRSA Bacteremia,1.178,No Different than National Benchmark,,04/01/2024,03/31/2025
010039,HUNTSVILLE HOSPITAL,AL,77hc-ibv8,HAI_6_CILOWER,Clostridium Difficile (C.Diff): Lower Confidence Limit,0.415,Better than the National Benchmark,,04/01/2024,03/31/2025
010039,HUNTSVILLE HOSPITAL,AL,77hc-ibv8,HAI_6_CIUPPER,Clostridium Difficile (C.Diff): Upper Confidence Limit,0.612,Better than the National Benchmark,,04/01/2024,03/31/2025
010039,HUNTSVILLE HOSPITAL,AL,77hc-ibv8,HAI_6_DOPC,Clostridium Difficile (C.Diff): Patient Days,262287,Better than the National Benchmark,,04/01/2024,03/31/2025
010039,HUNTSVILLE HOSPITAL,AL,77hc-ibv8,HAI_6_ELIGCASES,Clostridium Difficile (C.Diff): Predicted Cases,201.314,Better than the National Benchmark,,04/01/2024,03/31/2025
010039,HUNTSVILLE HOSPITAL,AL,77hc-ibv8,HAI_6_NUMERATOR,Clostridium Difficile (C.Diff): Observed Cases,102,Better than the National Benchmark,,04/01/2024,03/31/2025
010039,HUNTSVILLE HOSPITAL,AL,77hc-ibv8,HAI_6_SIR,Clostridium Difficile (C.Diff),0.507,Better than the National Benchmark,,04/01/2024,03/31/2025
010039,HUNTSVILLE HOSPITAL,AL,ynj2-r877,MORT_30_AMI,Death rate for heart attack patients,17.1,Worse Than the National Rate,541,07/01/2021,06/30/2024
010039,HUNTSVILLE HOSPITAL,AL,ynj2-r877,MORT_30_CABG,Death rate for CABG surgery patients,1.9,No Different Than the National Rate,279,07/01/2021,06/30/2024
010039,HUNTSVILLE HOSPITAL,AL,ynj2-r877,MORT_30_COPD,Death rate for COPD patients,9,No Different Than the National Rate,365,07/01/2021,06/30/2024
010039,HUNTSVILLE HOSPITAL,AL,ynj2-r877,MORT_30_HF,Death rate for heart failure patients,13,No Different Than the National Rate,1072,07/01/2021,06/30/2024
010039,HUNTSVILLE HOSPITAL,AL,ynj2-r877,MORT_30_PN,Death rate for pneumonia patients,20.9,Worse Than the National Rate,1336,07/01/2021,06/30/2024
010039,HUNTSVILLE HOSPITAL,AL,ynj2-r877,MORT_30_STK,Death rate for stroke patients,12.8,No Different Than the National Rate,863,07/01/2021,06/30/2024
010039,HUNTSVILLE HOSPITAL,AL,muwa-iene,PSI_03,Pressure ulcer rate,0.901667,,,07/01/2022,06/30/2024
010039,HUNTSVILLE HOSPITAL,AL,ynj2-r877,PSI_03,Pressure ulcer rate,0.90,No Different Than the National Rate,17116,07/01/2022,06/30/2024
010039,HUNTSVILLE HOSPITAL,AL,ynj2-r877,PSI_04,Death rate among surgical inpatients with serious treatable complications,233.84,Worse Than the National Rate,315,07/01/2022,06/30/2024
010039,HUNTSVILLE HOSPITAL,AL,ynj2-r877,PSI_06,Iatrogenic pneumothorax rate,0.27,No Different Than the National Rate,18880,07/01/2022,06/30/2024
010039,HUNTSVILLE HOSPITAL,AL,muwa-iene,PSI_06,Iatrogenic pneumothorax rate,0.268934,,,07/01/2022,06/30/2024
010039,HUNTSVILLE HOSPITAL,AL,muwa-iene,PSI_08,In-hospital fall-associated fracture rate,0.332112,,,07/01/2022,06/30/2024
010039,HUNTSVILLE HOSPITAL,AL,ynj2-r877,PSI_08,In-hospital fall-associated fracture rate,0.33,No Different Than the National Rate,19137,07/01/2022,06/30/2024
010039,HUNTSVILLE HOSPITAL,AL,ynj2-r877,PSI_09,Postoperative hemorrhage or hematoma rate,1.73,No Different Than the National Rate,5202,07/01/2022,06/30/2024
010039,HUNTSVILLE HOSPITAL,AL,muwa-iene,PSI_09,Postoperative hemorrhage or hematoma rate,1.728551,,,07/01/2022,06/30/2024
010039,HUNTSVILLE HOSPITAL,AL,muwa-iene,PSI_10,Postoperative acute kidney injury requiring dialysis rate,3.377037,,,07/01/2022,06/30/2024
010039,HUNTSVILLE HOSPITAL,AL,ynj2-r877,PSI_10,Postoperative acute kidney injury requiring dialysis rate,3.38,Worse Than the National Rate,2597,07/01/2022,06/30/2024
010039,HUNTSVILLE HOSPITAL,AL,ynj2-r877,PSI_11,Postoperative respiratory failure rate,20.77,Worse Than the National Rate,2556,07/01/2022,06/30/2024
010039,HUNTSVILLE HOSPITAL,AL,muwa-iene,PSI_11,Postoperative respiratory failure rate,20.771370,,,07/01/2022,06/30/2024
010039,HUNTSVILLE HOSPITAL,AL,ynj2-r877,PSI_12,Perioperative pulmonary embolism or deep vein thrombosis rate,6.52,Worse Than the National Rate,4649,07/01/2022,06/30/2024
010039,HUNTSVILLE HOSPITAL,AL,muwa-iene,PSI_12,Perioperative pulmonary embolism or deep vein thrombosis rate,6.517684,,,07/01/2022,06/30/2024
010039,HUNTSVILLE HOSPITAL,AL,muwa-iene,PSI_13,Postoperative sepsis rate,9.375522,,,07/01/2022,06/30/2024
010039,HUNTSVILLE HOSPITAL,AL,ynj2-r877,PSI_13,Postoperative sepsis rate,9.38,Worse Than the National Rate,1842,07/01/2022,06/30/2024
010039,HUNTSVILLE HOSPITAL,AL,ynj2-r877,PSI_14,Postoperative wound dehiscence rate,1.63,No Different Than the National Rate,1241,07/01/2022,06/30/2024
010039,HUNTSVILLE HOSPITAL,AL,muwa-iene,PSI_14,Postoperative wound dehiscence rate,1.628190,,,07/01/2022,06/30/2024
010039,HUNTSVILLE HOSPITAL,AL,ynj2-r877,PSI_15,Abdominopelvic accidental puncture or laceration rate,1.12,No Different Than the National Rate,3287,07/01/2022,06/30/2024
010039,HUNTSVILLE HOSPITAL,AL,muwa-iene,PSI_15,Abdominopelvic accidental puncture or laceration rate,1.124332,,,07/01/2022,06/30/2024
010039,HUNTSVILLE HOSPITAL,AL,muwa-iene,PSI_90,CMS Medicare PSI 90: Patient safety and adverse events composite,1.732384,,,07/01/2022,06/30/2024
010039,HUNTSVILLE HOSPITAL,AL,ynj2-r877,PSI_90,CMS Medicare PSI 90: Patient safety and adverse events composite,1.73,Worse Than the National Value,Not Applicable,07/01/2022,06/30/2024
010039,HUNTSVILLE HOSPITAL,AL,632h-zaca,READM_30_AMI,Acute Myocardial Infarction (AMI) 30-Day Readmission Rate,12.1,No Different Than the National Rate,567,07/01/2021,06/30/2024
010039,HUNTSVILLE HOSPITAL,AL,632h-zaca,READM_30_CABG,Rate of readmission for CABG,9.1,No Different Than the National Rate,273,07/01/2021,06/30/2024
010039,HUNTSVILLE HOSPITAL,AL,632h-zaca,READM_30_COPD,Rate of readmission for chronic obstructive pulmonary disease (COPD) patients,17.6,No Different Than the National Rate,394,07/01/2021,06/30/2024
010039,HUNTSVILLE HOSPITAL,AL,632h-zaca,READM_30_HF,Heart failure (HF) 30-Day Readmission Rate,19.5,No Different Than the National Rate,1218,07/01/2021,06/30/2024
010039,HUNTSVILLE HOSPITAL,AL,632h-zaca,READM_30_HIP_KNEE,Rate of readmission after hip/knee replacement,5.1,No Different Than the National Rate,108,07/01/2021,06/30/2024
010039,HUNTSVILLE HOSPITAL,AL,632h-zaca,READM_30_PN,Pneumonia (PN) 30-Day Readmission Rate,14.7,No Different Than the National Rate,1334,07/01/2021,06/30/2024
010040,GADSDEN REGIONAL MEDICAL CENTER,AL,ynj2-r877,COMP_HIP_KNEE,Rate of complications for hip/knee replacement patients,4.2,No Different Than the National Rate,50,04/01/2021,03/31/2024
010040,GADSDEN REGIONAL MEDICAL CENTER,AL,632h-zaca,EDAC_30_AMI,Hospital return days for heart attack patients,-12.3,Average Days per 100 Discharges,89,07/01/2021,06/30/2024
010040,GADSDEN REGIONAL MEDICAL CENTER,AL,632h-zaca,EDAC_30_HF,Hospital return days for heart failure patients,20,More Days Than Average per 100 Discharges,229,07/01/2021,06/30/2024
010040,GADSDEN REGIONAL MEDICAL CENTER,AL,632h-zaca,EDAC_30_PN,Hospital return days for pneumonia patients,8,Average Days per 100 Discharges,248,07/01/2021,06/30/2024
010040,GADSDEN REGIONAL MEDICAL CENTER,AL,77hc-ibv8,HAI_1_CILOWER,Central Line Associated Bloodstream Infection (ICU + select Wards): Lower Confidence Limit,0.014,No Different than National Benchmark,,04/01/2024,03/31/2025
010040,GADSDEN REGIONAL MEDICAL CENTER,AL,77hc-ibv8,HAI_1_CIUPPER,Central Line Associated Bloodstream Infection (ICU + select Wards): Upper Confidence Limit,1.429,No Different than National Benchmark,,04/01/2024,03/31/2025
010040,GADSDEN REGIONAL MEDICAL CENTER,AL,77hc-ibv8,HAI_1_DOPC,Central Line Associated Bloodstream Infection: Number of Device Days,4119,No Different than National Benchmark,,04/01/2024,03/31/2025
010040,GADSDEN REGIONAL MEDICAL CENTER,AL,77hc-ibv8,HAI_1_ELIGCASES,Central Line Associated Bloodstream Infection (ICU + select Wards): Predicted Cases,3.452,No Different than National Benchmark,,04/01/2024,03/31/2025
010040,GADSDEN REGIONAL MEDICAL CENTER,AL,77hc-ibv8,HAI_1_NUMERATOR,Central Line Associated Bloodstream Infection (ICU + select Wards): Observed Cases,1,No Different than National Benchmark,,04/01/2024,03/31/2025
010040,GADSDEN REGIONAL MEDICAL CENTER,AL,77hc-ibv8,HAI_1_SIR,Central Line Associated Bloodstream Infection (ICU + select Wards),0.290,No Different than National Benchmark,,04/01/2024,03/31/2025
010040,GADSDEN REGIONAL MEDICAL CENTER,AL,77hc-ibv8,HAI_2_CILOWER,Catheter Associated Urinary Tract Infections (ICU + select Wards): Lower Confidence Limit,0.055,No Different than National Benchmark,,04/01/2024,03/31/2025
010040,GADSDEN REGIONAL MEDICAL CENTER,AL,77hc-ibv8,HAI_2_CIUPPER,Catheter Associated Urinary Tract Infections (ICU + select Wards): Upper Confidence Limit,1.082,No Different than National Benchmark,,04/01/2024,03/31/2025
010040,GADSDEN REGIONAL MEDICAL CENTER,AL,77hc-ibv8,HAI_2_DOPC,Catheter Associated Urinary Tract Infections (ICU + select Wards): Number of Urinary Catheter Days,6812,No Different than National Benchmark,,04/01/2024,03/31/2025
010040,GADSDEN REGIONAL MEDICAL CENTER,AL,77hc-ibv8,HAI_2_ELIGCASES,Catheter Associated Urinary Tract Infections (ICU + select Wards): Predicted Cases,6.105,No Different than National Benchmark,,04/01/2024,03/31/2025
010040,GADSDEN REGIONAL MEDICAL CENTER,AL,77hc-ibv8,HAI_2_NUMERATOR,Catheter Associated Urinary Tract Infections (ICU + select Wards): Observed Cases,2,No Different than National Benchmark,,04/01/2024,03/31/2025
010040,GADSDEN REGIONAL MEDICAL CENTER,AL,77hc-ibv8,HAI_2_SIR,Catheter Associated Urinary Tract Infections (ICU + select Wards),0.328,No Different than National Benchmark,,04/01/2024,03/31/2025
010040,GADSDEN REGIONAL MEDICAL CENTER,AL,77hc-ibv8,HAI_3_CILOWER,SSI - Colon Surgery: Lower Confidence Limit,N/A,Better than the National Benchmark,,04/01/2024,03/31/2025
010040,GADSDEN REGIONAL MEDICAL CENTER,AL,77hc-ibv8,HAI_3_CIUPPER,SSI - Colon Surgery: Upper Confidence Limit,0.937,Better than the National Benchmark,,04/01/2024,03/31/2025
010040,GADSDEN REGIONAL MEDICAL CENTER,AL,77hc-ibv8,HAI_3_DOPC,SSI - Colon Surgery: Number of Procedures,113,Better than the National Benchmark,,04/01/2024,03/31/2025
010040,GADSDEN REGIONAL MEDICAL CENTER,AL,77hc-ibv8,HAI_3_ELIGCASES,SSI - Colon Surgery: Predicted Cases,3.196,Better than the National Benchmark,,04/01/2024,03/31/2025
010040,GADSDEN REGIONAL MEDICAL CENTER,AL,77hc-ibv8,HAI_3_NUMERATOR,SSI - Colon Surgery: Observed Cases,0,Better than the National Benchmark,,04/01/2024,03/31/2025
010040,GADSDEN REGIONAL MEDICAL CENTER,AL,77hc-ibv8,HAI_3_SIR,SSI - Colon Surgery,0.000,Better than the National Benchmark,,04/01/2024,03/31/2025
010040,GADSDEN REGIONAL MEDICAL CENTER,AL,77hc-ibv8,HAI_4_CILOWER,SSI - Abdominal Hysterectomy: Lower Confidence Limit,N/A,No Different than National Benchmark,,04/01/2024,03/31/2025
010040,GADSDEN REGIONAL MEDICAL CENTER,AL,77hc-ibv8,HAI_4_CIUPPER,SSI - Abdominal Hysterectomy: Upper Confidence Limit,2.957,No Different than National Benchmark,,04/01/2024,03/31/2025
010040,GADSDEN REGIONAL MEDICAL CENTER,AL,77hc-ibv8,HAI_4_DOPC,SSI - Abdominal Hysterectomy: Number of Procedures,102,No Different than National Benchmark,,04/01/2024,03/31/2025
010040,GADSDEN REGIONAL MEDICAL CENTER,AL,77hc-ibv8,HAI_4_ELIGCASES,SSI - Abdominal Hysterectomy: Predicted Cases,1.013,No Different than National Benchmark,,04/01/2024,03/31/2025
010040,GADSDEN REGIONAL MEDICAL CENTER,AL,77hc-ibv8,HAI_4_NUMERATOR,SSI - Abdominal Hysterectomy: Observed Cases,0,No Different than National Benchmark,,04/01/2024,03/31/2025
010040,GADSDEN REGIONAL MEDICAL CENTER,AL,77hc-ibv8,HAI_4_SIR,SSI - Abdominal Hysterectomy,0.000,No Different than National Benchmark,,04/01/2024,03/31/2025
010040,GADSDEN REGIONAL MEDICAL CENTER,AL,77hc-ibv8,HAI_5_CILOWER,MRSA Bacteremia: Lower Confidence Limit,0.410,No Different than National Benchmark,,04/01/2024,03/31/2025
010040,GADSDEN REGIONAL MEDICAL CENTER,AL,77hc-ibv8,HAI_5_CIUPPER,MRSA Bacteremia: Upper Confidence Limit,3.110,No Different than National Benchmark,,04/01/2024,03/31/2025
010040,GADSDEN REGIONAL MEDICAL CENTER,AL,77hc-ibv8,HAI_5_DOPC,MRSA Bacteremia: Patient Days,46896,No Different than National Benchmark,,04/01/2024,03/31/2025
010040,GADSDEN REGIONAL MEDICAL CENTER,AL,77hc-ibv8,HAI_5_ELIGCASES,MRSA Bacteremia: Predicted Cases,3.102,No Different than National Benchmark,,04/01/2024,03/31/2025
010040,GADSDEN REGIONAL MEDICAL CENTER,AL,77hc-ibv8,HAI_5_NUMERATOR,MRSA Bacteremia: Observed Cases,4,No Different than National Benchmark,,04/01/2024,03/31/2025
010040,GADSDEN REGIONAL MEDICAL CENTER,AL,77hc-ibv8,HAI_5_SIR,MRSA Bacteremia,1.289,No Different than National Benchmark,,04/01/2024,03/31/2025
010040,GADSDEN REGIONAL MEDICAL CENTER,AL,77hc-ibv8,HAI_6_CILOWER,Clostridium Difficile (C.Diff): Lower Confidence Limit,N/A,Better than the National Benchmark,,04/01/2024,03/31/2025
010040,GADSDEN REGIONAL MEDICAL CENTER,AL,77hc-ibv8,HAI_6_CIUPPER,Clostridium Difficile (C.Diff): Upper Confidence Limit,0.162,Better than the National Benchmark,,04/01/2024,03/31/2025
010040,GADSDEN REGIONAL MEDICAL CENTER,AL,77hc-ibv8,HAI_6_DOPC,Clostridium Difficile (C.Diff): Patient Days,45659,Better than the National Benchmark,,04/01/2024,03/31/2025
010040,GADSDEN REGIONAL MEDICAL CENTER,AL,77hc-ibv8,HAI_6_ELIGCASES,Clostridium Difficile (C.Diff): Predicted Cases,18.544,Better than the National Benchmark,,04/01/2024,03/31/2025
010040,GADSDEN REGIONAL MEDICAL CENTER,AL,77hc-ibv8,HAI_6_NUMERATOR,Clostridium Difficile (C.Diff): Observed Cases,0,Better than the National Benchmark,,04/01/2024,03/31/2025
010040,GADSDEN REGIONAL MEDICAL CENTER,AL,77hc-ibv8,HAI_6_SIR,Clostridium Difficile (C.Diff),0.000,Better than the National Benchmark,,04/01/2024,03/31/2025
010040,GADSDEN REGIONAL MEDICAL CENTER,AL,ynj2-r877,MORT_30_AMI,Death rate for heart attack patients,11.1,No Different Than the National Rate,88,07/01/2021,06/30/2024
010040,GADSDEN REGIONAL MEDICAL CENTER,AL,ynj2-r877,MORT_30_CABG,Death rate for CABG surgery patients,2.4,No Different Than the National Rate,48,07/01/2021,06/30/2024
010040,GADSDEN REGIONAL MEDICAL CENTER,AL,ynj2-r877,MORT_30_COPD,Death rate for COPD patients,9.3,No Different Than the National Rate,80,07/01/2021,06/30/2024
010040,GADSDEN REGIONAL MEDICAL CENTER,AL,ynj2-r877,MORT_30_HF,Death rate for heart failure patients,10.8,No Different Than the National Rate,201,07/01/2021,06/30/2024
010040,GADSDEN REGIONAL MEDICAL CENTER,AL,ynj2-r877,MORT_30_PN,Death rate for pneumonia patients,20.1,Worse Than the National Rate,233,07/01/2021,06/30/2024
010040,GADSDEN REGIONAL MEDICAL CENTER,AL,ynj2-r877,MORT_30_STK,Death rate for stroke patients,12.9,No Different Than the National Rate,112,07/01/2021,06/30/2024
010040,GADSDEN REGIONAL MEDICAL CENTER,AL,ynj2-r877,PSI_03,Pressure ulcer rate,1.88,Worse Than the National Rate,2702,07/01/2022,06/30/2024
010040,GADSDEN REGIONAL MEDICAL CENTER,AL,muwa-iene,PSI_03,Pressure ulcer rate,1.884263,,,07/01/2022,06/30/2024
010040,GADSDEN REGIONAL MEDICAL CENTER,AL,ynj2-r877,PSI_04,Death rate among surgical inpatients with serious treatable complications,182.27,No Different Than the National Rate,44,07/01/2022,06/30/2024
010040,GADSDEN REGIONAL MEDICAL CENTER,AL,muwa-iene,PSI_06,Iatrogenic pneumothorax rate,0.244350,,,07/01/2022,06/30/2024
010040,GADSDEN REGIONAL MEDICAL CENTER,AL,ynj2-r877,PSI_06,Iatrogenic pneumothorax rate,0.24,No Different Than the National Rate,3153,07/01/2022,06/30/2024
010040,GADSDEN REGIONAL MEDICAL CENTER,AL,muwa-iene,PSI_08,In-hospital fall-associated fracture rate,0.280173,,,07/01/2022,06/30/2024
010040,GADSDEN REGIONAL MEDICAL CENTER,AL,ynj2-r877,PSI_08,In-hospital fall-associated fracture rate,0.28,No Different Than the National Rate,3346,07/01/2022,06/30/2024
010040,GADSDEN REGIONAL MEDICAL CENTER,AL,ynj2-r877,PSI_09,Postoperative hemorrhage or hematoma rate,1.97,No Different Than the National Rate,597,07/01/2022,06/30/2024
010040,GADSDEN REGIONAL MEDICAL CENTER,AL,muwa-iene,PSI_09,Postoperative hemorrhage or hematoma rate,1.967248,,,07/01/2022,06/30/2024
010040,GADSDEN REGIONAL MEDICAL CENTER,AL,muwa-iene,PSI_10,Postoperative acute kidney injury requiring dialysis rate,1.565380,,,07/01/2022,06/30/2024
010040,GADSDEN REGIONAL MEDICAL CENTER,AL,ynj2-r877,PSI_10,Postoperative acute kidney injury requiring dialysis rate,1.57,No Different Than the National Rate,245,07/01/2022,06/30/2024
010040,GADSDEN REGIONAL MEDICAL CENTER,AL,muwa-iene,PSI_11,Postoperative respiratory failure rate,15.118527,,,07/01/2022,06/30/2024
010040,GADSDEN REGIONAL MEDICAL CENTER,AL,ynj2-r877,PSI_11,Postoperative respiratory failure rate,15.12,No Different Than the National Rate,244,07/01/2022,06/30/2024
010040,GADSDEN REGIONAL MEDICAL CENTER,AL,ynj2-r877,PSI_12,Perioperative pulmonary embolism or deep vein thrombosis rate,3.23,No Different Than the National Rate,633,07/01/2022,06/30/2024
010040,GADSDEN REGIONAL MEDICAL CENTER,AL,muwa-iene,PSI_12,Perioperative pulmonary embolism or deep vein thrombosis rate,3.227086,,,07/01/2022,06/30/2024
010040,GADSDEN REGIONAL MEDICAL CENTER,AL,muwa-iene,PSI_13,Postoperative sepsis rate,7.715927,,,07/01/2022,06/30/2024
010040,GADSDEN REGIONAL MEDICAL CENTER,AL,ynj2-r877,PSI_13,Postoperative sepsis rate,7.72,No Different Than the National Rate,219,07/01/2022,06/30/2024
010040,GADSDEN REGIONAL MEDICAL CENTER,AL,ynj2-r877,PSI_14,Postoperative wound dehiscence rate,1.70,No Different Than the National Rate,160,07/01/2022,06/30/2024
010040,GADSDEN REGIONAL MEDICAL CENTER,AL,muwa-iene,PSI_14,Postoperative wound dehiscence rate,1.697231,,,07/01/2022,06/30/2024
010040,GADSDEN REGIONAL MEDICAL CENTER,AL,ynj2-r877,PSI_15,Abdominopelvic accidental puncture or laceration rate,1.17,No Different Than the National Rate,555,07/01/2022,06/30/2024
010040,GADSDEN REGIONAL MEDICAL CENTER,AL,muwa-iene,PSI_15,Abdominopelvic accidental puncture or laceration rate,1.172329,,,07/01/2022,06/30/2024
010040,GADSDEN REGIONAL MEDICAL CENTER,AL,muwa-iene,PSI_90,CMS Medicare PSI 90: Patient safety and adverse events composite,1.584566,,,07/01/2022,06/30/2024
010040,GADSDEN REGIONAL MEDICAL CENTER,AL,ynj2-r877,PSI_90,CMS Medicare PSI 90: Patient safety and adverse events composite,1.58,Worse Than the National Value,Not Applicable,07/01/2022,06/30/2024
010040,GADSDEN REGIONAL MEDICAL CENTER,AL,632h-zaca,READM_30_AMI,Acute Myocardial Infarction (AMI) 30-Day Readmission Rate,13.3,No Different Than the National Rate,89,07/01/2021,06/30/2024
010040,GADSDEN REGIONAL MEDICAL CENTER,AL,632h-zaca,READM_30_CABG,Rate of readmission for CABG,12.4,No Different Than the National Rate,47,07/01/2021,06/30/2024
010040,GADSDEN REGIONAL MEDICAL CENTER,AL,632h-zaca,READM_30_COPD,Rate of readmission for chronic obstructive pulmonary disease (COPD) patients,18.1,No Different Than the National Rate,89,07/01/2021,06/30/2024
010040,GADSDEN REGIONAL MEDICAL CENTER,AL,632h-zaca,READM_30_HF,Heart failure (HF) 30-Day Readmission Rate,19.1,No Different Than the National Rate,229,07/01/2021,06/30/2024
010040,GADSDEN REGIONAL MEDICAL CENTER,AL,632h-zaca,READM_30_HIP_KNEE,Rate of readmission after hip/knee replacement,5.4,No Different Than the National Rate,46,07/01/2021,06/30/2024
010040,GADSDEN REGIONAL MEDICAL CENTER,AL,632h-zaca,READM_30_PN,Pneumonia (PN) 30-Day Readmission Rate,16.2,No Different Than the National Rate,248,07/01/2021,06/30/2024
010044,MARION REGIONAL MEDICAL CENTER,AL,ynj2-r877,COMP_HIP_KNEE,Rate of complications for hip/knee replacement patients,Not Available,Not Available,Not Available,04/01/2021,03/31/2024
010044,MARION REGIONAL MEDICAL CENTER,AL,632h-zaca,EDAC_30_AMI,Hospital return days for heart attack patients,Not Available,Number of Cases Too Small,Not Available,07/01/2021,06/30/2024
010044,MARION REGIONAL MEDICAL CENTER,AL,632h-zaca,EDAC_30_HF,Hospital return days for heart failure patients,-37.4,Fewer Days Than Average per 100 Discharges,29,07/01/2021,06/30/2024
010044,MARION REGIONAL MEDICAL CENTER,AL,632h-zaca,EDAC_30_PN,Hospital return days for pneumonia patients,-13.4,Average Days per 100 Discharges,68,07/01/2021,06/30/2024
010044,MARION REGIONAL MEDICAL CENTER,AL,77hc-ibv8,HAI_1_CILOWER,Central Line Associated Bloodstream Infection (ICU + select Wards): Lower Confidence Limit,Not Available,Not Available,,04/01/2024,03/31/2025
010044,MARION REGIONAL MEDICAL CENTER,AL,77hc-ibv8,HAI_1_CIUPPER,Central Line Associated Bloodstream Infection (ICU + select Wards): Upper Confidence Limit,Not Available,Not Available,,04/01/2024,03/31/2025
010044,MARION REGIONAL MEDICAL CENTER,AL,77hc-ibv8,HAI_1_DOPC,Central Line Associated Bloodstream Infection: Number of Device Days,68,Not Available,,04/01/2024,03/31/2025
010044,MARION REGIONAL MEDICAL CENTER,AL,77hc-ibv8,HAI_1_ELIGCASES,Central Line Associated Bloodstream Infection (ICU + select Wards): Predicted Cases,0.040,Not Available,,04/01/2024,03/31/2025
010044,MARION REGIONAL MEDICAL CENTER,AL,77hc-ibv8,HAI_1_NUMERATOR,Central Line Associated Bloodstream Infection (ICU + select Wards): Observed Cases,0,Not Available,,04/01/2024,03/31/2025
010044,MARION REGIONAL MEDICAL CENTER,AL,77hc-ibv8,HAI_1_SIR,Central Line Associated Bloodstream Infection (ICU + select Wards),Not Available,Not Available,,04/01/2024,03/31/2025
010044,MARION REGIONAL MEDICAL CENTER,AL,77hc-ibv8,HAI_2_CILOWER,Catheter Associated Urinary Tract Infections (ICU + select Wards): Lower Confidence Limit,Not Available,Not Available,,04/01/2024,03/31/2025
010044,MARION REGIONAL MEDICAL CENTER,AL,77hc-ibv8,HAI_2_CIUPPER,Catheter Associated Urinary Tract Infections (ICU + select Wards): Upper Confidence Limit,Not Available,Not Available,,04/01/2024,03/31/2025
010044,MARION REGIONAL MEDICAL CENTER,AL,77hc-ibv8,HAI_2_DOPC,Catheter Associated Urinary Tract Infections (ICU + select Wards): Number of Urinary Catheter Days,297,Not Available,,04/01/2024,03/31/2025
010044,MARION REGIONAL MEDICAL CENTER,AL,77hc-ibv8,HAI_2_ELIGCASES,Catheter Associated Urinary Tract Infections (ICU + select Wards): Predicted Cases,0.109,Not Available,,04/01/2024,03/31/2025
010044,MARION REGIONAL MEDICAL CENTER,AL,77hc-ibv8,HAI_2_NUMERATOR,Catheter Associated Urinary Tract Infections (ICU + select Wards): Observed Cases,1,Not Available,,04/01/2024,03/31/2025
010044,MARION REGIONAL MEDICAL CENTER,AL,77hc-ibv8,HAI_2_SIR,Catheter Associated Urinary Tract Infections (ICU + select Wards),Not Available,Not Available,,04/01/2024,03/31/2025
010044,MARION REGIONAL MEDICAL CENTER,AL,77hc-ibv8,HAI_3_CILOWER,SSI - Colon Surgery: Lower Confidence Limit,Not Available,Not Available,,04/01/2024,03/31/2025
010044,MARION REGIONAL MEDICAL CENTER,AL,77hc-ibv8,HAI_3_CIUPPER,SSI - Colon Surgery: Upper Confidence Limit,Not Available,Not Available,,04/01/2024,03/31/2025
010044,MARION REGIONAL MEDICAL CENTER,AL,77hc-ibv8,HAI_3_DOPC,SSI - Colon Surgery: Number of Procedures,Not Available,Not Available,,04/01/2024,03/31/2025
010044,MARION REGIONAL MEDICAL CENTER,AL,77hc-ibv8,HAI_3_ELIGCASES,SSI - Colon Surgery: Predicted Cases,Not Available,Not Available,,04/01/2024,03/31/2025
010044,MARION REGIONAL MEDICAL CENTER,AL,77hc-ibv8,HAI_3_NUMERATOR,SSI - Colon Surgery: Observed Cases,Not Available,Not Available,,04/01/2024,03/31/2025
010044,MARION REGIONAL MEDICAL CENTER,AL,77hc-ibv8,HAI_3_SIR,SSI - Colon Surgery,Not Available,Not Available,,04/01/2024,03/31/2025
010044,MARION REGIONAL MEDICAL CENTER,AL,77hc-ibv8,HAI_4_CILOWER,SSI - Abdominal Hysterectomy: Lower Confidence Limit,Not Available,Not Available,,04/01/2024,03/31/2025
010044,MARION REGIONAL MEDICAL CENTER,AL,77hc-ibv8,HAI_4_CIUPPER,SSI - Abdominal Hysterectomy: Upper Confidence Limit,Not Available,Not Available,,04/01/2024,03/31/2025
010044,MARION REGIONAL MEDICAL CENTER,AL,77hc-ibv8,HAI_4_DOPC,SSI - Abdominal Hysterectomy: Number of Procedures,Not Available,Not Available,,04/01/2024,03/31/2025
010044,MARION REGIONAL MEDICAL CENTER,AL,77hc-ibv8,HAI_4_ELIGCASES,SSI - Abdominal Hysterectomy: Predicted Cases,Not Available,Not Available,,04/01/2024,03/31/2025
010044,MARION REGIONAL MEDICAL CENTER,AL,77hc-ibv8,HAI_4_NUMERATOR,SSI - Abdominal Hysterectomy: Observed Cases,Not Available,Not Available,,04/01/2024,03/31/2025
010044,MARION REGIONAL MEDICAL CENTER,AL,77hc-ibv8,HAI_4_SIR,SSI - Abdominal Hysterectomy,Not Available,Not Available,,04/01/2024,03/31/2025
010044,MARION REGIONAL MEDICAL CENTER,AL,77hc-ibv8,HAI_5_CILOWER,MRSA Bacteremia: Lower Confidence Limit,Not Available,Not Available,,04/01/2024,03/31/2025
010044,MARION REGIONAL MEDICAL CENTER,AL,77hc-ibv8,HAI_5_CIUPPER,MRSA Bacteremia: Upper Confidence Limit,Not Available,Not Available,,04/01/2024,03/31/2025
010044,MARION REGIONAL MEDICAL CENTER,AL,77hc-ibv8,HAI_5_DOPC,MRSA Bacteremia: Patient Days,3580,Not Available,,04/01/2024,03/31/2025
010044,MARION REGIONAL MEDICAL CENTER,AL,77hc-ibv8,HAI_5_ELIGCASES,MRSA Bacteremia: Predicted Cases,0.067,Not Available,,04/01/2024,03/31/2025
010044,MARION REGIONAL MEDICAL CENTER,AL,77hc-ibv8,HAI_5_NUMERATOR,MRSA Bacteremia: Observed Cases,0,Not Available,,04/01/2024,03/31/2025
010044,MARION REGIONAL MEDICAL CENTER,AL,77hc-ibv8,HAI_5_SIR,MRSA Bacteremia,Not Available,Not Available,,04/01/2024,03/31/2025
010044,MARION REGIONAL MEDICAL CENTER,AL,77hc-ibv8,HAI_6_CILOWER,Clostridium Difficile (C.Diff): Lower Confidence Limit,Not Available,Not Available,,04/01/2024,03/31/2025
010044,MARION REGIONAL MEDICAL CENTER,AL,77hc-ibv8,HAI_6_CIUPPER,Clostridium Difficile (C.Diff): Upper Confidence Limit,Not Available,Not Available,,04/01/2024,03/31/2025
010044,MARION REGIONAL MEDICAL CENTER,AL,77hc-ibv8,HAI_6_DOPC,Clostridium Difficile (C.Diff): Patient Days,3580,Not Available,,04/01/2024,03/31/2025
010044,MARION REGIONAL MEDICAL CENTER,AL,77hc-ibv8,HAI_6_ELIGCASES,Clostridium Difficile (C.Diff): Predicted Cases,0.617,Not Available,,04/01/2024,03/31/2025
010044,MARION REGIONAL MEDICAL CENTER,AL,77hc-ibv8,HAI_6_NUMERATOR,Clostridium Difficile (C.Diff): Observed Cases,0,Not Available,,04/01/2024,03/31/2025
010044,MARION REGIONAL MEDICAL CENTER,AL,77hc-ibv8,HAI_6_SIR,Clostridium Difficile (C.Diff),Not Available,Not Available,,04/01/2024,03/31/2025
010044,MARION REGIONAL MEDICAL CENTER,AL,ynj2-r877,MORT_30_AMI,Death rate for heart attack patients,Not Available,Number of Cases Too Small,Not Available,07/01/2021,06/30/2024
010044,MARION REGIONAL MEDICAL CENTER,AL,ynj2-r877,MORT_30_CABG,Death rate for CABG surgery patients,Not Available,Not Available,Not Available,07/01/2021,06/30/2024
010044,MARION REGIONAL MEDICAL CENTER,AL,ynj2-r877,MORT_30_COPD,Death rate for COPD patients,Not Available,Number of Cases Too Small,Not Available,07/01/2021,06/30/2024
010044,MARION REGIONAL MEDICAL CENTER,AL,ynj2-r877,MORT_30_HF,Death rate for heart failure patients,13.9,No Different Than the National Rate,27,07/01/2021,06/30/2024
010044,MARION REGIONAL MEDICAL CENTER,AL,ynj2-r877,MORT_30_PN,Death rate for pneumonia patients,16.7,No Different Than the National Rate,67,07/01/2021,06/30/2024
010044,MARION REGIONAL MEDICAL CENTER,AL,ynj2-r877,MORT_30_STK,Death rate for stroke patients,Not Available,Number of Cases Too Small,Not Available,07/01/2021,06/30/2024
010044,MARION REGIONAL MEDICAL CENTER,AL,ynj2-r877,PSI_03,Pressure ulcer rate,0.61,No Different Than the National Rate,160,07/01/2022,06/30/2024
010044,MARION REGIONAL MEDICAL CENTER,AL,muwa-iene,PSI_03,Pressure ulcer rate,0.607242,,,07/01/2022,06/30/2024
010044,MARION REGIONAL MEDICAL CENTER,AL,ynj2-r877,PSI_04,Death rate among surgical inpatients with serious treatable complications,Not Available,Not Available,Not Available,07/01/2022,06/30/2024
010044,MARION REGIONAL MEDICAL CENTER,AL,muwa-iene,PSI_06,Iatrogenic pneumothorax rate,0.209324,,,07/01/2022,06/30/2024
010044,MARION REGIONAL MEDICAL CENTER,AL,ynj2-r877,PSI_06,Iatrogenic pneumothorax rate,0.21,No Different Than the National Rate,231,07/01/2022,06/30/2024
010044,MARION REGIONAL MEDICAL CENTER,AL,ynj2-r877,PSI_08,In-hospital fall-associated fracture rate,0.32,No Different Than the National Rate,235,07/01/2022,06/30/2024
010044,MARION REGIONAL MEDICAL CENTER,AL,muwa-iene,PSI_08,In-hospital fall-associated fracture rate,0.315160,,,07/01/2022,06/30/2024
010044,MARION REGIONAL MEDICAL CENTER,AL,ynj2-r877,PSI_09,Postoperative hemorrhage or hematoma rate,Not Available,Not Available,Not Available,07/01/2022,06/30/2024
010044,MARION REGIONAL MEDICAL CENTER,AL,muwa-iene,PSI_09,Postoperative hemorrhage or hematoma rate,Not Available,,,07/01/2022,06/30/2024
010044,MARION REGIONAL MEDICAL CENTER,AL,ynj2-r877,PSI_10,Postoperative acute kidney injury requiring dialysis rate,Not Available,Not Available,Not Available,07/01/2022,06/30/2024
010044,MARION REGIONAL MEDICAL CENTER,AL,muwa-iene,PSI_10,Postoperative acute kidney injury requiring dialysis rate,Not Available,,,07/01/2022,06/30/2024
010044,MARION REGIONAL MEDICAL CENTER,AL,muwa-iene,PSI_11,Postoperative respiratory failure rate,Not Available,,,07/01/2022,06/30/2024
010044,MARION REGIONAL MEDICAL CENTER,AL,ynj2-r877,PSI_11,Postoperative respiratory failure rate,Not Available,Not Available,Not Available,07/01/2022,06/30/2024
010044,MARION REGIONAL MEDICAL CENTER,AL,muwa-iene,PSI_12,Perioperative pulmonary embolism or deep vein thrombosis rate,Not Available,,,07/01/2022,06/30/2024
010044,MARION REGIONAL MEDICAL CENTER,AL,ynj2-r877,PSI_12,Perioperative pulmonary embolism or deep vein thrombosis rate,Not Available,Not Available,Not Available,07/01/2022,06/30/2024
010044,MARION REGIONAL MEDICAL CENTER,AL,muwa-iene,PSI_13,Postoperative sepsis rate,Not Available,,,07/01/2022,06/30/2024
010044,MARION REGIONAL MEDICAL CENTER,AL,ynj2-r877,PSI_13,Postoperative sepsis rate,Not Available,Not Available,Not Available,07/01/2022,06/30/2024
010044,MARION REGIONAL MEDICAL CENTER,AL,ynj2-r877,PSI_14,Postoperative wound dehiscence rate,Not Available,Not Available,Not Available,07/01/2022,06/30/2024
010044,MARION REGIONAL MEDICAL CENTER,AL,muwa-iene,PSI_14,Postoperative wound dehiscence rate,Not Available,,,07/01/2022,06/30/2024
010044,MARION REGIONAL MEDICAL CENTER,AL,ynj2-r877,PSI_15,Abdominopelvic accidental puncture or laceration rate,Not Available,Not Available,Not Available,07/01/2022,06/30/2024
010044,MARION REGIONAL MEDICAL CENTER,AL,muwa-iene,PSI_15,Abdominopelvic accidental puncture or laceration rate,Not Available,,,07/01/2022,06/30/2024
010044,MARION REGIONAL MEDICAL CENTER,AL,muwa-iene,PSI_90,CMS Medicare PSI 90: Patient safety and adverse events composite,Not Available,,,07/01/2022,06/30/2024
010044,MARION REGIONAL MEDICAL CENTER,AL,ynj2-r877,PSI_90,CMS Medicare PSI 90: Patient safety and adverse events composite,Not Available,Not Available,Not Applicable,07/01/2022,06/30/2024
010044,MARION REGIONAL MEDICAL CENTER,AL,632h-zaca,READM_30_AMI,Acute Myocardial Infarction (AMI) 30-Day Readmission Rate,Not Available,Number of Cases Too Small,Not Available,07/01/2021,06/30/2024
010044,MARION REGIONAL MEDICAL CENTER,AL,632h-zaca,READM_30_CABG,Rate of readmission for CABG,Not Available,Not Available,Not Available,07/01/2021,06/30/2024
010044,MARION REGIONAL MEDICAL CENTER,AL,632h-zaca,READM_30_COPD,Rate of readmission for chronic obstructive pulmonary disease (COPD) patients,Not Available,Number of Cases Too Small,Not Available,07/01/2021,06/30/2024
010044,MARION REGIONAL MEDICAL CENTER,AL,632h-zaca,READM_30_HF,Heart failure (HF) 30-Day Readmission Rate,18.6,No Different Than the National Rate,29,07/01/2021,06/30/2024
010044,MARION REGIONAL MEDICAL CENTER,AL,632h-zaca,READM_30_HIP_KNEE,Rate of readmission after hip/knee replacement,Not Available,Not Available,Not Available,07/01/2021,06/30/2024
010044,MARION REGIONAL MEDICAL CENTER,AL,632h-zaca,READM_30_PN,Pneumonia (PN) 30-Day Readmission Rate,16,No Different Than the National Rate,68,07/01/2021,06/30/2024
010045,FAYETTE MEDICAL CENTER,AL,ynj2-r877,COMP_HIP_KNEE,Rate of complications for hip/knee replacement patients,Not Available,Not Available,Not Available,04/01/2021,03/31/2024
010045,FAYETTE MEDICAL CENTER,AL,632h-zaca,EDAC_30_AMI,Hospital return days for heart attack patients,Not Available,Not Available,Not Available,07/01/2021,06/30/2024
010045,FAYETTE MEDICAL CENTER,AL,632h-zaca,EDAC_30_HF,Hospital return days for heart failure patients,-25,Average Days per 100 Discharges,48,07/01/2021,06/30/2024
010045,FAYETTE MEDICAL CENTER,AL,632h-zaca,EDAC_30_PN,Hospital return days for pneumonia patients,-38.3,Fewer Days Than Average per 100 Discharges,64,07/01/2021,06/30/2024
010045,FAYETTE MEDICAL CENTER,AL,77hc-ibv8,HAI_1_CILOWER,Central Line Associated Bloodstream Infection (ICU + select Wards): Lower Confidence Limit,Not Available,Not Available,,04/01/2024,03/31/2025
010045,FAYETTE MEDICAL CENTER,AL,77hc-ibv8,HAI_1_CIUPPER,Central Line Associated Bloodstream Infection (ICU + select Wards): Upper Confidence Limit,Not Available,Not Available,,04/01/2024,03/31/2025
010045,FAYETTE MEDICAL CENTER,AL,77hc-ibv8,HAI_1_DOPC,Central Line Associated Bloodstream Infection: Number of Device Days,88,Not Available,,04/01/2024,03/31/2025
010045,FAYETTE MEDICAL CENTER,AL,77hc-ibv8,HAI_1_ELIGCASES,Central Line Associated Bloodstream Infection (ICU + select Wards): Predicted Cases,0.051,Not Available,,04/01/2024,03/31/2025
010045,FAYETTE MEDICAL CENTER,AL,77hc-ibv8,HAI_1_NUMERATOR,Central Line Associated Bloodstream Infection (ICU + select Wards): Observed Cases,0,Not Available,,04/01/2024,03/31/2025
010045,FAYETTE MEDICAL CENTER,AL,77hc-ibv8,HAI_1_SIR,Central Line Associated Bloodstream Infection (ICU + select Wards),Not Available,Not Available,,04/01/2024,03/31/2025
010045,FAYETTE MEDICAL CENTER,AL,77hc-ibv8,HAI_2_CILOWER,Catheter Associated Urinary Tract Infections (ICU + select Wards): Lower Confidence Limit,Not Available,Not Available,,04/01/2024,03/31/2025
010045,FAYETTE MEDICAL CENTER,AL,77hc-ibv8,HAI_2_CIUPPER,Catheter Associated Urinary Tract Infections (ICU + select Wards): Upper Confidence Limit,Not Available,Not Available,,04/01/2024,03/31/2025
010045,FAYETTE MEDICAL CENTER,AL,77hc-ibv8,HAI_2_DOPC,Catheter Associated Urinary Tract Infections (ICU + select Wards): Number of Urinary Catheter Days,430,Not Available,,04/01/2024,03/31/2025
010045,FAYETTE MEDICAL CENTER,AL,77hc-ibv8,HAI_2_ELIGCASES,Catheter Associated Urinary Tract Infections (ICU + select Wards): Predicted Cases,0.210,Not Available,,04/01/2024,03/31/2025
010045,FAYETTE MEDICAL CENTER,AL,77hc-ibv8,HAI_2_NUMERATOR,Catheter Associated Urinary Tract Infections (ICU + select Wards): Observed Cases,1,Not Available,,04/01/2024,03/31/2025
010045,FAYETTE MEDICAL CENTER,AL,77hc-ibv8,HAI_2_SIR,Catheter Associated Urinary Tract Infections (ICU + select Wards),Not Available,Not Available,,04/01/2024,03/31/2025
010045,FAYETTE MEDICAL CENTER,AL,77hc-ibv8,HAI_3_CILOWER,SSI - Colon Surgery: Lower Confidence Limit,Not Available,Not Available,,04/01/2024,03/31/2025
010045,FAYETTE MEDICAL CENTER,AL,77hc-ibv8,HAI_3_CIUPPER,SSI - Colon Surgery: Upper Confidence Limit,Not Available,Not Available,,04/01/2024,03/31/2025
010045,FAYETTE MEDICAL CENTER,AL,77hc-ibv8,HAI_3_DOPC,SSI - Colon Surgery: Number of Procedures,Not Available,Not Available,,04/01/2024,03/31/2025
010045,FAYETTE MEDICAL CENTER,AL,77hc-ibv8,HAI_3_ELIGCASES,SSI - Colon Surgery: Predicted Cases,Not Available,Not Available,,04/01/2024,03/31/2025
010045,FAYETTE MEDICAL CENTER,AL,77hc-ibv8,HAI_3_NUMERATOR,SSI - Colon Surgery: Observed Cases,Not Available,Not Available,,04/01/2024,03/31/2025
010045,FAYETTE MEDICAL CENTER,AL,77hc-ibv8,HAI_3_SIR,SSI - Colon Surgery,Not Available,Not Available,,04/01/2024,03/31/2025
010045,FAYETTE MEDICAL CENTER,AL,77hc-ibv8,HAI_4_CILOWER,SSI - Abdominal Hysterectomy: Lower Confidence Limit,Not Available,Not Available,,04/01/2024,03/31/2025
010045,FAYETTE MEDICAL CENTER,AL,77hc-ibv8,HAI_4_CIUPPER,SSI - Abdominal Hysterectomy: Upper Confidence Limit,Not Available,Not Available,,04/01/2024,03/31/2025
010045,FAYETTE MEDICAL CENTER,AL,77hc-ibv8,HAI_4_DOPC,SSI - Abdominal Hysterectomy: Number of Procedures,Not Available,Not Available,,04/01/2024,03/31/2025
010045,FAYETTE MEDICAL CENTER,AL,77hc-ibv8,HAI_4_ELIGCASES,SSI - Abdominal Hysterectomy: Predicted Cases,Not Available,Not Available,,04/01/2024,03/31/2025
010045,FAYETTE MEDICAL CENTER,AL,77hc-ibv8,HAI_4_NUMERATOR,SSI - Abdominal Hysterectomy: Observed Cases,Not Available,Not Available,,04/01/2024,03/31/2025
010045,FAYETTE MEDICAL CENTER,AL,77hc-ibv8,HAI_4_SIR,SSI - Abdominal Hysterectomy,Not Available,Not Available,,04/01/2024,03/31/2025
010045,FAYETTE MEDICAL CENTER,AL,77hc-ibv8,HAI_5_CILOWER,MRSA Bacteremia: Lower Confidence Limit,Not Available,Not Available,,04/01/2024,03/31/2025
010045,FAYETTE MEDICAL CENTER,AL,77hc-ibv8,HAI_5_CIUPPER,MRSA Bacteremia: Upper Confidence Limit,Not Available,Not Available,,04/01/2024,03/31/2025
010045,FAYETTE MEDICAL CENTER,AL,77hc-ibv8,HAI_5_DOPC,MRSA Bacteremia: Patient Days,3514,Not Available,,04/01/2024,03/31/2025
010045,FAYETTE MEDICAL CENTER,AL,77hc-ibv8,HAI_5_ELIGCASES,MRSA Bacteremia: Predicted Cases,0.083,Not Available,,04/01/2024,03/31/2025
010045,FAYETTE MEDICAL CENTER,AL,77hc-ibv8,HAI_5_NUMERATOR,MRSA Bacteremia: Observed Cases,0,Not Available,,04/01/2024,03/31/2025
010045,FAYETTE MEDICAL CENTER,AL,77hc-ibv8,HAI_5_SIR,MRSA Bacteremia,Not Available,Not Available,,04/01/2024,03/31/2025
010045,FAYETTE MEDICAL CENTER,AL,77hc-ibv8,HAI_6_CILOWER,Clostridium Difficile (C.Diff): Lower Confidence Limit,N/A,No Different than National Benchmark,,04/01/2024,03/31/2025
010045,FAYETTE MEDICAL CENTER,AL,77hc-ibv8,HAI_6_CIUPPER,Clostridium Difficile (C.Diff): Upper Confidence Limit,2.445,No Different than National Benchmark,,04/01/2024,03/31/2025
010045,FAYETTE MEDICAL CENTER,AL,77hc-ibv8,HAI_6_DOPC,Clostridium Difficile (C.Diff): Patient Days,3514,No Different than National Benchmark,,04/01/2024,03/31/2025
010045,FAYETTE MEDICAL CENTER,AL,77hc-ibv8,HAI_6_ELIGCASES,Clostridium Difficile (C.Diff): Predicted Cases,1.225,No Different than National Benchmark,,04/01/2024,03/31/2025
010045,FAYETTE MEDICAL CENTER,AL,77hc-ibv8,HAI_6_NUMERATOR,Clostridium Difficile (C.Diff): Observed Cases,0,No Different than National Benchmark,,04/01/2024,03/31/2025
010045,FAYETTE MEDICAL CENTER,AL,77hc-ibv8,HAI_6_SIR,Clostridium Difficile (C.Diff),0.000,No Different than National Benchmark,,04/01/2024,03/31/2025
010045,FAYETTE MEDICAL CENTER,AL,ynj2-r877,MORT_30_AMI,Death rate for heart attack patients,Not Available,Number of Cases Too Small,Not Available,07/01/2021,06/30/2024
010045,FAYETTE MEDICAL CENTER,AL,ynj2-r877,MORT_30_CABG,Death rate for CABG surgery patients,Not Available,Not Available,Not Available,07/01/2021,06/30/2024
010045,FAYETTE MEDICAL CENTER,AL,ynj2-r877,MORT_30_COPD,Death rate for COPD patients,9.8,No Different Than the National Rate,34,07/01/2021,06/30/2024
010045,FAYETTE MEDICAL CENTER,AL,ynj2-r877,MORT_30_HF,Death rate for heart failure patients,10.8,No Different Than the National Rate,47,07/01/2021,06/30/2024
010045,FAYETTE MEDICAL CENTER,AL,ynj2-r877,MORT_30_PN,Death rate for pneumonia patients,15.9,No Different Than the National Rate,68,07/01/2021,06/30/2024
010045,FAYETTE MEDICAL CENTER,AL,ynj2-r877,MORT_30_STK,Death rate for stroke patients,Not Available,Number of Cases Too Small,Not Available,07/01/2021,06/30/2024
010045,FAYETTE MEDICAL CENTER,AL,muwa-iene,PSI_03,Pressure ulcer rate,0.580855,,,07/01/2022,06/30/2024
010045,FAYETTE MEDICAL CENTER,AL,ynj2-r877,PSI_03,Pressure ulcer rate,0.58,No Different Than the National Rate,290,07/01/2022,06/30/2024
010045,FAYETTE MEDICAL CENTER,AL,ynj2-r877,PSI_04,Death rate among surgical inpatients with serious treatable complications,Not Available,Not Available,Not Available,07/01/2022,06/30/2024
010045,FAYETTE MEDICAL CENTER,AL,ynj2-r877,PSI_06,Iatrogenic pneumothorax rate,0.21,No Different Than the National Rate,363,07/01/2022,06/30/2024
010045,FAYETTE MEDICAL CENTER,AL,muwa-iene,PSI_06,Iatrogenic pneumothorax rate,0.208505,,,07/01/2022,06/30/2024
010045,FAYETTE MEDICAL CENTER,AL,muwa-iene,PSI_08,In-hospital fall-associated fracture rate,0.314153,,,07/01/2022,06/30/2024
010045,FAYETTE MEDICAL CENTER,AL,ynj2-r877,PSI_08,In-hospital fall-associated fracture rate,0.31,No Different Than the National Rate,387,07/01/2022,06/30/2024
010045,FAYETTE MEDICAL CENTER,AL,ynj2-r877,PSI_09,Postoperative hemorrhage or hematoma rate,Not Available,Number of Cases Too Small,Not Available,07/01/2022,06/30/2024
010045,FAYETTE MEDICAL CENTER,AL,muwa-iene,PSI_09,Postoperative hemorrhage or hematoma rate,Not Available,,,07/01/2022,06/30/2024
010045,FAYETTE MEDICAL CENTER,AL,muwa-iene,PSI_10,Postoperative acute kidney injury requiring dialysis rate,Not Available,,,07/01/2022,06/30/2024
010045,FAYETTE MEDICAL CENTER,AL,ynj2-r877,PSI_10,Postoperative acute kidney injury requiring dialysis rate,Not Available,Not Available,Not Available,07/01/2022,06/30/2024
010045,FAYETTE MEDICAL CENTER,AL,ynj2-r877,PSI_11,Postoperative respiratory failure rate,Not Available,Not Available,Not Available,07/01/2022,06/30/2024
010045,FAYETTE MEDICAL CENTER,AL,muwa-iene,PSI_11,Postoperative respiratory failure rate,Not Available,,,07/01/2022,06/30/2024
010045,FAYETTE MEDICAL CENTER,AL,ynj2-r877,PSI_12,Perioperative pulmonary embolism or deep vein thrombosis rate,Not Available,Number of Cases Too Small,Not Available,07/01/2022,06/30/2024
010045,FAYETTE MEDICAL CENTER,AL,muwa-iene,PSI_12,Perioperative pulmonary embolism or deep vein thrombosis rate,Not Available,,,07/01/2022,06/30/2024
010045,FAYETTE MEDICAL CENTER,AL,muwa-iene,PSI_13,Postoperative sepsis rate,Not Available,,,07/01/2022,06/30/2024
010045,FAYETTE MEDICAL CENTER,AL,ynj2-r877,PSI_13,Postoperative sepsis rate,Not Available,Not Available,Not Available,07/01/2022,06/30/2024
010045,FAYETTE MEDICAL CENTER,AL,ynj2-r877,PSI_14,Postoperative wound dehiscence rate,Not Available,Not Available,Not Available,07/01/2022,06/30/2024
010045,FAYETTE MEDICAL CENTER,AL,muwa-iene,PSI_14,Postoperative wound dehiscence rate,Not Available,,,07/01/2022,06/30/2024
010045,FAYETTE MEDICAL CENTER,AL,ynj2-r877,PSI_15,Abdominopelvic accidental puncture or laceration rate,Not Available,Number of Cases Too Small,Not Available,07/01/2022,06/30/2024
010045,FAYETTE MEDICAL CENTER,AL,muwa-iene,PSI_15,Abdominopelvic accidental puncture or laceration rate,Not Available,,,07/01/2022,06/30/2024
010045,FAYETTE MEDICAL CENTER,AL,muwa-iene,PSI_90,CMS Medicare PSI 90: Patient safety and adverse events composite,Not Available,,,07/01/2022,06/30/2024
010045,FAYETTE MEDICAL CENTER,AL,ynj2-r877,PSI_90,CMS Medicare PSI 90: Patient safety and adverse events composite,Not Available,Not Available,Not Applicable,07/01/2022,06/30/2024
010045,FAYETTE MEDICAL CENTER,AL,632h-zaca,READM_30_AMI,Acute Myocardial Infarction (AMI) 30-Day Readmission Rate,Not Available,Not Available,Not Available,07/01/2021,06/30/2024
010045,FAYETTE MEDICAL CENTER,AL,632h-zaca,READM_30_CABG,Rate of readmission for CABG,Not Available,Not Available,Not Available,07/01/2021,06/30/2024
010045,FAYETTE MEDICAL CENTER,AL,632h-zaca,READM_30_COPD,Rate of readmission for chronic obstructive pulmonary disease (COPD) patients,18.4,No Different Than the National Rate,32,07/01/2021,06/30/2024
010045,FAYETTE MEDICAL CENTER,AL,632h-zaca,READM_30_HF,Heart failure (HF) 30-Day Readmission Rate,19.7,No Different Than the National Rate,48,07/01/2021,06/30/2024
010045,FAYETTE MEDICAL CENTER,AL,632h-zaca,READM_30_HIP_KNEE,Rate of readmission after hip/knee replacement,Not Available,Not Available,Not Available,07/01/2021,06/30/2024
010045,FAYETTE MEDICAL CENTER,AL,632h-zaca,READM_30_PN,Pneumonia (PN) 30-Day Readmission Rate,15.9,No Different Than the National Rate,64,07/01/2021,06/30/2024
010046,RIVERVIEW REGIONAL MEDICAL CENTER,AL,ynj2-r877,COMP_HIP_KNEE,Rate of complications for hip/knee replacement patients,3.2,No Different Than the National Rate,27,04/01/2021,03/31/2024
010046,RIVERVIEW REGIONAL MEDICAL CENTER,AL,632h-zaca,EDAC_30_AMI,Hospital return days for heart attack patients,29.8,More Days Than Average per 100 Discharges,52,07/01/2021,06/30/2024
010046,RIVERVIEW REGIONAL MEDICAL CENTER,AL,632h-zaca,EDAC_30_HF,Hospital return days for heart failure patients,13.8,Average Days per 100 Discharges,275,07/01/2021,06/30/2024
010046,RIVERVIEW REGIONAL MEDICAL CENTER,AL,632h-zaca,EDAC_30_PN,Hospital return days for pneumonia patients,18.1,More Days Than Average per 100 Discharges,322,07/01/2021,06/30/2024
010046,RIVERVIEW REGIONAL MEDICAL CENTER,AL,77hc-ibv8,HAI_1_CILOWER,Central Line Associated Bloodstream Infection (ICU + select Wards): Lower Confidence Limit,0.016,No Different than National Benchmark,,04/01/2024,03/31/2025
010046,RIVERVIEW REGIONAL MEDICAL CENTER,AL,77hc-ibv8,HAI_1_CIUPPER,Central Line Associated Bloodstream Infection (ICU + select Wards): Upper Confidence Limit,1.576,No Different than National Benchmark,,04/01/2024,03/31/2025
010046,RIVERVIEW REGIONAL MEDICAL CENTER,AL,77hc-ibv8,HAI_1_DOPC,Central Line Associated Bloodstream Infection: Number of Device Days,4441,No Different than National Benchmark,,04/01/2024,03/31/2025
010046,RIVERVIEW REGIONAL MEDICAL CENTER,AL,77hc-ibv8,HAI_1_ELIGCASES,Central Line Associated Bloodstream Infection (ICU + select Wards): Predicted Cases,3.129,No Different than National Benchmark,,04/01/2024,03/31/2025
010046,RIVERVIEW REGIONAL MEDICAL CENTER,AL,77hc-ibv8,HAI_1_NUMERATOR,Central Line Associated Bloodstream Infection (ICU + select Wards): Observed Cases,1,No Different than National Benchmark,,04/01/2024,03/31/2025
010046,RIVERVIEW REGIONAL MEDICAL CENTER,AL,77hc-ibv8,HAI_1_SIR,Central Line Associated Bloodstream Infection (ICU + select Wards),0.320,No Different than National Benchmark,,04/01/2024,03/31/2025
010046,RIVERVIEW REGIONAL MEDICAL CENTER,AL,77hc-ibv8,HAI_2_CILOWER,Catheter Associated Urinary Tract Infections (ICU + select Wards): Lower Confidence Limit,N/A,Better than the National Benchmark,,04/01/2024,03/31/2025
010046,RIVERVIEW REGIONAL MEDICAL CENTER,AL,77hc-ibv8,HAI_2_CIUPPER,Catheter Associated Urinary Tract Infections (ICU + select Wards): Upper Confidence Limit,0.499,Better than the National Benchmark,,04/01/2024,03/31/2025
010046,RIVERVIEW REGIONAL MEDICAL CENTER,AL,77hc-ibv8,HAI_2_DOPC,Catheter Associated Urinary Tract Infections (ICU + select Wards): Number of Urinary Catheter Days,8244,Better than the National Benchmark,,04/01/2024,03/31/2025
010046,RIVERVIEW REGIONAL MEDICAL CENTER,AL,77hc-ibv8,HAI_2_ELIGCASES,Catheter Associated Urinary Tract Infections (ICU + select Wards): Predicted Cases,6.000,Better than the National Benchmark,,04/01/2024,03/31/2025
010046,RIVERVIEW REGIONAL MEDICAL CENTER,AL,77hc-ibv8,HAI_2_NUMERATOR,Catheter Associated Urinary Tract Infections (ICU + select Wards): Observed Cases,0,Better than the National Benchmark,,04/01/2024,03/31/2025
010046,RIVERVIEW REGIONAL MEDICAL CENTER,AL,77hc-ibv8,HAI_2_SIR,Catheter Associated Urinary Tract Infections (ICU + select Wards),0.000,Better than the National Benchmark,,04/01/2024,03/31/2025
010046,RIVERVIEW REGIONAL MEDICAL CENTER,AL,77hc-ibv8,HAI_3_CILOWER,SSI - Colon Surgery: Lower Confidence Limit,0.050,No Different than National Benchmark,,04/01/2024,03/31/2025
010046,RIVERVIEW REGIONAL MEDICAL CENTER,AL,77hc-ibv8,HAI_3_CIUPPER,SSI - Colon Surgery: Upper Confidence Limit,4.927,No Different than National Benchmark,,04/01/2024,03/31/2025
010046,RIVERVIEW REGIONAL MEDICAL CENTER,AL,77hc-ibv8,HAI_3_DOPC,SSI - Colon Surgery: Number of Procedures,38,No Different than National Benchmark,,04/01/2024,03/31/2025
010046,RIVERVIEW REGIONAL MEDICAL CENTER,AL,77hc-ibv8,HAI_3_ELIGCASES,SSI - Colon Surgery: Predicted Cases,1.001,No Different than National Benchmark,,04/01/2024,03/31/2025
010046,RIVERVIEW REGIONAL MEDICAL CENTER,AL,77hc-ibv8,HAI_3_NUMERATOR,SSI - Colon Surgery: Observed Cases,1,No Different than National Benchmark,,04/01/2024,03/31/2025
010046,RIVERVIEW REGIONAL MEDICAL CENTER,AL,77hc-ibv8,HAI_3_SIR,SSI - Colon Surgery,0.999,No Different than National Benchmark,,04/01/2024,03/31/2025
010046,RIVERVIEW REGIONAL MEDICAL CENTER,AL,77hc-ibv8,HAI_4_CILOWER,SSI - Abdominal Hysterectomy: Lower Confidence Limit,Not Available,Not Available,,04/01/2024,03/31/2025
010046,RIVERVIEW REGIONAL MEDICAL CENTER,AL,77hc-ibv8,HAI_4_CIUPPER,SSI - Abdominal Hysterectomy: Upper Confidence Limit,Not Available,Not Available,,04/01/2024,03/31/2025
010046,RIVERVIEW REGIONAL MEDICAL CENTER,AL,77hc-ibv8,HAI_4_DOPC,SSI - Abdominal Hysterectomy: Number of Procedures,Not Available,Not Available,,04/01/2024,03/31/2025
010046,RIVERVIEW REGIONAL MEDICAL CENTER,AL,77hc-ibv8,HAI_4_ELIGCASES,SSI - Abdominal Hysterectomy: Predicted Cases,Not Available,Not Available,,04/01/2024,03/31/2025
010046,RIVERVIEW REGIONAL MEDICAL CENTER,AL,77hc-ibv8,HAI_4_NUMERATOR,SSI - Abdominal Hysterectomy: Observed Cases,Not Available,Not Available,,04/01/2024,03/31/2025
010046,RIVERVIEW REGIONAL MEDICAL CENTER,AL,77hc-ibv8,HAI_4_SIR,SSI - Abdominal Hysterectomy,Not Available,Not Available,,04/01/2024,03/31/2025
010046,RIVERVIEW REGIONAL MEDICAL CENTER,AL,77hc-ibv8,HAI_5_CILOWER,MRSA Bacteremia: Lower Confidence Limit,N/A,No Different than National Benchmark,,04/01/2024,03/31/2025
010046,RIVERVIEW REGIONAL MEDICAL CENTER,AL,77hc-ibv8,HAI_5_CIUPPER,MRSA Bacteremia: Upper Confidence Limit,1.524,No Different than National Benchmark,,04/01/2024,03/31/2025
010046,RIVERVIEW REGIONAL MEDICAL CENTER,AL,77hc-ibv8,HAI_5_DOPC,MRSA Bacteremia: Patient Days,38311,No Different than National Benchmark,,04/01/2024,03/31/2025
010046,RIVERVIEW REGIONAL MEDICAL CENTER,AL,77hc-ibv8,HAI_5_ELIGCASES,MRSA Bacteremia: Predicted Cases,1.966,No Different than National Benchmark,,04/01/2024,03/31/2025
010046,RIVERVIEW REGIONAL MEDICAL CENTER,AL,77hc-ibv8,HAI_5_NUMERATOR,MRSA Bacteremia: Observed Cases,0,No Different than National Benchmark,,04/01/2024,03/31/2025
010046,RIVERVIEW REGIONAL MEDICAL CENTER,AL,77hc-ibv8,HAI_5_SIR,MRSA Bacteremia,0.000,No Different than National Benchmark,,04/01/2024,03/31/2025
010046,RIVERVIEW REGIONAL MEDICAL CENTER,AL,77hc-ibv8,HAI_6_CILOWER,Clostridium Difficile (C.Diff): Lower Confidence Limit,0.016,Better than the National Benchmark,,04/01/2024,03/31/2025
010046,RIVERVIEW REGIONAL MEDICAL CENTER,AL,77hc-ibv8,HAI_6_CIUPPER,Clostridium Difficile (C.Diff): Upper Confidence Limit,0.310,Better than the National Benchmark,,04/01/2024,03/31/2025
010046,RIVERVIEW REGIONAL MEDICAL CENTER,AL,77hc-ibv8,HAI_6_DOPC,Clostridium Difficile (C.Diff): Patient Days,38311,Better than the National Benchmark,,04/01/2024,03/31/2025
010046,RIVERVIEW REGIONAL MEDICAL CENTER,AL,77hc-ibv8,HAI_6_ELIGCASES,Clostridium Difficile (C.Diff): Predicted Cases,21.312,Better than the National Benchmark,,04/01/2024,03/31/2025
010046,RIVERVIEW REGIONAL MEDICAL CENTER,AL,77hc-ibv8,HAI_6_NUMERATOR,Clostridium Difficile (C.Diff): Observed Cases,2,Better than the National Benchmark,,04/01/2024,03/31/2025
010046,RIVERVIEW REGIONAL MEDICAL CENTER,AL,77hc-ibv8,HAI_6_SIR,Clostridium Difficile (C.Diff),0.094,Better than the National Benchmark,,04/01/2024,03/31/2025
010046,RIVERVIEW REGIONAL MEDICAL CENTER,AL,ynj2-r877,MORT_30_AMI,Death rate for heart attack patients,12,No Different Than the National Rate,64,07/01/2021,06/30/2024
010046,RIVERVIEW REGIONAL MEDICAL CENTER,AL,ynj2-r877,MORT_30_CABG,Death rate for CABG surgery patients,Not Available,Number of Cases Too Small,Not Available,07/01/2021,06/30/2024
010046,RIVERVIEW REGIONAL MEDICAL CENTER,AL,ynj2-r877,MORT_30_COPD,Death rate for COPD patients,9.2,No Different Than the National Rate,88,07/01/2021,06/30/2024
010046,RIVERVIEW REGIONAL MEDICAL CENTER,AL,ynj2-r877,MORT_30_HF,Death rate for heart failure patients,12.2,No Different Than the National Rate,227,07/01/2021,06/30/2024
010046,RIVERVIEW REGIONAL MEDICAL CENTER,AL,ynj2-r877,MORT_30_PN,Death rate for pneumonia patients,18.5,No Different Than the National Rate,300,07/01/2021,06/30/2024
010046,RIVERVIEW REGIONAL MEDICAL CENTER,AL,ynj2-r877,MORT_30_STK,Death rate for stroke patients,14.4,No Different Than the National Rate,72,07/01/2021,06/30/2024
010046,RIVERVIEW REGIONAL MEDICAL CENTER,AL,ynj2-r877,PSI_03,Pressure ulcer rate,0.26,No Different Than the National Rate,2396,07/01/2022,06/30/2024
010046,RIVERVIEW REGIONAL MEDICAL CENTER,AL,muwa-iene,PSI_03,Pressure ulcer rate,0.257577,,,07/01/2022,06/30/2024
010046,RIVERVIEW REGIONAL MEDICAL CENTER,AL,ynj2-r877,PSI_04,Death rate among surgical inpatients with serious treatable complications,188.77,No Different Than the National Rate,29,07/01/2022,06/30/2024
010046,RIVERVIEW REGIONAL MEDICAL CENTER,AL,ynj2-r877,PSI_06,Iatrogenic pneumothorax rate,0.17,No Different Than the National Rate,3424,07/01/2022,06/30/2024
010046,RIVERVIEW REGIONAL MEDICAL CENTER,AL,muwa-iene,PSI_06,Iatrogenic pneumothorax rate,0.174152,,,07/01/2022,06/30/2024
010046,RIVERVIEW REGIONAL MEDICAL CENTER,AL,muwa-iene,PSI_08,In-hospital fall-associated fracture rate,0.243979,,,07/01/2022,06/30/2024
010046,RIVERVIEW REGIONAL MEDICAL CENTER,AL,ynj2-r877,PSI_08,In-hospital fall-associated fracture rate,0.24,No Different Than the National Rate,3398,07/01/2022,06/30/2024
010046,RIVERVIEW REGIONAL MEDICAL CENTER,AL,ynj2-r877,PSI_09,Postoperative hemorrhage or hematoma rate,2.42,No Different Than the National Rate,461,07/01/2022,06/30/2024
010046,RIVERVIEW REGIONAL MEDICAL CENTER,AL,muwa-iene,PSI_09,Postoperative hemorrhage or hematoma rate,2.417459,,,07/01/2022,06/30/2024
010046,RIVERVIEW REGIONAL MEDICAL CENTER,AL,muwa-iene,PSI_10,Postoperative acute kidney injury requiring dialysis rate,1.622450,,,07/01/2022,06/30/2024
010046,RIVERVIEW REGIONAL MEDICAL CENTER,AL,ynj2-r877,PSI_10,Postoperative acute kidney injury requiring dialysis rate,1.62,No Different Than the National Rate,149,07/01/2022,06/30/2024
010046,RIVERVIEW REGIONAL MEDICAL CENTER,AL,ynj2-r877,PSI_11,Postoperative respiratory failure rate,10.00,No Different Than the National Rate,150,07/01/2022,06/30/2024
010046,RIVERVIEW REGIONAL MEDICAL CENTER,AL,muwa-iene,PSI_11,Postoperative respiratory failure rate,9.995355,,,07/01/2022,06/30/2024
010046,RIVERVIEW REGIONAL MEDICAL CENTER,AL,ynj2-r877,PSI_12,Perioperative pulmonary embolism or deep vein thrombosis rate,2.89,No Different Than the National Rate,497,07/01/2022,06/30/2024
010046,RIVERVIEW REGIONAL MEDICAL CENTER,AL,muwa-iene,PSI_12,Perioperative pulmonary embolism or deep vein thrombosis rate,2.890123,,,07/01/2022,06/30/2024
010046,RIVERVIEW REGIONAL MEDICAL CENTER,AL,muwa-iene,PSI_13,Postoperative sepsis rate,4.938770,,,07/01/2022,06/30/2024
010046,RIVERVIEW REGIONAL MEDICAL CENTER,AL,ynj2-r877,PSI_13,Postoperative sepsis rate,4.94,No Different Than the National Rate,141,07/01/2022,06/30/2024
010046,RIVERVIEW REGIONAL MEDICAL CENTER,AL,ynj2-r877,PSI_14,Postoperative wound dehiscence rate,1.72,No Different Than the National Rate,70,07/01/2022,06/30/2024
010046,RIVERVIEW REGIONAL MEDICAL CENTER,AL,muwa-iene,PSI_14,Postoperative wound dehiscence rate,1.721701,,,07/01/2022,06/30/2024
010046,RIVERVIEW REGIONAL MEDICAL CENTER,AL,ynj2-r877,PSI_15,Abdominopelvic accidental puncture or laceration rate,0.97,No Different Than the National Rate,369,07/01/2022,06/30/2024
010046,RIVERVIEW REGIONAL MEDICAL CENTER,AL,muwa-iene,PSI_15,Abdominopelvic accidental puncture or laceration rate,0.973932,,,07/01/2022,06/30/2024
010046,RIVERVIEW REGIONAL MEDICAL CENTER,AL,muwa-iene,PSI_90,CMS Medicare PSI 90: Patient safety and adverse events composite,0.853960,,,07/01/2022,06/30/2024
010046,RIVERVIEW REGIONAL MEDICAL CENTER,AL,ynj2-r877,PSI_90,CMS Medicare PSI 90: Patient safety and adverse events composite,0.85,No Different Than the National Value,Not Applicable,07/01/2022,06/30/2024
010046,RIVERVIEW REGIONAL MEDICAL CENTER,AL,632h-zaca,READM_30_AMI,Acute Myocardial Infarction (AMI) 30-Day Readmission Rate,13.7,No Different Than the National Rate,52,07/01/2021,06/30/2024
010046,RIVERVIEW REGIONAL MEDICAL CENTER,AL,632h-zaca,READM_30_CABG,Rate of readmission for CABG,Not Available,Number of Cases Too Small,Not Available,07/01/2021,06/30/2024
010046,RIVERVIEW REGIONAL MEDICAL CENTER,AL,632h-zaca,READM_30_COPD,Rate of readmission for chronic obstructive pulmonary disease (COPD) patients,19.4,No Different Than the National Rate,99,07/01/2021,06/30/2024
010046,RIVERVIEW REGIONAL MEDICAL CENTER,AL,632h-zaca,READM_30_HF,Heart failure (HF) 30-Day Readmission Rate,21.7,No Different Than the National Rate,275,07/01/2021,06/30/2024
010046,RIVERVIEW REGIONAL MEDICAL CENTER,AL,632h-zaca,READM_30_HIP_KNEE,Rate of readmission after hip/knee replacement,5,No Different Than the National Rate,28,07/01/2021,06/30/2024
010046,RIVERVIEW REGIONAL MEDICAL CENTER,AL,632h-zaca,READM_30_PN,Pneumonia (PN) 30-Day Readmission Rate,17.9,No Different Than the National Rate,322,07/01/2021,06/30/2024
010049,MEDICAL CENTER ENTERPRISE,AL,ynj2-r877,COMP_HIP_KNEE,Rate of complications for hip/knee replacement patients,3,No Different Than the National Rate,114,04/01/2021,03/31/2024
010049,MEDICAL CENTER ENTERPRISE,AL,632h-zaca,EDAC_30_AMI,Hospital return days for heart attack patients,Not Available,Number of Cases Too Small,Not Available,07/01/2021,06/30/2024
010049,MEDICAL CENTER ENTERPRISE,AL,632h-zaca,EDAC_30_HF,Hospital return days for heart failure patients,-29.4,Fewer Days Than Average per 100 Discharges,105,07/01/2021,06/30/2024
010049,MEDICAL CENTER ENTERPRISE,AL,632h-zaca,EDAC_30_PN,Hospital return days for pneumonia patients,14.6,Average Days per 100 Discharges,146,07/01/2021,06/30/2024
010049,MEDICAL CENTER ENTERPRISE,AL,77hc-ibv8,HAI_1_CILOWER,Central Line Associated Bloodstream Infection (ICU + select Wards): Lower Confidence Limit,Not Available,Not Available,,04/01/2024,03/31/2025
010049,MEDICAL CENTER ENTERPRISE,AL,77hc-ibv8,HAI_1_CIUPPER,Central Line Associated Bloodstream Infection (ICU + select Wards): Upper Confidence Limit,Not Available,Not Available,,04/01/2024,03/31/2025
010049,MEDICAL CENTER ENTERPRISE,AL,77hc-ibv8,HAI_1_DOPC,Central Line Associated Bloodstream Infection: Number of Device Days,345,Not Available,,04/01/2024,03/31/2025
010049,MEDICAL CENTER ENTERPRISE,AL,77hc-ibv8,HAI_1_ELIGCASES,Central Line Associated Bloodstream Infection (ICU + select Wards): Predicted Cases,0.251,Not Available,,04/01/2024,03/31/2025
010049,MEDICAL CENTER ENTERPRISE,AL,77hc-ibv8,HAI_1_NUMERATOR,Central Line Associated Bloodstream Infection (ICU + select Wards): Observed Cases,0,Not Available,,04/01/2024,03/31/2025
010049,MEDICAL CENTER ENTERPRISE,AL,77hc-ibv8,HAI_1_SIR,Central Line Associated Bloodstream Infection (ICU + select Wards),Not Available,Not Available,,04/01/2024,03/31/2025
010049,MEDICAL CENTER ENTERPRISE,AL,77hc-ibv8,HAI_2_CILOWER,Catheter Associated Urinary Tract Infections (ICU + select Wards): Lower Confidence Limit,Not Available,Not Available,,04/01/2024,03/31/2025
010049,MEDICAL CENTER ENTERPRISE,AL,77hc-ibv8,HAI_2_CIUPPER,Catheter Associated Urinary Tract Infections (ICU + select Wards): Upper Confidence Limit,Not Available,Not Available,,04/01/2024,03/31/2025
010049,MEDICAL CENTER ENTERPRISE,AL,77hc-ibv8,HAI_2_DOPC,Catheter Associated Urinary Tract Infections (ICU + select Wards): Number of Urinary Catheter Days,1531,Not Available,,04/01/2024,03/31/2025
010049,MEDICAL CENTER ENTERPRISE,AL,77hc-ibv8,HAI_2_ELIGCASES,Catheter Associated Urinary Tract Infections (ICU + select Wards): Predicted Cases,0.898,Not Available,,04/01/2024,03/31/2025
010049,MEDICAL CENTER ENTERPRISE,AL,77hc-ibv8,HAI_2_NUMERATOR,Catheter Associated Urinary Tract Infections (ICU + select Wards): Observed Cases,0,Not Available,,04/01/2024,03/31/2025
010049,MEDICAL CENTER ENTERPRISE,AL,77hc-ibv8,HAI_2_SIR,Catheter Associated Urinary Tract Infections (ICU + select Wards),Not Available,Not Available,,04/01/2024,03/31/2025
010049,MEDICAL CENTER ENTERPRISE,AL,77hc-ibv8,HAI_3_CILOWER,SSI - Colon Surgery: Lower Confidence Limit,Not Available,Not Available,,04/01/2024,03/31/2025
010049,MEDICAL CENTER ENTERPRISE,AL,77hc-ibv8,HAI_3_CIUPPER,SSI - Colon Surgery: Upper Confidence Limit,Not Available,Not Available,,04/01/2024,03/31/2025
010049,MEDICAL CENTER ENTERPRISE,AL,77hc-ibv8,HAI_3_DOPC,SSI - Colon Surgery: Number of Procedures,25,Not Available,,04/01/2024,03/31/2025
010049,MEDICAL CENTER ENTERPRISE,AL,77hc-ibv8,HAI_3_ELIGCASES,SSI - Colon Surgery: Predicted Cases,0.685,Not Available,,04/01/2024,03/31/2025
010049,MEDICAL CENTER ENTERPRISE,AL,77hc-ibv8,HAI_3_NUMERATOR,SSI - Colon Surgery: Observed Cases,0,Not Available,,04/01/2024,03/31/2025
010049,MEDICAL CENTER ENTERPRISE,AL,77hc-ibv8,HAI_3_SIR,SSI - Colon Surgery,Not Available,Not Available,,04/01/2024,03/31/2025
010049,MEDICAL CENTER ENTERPRISE,AL,77hc-ibv8,HAI_4_CILOWER,SSI - Abdominal Hysterectomy: Lower Confidence Limit,Not Available,Not Available,,04/01/2024,03/31/2025
010049,MEDICAL CENTER ENTERPRISE,AL,77hc-ibv8,HAI_4_CIUPPER,SSI - Abdominal Hysterectomy: Upper Confidence Limit,Not Available,Not Available,,04/01/2024,03/31/2025
010049,MEDICAL CENTER ENTERPRISE,AL,77hc-ibv8,HAI_4_DOPC,SSI - Abdominal Hysterectomy: Number of Procedures,48,Not Available,,04/01/2024,03/31/2025
010049,MEDICAL CENTER ENTERPRISE,AL,77hc-ibv8,HAI_4_ELIGCASES,SSI - Abdominal Hysterectomy: Predicted Cases,0.397,Not Available,,04/01/2024,03/31/2025
010049,MEDICAL CENTER ENTERPRISE,AL,77hc-ibv8,HAI_4_NUMERATOR,SSI - Abdominal Hysterectomy: Observed Cases,0,Not Available,,04/01/2024,03/31/2025
010049,MEDICAL CENTER ENTERPRISE,AL,77hc-ibv8,HAI_4_SIR,SSI - Abdominal Hysterectomy,Not Available,Not Available,,04/01/2024,03/31/2025
010049,MEDICAL CENTER ENTERPRISE,AL,77hc-ibv8,HAI_5_CILOWER,MRSA Bacteremia: Lower Confidence Limit,Not Available,Not Available,,04/01/2024,03/31/2025
010049,MEDICAL CENTER ENTERPRISE,AL,77hc-ibv8,HAI_5_CIUPPER,MRSA Bacteremia: Upper Confidence Limit,Not Available,Not Available,,04/01/2024,03/31/2025
010049,MEDICAL CENTER ENTERPRISE,AL,77hc-ibv8,HAI_5_DOPC,MRSA Bacteremia: Patient Days,13034,Not Available,,04/01/2024,03/31/2025
010049,MEDICAL CENTER ENTERPRISE,AL,77hc-ibv8,HAI_5_ELIGCASES,MRSA Bacteremia: Predicted Cases,0.463,Not Available,,04/01/2024,03/31/2025
010049,MEDICAL CENTER ENTERPRISE,AL,77hc-ibv8,HAI_5_NUMERATOR,MRSA Bacteremia: Observed Cases,0,Not Available,,04/01/2024,03/31/2025
010049,MEDICAL CENTER ENTERPRISE,AL,77hc-ibv8,HAI_5_SIR,MRSA Bacteremia,Not Available,Not Available,,04/01/2024,03/31/2025
010049,MEDICAL CENTER ENTERPRISE,AL,77hc-ibv8,HAI_6_CILOWER,Clostridium Difficile (C.Diff): Lower Confidence Limit,N/A,Better than the National Benchmark,,04/01/2024,03/31/2025
010049,MEDICAL CENTER ENTERPRISE,AL,77hc-ibv8,HAI_6_CIUPPER,Clostridium Difficile (C.Diff): Upper Confidence Limit,0.611,Better than the National Benchmark,,04/01/2024,03/31/2025
010049,MEDICAL CENTER ENTERPRISE,AL,77hc-ibv8,HAI_6_DOPC,Clostridium Difficile (C.Diff): Patient Days,13034,Better than the National Benchmark,,04/01/2024,03/31/2025
010049,MEDICAL CENTER ENTERPRISE,AL,77hc-ibv8,HAI_6_ELIGCASES,Clostridium Difficile (C.Diff): Predicted Cases,4.907,Better than the National Benchmark,,04/01/2024,03/31/2025
010049,MEDICAL CENTER ENTERPRISE,AL,77hc-ibv8,HAI_6_NUMERATOR,Clostridium Difficile (C.Diff): Observed Cases,0,Better than the National Benchmark,,04/01/2024,03/31/2025
010049,MEDICAL CENTER ENTERPRISE,AL,77hc-ibv8,HAI_6_SIR,Clostridium Difficile (C.Diff),0.000,Better than the National Benchmark,,04/01/2024,03/31/2025
010049,MEDICAL CENTER ENTERPRISE,AL,ynj2-r877,MORT_30_AMI,Death rate for heart attack patients,Not Available,Number of Cases Too Small,Not Available,07/01/2021,06/30/2024
010049,MEDICAL CENTER ENTERPRISE,AL,ynj2-r877,MORT_30_CABG,Death rate for CABG surgery patients,Not Available,Not Available,Not Available,07/01/2021,06/30/2024
010049,MEDICAL CENTER ENTERPRISE,AL,ynj2-r877,MORT_30_COPD,Death rate for COPD patients,10.2,No Different Than the National Rate,52,07/01/2021,06/30/2024
010049,MEDICAL CENTER ENTERPRISE,AL,ynj2-r877,MORT_30_HF,Death rate for heart failure patients,12.6,No Different Than the National Rate,90,07/01/2021,06/30/2024
010049,MEDICAL CENTER ENTERPRISE,AL,ynj2-r877,MORT_30_PN,Death rate for pneumonia patients,19.9,No Different Than the National Rate,140,07/01/2021,06/30/2024
010049,MEDICAL CENTER ENTERPRISE,AL,ynj2-r877,MORT_30_STK,Death rate for stroke patients,16.1,No Different Than the National Rate,35,07/01/2021,06/30/2024
010049,MEDICAL CENTER ENTERPRISE,AL,ynj2-r877,PSI_03,Pressure ulcer rate,0.43,No Different Than the National Rate,903,07/01/2022,06/30/2024
010049,MEDICAL CENTER ENTERPRISE,AL,muwa-iene,PSI_03,Pressure ulcer rate,0.428797,,,07/01/2022,06/30/2024
010049,MEDICAL CENTER ENTERPRISE,AL,ynj2-r877,PSI_04,Death rate among surgical inpatients with serious treatable complications,Not Available,Number of Cases Too Small,Not Available,07/01/2022,06/30/2024
010049,MEDICAL CENTER ENTERPRISE,AL,muwa-iene,PSI_06,Iatrogenic pneumothorax rate,0.200465,,,07/01/2022,06/30/2024
010049,MEDICAL CENTER ENTERPRISE,AL,ynj2-r877,PSI_06,Iatrogenic pneumothorax rate,0.20,No Different Than the National Rate,1378,07/01/2022,06/30/2024
010049,MEDICAL CENTER ENTERPRISE,AL,ynj2-r877,PSI_08,In-hospital fall-associated fracture rate,0.26,No Different Than the National Rate,1290,07/01/2022,06/30/2024
010049,MEDICAL CENTER ENTERPRISE,AL,muwa-iene,PSI_08,In-hospital fall-associated fracture rate,0.258925,,,07/01/2022,06/30/2024
010049,MEDICAL CENTER ENTERPRISE,AL,ynj2-r877,PSI_09,Postoperative hemorrhage or hematoma rate,2.26,No Different Than the National Rate,312,07/01/2022,06/30/2024
010049,MEDICAL CENTER ENTERPRISE,AL,muwa-iene,PSI_09,Postoperative hemorrhage or hematoma rate,2.255035,,,07/01/2022,06/30/2024
010049,MEDICAL CENTER ENTERPRISE,AL,ynj2-r877,PSI_10,Postoperative acute kidney injury requiring dialysis rate,1.64,No Different Than the National Rate,202,07/01/2022,06/30/2024
010049,MEDICAL CENTER ENTERPRISE,AL,muwa-iene,PSI_10,Postoperative acute kidney injury requiring dialysis rate,1.642542,,,07/01/2022,06/30/2024
010049,MEDICAL CENTER ENTERPRISE,AL,muwa-iene,PSI_11,Postoperative respiratory failure rate,7.822916,,,07/01/2022,06/30/2024
010049,MEDICAL CENTER ENTERPRISE,AL,ynj2-r877,PSI_11,Postoperative respiratory failure rate,7.82,No Different Than the National Rate,208,07/01/2022,06/30/2024
010049,MEDICAL CENTER ENTERPRISE,AL,muwa-iene,PSI_12,Perioperative pulmonary embolism or deep vein thrombosis rate,3.145200,,,07/01/2022,06/30/2024
010049,MEDICAL CENTER ENTERPRISE,AL,ynj2-r877,PSI_12,Perioperative pulmonary embolism or deep vein thrombosis rate,3.15,No Different Than the National Rate,317,07/01/2022,06/30/2024
010049,MEDICAL CENTER ENTERPRISE,AL,muwa-iene,PSI_13,Postoperative sepsis rate,4.998691,,,07/01/2022,06/30/2024
010049,MEDICAL CENTER ENTERPRISE,AL,ynj2-r877,PSI_13,Postoperative sepsis rate,5.00,No Different Than the National Rate,175,07/01/2022,06/30/2024
010049,MEDICAL CENTER ENTERPRISE,AL,ynj2-r877,PSI_14,Postoperative wound dehiscence rate,1.74,No Different Than the National Rate,43,07/01/2022,06/30/2024
010049,MEDICAL CENTER ENTERPRISE,AL,muwa-iene,PSI_14,Postoperative wound dehiscence rate,1.737330,,,07/01/2022,06/30/2024
010049,MEDICAL CENTER ENTERPRISE,AL,ynj2-r877,PSI_15,Abdominopelvic accidental puncture or laceration rate,1.04,No Different Than the National Rate,87,07/01/2022,06/30/2024
010049,MEDICAL CENTER ENTERPRISE,AL,muwa-iene,PSI_15,Abdominopelvic accidental puncture or laceration rate,1.035239,,,07/01/2022,06/30/2024
010049,MEDICAL CENTER ENTERPRISE,AL,muwa-iene,PSI_90,CMS Medicare PSI 90: Patient safety and adverse events composite,0.867148,,,07/01/2022,06/30/2024
010049,MEDICAL CENTER ENTERPRISE,AL,ynj2-r877,PSI_90,CMS Medicare PSI 90: Patient safety and adverse events composite,0.87,No Different Than the National Value,Not Applicable,07/01/2022,06/30/2024
010049,MEDICAL CENTER ENTERPRISE,AL,632h-zaca,READM_30_AMI,Acute Myocardial Infarction (AMI) 30-Day Readmission Rate,Not Available,Number of Cases Too Small,Not Available,07/01/2021,06/30/2024
010049,MEDICAL CENTER ENTERPRISE,AL,632h-zaca,READM_30_CABG,Rate of readmission for CABG,Not Available,Not Available,Not Available,07/01/2021,06/30/2024
010049,MEDICAL CENTER ENTERPRISE,AL,632h-zaca,READM_30_COPD,Rate of readmission for chronic obstructive pulmonary disease (COPD) patients,18.6,No Different Than the National Rate,58,07/01/2021,06/30/2024
010049,MEDICAL CENTER ENTERPRISE,AL,632h-zaca,READM_30_HF,Heart failure (HF) 30-Day Readmission Rate,18.7,No Different Than the National Rate,105,07/01/2021,06/30/2024
010049,MEDICAL CENTER ENTERPRISE,AL,632h-zaca,READM_30_HIP_KNEE,Rate of readmission after hip/knee replacement,4,No Different Than the National Rate,117,07/01/2021,06/30/2024
010049,MEDICAL CENTER ENTERPRISE,AL,632h-zaca,READM_30_PN,Pneumonia (PN) 30-Day Readmission Rate,16,No Different Than the National Rate,146,07/01/2021,06/30/2024
010051,GREENE COUNTY HOSPITAL,AL,ynj2-r877,COMP_HIP_KNEE,Rate of complications for hip/knee replacement patients,Not Available,Not Available,Not Available,04/01/2021,03/31/2024
010051,GREENE COUNTY HOSPITAL,AL,632h-zaca,EDAC_30_AMI,Hospital return days for heart attack patients,Not Available,Not Available,Not Available,07/01/2021,06/30/2024
010051,GREENE COUNTY HOSPITAL,AL,632h-zaca,EDAC_30_HF,Hospital return days for heart failure patients,Not Available,Not Available,Not Available,07/01/2021,06/30/2024
010051,GREENE COUNTY HOSPITAL,AL,632h-zaca,EDAC_30_PN,Hospital return days for pneumonia patients,Not Available,Not Available,Not Available,07/01/2021,06/30/2024
010051,GREENE COUNTY HOSPITAL,AL,77hc-ibv8,HAI_1_CILOWER,Central Line Associated Bloodstream Infection (ICU + select Wards): Lower Confidence Limit,Not Available,Not Available,,04/01/2024,03/31/2025
010051,GREENE COUNTY HOSPITAL,AL,77hc-ibv8,HAI_1_CIUPPER,Central Line Associated Bloodstream Infection (ICU + select Wards): Upper Confidence Limit,Not Available,Not Available,,04/01/2024,03/31/2025
010051,GREENE COUNTY HOSPITAL,AL,77hc-ibv8,HAI_1_DOPC,Central Line Associated Bloodstream Infection: Number of Device Days,Not Available,Not Available,,04/01/2024,03/31/2025
010051,GREENE COUNTY HOSPITAL,AL,77hc-ibv8,HAI_1_ELIGCASES,Central Line Associated Bloodstream Infection (ICU + select Wards): Predicted Cases,Not Available,Not Available,,04/01/2024,03/31/2025
010051,GREENE COUNTY HOSPITAL,AL,77hc-ibv8,HAI_1_NUMERATOR,Central Line Associated Bloodstream Infection (ICU + select Wards): Observed Cases,Not Available,Not Available,,04/01/2024,03/31/2025
010051,GREENE COUNTY HOSPITAL,AL,77hc-ibv8,HAI_1_SIR,Central Line Associated Bloodstream Infection (ICU + select Wards),Not Available,Not Available,,04/01/2024,03/31/2025
010051,GREENE COUNTY HOSPITAL,AL,77hc-ibv8,HAI_2_CILOWER,Catheter Associated Urinary Tract Infections (ICU + select Wards): Lower Confidence Limit,Not Available,Not Available,,04/01/2024,03/31/2025
010051,GREENE COUNTY HOSPITAL,AL,77hc-ibv8,HAI_2_CIUPPER,Catheter Associated Urinary Tract Infections (ICU + select Wards): Upper Confidence Limit,Not Available,Not Available,,04/01/2024,03/31/2025
010051,GREENE COUNTY HOSPITAL,AL,77hc-ibv8,HAI_2_DOPC,Catheter Associated Urinary Tract Infections (ICU + select Wards): Number of Urinary Catheter Days,Not Available,Not Available,,04/01/2024,03/31/2025
010051,GREENE COUNTY HOSPITAL,AL,77hc-ibv8,HAI_2_ELIGCASES,Catheter Associated Urinary Tract Infections (ICU + select Wards): Predicted Cases,Not Available,Not Available,,04/01/2024,03/31/2025
010051,GREENE COUNTY HOSPITAL,AL,77hc-ibv8,HAI_2_NUMERATOR,Catheter Associated Urinary Tract Infections (ICU + select Wards): Observed Cases,Not Available,Not Available,,04/01/2024,03/31/2025
010051,GREENE COUNTY HOSPITAL,AL,77hc-ibv8,HAI_2_SIR,Catheter Associated Urinary Tract Infections (ICU + select Wards),Not Available,Not Available,,04/01/2024,03/31/2025
010051,GREENE COUNTY HOSPITAL,AL,77hc-ibv8,HAI_3_CILOWER,SSI - Colon Surgery: Lower Confidence Limit,Not Available,Not Available,,04/01/2024,03/31/2025
010051,GREENE COUNTY HOSPITAL,AL,77hc-ibv8,HAI_3_CIUPPER,SSI - Colon Surgery: Upper Confidence Limit,Not Available,Not Available,,04/01/2024,03/31/2025
010051,GREENE COUNTY HOSPITAL,AL,77hc-ibv8,HAI_3_DOPC,SSI - Colon Surgery: Number of Procedures,Not Available,Not Available,,04/01/2024,03/31/2025
010051,GREENE COUNTY HOSPITAL,AL,77hc-ibv8,HAI_3_ELIGCASES,SSI - Colon Surgery: Predicted Cases,Not Available,Not Available,,04/01/2024,03/31/2025
010051,GREENE COUNTY HOSPITAL,AL,77hc-ibv8,HAI_3_NUMERATOR,SSI - Colon Surgery: Observed Cases,Not Available,Not Available,,04/01/2024,03/31/2025
010051,GREENE COUNTY HOSPITAL,AL,77hc-ibv8,HAI_3_SIR,SSI - Colon Surgery,Not Available,Not Available,,04/01/2024,03/31/2025
010051,GREENE COUNTY HOSPITAL,AL,77hc-ibv8,HAI_4_CILOWER,SSI - Abdominal Hysterectomy: Lower Confidence Limit,Not Available,Not Available,,04/01/2024,03/31/2025
010051,GREENE COUNTY HOSPITAL,AL,77hc-ibv8,HAI_4_CIUPPER,SSI - Abdominal Hysterectomy: Upper Confidence Limit,Not Available,Not Available,,04/01/2024,03/31/2025
010051,GREENE COUNTY HOSPITAL,AL,77hc-ibv8,HAI_4_DOPC,SSI - Abdominal Hysterectomy: Number of Procedures,Not Available,Not Available,,04/01/2024,03/31/2025
010051,GREENE COUNTY HOSPITAL,AL,77hc-ibv8,HAI_4_ELIGCASES,SSI - Abdominal Hysterectomy: Predicted Cases,Not Available,Not Available,,04/01/2024,03/31/2025
010051,GREENE COUNTY HOSPITAL,AL,77hc-ibv8,HAI_4_NUMERATOR,SSI - Abdominal Hysterectomy: Observed Cases,Not Available,Not Available,,04/01/2024,03/31/2025
010051,GREENE COUNTY HOSPITAL,AL,77hc-ibv8,HAI_4_SIR,SSI - Abdominal Hysterectomy,Not Available,Not Available,,04/01/2024,03/31/2025
010051,GREENE COUNTY HOSPITAL,AL,77hc-ibv8,HAI_5_CILOWER,MRSA Bacteremia: Lower Confidence Limit,Not Available,Not Available,,04/01/2024,03/31/2025
010051,GREENE COUNTY HOSPITAL,AL,77hc-ibv8,HAI_5_CIUPPER,MRSA Bacteremia: Upper Confidence Limit,Not Available,Not Available,,04/01/2024,03/31/2025
010051,GREENE COUNTY HOSPITAL,AL,77hc-ibv8,HAI_5_DOPC,MRSA Bacteremia: Patient Days,724,Not Available,,04/01/2024,03/31/2025
010051,GREENE COUNTY HOSPITAL,AL,77hc-ibv8,HAI_5_ELIGCASES,MRSA Bacteremia: Predicted Cases,0.017,Not Available,,04/01/2024,03/31/2025
010051,GREENE COUNTY HOSPITAL,AL,77hc-ibv8,HAI_5_NUMERATOR,MRSA Bacteremia: Observed Cases,0,Not Available,,04/01/2024,03/31/2025
010051,GREENE COUNTY HOSPITAL,AL,77hc-ibv8,HAI_5_SIR,MRSA Bacteremia,Not Available,Not Available,,04/01/2024,03/31/2025
010051,GREENE COUNTY HOSPITAL,AL,77hc-ibv8,HAI_6_CILOWER,Clostridium Difficile (C.Diff): Lower Confidence Limit,Not Available,Not Available,,04/01/2024,03/31/2025
010051,GREENE COUNTY HOSPITAL,AL,77hc-ibv8,HAI_6_CIUPPER,Clostridium Difficile (C.Diff): Upper Confidence Limit,Not Available,Not Available,,04/01/2024,03/31/2025
010051,GREENE COUNTY HOSPITAL,AL,77hc-ibv8,HAI_6_DOPC,Clostridium Difficile (C.Diff): Patient Days,724,Not Available,,04/01/2024,03/31/2025
010051,GREENE COUNTY HOSPITAL,AL,77hc-ibv8,HAI_6_ELIGCASES,Clostridium Difficile (C.Diff): Predicted Cases,0.132,Not Available,,04/01/2024,03/31/2025
010051,GREENE COUNTY HOSPITAL,AL,77hc-ibv8,HAI_6_NUMERATOR,Clostridium Difficile (C.Diff): Observed Cases,0,Not Available,,04/01/2024,03/31/2025
010051,GREENE COUNTY HOSPITAL,AL,77hc-ibv8,HAI_6_SIR,Clostridium Difficile (C.Diff),Not Available,Not Available,,04/01/2024,03/31/2025
010051,GREENE COUNTY HOSPITAL,AL,ynj2-r877,MORT_30_AMI,Death rate for heart attack patients,Not Available,Not Available,Not Available,07/01/2021,06/30/2024
010051,GREENE COUNTY HOSPITAL,AL,ynj2-r877,MORT_30_CABG,Death rate for CABG surgery patients,Not Available,Not Available,Not Available,07/01/2021,06/30/2024
010051,GREENE COUNTY HOSPITAL,AL,ynj2-r877,MORT_30_COPD,Death rate for COPD patients,Not Available,Not Available,Not Available,07/01/2021,06/30/2024
010051,GREENE COUNTY HOSPITAL,AL,ynj2-r877,MORT_30_HF,Death rate for heart failure patients,Not Available,Number of Cases Too Small,Not Available,07/01/2021,06/30/2024
010051,GREENE COUNTY HOSPITAL,AL,ynj2-r877,MORT_30_PN,Death rate for pneumonia patients,Not Available,Not Available,Not Available,07/01/2021,06/30/2024
010051,GREENE COUNTY HOSPITAL,AL,ynj2-r877,MORT_30_STK,Death rate for stroke patients,Not Available,Not Available,Not Available,07/01/2021,06/30/2024
010051,GREENE COUNTY HOSPITAL,AL,muwa-iene,PSI_03,Pressure ulcer rate,0.623288,,,07/01/2022,06/30/2024
010051,GREENE COUNTY HOSPITAL,AL,ynj2-r877,PSI_03,Pressure ulcer rate,0.62,No Different Than the National Rate,43,07/01/2022,06/30/2024
010051,GREENE COUNTY HOSPITAL,AL,ynj2-r877,PSI_04,Death rate among surgical inpatients with serious treatable complications,Not Available,Not Available,Not Available,07/01/2022,06/30/2024
010051,GREENE COUNTY HOSPITAL,AL,ynj2-r877,PSI_06,Iatrogenic pneumothorax rate,0.21,No Different Than the National Rate,49,07/01/2022,06/30/2024
010051,GREENE COUNTY HOSPITAL,AL,muwa-iene,PSI_06,Iatrogenic pneumothorax rate,0.210010,,,07/01/2022,06/30/2024
010051,GREENE COUNTY HOSPITAL,AL,muwa-iene,PSI_08,In-hospital fall-associated fracture rate,0.271623,,,07/01/2022,06/30/2024
010051,GREENE COUNTY HOSPITAL,AL,ynj2-r877,PSI_08,In-hospital fall-associated fracture rate,0.27,No Different Than the National Rate,50,07/01/2022,06/30/2024
010051,GREENE COUNTY HOSPITAL,AL,ynj2-r877,PSI_09,Postoperative hemorrhage or hematoma rate,Not Available,Not Available,Not Available,07/01/2022,06/30/2024
010051,GREENE COUNTY HOSPITAL,AL,muwa-iene,PSI_09,Postoperative hemorrhage or hematoma rate,Not Available,,,07/01/2022,06/30/2024
010051,GREENE COUNTY HOSPITAL,AL,muwa-iene,PSI_10,Postoperative acute kidney injury requiring dialysis rate,Not Available,,,07/01/2022,06/30/2024
010051,GREENE COUNTY HOSPITAL,AL,ynj2-r877,PSI_10,Postoperative acute kidney injury requiring dialysis rate,Not Available,Not Available,Not Available,07/01/2022,06/30/2024
010051,GREENE COUNTY HOSPITAL,AL,ynj2-r877,PSI_11,Postoperative respiratory failure rate,Not Available,Not Available,Not Available,07/01/2022,06/30/2024
010051,GREENE COUNTY HOSPITAL,AL,muwa-iene,PSI_11,Postoperative respiratory failure rate,Not Available,,,07/01/2022,06/30/2024
010051,GREENE COUNTY HOSPITAL,AL,ynj2-r877,PSI_12,Perioperative pulmonary embolism or deep vein thrombosis rate,Not Available,Not Available,Not Available,07/01/2022,06/30/2024
010051,GREENE COUNTY HOSPITAL,AL,muwa-iene,PSI_12,Perioperative pulmonary embolism or deep vein thrombosis rate,Not Available,,,07/01/2022,06/30/2024
010051,GREENE COUNTY HOSPITAL,AL,muwa-iene,PSI_13,Postoperative sepsis rate,Not Available,,,07/01/2022,06/30/2024
010051,GREENE COUNTY HOSPITAL,AL,ynj2-r877,PSI_13,Postoperative sepsis rate,Not Available,Not Available,Not Available,07/01/2022,06/30/2024
010051,GREENE COUNTY HOSPITAL,AL,ynj2-r877,PSI_14,Postoperative wound dehiscence rate,Not Available,Not Available,Not Available,07/01/2022,06/30/2024
010051,GREENE COUNTY HOSPITAL,AL,muwa-iene,PSI_14,Postoperative wound dehiscence rate,Not Available,,,07/01/2022,06/30/2024
010051,GREENE COUNTY HOSPITAL,AL,ynj2-r877,PSI_15,Abdominopelvic accidental puncture or laceration rate,Not Available,Not Available,Not Available,07/01/2022,06/30/2024
010051,GREENE COUNTY HOSPITAL,AL,muwa-iene,PSI_15,Abdominopelvic accidental puncture or laceration rate,Not Available,,,07/01/2022,06/30/2024
010051,GREENE COUNTY HOSPITAL,AL,muwa-iene,PSI_90,CMS Medicare PSI 90: Patient safety and adverse events composite,Not Available,,,07/01/2022,06/30/2024
010051,GREENE COUNTY HOSPITAL,AL,ynj2-r877,PSI_90,CMS Medicare PSI 90: Patient safety and adverse events composite,Not Available,Not Available,Not Applicable,07/01/2022,06/30/2024
010051,GREENE COUNTY HOSPITAL,AL,632h-zaca,READM_30_AMI,Acute Myocardial Infarction (AMI) 30-Day Readmission Rate,Not Available,Not Available,Not Available,07/01/2021,06/30/2024
010051,GREENE COUNTY HOSPITAL,AL,632h-zaca,READM_30_CABG,Rate of readmission for CABG,Not Available,Not Available,Not Available,07/01/2021,06/30/2024
010051,GREENE COUNTY HOSPITAL,AL,632h-zaca,READM_30_COPD,Rate of readmission for chronic obstructive pulmonary disease (COPD) patients,Not Available,Not Available,Not Available,07/01/2021,06/30/2024
010051,GREENE COUNTY HOSPITAL,AL,632h-zaca,READM_30_HF,Heart failure (HF) 30-Day Readmission Rate,Not Available,Not Available,Not Available,07/01/2021,06/30/2024
010051,GREENE COUNTY HOSPITAL,AL,632h-zaca,READM_30_HIP_KNEE,Rate of readmission after hip/knee replacement,Not Available,Not Available,Not Available,07/01/2021,06/30/2024
010051,GREENE COUNTY HOSPITAL,AL,632h-zaca,READM_30_PN,Pneumonia (PN) 30-Day Readmission Rate,Not Available,Not Available,Not Available,07/01/2021,06/30/2024
010052,LAKE MARTIN COMMUNITY HOSPITAL,AL,ynj2-r877,COMP_HIP_KNEE,Rate of complications for hip/knee replacement patients,Not Available,Not Available,Not Available,04/01/2021,03/31/2024
010052,LAKE MARTIN COMMUNITY HOSPITAL,AL,632h-zaca,EDAC_30_AMI,Hospital return days for heart attack patients,Not Available,Not Available,Not Available,07/01/2021,06/30/2024
010052,LAKE MARTIN COMMUNITY HOSPITAL,AL,632h-zaca,EDAC_30_HF,Hospital return days for heart failure patients,Not Available,Number of Cases Too Small,Not Available,07/01/2021,06/30/2024
010052,LAKE MARTIN COMMUNITY HOSPITAL,AL,632h-zaca,EDAC_30_PN,Hospital return days for pneumonia patients,-9.8,Average Days per 100 Discharges,32,07/01/2021,06/30/2024
010052,LAKE MARTIN COMMUNITY HOSPITAL,AL,77hc-ibv8,HAI_1_CILOWER,Central Line Associated Bloodstream Infection (ICU + select Wards): Lower Confidence Limit,Not Available,Not Available,,04/01/2024,03/31/2025
010052,LAKE MARTIN COMMUNITY HOSPITAL,AL,77hc-ibv8,HAI_1_CIUPPER,Central Line Associated Bloodstream Infection (ICU + select Wards): Upper Confidence Limit,Not Available,Not Available,,04/01/2024,03/31/2025
010052,LAKE MARTIN COMMUNITY HOSPITAL,AL,77hc-ibv8,HAI_1_DOPC,Central Line Associated Bloodstream Infection: Number of Device Days,1,Not Available,,04/01/2024,03/31/2025
010052,LAKE MARTIN COMMUNITY HOSPITAL,AL,77hc-ibv8,HAI_1_ELIGCASES,Central Line Associated Bloodstream Infection (ICU + select Wards): Predicted Cases,0.001,Not Available,,04/01/2024,03/31/2025
010052,LAKE MARTIN COMMUNITY HOSPITAL,AL,77hc-ibv8,HAI_1_NUMERATOR,Central Line Associated Bloodstream Infection (ICU + select Wards): Observed Cases,0,Not Available,,04/01/2024,03/31/2025
010052,LAKE MARTIN COMMUNITY HOSPITAL,AL,77hc-ibv8,HAI_1_SIR,Central Line Associated Bloodstream Infection (ICU + select Wards),Not Available,Not Available,,04/01/2024,03/31/2025
010052,LAKE MARTIN COMMUNITY HOSPITAL,AL,77hc-ibv8,HAI_2_CILOWER,Catheter Associated Urinary Tract Infections (ICU + select Wards): Lower Confidence Limit,Not Available,Not Available,,04/01/2024,03/31/2025
010052,LAKE MARTIN COMMUNITY HOSPITAL,AL,77hc-ibv8,HAI_2_CIUPPER,Catheter Associated Urinary Tract Infections (ICU + select Wards): Upper Confidence Limit,Not Available,Not Available,,04/01/2024,03/31/2025
010052,LAKE MARTIN COMMUNITY HOSPITAL,AL,77hc-ibv8,HAI_2_DOPC,Catheter Associated Urinary Tract Infections (ICU + select Wards): Number of Urinary Catheter Days,483,Not Available,,04/01/2024,03/31/2025
010052,LAKE MARTIN COMMUNITY HOSPITAL,AL,77hc-ibv8,HAI_2_ELIGCASES,Catheter Associated Urinary Tract Infections (ICU + select Wards): Predicted Cases,0.262,Not Available,,04/01/2024,03/31/2025
010052,LAKE MARTIN COMMUNITY HOSPITAL,AL,77hc-ibv8,HAI_2_NUMERATOR,Catheter Associated Urinary Tract Infections (ICU + select Wards): Observed Cases,0,Not Available,,04/01/2024,03/31/2025
010052,LAKE MARTIN COMMUNITY HOSPITAL,AL,77hc-ibv8,HAI_2_SIR,Catheter Associated Urinary Tract Infections (ICU + select Wards),Not Available,Not Available,,04/01/2024,03/31/2025
010052,LAKE MARTIN COMMUNITY HOSPITAL,AL,77hc-ibv8,HAI_3_CILOWER,SSI - Colon Surgery: Lower Confidence Limit,Not Available,Not Available,,04/01/2024,03/31/2025
010052,LAKE MARTIN COMMUNITY HOSPITAL,AL,77hc-ibv8,HAI_3_CIUPPER,SSI - Colon Surgery: Upper Confidence Limit,Not Available,Not Available,,04/01/2024,03/31/2025
010052,LAKE MARTIN COMMUNITY HOSPITAL,AL,77hc-ibv8,HAI_3_DOPC,SSI - Colon Surgery: Number of Procedures,Not Available,Not Available,,04/01/2024,03/31/2025
010052,LAKE MARTIN COMMUNITY HOSPITAL,AL,77hc-ibv8,HAI_3_ELIGCASES,SSI - Colon Surgery: Predicted Cases,Not Available,Not Available,,04/01/2024,03/31/2025
010052,LAKE MARTIN COMMUNITY HOSPITAL,AL,77hc-ibv8,HAI_3_NUMERATOR,SSI - Colon Surgery: Observed Cases,Not Available,Not Available,,04/01/2024,03/31/2025
010052,LAKE MARTIN COMMUNITY HOSPITAL,AL,77hc-ibv8,HAI_3_SIR,SSI - Colon Surgery,Not Available,Not Available,,04/01/2024,03/31/2025
010052,LAKE MARTIN COMMUNITY HOSPITAL,AL,77hc-ibv8,HAI_4_CILOWER,SSI - Abdominal Hysterectomy: Lower Confidence Limit,Not Available,Not Available,,04/01/2024,03/31/2025
010052,LAKE MARTIN COMMUNITY HOSPITAL,AL,77hc-ibv8,HAI_4_CIUPPER,SSI - Abdominal Hysterectomy: Upper Confidence Limit,Not Available,Not Available,,04/01/2024,03/31/2025
010052,LAKE MARTIN COMMUNITY HOSPITAL,AL,77hc-ibv8,HAI_4_DOPC,SSI - Abdominal Hysterectomy: Number of Procedures,Not Available,Not Available,,04/01/2024,03/31/2025
010052,LAKE MARTIN COMMUNITY HOSPITAL,AL,77hc-ibv8,HAI_4_ELIGCASES,SSI - Abdominal Hysterectomy: Predicted Cases,Not Available,Not Available,,04/01/2024,03/31/2025
010052,LAKE MARTIN COMMUNITY HOSPITAL,AL,77hc-ibv8,HAI_4_NUMERATOR,SSI - Abdominal Hysterectomy: Observed Cases,Not Available,Not Available,,04/01/2024,03/31/2025
010052,LAKE MARTIN COMMUNITY HOSPITAL,AL,77hc-ibv8,HAI_4_SIR,SSI - Abdominal Hysterectomy,Not Available,Not Available,,04/01/2024,03/31/2025
010052,LAKE MARTIN COMMUNITY HOSPITAL,AL,77hc-ibv8,HAI_5_CILOWER,MRSA Bacteremia: Lower Confidence Limit,Not Available,Not Available,,04/01/2024,03/31/2025
010052,LAKE MARTIN COMMUNITY HOSPITAL,AL,77hc-ibv8,HAI_5_CIUPPER,MRSA Bacteremia: Upper Confidence Limit,Not Available,Not Available,,04/01/2024,03/31/2025
010052,LAKE MARTIN COMMUNITY HOSPITAL,AL,77hc-ibv8,HAI_5_DOPC,MRSA Bacteremia: Patient Days,2292,Not Available,,04/01/2024,03/31/2025
010052,LAKE MARTIN COMMUNITY HOSPITAL,AL,77hc-ibv8,HAI_5_ELIGCASES,MRSA Bacteremia: Predicted Cases,0.041,Not Available,,04/01/2024,03/31/2025
010052,LAKE MARTIN COMMUNITY HOSPITAL,AL,77hc-ibv8,HAI_5_NUMERATOR,MRSA Bacteremia: Observed Cases,0,Not Available,,04/01/2024,03/31/2025
010052,LAKE MARTIN COMMUNITY HOSPITAL,AL,77hc-ibv8,HAI_5_SIR,MRSA Bacteremia,Not Available,Not Available,,04/01/2024,03/31/2025
010052,LAKE MARTIN COMMUNITY HOSPITAL,AL,77hc-ibv8,HAI_6_CILOWER,Clostridium Difficile (C.Diff): Lower Confidence Limit,Not Available,Not Available,,04/01/2024,03/31/2025
010052,LAKE MARTIN COMMUNITY HOSPITAL,AL,77hc-ibv8,HAI_6_CIUPPER,Clostridium Difficile (C.Diff): Upper Confidence Limit,Not Available,Not Available,,04/01/2024,03/31/2025
010052,LAKE MARTIN COMMUNITY HOSPITAL,AL,77hc-ibv8,HAI_6_DOPC,Clostridium Difficile (C.Diff): Patient Days,2292,Not Available,,04/01/2024,03/31/2025
010052,LAKE MARTIN COMMUNITY HOSPITAL,AL,77hc-ibv8,HAI_6_ELIGCASES,Clostridium Difficile (C.Diff): Predicted Cases,0.487,Not Available,,04/01/2024,03/31/2025
010052,LAKE MARTIN COMMUNITY HOSPITAL,AL,77hc-ibv8,HAI_6_NUMERATOR,Clostridium Difficile (C.Diff): Observed Cases,0,Not Available,,04/01/2024,03/31/2025
010052,LAKE MARTIN COMMUNITY HOSPITAL,AL,77hc-ibv8,HAI_6_SIR,Clostridium Difficile (C.Diff),Not Available,Not Available,,04/01/2024,03/31/2025
010052,LAKE MARTIN COMMUNITY HOSPITAL,AL,ynj2-r877,MORT_30_AMI,Death rate for heart attack patients,Not Available,Not Available,Not Available,07/01/2021,06/30/2024
010052,LAKE MARTIN COMMUNITY HOSPITAL,AL,ynj2-r877,MORT_30_CABG,Death rate for CABG surgery patients,Not Available,Not Available,Not Available,07/01/2021,06/30/2024
010052,LAKE MARTIN COMMUNITY HOSPITAL,AL,ynj2-r877,MORT_30_COPD,Death rate for COPD patients,Not Available,Number of Cases Too Small,Not Available,07/01/2021,06/30/2024
010052,LAKE MARTIN COMMUNITY HOSPITAL,AL,ynj2-r877,MORT_30_HF,Death rate for heart failure patients,Not Available,Number of Cases Too Small,Not Available,07/01/2021,06/30/2024
010052,LAKE MARTIN COMMUNITY HOSPITAL,AL,ynj2-r877,MORT_30_PN,Death rate for pneumonia patients,18.7,No Different Than the National Rate,29,07/01/2021,06/30/2024
010052,LAKE MARTIN COMMUNITY HOSPITAL,AL,ynj2-r877,MORT_30_STK,Death rate for stroke patients,Not Available,Number of Cases Too Small,Not Available,07/01/2021,06/30/2024
010052,LAKE MARTIN COMMUNITY HOSPITAL,AL,muwa-iene,PSI_03,Pressure ulcer rate,0.596396,,,07/01/2022,06/30/2024
010052,LAKE MARTIN COMMUNITY HOSPITAL,AL,ynj2-r877,PSI_03,Pressure ulcer rate,0.60,No Different Than the National Rate,147,07/01/2022,06/30/2024
010052,LAKE MARTIN COMMUNITY HOSPITAL,AL,ynj2-r877,PSI_04,Death rate among surgical inpatients with serious treatable complications,Not Available,Not Available,Not Available,07/01/2022,06/30/2024
010052,LAKE MARTIN COMMUNITY HOSPITAL,AL,ynj2-r877,PSI_06,Iatrogenic pneumothorax rate,0.21,No Different Than the National Rate,240,07/01/2022,06/30/2024
