report_number,event_type,date_of_event,date_received,manufacturer_name,facility_state,patient_outcomes,device_problems,product_code,brand_name,generic_name,hcpcs_code,hcpcs_desc,device_category,bridge_confidence
0001313525-2020-00077,Injury,2020-03-25,2020-04-28,BAUSCH + LOMB,,,HQL,HQL,SOFPORT SQUARE EDGE IOL,INTRAOCULAR LENS,V2630,Anter chamber intraocul lens,iol_anterior_chamber,high
0001313525-2020-00077,Injury,2020-03-25,2020-04-28,BAUSCH + LOMB,,,HQL,HQL,SOFPORT SQUARE EDGE IOL,INTRAOCULAR LENS,V2632,Post chmbr intraocular lens,iol_posterior_chamber,high
1000165971-2020-00370,Malfunction,2020-04-09,2020-04-27,SORIN GROUP ITALIA S.R.L. - CRM FACILITY,,,MRM,MRM,PLATINIUM,"DEFIBRILLATOR, IMPLANTABLE, DUAL-CHAMBER",C1882,"Aicd, other than sing/dual",crt_d,high
1000165971-2020-00372,Malfunction,2020-04-08,2020-04-28,SORIN GROUP ITALIA S.R.L. - CRM FACILITY,,,DTB,DTB,SMARTVIEW,PACEMAKER/ICD/CRT NON-IMPLANTED COMPONENTS,C1785,"Pmkr, dual, rate-resp",pacemaker_dual_chamber,high
1000165971-2020-00372,Malfunction,2020-04-08,2020-04-28,SORIN GROUP ITALIA S.R.L. - CRM FACILITY,,,DTB,DTB,SMARTVIEW,PACEMAKER/ICD/CRT NON-IMPLANTED COMPONENTS,C1786,"Pmkr, single, rate-resp",pacemaker_single_chamber,high
1000165971-2020-00373,Malfunction,2020-04-09,2020-04-28,MICROPORT CRM S.R.L.,,,LWP,LWP,ENO,"IMPLANTABLE PULSE GENERATOR, PACEMAKER (NON-CRT)",C1896,"Lead, aicd, non sing/dual",icd_lead_single_coil,medium
1000165971-2020-00374,Malfunction,2020-04-08,2020-04-28,SORIN GROUP ITALIA S.R.L. - CRM FACILITY,,,DTB,DTB,SMARTVIEW,PACEMAKER/ICD/CRT NON-IMPLANTED COMPONENTS,C1785,"Pmkr, dual, rate-resp",pacemaker_dual_chamber,high
1000165971-2020-00374,Malfunction,2020-04-08,2020-04-28,SORIN GROUP ITALIA S.R.L. - CRM FACILITY,,,DTB,DTB,SMARTVIEW,PACEMAKER/ICD/CRT NON-IMPLANTED COMPONENTS,C1786,"Pmkr, single, rate-resp",pacemaker_single_chamber,high
1000165971-2020-00376,Malfunction,2020-04-13,2020-04-28,SORIN GROUP ITALIA S.R.L. - CRM FACILITY,,,MRM,MRM,ORCHESTRA,"PROGRAMMER, PACEMAKER",C1882,"Aicd, other than sing/dual",crt_d,high
1000165971-2020-00378,Malfunction,2020-04-09,2020-04-28,SORIN GROUP ITALIA S.R.L. - CRM FACILITY,,,DXY,DXY,REPLY,"PULSE GENERATOR, PERMANENT, IMPLANTABLE",C1898,"Lead, pmkr, other than trans",pacemaker_lead,high
1000165971-2020-00378,Malfunction,2020-04-09,2020-04-28,SORIN GROUP ITALIA S.R.L. - CRM FACILITY,,,DXY,DXY,REPLY,"PULSE GENERATOR, PERMANENT, IMPLANTABLE",C1899,"Lead, pmkr/aicd combination",pacemaker_lead_combo,medium
1000165971-2020-00378,Malfunction,2020-04-09,2020-04-28,SORIN GROUP ITALIA S.R.L. - CRM FACILITY,,,DXY,DXY,REPLY,"PULSE GENERATOR, PERMANENT, IMPLANTABLE",C1900,"Lead, coronary venous",lead_coronary_venous,medium
1000165971-2020-00379,Malfunction,2020-04-09,2020-04-28,SORIN GROUP ITALIA S.R.L. - CRM FACILITY,,,DTB,DTB,SMARTVIEW HOTSPOT,PACEMAKER/ICD/CRT NON-IMPLANTED COMPONENTS,C1785,"Pmkr, dual, rate-resp",pacemaker_dual_chamber,high
1000165971-2020-00379,Malfunction,2020-04-09,2020-04-28,SORIN GROUP ITALIA S.R.L. - CRM FACILITY,,,DTB,DTB,SMARTVIEW HOTSPOT,PACEMAKER/ICD/CRT NON-IMPLANTED COMPONENTS,C1786,"Pmkr, single, rate-resp",pacemaker_single_chamber,high
1000165971-2020-00381,Injury,2019-12-24,2020-04-29,SORIN GROUP ITALIA S.R.L. - CRM FACILITY,,,DXY,DXY,REPLY,"PULSE GENERATOR, PERMANENT, IMPLANTABLE",C1898,"Lead, pmkr, other than trans",pacemaker_lead,high
1000165971-2020-00381,Injury,2019-12-24,2020-04-29,SORIN GROUP ITALIA S.R.L. - CRM FACILITY,,,DXY,DXY,REPLY,"PULSE GENERATOR, PERMANENT, IMPLANTABLE",C1899,"Lead, pmkr/aicd combination",pacemaker_lead_combo,medium
1000165971-2020-00381,Injury,2019-12-24,2020-04-29,SORIN GROUP ITALIA S.R.L. - CRM FACILITY,,,DXY,DXY,REPLY,"PULSE GENERATOR, PERMANENT, IMPLANTABLE",C1900,"Lead, coronary venous",lead_coronary_venous,medium
1000274,Injury,2007-11-17,2008-01-16,"DATASCOPE INTERVASCULAR, INC.",,,"DSY, LWR",DSY,DACRON GRAFT,DACRON GRAFT,C1768,"Graft, vascular",,low
1000274,Injury,2007-11-17,2008-01-16,"DATASCOPE INTERVASCULAR, INC.",,,"DSY, LWR",DSY,DACRON GRAFT,DACRON GRAFT,C1880,Vena cava filter,ivc_filter,high
10003,,,1994-07-21,MEDI-TECH (BOSTON SCIENTIFIC CORP.),,,DQX,DQX,TERUMO RADIFOCUS GUIDE WIRE M,,C1755,"Catheter, intraspinal",catheter_guidewire,medium
10003,,,1994-07-21,MEDI-TECH (BOSTON SCIENTIFIC CORP.),,,DQX,DQX,TERUMO RADIFOCUS GUIDE WIRE M,,C1769,Guide wire,,medium
10004828,Malfunction,2020-01-16,2020-04-28,"AVANOS MEDICAL, INC.",,,KNT,KNT,MIC-KEY GASTRONOMY FEEDING TUBE,"TUBES, GASTROINTESTINAL (AND ACCESSORIES)",B4088,"Gastro/jejuno tube, low-pro",gastrostomy_low_profile,medium
10005000,Malfunction,2020-02-03,2020-04-28,"CAREFUSION 303, INC.",,,FRN,FRN,ALARIS,"PUMP, INFUSION, PCA",C1751,"Cath, inf, per/cent/midline",central_venous_catheter,high
10005000,Malfunction,2020-02-03,2020-04-28,"CAREFUSION 303, INC.",,,FRN,FRN,ALARIS,"PUMP, INFUSION, PCA",C1753,"Cath, intravas ultrasound",ivus_catheter,medium
1000899,Death,2006-04-25,2006-04-27,GUIDANT,,,DTB,DTB,GUIDANT FLEXTEND ATRIAL LEAD,ATRIAL PACEMAKER LEAD,C1785,"Pmkr, dual, rate-resp",pacemaker_dual_chamber,high
1000899,Death,2006-04-25,2006-04-27,GUIDANT,,,DTB,DTB,GUIDANT FLEXTEND ATRIAL LEAD,ATRIAL PACEMAKER LEAD,C1786,"Pmkr, single, rate-resp",pacemaker_single_chamber,high
10009,,1994-11-09,1995-01-31,"MEDTRONIC, INC.",,,DTB,DTB,MEDTRONIC PACEMAKER,,C1785,"Pmkr, dual, rate-resp",pacemaker_dual_chamber,high
10009,,1994-11-09,1995-01-31,"MEDTRONIC, INC.",,,DTB,DTB,MEDTRONIC PACEMAKER,,C1786,"Pmkr, single, rate-resp",pacemaker_single_chamber,high
1016427-2008-00037,Injury,2002-10-07,2008-02-14,CORDIS CORPORATION,,,MAF,MAF,BX VELOCITY BILIARY SDS,CORONARY SDS/STENTS (MAF),C1876,"Stent, non-coa/non-cov w/del",bare_metal_stent,high
1016427-2008-00037,Injury,2002-10-07,2008-02-14,CORDIS CORPORATION,,,MAF,MAF,BX VELOCITY BILIARY SDS,CORONARY SDS/STENTS (MAF),C1877,"Stent, non-coat/cov w/o del",bare_metal_stent,high
1018233-2020-02849,Malfunction,2020-04-09,2020-04-27,"C.R. BARD, INC. (COVINGTON) -1018233",,,KNT,KNT,BARD® STOMACH/INTESTINAL TUBE,TRI-FUNNEL REPLACEMENT GASTROSTOMY TUBE,B4088,"Gastro/jejuno tube, low-pro",gastrostomy_low_profile,medium
1028232-2020-01809,Malfunction,2020-04-14,2020-04-27,BIOTRONIK SE & CO. KG,,,LWS,LWS,ILESTO 7 VR-T DX DF-1,ICD,C1721,"Aicd, dual chamber",icd_dual_chamber,high
1028232-2020-01809,Malfunction,2020-04-14,2020-04-27,BIOTRONIK SE & CO. KG,,,LWS,LWS,ILESTO 7 VR-T DX DF-1,ICD,C1722,"Aicd, single chamber",icd_single_chamber,high
1028232-2020-01809,Malfunction,2020-04-14,2020-04-27,BIOTRONIK SE & CO. KG,,,LWS,LWS,ILESTO 7 VR-T DX DF-1,ICD,C1887,"Catheter, guiding",ep_catheter_guiding,medium
1028232-2020-01838,Malfunction,2020-04-23,2020-04-27,BIOTRONIK SE & CO. KG,,,NVY,NVY,PLEXA PROMRI  S 65,ICD LEAD,C1779,"Lead, pmkr, transvenous vdd",pacemaker_lead_vdd,high
1028232-2020-01842,Injury,2020-04-24,2020-04-27,BIOTRONIK SE & CO. KG,,,NVY,NVY,LINOX TD 65/16,ICD LEAD,C1779,"Lead, pmkr, transvenous vdd",pacemaker_lead_vdd,high
1028232-2020-01848,Injury,2020-04-24,2020-04-27,BIOTRONIK SE & CO. KG,,,NVY,NVY,PLEXA PROMRI  S 65,ICD LEAD,C1779,"Lead, pmkr, transvenous vdd",pacemaker_lead_vdd,high
1028232-2020-01852,Injury,2020-04-24,2020-04-27,BIOTRONIK SE & CO. KG,,,NVY,NVY,PROTEGO S 65,ICD LEAD,C1779,"Lead, pmkr, transvenous vdd",pacemaker_lead_vdd,high
1028232-2020-01853,Malfunction,2020-04-27,2020-04-28,BIOTRONIK SE & CO. KG,OTHER HEALTH CARE PROFESSIONAL,,NVY,NVY,PROTEGO S 65,ICD LEAD,C1779,"Lead, pmkr, transvenous vdd",pacemaker_lead_vdd,high
1028232-2020-01870,Malfunction,2020-04-27,2020-04-28,BIOTRONIK SE & CO. KG,,,NVY,NVY,LINOX SD 65/16,ICD LEAD,C1779,"Lead, pmkr, transvenous vdd",pacemaker_lead_vdd,high
1028232-2020-01873,Injury,2020-04-27,2020-04-28,BIOTRONIK SE & CO. KG,,,NVY,NVY,PLEXA S 60,ICD LEAD,C1779,"Lead, pmkr, transvenous vdd",pacemaker_lead_vdd,high
1028232-2020-01876,Malfunction,2020-04-17,2020-04-28,BIOTRONIK SE & CO. KG,,,NVY,NVY,LINOX SMART TD 65/16,ICD LEAD,C1779,"Lead, pmkr, transvenous vdd",pacemaker_lead_vdd,high
1035166-1997-00030,Malfunction,1997-02-13,1997-06-18,SULZER OSCOR INC.,,,DTB,DTB,ZY-BV,RETRACTABLE SCREW-IN,C1785,"Pmkr, dual, rate-resp",pacemaker_dual_chamber,high
1035166-1997-00030,Malfunction,1997-02-13,1997-06-18,SULZER OSCOR INC.,,,DTB,DTB,ZY-BV,RETRACTABLE SCREW-IN,C1786,"Pmkr, single, rate-resp",pacemaker_single_chamber,high
1036844-2008-00011,Malfunction,2007-12-29,2008-02-15,"ARROW INTL., INC.",,,DQY,DQY,VESSEL CATH KIT: 24 GA X 3-1/2,SINGLE LUMEN CVC PRODUCTS,C1725,"Cath, translumin non-laser",atherectomy_catheter,high
1036844-2008-00013,Malfunction,2008-01-23,2008-02-15,"ARROW INTL., INC.",,,DQY,DQY,CVC SET: 2-LUMEN 4 FR X 8 CM,PEDIATRIC MULTI-LUMEN CATHETER PRODUCTS,C1725,"Cath, translumin non-laser",atherectomy_catheter,high
1119421-2008-00056,Other,2008-01-10,2008-02-15,"ALCON RESEARCH, LTD. / HUNTINGTON",,,HQL,HQL,ACRYSOF,INTRAOCULAR LENS,V2630,Anter chamber intraocul lens,iol_anterior_chamber,high
1119421-2008-00056,Other,2008-01-10,2008-02-15,"ALCON RESEARCH, LTD. / HUNTINGTON",,,HQL,HQL,ACRYSOF,INTRAOCULAR LENS,V2632,Post chmbr intraocular lens,iol_posterior_chamber,high
1119421-2008-00057,Other,2008-01-10,2008-02-15,"ALCON RESEARCH, LTD. / HUNTINGTON",,,HQL,HQL,ACRYSOF,INTRAOCULAR LENS,V2630,Anter chamber intraocul lens,iol_anterior_chamber,high
1119421-2008-00057,Other,2008-01-10,2008-02-15,"ALCON RESEARCH, LTD. / HUNTINGTON",,,HQL,HQL,ACRYSOF,INTRAOCULAR LENS,V2632,Post chmbr intraocular lens,iol_posterior_chamber,high
1119421-2008-00058,Other,2007-01-01,2008-02-15,"ALCON RESEARCH, LTD. / HUNTINGTON",,,HQL,HQL,ACRYSOF,INTRAOCULAR LENS,V2630,Anter chamber intraocul lens,iol_anterior_chamber,high
1119421-2008-00058,Other,2007-01-01,2008-02-15,"ALCON RESEARCH, LTD. / HUNTINGTON",,,HQL,HQL,ACRYSOF,INTRAOCULAR LENS,V2632,Post chmbr intraocular lens,iol_posterior_chamber,high
1119421-2008-00082,Malfunction,,2008-02-15,"ALCON RESEARCH, LTD. / HUNTINGTON",,,HQL,HQL,ACRYSOF TORIC,INTRAOCULAR LENS,V2630,Anter chamber intraocul lens,iol_anterior_chamber,high
1119421-2008-00082,Malfunction,,2008-02-15,"ALCON RESEARCH, LTD. / HUNTINGTON",,,HQL,HQL,ACRYSOF TORIC,INTRAOCULAR LENS,V2632,Post chmbr intraocular lens,iol_posterior_chamber,high
1119421-2020-00730,Malfunction,2020-04-21,2020-04-28,"ALCON RESEARCH, LLC - HUNTINGTON",,,HQL,HQL,ACRYSOF MULTIPIECE IOL,INTRAOCULAR LENS,V2630,Anter chamber intraocul lens,iol_anterior_chamber,high
1119421-2020-00730,Malfunction,2020-04-21,2020-04-28,"ALCON RESEARCH, LLC - HUNTINGTON",,,HQL,HQL,ACRYSOF MULTIPIECE IOL,INTRAOCULAR LENS,V2632,Post chmbr intraocular lens,iol_posterior_chamber,high
1220452-2020-00042,Malfunction,2020-04-09,2020-04-27,"MEDTRONIC, INC",,,DQX,DQX,ATTAIN HYBRID GUIDEWIRE,"WIRE, GUIDE, CATHETER",C1755,"Catheter, intraspinal",catheter_guidewire,medium
1220452-2020-00042,Malfunction,2020-04-09,2020-04-27,"MEDTRONIC, INC",,,DQX,DQX,ATTAIN HYBRID GUIDEWIRE,"WIRE, GUIDE, CATHETER",C1769,Guide wire,,medium
1220452-2020-00044,Malfunction,2020-04-23,2020-04-28,"MEDTRONIC, INC",,,DQY,DQY,TAIGA 6F GUIDE CATHETER,"CATHETER, PERCUTANEOUS",C1725,"Cath, translumin non-laser",atherectomy_catheter,high
1314492-2020-01389,Malfunction,2020-03-18,2020-04-27,BAXTER HEALTHCARE CORPORATION,,,FRN,FRN,SPECTRUM INFUSION PUMP,INFUSION PUMP,C1751,"Cath, inf, per/cent/midline",central_venous_catheter,high
1314492-2020-01389,Malfunction,2020-03-18,2020-04-27,BAXTER HEALTHCARE CORPORATION,,,FRN,FRN,SPECTRUM INFUSION PUMP,INFUSION PUMP,C1753,"Cath, intravas ultrasound",ivus_catheter,medium
1314492-2020-01390,Malfunction,2020-04-02,2020-04-27,BAXTER HEALTHCARE CORPORATION,,,FRN,FRN,SPECTRUM INFUSION PUMP,INFUSION PUMP,C1751,"Cath, inf, per/cent/midline",central_venous_catheter,high
1314492-2020-01390,Malfunction,2020-04-02,2020-04-27,BAXTER HEALTHCARE CORPORATION,,,FRN,FRN,SPECTRUM INFUSION PUMP,INFUSION PUMP,C1753,"Cath, intravas ultrasound",ivus_catheter,medium
1314492-2020-01391,Malfunction,,2020-04-27,BAXTER HEALTHCARE CORPORATION,,,FRN,FRN,SPECTRUM INFUSION PUMP,INFUSION PUMP,C1751,"Cath, inf, per/cent/midline",central_venous_catheter,high
1314492-2020-01391,Malfunction,,2020-04-27,BAXTER HEALTHCARE CORPORATION,,,FRN,FRN,SPECTRUM INFUSION PUMP,INFUSION PUMP,C1753,"Cath, intravas ultrasound",ivus_catheter,medium
1314492-2020-01392,Malfunction,2020-03-19,2020-04-27,BAXTER HEALTHCARE CORPORATION,,,FRN,FRN,SPECTRUM INFUSION PUMP,INFUSION PUMP,C1751,"Cath, inf, per/cent/midline",central_venous_catheter,high
1314492-2020-01392,Malfunction,2020-03-19,2020-04-27,BAXTER HEALTHCARE CORPORATION,,,FRN,FRN,SPECTRUM INFUSION PUMP,INFUSION PUMP,C1753,"Cath, intravas ultrasound",ivus_catheter,medium
1314492-2020-01393,Malfunction,,2020-04-27,BAXTER HEALTHCARE CORPORATION,,,FRN,FRN,SPECTRUM INFUSION PUMP,INFUSION PUMP,C1751,"Cath, inf, per/cent/midline",central_venous_catheter,high
1314492-2020-01393,Malfunction,,2020-04-27,BAXTER HEALTHCARE CORPORATION,,,FRN,FRN,SPECTRUM INFUSION PUMP,INFUSION PUMP,C1753,"Cath, intravas ultrasound",ivus_catheter,medium
1314492-2020-01394,Malfunction,2020-03-19,2020-04-27,BAXTER HEALTHCARE CORPORATION,,,FRN,FRN,SPECTRUM INFUSION PUMP,INFUSION PUMP,C1751,"Cath, inf, per/cent/midline",central_venous_catheter,high
1314492-2020-01394,Malfunction,2020-03-19,2020-04-27,BAXTER HEALTHCARE CORPORATION,,,FRN,FRN,SPECTRUM INFUSION PUMP,INFUSION PUMP,C1753,"Cath, intravas ultrasound",ivus_catheter,medium
1314492-2020-01395,Malfunction,,2020-04-27,BAXTER HEALTHCARE CORPORATION,,,FRN,FRN,SPECTRUM INFUSION PUMP,INFUSION PUMP,C1751,"Cath, inf, per/cent/midline",central_venous_catheter,high
1314492-2020-01395,Malfunction,,2020-04-27,BAXTER HEALTHCARE CORPORATION,,,FRN,FRN,SPECTRUM INFUSION PUMP,INFUSION PUMP,C1753,"Cath, intravas ultrasound",ivus_catheter,medium
1314492-2020-01396,Malfunction,2020-03-19,2020-04-27,BAXTER HEALTHCARE CORPORATION,,,FRN,FRN,SPECTRUM INFUSION PUMP,INFUSION PUMP,C1751,"Cath, inf, per/cent/midline",central_venous_catheter,high
1314492-2020-01396,Malfunction,2020-03-19,2020-04-27,BAXTER HEALTHCARE CORPORATION,,,FRN,FRN,SPECTRUM INFUSION PUMP,INFUSION PUMP,C1753,"Cath, intravas ultrasound",ivus_catheter,medium
1314492-2020-01397,Malfunction,,2020-04-27,BAXTER HEALTHCARE CORPORATION,,,FRN,FRN,SPECTRUM INFUSION PUMP,INFUSION PUMP,C1751,"Cath, inf, per/cent/midline",central_venous_catheter,high
1314492-2020-01397,Malfunction,,2020-04-27,BAXTER HEALTHCARE CORPORATION,,,FRN,FRN,SPECTRUM INFUSION PUMP,INFUSION PUMP,C1753,"Cath, intravas ultrasound",ivus_catheter,medium
1314492-2020-01398,Injury,2020-03-28,2020-04-27,BAXTER HEALTHCARE CORPORATION,,,FRN,FRN,SPECTRUM INFUSION PUMP,INFUSION PUMP,C1751,"Cath, inf, per/cent/midline",central_venous_catheter,high
1314492-2020-01398,Injury,2020-03-28,2020-04-27,BAXTER HEALTHCARE CORPORATION,,,FRN,FRN,SPECTRUM INFUSION PUMP,INFUSION PUMP,C1753,"Cath, intravas ultrasound",ivus_catheter,medium
1314492-2020-01399,Malfunction,,2020-04-27,BAXTER HEALTHCARE CORPORATION,,,FRN,FRN,SPECTRUM INFUSION PUMP,INFUSION PUMP,C1751,"Cath, inf, per/cent/midline",central_venous_catheter,high
1314492-2020-01399,Malfunction,,2020-04-27,BAXTER HEALTHCARE CORPORATION,,,FRN,FRN,SPECTRUM INFUSION PUMP,INFUSION PUMP,C1753,"Cath, intravas ultrasound",ivus_catheter,medium
1314492-2020-01400,Malfunction,,2020-04-27,BAXTER HEALTHCARE CORPORATION,,,FRN,FRN,SPECTRUM INFUSION PUMP,INFUSION PUMP,C1751,"Cath, inf, per/cent/midline",central_venous_catheter,high
1314492-2020-01400,Malfunction,,2020-04-27,BAXTER HEALTHCARE CORPORATION,,,FRN,FRN,SPECTRUM INFUSION PUMP,INFUSION PUMP,C1753,"Cath, intravas ultrasound",ivus_catheter,medium
1314492-2020-01401,Malfunction,2020-03-04,2020-04-27,BAXTER HEALTHCARE CORPORATION,,,FRN,FRN,SPECTRUM INFUSION PUMP,INFUSION PUMP,C1751,"Cath, inf, per/cent/midline",central_venous_catheter,high
1314492-2020-01401,Malfunction,2020-03-04,2020-04-27,BAXTER HEALTHCARE CORPORATION,,,FRN,FRN,SPECTRUM INFUSION PUMP,INFUSION PUMP,C1753,"Cath, intravas ultrasound",ivus_catheter,medium
1314492-2020-01402,Malfunction,2020-03-30,2020-04-27,BAXTER HEALTHCARE CORPORATION,,,FRN,FRN,SPECTRUM INFUSION PUMP,INFUSION PUMP,C1751,"Cath, inf, per/cent/midline",central_venous_catheter,high
1314492-2020-01402,Malfunction,2020-03-30,2020-04-27,BAXTER HEALTHCARE CORPORATION,,,FRN,FRN,SPECTRUM INFUSION PUMP,INFUSION PUMP,C1753,"Cath, intravas ultrasound",ivus_catheter,medium
1314492-2020-01403,Malfunction,2020-03-25,2020-04-27,BAXTER HEALTHCARE CORPORATION,,,FRN,FRN,SPECTRUM INFUSION PUMP,INFUSION PUMP,C1751,"Cath, inf, per/cent/midline",central_venous_catheter,high
1314492-2020-01403,Malfunction,2020-03-25,2020-04-27,BAXTER HEALTHCARE CORPORATION,,,FRN,FRN,SPECTRUM INFUSION PUMP,INFUSION PUMP,C1753,"Cath, intravas ultrasound",ivus_catheter,medium
1314492-2020-01404,Malfunction,2020-03-18,2020-04-27,BAXTER HEALTHCARE CORPORATION,,,FRN,FRN,SPECTRUM INFUSION PUMP,INFUSION PUMP,C1751,"Cath, inf, per/cent/midline",central_venous_catheter,high
1314492-2020-01404,Malfunction,2020-03-18,2020-04-27,BAXTER HEALTHCARE CORPORATION,,,FRN,FRN,SPECTRUM INFUSION PUMP,INFUSION PUMP,C1753,"Cath, intravas ultrasound",ivus_catheter,medium
1314492-2020-01405,Malfunction,2020-03-19,2020-04-27,BAXTER HEALTHCARE CORPORATION,,,FRN,FRN,SPECTRUM INFUSION PUMP,INFUSION PUMP,C1751,"Cath, inf, per/cent/midline",central_venous_catheter,high
1314492-2020-01405,Malfunction,2020-03-19,2020-04-27,BAXTER HEALTHCARE CORPORATION,,,FRN,FRN,SPECTRUM INFUSION PUMP,INFUSION PUMP,C1753,"Cath, intravas ultrasound",ivus_catheter,medium
1314492-2020-01406,Malfunction,,2020-04-27,BAXTER HEALTHCARE CORPORATION,,,FRN,FRN,SPECTRUM INFUSION PUMP,INFUSION PUMP,C1751,"Cath, inf, per/cent/midline",central_venous_catheter,high
1314492-2020-01406,Malfunction,,2020-04-27,BAXTER HEALTHCARE CORPORATION,,,FRN,FRN,SPECTRUM INFUSION PUMP,INFUSION PUMP,C1753,"Cath, intravas ultrasound",ivus_catheter,medium
1314492-2020-01407,Malfunction,,2020-04-27,BAXTER HEALTHCARE CORPORATION,,,FRN,FRN,SPECTRUM INFUSION PUMP,INFUSION PUMP,C1751,"Cath, inf, per/cent/midline",central_venous_catheter,high
1314492-2020-01407,Malfunction,,2020-04-27,BAXTER HEALTHCARE CORPORATION,,,FRN,FRN,SPECTRUM INFUSION PUMP,INFUSION PUMP,C1753,"Cath, intravas ultrasound",ivus_catheter,medium
1314492-2020-01408,Malfunction,2020-03-13,2020-04-27,BAXTER HEALTHCARE CORPORATION,,,FRN,FRN,SPECTRUM INFUSION IQ PUMP,INFUSION PUMP,C1751,"Cath, inf, per/cent/midline",central_venous_catheter,high
1314492-2020-01408,Malfunction,2020-03-13,2020-04-27,BAXTER HEALTHCARE CORPORATION,,,FRN,FRN,SPECTRUM INFUSION IQ PUMP,INFUSION PUMP,C1753,"Cath, intravas ultrasound",ivus_catheter,medium
1314492-2020-01409,Malfunction,2020-03-31,2020-04-28,BAXTER HEALTHCARE CORPORATION,,,FRN,FRN,SPECTRUM INFUSION PUMP,INFUSION PUMP,C1751,"Cath, inf, per/cent/midline",central_venous_catheter,high
1314492-2020-01409,Malfunction,2020-03-31,2020-04-28,BAXTER HEALTHCARE CORPORATION,,,FRN,FRN,SPECTRUM INFUSION PUMP,INFUSION PUMP,C1753,"Cath, intravas ultrasound",ivus_catheter,medium
1314492-2020-01410,Malfunction,2020-03-27,2020-04-28,BAXTER HEALTHCARE CORPORATION,,,FRN,FRN,SPECTRUM INFUSION PUMP,INFUSION PUMP,C1751,"Cath, inf, per/cent/midline",central_venous_catheter,high
1314492-2020-01410,Malfunction,2020-03-27,2020-04-28,BAXTER HEALTHCARE CORPORATION,,,FRN,FRN,SPECTRUM INFUSION PUMP,INFUSION PUMP,C1753,"Cath, intravas ultrasound",ivus_catheter,medium
1314492-2020-01411,Malfunction,,2020-04-28,BAXTER HEALTHCARE CORPORATION,,,FRN,FRN,SPECTRUM INFUSION PUMP,INFUSION PUMP,C1751,"Cath, inf, per/cent/midline",central_venous_catheter,high
1314492-2020-01411,Malfunction,,2020-04-28,BAXTER HEALTHCARE CORPORATION,,,FRN,FRN,SPECTRUM INFUSION PUMP,INFUSION PUMP,C1753,"Cath, intravas ultrasound",ivus_catheter,medium
1314492-2020-01412,Malfunction,,2020-04-28,BAXTER HEALTHCARECORPORATION,,,FRN,FRN,SPECTRUM INFUSION PUMP,INFUSION PUMP,C1751,"Cath, inf, per/cent/midline",central_venous_catheter,high
1314492-2020-01412,Malfunction,,2020-04-28,BAXTER HEALTHCARECORPORATION,,,FRN,FRN,SPECTRUM INFUSION PUMP,INFUSION PUMP,C1753,"Cath, intravas ultrasound",ivus_catheter,medium
1314492-2020-01413,Malfunction,,2020-04-28,BAXTER HEALTHCARE CORPORATION,,,FRN,FRN,SPECTRUM INFUSION PUMP,INFUSION PUMP,C1751,"Cath, inf, per/cent/midline",central_venous_catheter,high
1314492-2020-01413,Malfunction,,2020-04-28,BAXTER HEALTHCARE CORPORATION,,,FRN,FRN,SPECTRUM INFUSION PUMP,INFUSION PUMP,C1753,"Cath, intravas ultrasound",ivus_catheter,medium
1314492-2020-01414,Malfunction,,2020-04-28,BAXTER HEALTHCARE CORPORATION,,,FRN,FRN,SPECTRUM INFUSION PUMP,INFUSION PUMP,C1751,"Cath, inf, per/cent/midline",central_venous_catheter,high
1314492-2020-01414,Malfunction,,2020-04-28,BAXTER HEALTHCARE CORPORATION,,,FRN,FRN,SPECTRUM INFUSION PUMP,INFUSION PUMP,C1753,"Cath, intravas ultrasound",ivus_catheter,medium
1314492-2020-01415,Malfunction,2020-04-06,2020-04-28,BAXTER HEALTHCARE CORPORATION,,,FRN,FRN,SPECTRUM INFUSION PUMP,INFUSION PUMP,C1751,"Cath, inf, per/cent/midline",central_venous_catheter,high
1314492-2020-01415,Malfunction,2020-04-06,2020-04-28,BAXTER HEALTHCARE CORPORATION,,,FRN,FRN,SPECTRUM INFUSION PUMP,INFUSION PUMP,C1753,"Cath, intravas ultrasound",ivus_catheter,medium
1314492-2020-01416,Malfunction,,2020-04-28,BAXTER HEALTHCARE CORPORATION,,,FRN,FRN,SPECTRUM INFUSION PUMP,INFUSION PUMP,C1751,"Cath, inf, per/cent/midline",central_venous_catheter,high
1314492-2020-01416,Malfunction,,2020-04-28,BAXTER HEALTHCARE CORPORATION,,,FRN,FRN,SPECTRUM INFUSION PUMP,INFUSION PUMP,C1753,"Cath, intravas ultrasound",ivus_catheter,medium
1314492-2020-01417,Malfunction,2020-03-17,2020-04-28,BAXTER HEALTHCARE CORPORATION,,,FRN,FRN,SPECTRUM INFUSION PUMP,INFUSION PUMP,C1751,"Cath, inf, per/cent/midline",central_venous_catheter,high
1314492-2020-01417,Malfunction,2020-03-17,2020-04-28,BAXTER HEALTHCARE CORPORATION,,,FRN,FRN,SPECTRUM INFUSION PUMP,INFUSION PUMP,C1753,"Cath, intravas ultrasound",ivus_catheter,medium
1314492-2020-01418,Malfunction,2020-04-16,2020-04-28,BAXTER HEALTHCARE CORPORATION,,,FRN,FRN,SPECTRUM INFUSION PUMP,INFUSION PUMP,C1751,"Cath, inf, per/cent/midline",central_venous_catheter,high
1314492-2020-01418,Malfunction,2020-04-16,2020-04-28,BAXTER HEALTHCARE CORPORATION,,,FRN,FRN,SPECTRUM INFUSION PUMP,INFUSION PUMP,C1753,"Cath, intravas ultrasound",ivus_catheter,medium
1314492-2020-01419,Malfunction,2020-03-27,2020-04-28,BAXTER HEALTHCARE CORPORATION,,,FRN,FRN,SPECTRUM INFUSION PUMP,INFUSION PUMP,C1751,"Cath, inf, per/cent/midline",central_venous_catheter,high
1314492-2020-01419,Malfunction,2020-03-27,2020-04-28,BAXTER HEALTHCARE CORPORATION,,,FRN,FRN,SPECTRUM INFUSION PUMP,INFUSION PUMP,C1753,"Cath, intravas ultrasound",ivus_catheter,medium
1314492-2020-01420,Malfunction,,2020-04-28,BAXTER HEALTHCARE CORPORATION,,,FRN,FRN,SPECTRUM INFUSION PUMP,INFUSION PUMP,C1751,"Cath, inf, per/cent/midline",central_venous_catheter,high
1314492-2020-01420,Malfunction,,2020-04-28,BAXTER HEALTHCARE CORPORATION,,,FRN,FRN,SPECTRUM INFUSION PUMP,INFUSION PUMP,C1753,"Cath, intravas ultrasound",ivus_catheter,medium
1314492-2020-01421,Malfunction,,2020-04-28,BAXTER HEALTHCARE CORPORATION,,,FRN,FRN,SPECTRUM INFUSION PUMP,INFUSION PUMP,C1751,"Cath, inf, per/cent/midline",central_venous_catheter,high
1314492-2020-01421,Malfunction,,2020-04-28,BAXTER HEALTHCARE CORPORATION,,,FRN,FRN,SPECTRUM INFUSION PUMP,INFUSION PUMP,C1753,"Cath, intravas ultrasound",ivus_catheter,medium
1314492-2020-01422,Malfunction,2020-04-05,2020-04-28,BAXTER HEALTHCARE CORPORATION,,,FRN,FRN,SPECTRUM INFUSION PUMP,INFUSION PUMP,C1751,"Cath, inf, per/cent/midline",central_venous_catheter,high
1314492-2020-01422,Malfunction,2020-04-05,2020-04-28,BAXTER HEALTHCARE CORPORATION,,,FRN,FRN,SPECTRUM INFUSION PUMP,INFUSION PUMP,C1753,"Cath, intravas ultrasound",ivus_catheter,medium
1314492-2020-01423,Malfunction,,2020-04-28,BAXTER HEALTHCARE CORPORATION,,,FRN,FRN,SPECTRUM IQ INFUSION PUMP,INFUSION PUMP,C1751,"Cath, inf, per/cent/midline",central_venous_catheter,high
1314492-2020-01423,Malfunction,,2020-04-28,BAXTER HEALTHCARE CORPORATION,,,FRN,FRN,SPECTRUM IQ INFUSION PUMP,INFUSION PUMP,C1753,"Cath, intravas ultrasound",ivus_catheter,medium
1314492-2020-01424,Malfunction,2020-04-02,2020-04-28,BAXTER HEALTHCARE CORPORATION,,,FRN,FRN,SPECTRUM INFUSION PUMP,INFUSION PUMP,C1751,"Cath, inf, per/cent/midline",central_venous_catheter,high
1314492-2020-01424,Malfunction,2020-04-02,2020-04-28,BAXTER HEALTHCARE CORPORATION,,,FRN,FRN,SPECTRUM INFUSION PUMP,INFUSION PUMP,C1753,"Cath, intravas ultrasound",ivus_catheter,medium
1314492-2020-01425,Malfunction,2020-04-06,2020-04-28,BAXTER HEALTHCARE CORPORATION,,,FRN,FRN,SPECTRUM INFUSION PUMP,INFUSION PUMP,C1751,"Cath, inf, per/cent/midline",central_venous_catheter,high
1314492-2020-01425,Malfunction,2020-04-06,2020-04-28,BAXTER HEALTHCARE CORPORATION,,,FRN,FRN,SPECTRUM INFUSION PUMP,INFUSION PUMP,C1753,"Cath, intravas ultrasound",ivus_catheter,medium
1314492-2020-01427,Malfunction,,2020-04-29,BAXTER HEALTHCARE CORPORATION,,,FRN,FRN,SPECTRUM INFUSION PUMP,INFUSION PUMP,C1751,"Cath, inf, per/cent/midline",central_venous_catheter,high
1314492-2020-01427,Malfunction,,2020-04-29,BAXTER HEALTHCARE CORPORATION,,,FRN,FRN,SPECTRUM INFUSION PUMP,INFUSION PUMP,C1753,"Cath, intravas ultrasound",ivus_catheter,medium
1416980-2020-02403,Malfunction,,2020-04-27,BAXTER HEALTHCARE CORPORATION,,,FRN,FRN,FLOGARD,"PUMP, INFUSION",C1751,"Cath, inf, per/cent/midline",central_venous_catheter,high
1416980-2020-02403,Malfunction,,2020-04-27,BAXTER HEALTHCARE CORPORATION,,,FRN,FRN,FLOGARD,"PUMP, INFUSION",C1753,"Cath, intravas ultrasound",ivus_catheter,medium
1416980-2020-02429,Malfunction,,2020-04-28,BAXTER HEALTHCARE CORPORATION,,,FRN,FRN,INTERMATE,"PUMP, INFUSION",C1751,"Cath, inf, per/cent/midline",central_venous_catheter,high
1416980-2020-02429,Malfunction,,2020-04-28,BAXTER HEALTHCARE CORPORATION,,,FRN,FRN,INTERMATE,"PUMP, INFUSION",C1753,"Cath, intravas ultrasound",ivus_catheter,medium
1627487-2020-04186,Injury,2019-12-23,2020-04-27,ST. JUDE MEDICAL - NEUROMODULATION,,,MHY,MHY,"8CH INFINITY DBS LEAD KIT, 40CM, 0.5, B",DBS LEAD,L8679,Imp neurosti pls gn any type,neurostim_implant,medium
1627487-2020-04186,Injury,2019-12-23,2020-04-27,ST. JUDE MEDICAL - NEUROMODULATION,,,MHY,MHY,"8CH INFINITY DBS LEAD KIT, 40CM, 0.5, B",DBS LEAD,L8680,Implt neurostim elctr each,neurostim_electrode,medium
1627487-2020-04187,Injury,2019-12-23,2020-04-27,ST. JUDE MEDICAL - NEUROMODULATION,,,MHY,MHY,"8CH INFINITY DBS FLEX EXTN KIT, 50CM, B",DBS EXTENSION,L8679,Imp neurosti pls gn any type,neurostim_implant,medium
1627487-2020-04187,Injury,2019-12-23,2020-04-27,ST. JUDE MEDICAL - NEUROMODULATION,,,MHY,MHY,"8CH INFINITY DBS FLEX EXTN KIT, 50CM, B",DBS EXTENSION,L8680,Implt neurostim elctr each,neurostim_electrode,medium
1627487-2020-04188,Injury,2019-12-23,2020-04-27,ST. JUDE MEDICAL - NEUROMODULATION,,,MHY,MHY,"8CH INFINITY DBS FLEX EXTN KIT, 50CM, B",DBS EXTENSION,L8679,Imp neurosti pls gn any type,neurostim_implant,medium
1627487-2020-04188,Injury,2019-12-23,2020-04-27,ST. JUDE MEDICAL - NEUROMODULATION,,,MHY,MHY,"8CH INFINITY DBS FLEX EXTN KIT, 50CM, B",DBS EXTENSION,L8680,Implt neurostim elctr each,neurostim_electrode,medium
1640201-2008-00005,Malfunction,,2008-02-14,INTERVASCULAR,,,DSY,DSY,INTERGARD SILVER VASCULAR GRAFT,,C1768,"Graft, vascular",,low
1640201-2008-00005,Malfunction,,2008-02-14,INTERVASCULAR,,,DSY,DSY,INTERGARD SILVER VASCULAR GRAFT,,C1880,Vena cava filter,ivc_filter,high
1722139-2020-00142,Malfunction,2020-03-30,2020-04-27,MOOG MEDICAL DEVICES GROUP,,,FRN,FRN,CURLIN 6000 CMS INFUSION PUMP,INFUSION PUMP,C1751,"Cath, inf, per/cent/midline",central_venous_catheter,high
1722139-2020-00142,Malfunction,2020-03-30,2020-04-27,MOOG MEDICAL DEVICES GROUP,,,FRN,FRN,CURLIN 6000 CMS INFUSION PUMP,INFUSION PUMP,C1753,"Cath, intravas ultrasound",ivus_catheter,medium
1722139-2020-00143,Malfunction,2020-03-30,2020-04-27,MOOG MEDICAL DEVICES GROUP,,,FRN,FRN,CURLIN 6000 CMS INFUSION PUMP,INFUSION PUMP,C1751,"Cath, inf, per/cent/midline",central_venous_catheter,high
1722139-2020-00143,Malfunction,2020-03-30,2020-04-27,MOOG MEDICAL DEVICES GROUP,,,FRN,FRN,CURLIN 6000 CMS INFUSION PUMP,INFUSION PUMP,C1753,"Cath, intravas ultrasound",ivus_catheter,medium
1722139-2020-00144,Malfunction,2020-03-30,2020-04-27,MOOG MEDICAL DEVICES GROUP,,,FRN,FRN,CURLIN 6000 CMS INFUSION PUMP,INFUSION PUMP,C1751,"Cath, inf, per/cent/midline",central_venous_catheter,high
1722139-2020-00144,Malfunction,2020-03-30,2020-04-27,MOOG MEDICAL DEVICES GROUP,,,FRN,FRN,CURLIN 6000 CMS INFUSION PUMP,INFUSION PUMP,C1753,"Cath, intravas ultrasound",ivus_catheter,medium
1722139-2020-00145,Malfunction,2020-03-30,2020-04-27,MOOG MEDICAL DEVICES GROUP,,,FRN,FRN,CURLIN 6000 CMS INFUSION PUMP,INFUSION PUMP,C1751,"Cath, inf, per/cent/midline",central_venous_catheter,high
1722139-2020-00145,Malfunction,2020-03-30,2020-04-27,MOOG MEDICAL DEVICES GROUP,,,FRN,FRN,CURLIN 6000 CMS INFUSION PUMP,INFUSION PUMP,C1753,"Cath, intravas ultrasound",ivus_catheter,medium
1722139-2020-00146,Malfunction,2020-03-30,2020-04-27,MOOG MEDICAL DEVICES GROUP,,,FRN,FRN,CURLIN 6000 CMS INFUSION PUMP,INFUSION PUMP,C1751,"Cath, inf, per/cent/midline",central_venous_catheter,high
1722139-2020-00146,Malfunction,2020-03-30,2020-04-27,MOOG MEDICAL DEVICES GROUP,,,FRN,FRN,CURLIN 6000 CMS INFUSION PUMP,INFUSION PUMP,C1753,"Cath, intravas ultrasound",ivus_catheter,medium
1722139-2020-00152,Malfunction,2020-04-02,2020-04-28,MOOG MEDICAL DEVICES GROUP,,,FRN,FRN,"NON-DEHP TUBING W/NON-VENT BAG  VENT 0.2 U FLTR,",INFUSION PUMP AND ACCESSORY SETS,C1751,"Cath, inf, per/cent/midline",central_venous_catheter,high
1722139-2020-00152,Malfunction,2020-04-02,2020-04-28,MOOG MEDICAL DEVICES GROUP,,,FRN,FRN,"NON-DEHP TUBING W/NON-VENT BAG  VENT 0.2 U FLTR,",INFUSION PUMP AND ACCESSORY SETS,C1753,"Cath, intravas ultrasound",ivus_catheter,medium
1722139-2020-00153,Malfunction,2020-04-02,2020-04-28,MOOG MEDICAL DEVICES GROUP,,,FRN,FRN,NON-DEHP MICROBORE TUBING  W/NON-VENTED BAG SPIK,INFUSION PUMP AND ACCESSORY SETS,C1751,"Cath, inf, per/cent/midline",central_venous_catheter,high
1722139-2020-00153,Malfunction,2020-04-02,2020-04-28,MOOG MEDICAL DEVICES GROUP,,,FRN,FRN,NON-DEHP MICROBORE TUBING  W/NON-VENTED BAG SPIK,INFUSION PUMP AND ACCESSORY SETS,C1753,"Cath, intravas ultrasound",ivus_catheter,medium
1820334-2020-00872,Injury,2020-04-10,2020-04-27,COOK INC,,,DQX,DQX,BENTSON STRAIGHT FIXED CORE WIRE GUIDE,"DQX WIRE, GUIDE, CATHETER",C1755,"Catheter, intraspinal",catheter_guidewire,medium
1820334-2020-00872,Injury,2020-04-10,2020-04-27,COOK INC,,,DQX,DQX,BENTSON STRAIGHT FIXED CORE WIRE GUIDE,"DQX WIRE, GUIDE, CATHETER",C1769,Guide wire,,medium
1920664-2008-00204,Malfunction,2008-01-17,2008-02-15,BAUSCH & LOMB,,,HQL,HQL,SILICONE ADVANCED OPTIC-VIOLET SHIELD,INTRAOCULAR LENS,V2630,Anter chamber intraocul lens,iol_anterior_chamber,high
1920664-2008-00204,Malfunction,2008-01-17,2008-02-15,BAUSCH & LOMB,,,HQL,HQL,SILICONE ADVANCED OPTIC-VIOLET SHIELD,INTRAOCULAR LENS,V2632,Post chmbr intraocular lens,iol_posterior_chamber,high
1920664-2008-00205,Malfunction,2008-01-17,2008-02-15,BAUSCH & LOMB,,,HQL,HQL,SILICONE ADVANCED OPTIC-VIOLET SHIELD,INTRAOCULAR LENS,V2630,Anter chamber intraocul lens,iol_anterior_chamber,high
1920664-2008-00205,Malfunction,2008-01-17,2008-02-15,BAUSCH & LOMB,,,HQL,HQL,SILICONE ADVANCED OPTIC-VIOLET SHIELD,INTRAOCULAR LENS,V2632,Post chmbr intraocular lens,iol_posterior_chamber,high
1920664-2008-00206,Malfunction,2008-01-15,2008-02-15,"BAUSCH & LOMB, INC.",,,HQL,HQL,SILICONE ADVANCED OPTIC-VIOLET SHIELD,INTRAOCULAR LENS,V2630,Anter chamber intraocul lens,iol_anterior_chamber,high
1920664-2008-00206,Malfunction,2008-01-15,2008-02-15,"BAUSCH & LOMB, INC.",,,HQL,HQL,SILICONE ADVANCED OPTIC-VIOLET SHIELD,INTRAOCULAR LENS,V2632,Post chmbr intraocular lens,iol_posterior_chamber,high
1920664-2008-00207,Malfunction,2008-01-18,2008-02-15,BAUSCH & LOMB,,,HQL,HQL,SILICONE ADVANCED OPTIC-VIOLET SHIELD,INTRAOCULAR LENS,V2630,Anter chamber intraocul lens,iol_anterior_chamber,high
1920664-2008-00207,Malfunction,2008-01-18,2008-02-15,BAUSCH & LOMB,,,HQL,HQL,SILICONE ADVANCED OPTIC-VIOLET SHIELD,INTRAOCULAR LENS,V2632,Post chmbr intraocular lens,iol_posterior_chamber,high
1920664-2008-00208,Malfunction,2008-01-17,2008-02-15,BAUSCH & LOMB,,,HQL,HQL,SILICONE ADVANCED OPTIC-VIOLET SHIELD,INTRAOCULAR LENS,V2630,Anter chamber intraocul lens,iol_anterior_chamber,high
1920664-2008-00208,Malfunction,2008-01-17,2008-02-15,BAUSCH & LOMB,,,HQL,HQL,SILICONE ADVANCED OPTIC-VIOLET SHIELD,INTRAOCULAR LENS,V2632,Post chmbr intraocular lens,iol_posterior_chamber,high
2016493-2020-00554,Malfunction,2020-01-31,2020-04-28,CAREFUSION,,,FRN,FRN,ALARIS® PUMP MODULE,"PUMP, INFUSION",C1751,"Cath, inf, per/cent/midline",central_venous_catheter,high
2016493-2020-00554,Malfunction,2020-01-31,2020-04-28,CAREFUSION,,,FRN,FRN,ALARIS® PUMP MODULE,"PUMP, INFUSION",C1753,"Cath, intravas ultrasound",ivus_catheter,medium
2016493-2020-00563,Malfunction,,2020-04-28,CAREFUSION,,,FRN,FRN,ALARIS®  PUMP MODULE,"PUMP, INFUSION",C1751,"Cath, inf, per/cent/midline",central_venous_catheter,high
2016493-2020-00563,Malfunction,,2020-04-28,CAREFUSION,,,FRN,FRN,ALARIS®  PUMP MODULE,"PUMP, INFUSION",C1753,"Cath, intravas ultrasound",ivus_catheter,medium
2016493-2020-00564,Malfunction,,2020-04-28,CAREFUSION,,,FRN,FRN,ALARIS®  PUMP MODULE,"PUMP, INFUSION",C1751,"Cath, inf, per/cent/midline",central_venous_catheter,high
2016493-2020-00564,Malfunction,,2020-04-28,CAREFUSION,,,FRN,FRN,ALARIS®  PUMP MODULE,"PUMP, INFUSION",C1753,"Cath, intravas ultrasound",ivus_catheter,medium
2016493-2020-00570,Malfunction,,2020-04-28,CAREFUSION,,,FRN,FRN,ALARIS® PUMP MODULE,"PUMP, INFUSION",C1751,"Cath, inf, per/cent/midline",central_venous_catheter,high
2016493-2020-00570,Malfunction,,2020-04-28,CAREFUSION,,,FRN,FRN,ALARIS® PUMP MODULE,"PUMP, INFUSION",C1753,"Cath, intravas ultrasound",ivus_catheter,medium
2016493-2020-00571,Malfunction,,2020-04-28,CAREFUSION,,,FRN,FRN,ALARIS® PUMP MODULE,"PUMP, INFUSION",C1751,"Cath, inf, per/cent/midline",central_venous_catheter,high
2016493-2020-00571,Malfunction,,2020-04-28,CAREFUSION,,,FRN,FRN,ALARIS® PUMP MODULE,"PUMP, INFUSION",C1753,"Cath, intravas ultrasound",ivus_catheter,medium
2016493-2020-00573,Malfunction,2020-04-01,2020-04-28,CAREFUSION SD,,,FRN,FRN,ALARIS PUMP MODULE,"PUMP, INFUSION",C1751,"Cath, inf, per/cent/midline",central_venous_catheter,high
2016493-2020-00573,Malfunction,2020-04-01,2020-04-28,CAREFUSION SD,,,FRN,FRN,ALARIS PUMP MODULE,"PUMP, INFUSION",C1753,"Cath, intravas ultrasound",ivus_catheter,medium
2016493-2020-00574,Malfunction,,2020-04-29,CAREFUSION,,,FRN,FRN,ALARIS® PUMP MODULE,INFUSION PUMP,C1751,"Cath, inf, per/cent/midline",central_venous_catheter,high
2016493-2020-00574,Malfunction,,2020-04-29,CAREFUSION,,,FRN,FRN,ALARIS® PUMP MODULE,INFUSION PUMP,C1753,"Cath, intravas ultrasound",ivus_catheter,medium
2016493-2020-00593,Malfunction,,2020-04-27,CAREFUSION,,,FRN,FRN,ALARIS PUMP MODULE,"PUMP, INFUSION",C1751,"Cath, inf, per/cent/midline",central_venous_catheter,high
2016493-2020-00593,Malfunction,,2020-04-27,CAREFUSION,,,FRN,FRN,ALARIS PUMP MODULE,"PUMP, INFUSION",C1753,"Cath, intravas ultrasound",ivus_catheter,medium
2016493-2020-00595,Malfunction,2020-02-06,2020-04-27,CAREFUSION SD,,,FRN,FRN,ALARIS PUMP MODULE,"PUMP, INFUSION",C1751,"Cath, inf, per/cent/midline",central_venous_catheter,high
2016493-2020-00595,Malfunction,2020-02-06,2020-04-27,CAREFUSION SD,,,FRN,FRN,ALARIS PUMP MODULE,"PUMP, INFUSION",C1753,"Cath, intravas ultrasound",ivus_catheter,medium
2016493-2020-00608,Malfunction,2020-04-03,2020-04-27,CAREFUSION,,,FRN,FRN,ALARIS PUMP MODULE,"PUMP, INFUSION",C1751,"Cath, inf, per/cent/midline",central_venous_catheter,high
2016493-2020-00608,Malfunction,2020-04-03,2020-04-27,CAREFUSION,,,FRN,FRN,ALARIS PUMP MODULE,"PUMP, INFUSION",C1753,"Cath, intravas ultrasound",ivus_catheter,medium
2016493-2020-00694,Malfunction,2020-04-03,2020-04-28,CAREFUSION SD,,,FRN,FRN,ALARIS PUMP MODULE,"PUMP, INFUSION",C1751,"Cath, inf, per/cent/midline",central_venous_catheter,high
2016493-2020-00694,Malfunction,2020-04-03,2020-04-28,CAREFUSION SD,,,FRN,FRN,ALARIS PUMP MODULE,"PUMP, INFUSION",C1753,"Cath, intravas ultrasound",ivus_catheter,medium
2016493-2020-00696,Malfunction,2020-04-03,2020-04-28,CAREFUSION SD,,,FRN,FRN,ALARIS PC UNIT,"PUMP, INFUSION",C1751,"Cath, inf, per/cent/midline",central_venous_catheter,high
2016493-2020-00696,Malfunction,2020-04-03,2020-04-28,CAREFUSION SD,,,FRN,FRN,ALARIS PC UNIT,"PUMP, INFUSION",C1753,"Cath, intravas ultrasound",ivus_catheter,medium
2017233-2008-00072,Injury,2007-09-25,2008-02-19,"W.L. GORE & ASSOCIATES, INC.",,,DSY,DSY,GORE TEX VASCULAR GRAFT (LINED),EPTFE VASCULAR PROSTHESIS,C1768,"Graft, vascular",,low
2017233-2008-00072,Injury,2007-09-25,2008-02-19,"W.L. GORE & ASSOCIATES, INC.",,,DSY,DSY,GORE TEX VASCULAR GRAFT (LINED),EPTFE VASCULAR PROSTHESIS,C1880,Vena cava filter,ivc_filter,high
2017233-2008-00076,Injury,2006-06-22,2008-02-19,"W.L. GORE & ASSOCIATES, INC.",,,DSY,DSY,THIN WALLED GORE-TEX STRETCH VASCULAR GRAFT,EPTFE VASCULAR PROSTHESIS,C1768,"Graft, vascular",,low
2017233-2008-00076,Injury,2006-06-22,2008-02-19,"W.L. GORE & ASSOCIATES, INC.",,,DSY,DSY,THIN WALLED GORE-TEX STRETCH VASCULAR GRAFT,EPTFE VASCULAR PROSTHESIS,C1880,Vena cava filter,ivc_filter,high
2017865-1997-00004,Injury,1996-08-19,1997-01-10,PACESETTER INC.,,,DTB,DTB,FAST-PASS ACE,PERMANENT PACEMAKER ELECTRODE,C1785,"Pmkr, dual, rate-resp",pacemaker_dual_chamber,high
2017865-1997-00004,Injury,1996-08-19,1997-01-10,PACESETTER INC.,,,DTB,DTB,FAST-PASS ACE,PERMANENT PACEMAKER ELECTRODE,C1786,"Pmkr, single, rate-resp",pacemaker_single_chamber,high
2017865-1997-00005,Injury,1996-05-03,1997-01-10,PACESETTER INC.,,,DTB,DTB,FAST-PASS ACE,PERMANENT PACEMAKER ELECTRODE,C1785,"Pmkr, dual, rate-resp",pacemaker_dual_chamber,high
2017865-1997-00005,Injury,1996-05-03,1997-01-10,PACESETTER INC.,,,DTB,DTB,FAST-PASS ACE,PERMANENT PACEMAKER ELECTRODE,C1786,"Pmkr, single, rate-resp",pacemaker_single_chamber,high
2017865-1997-00006,Injury,1996-07-02,1997-01-10,PACESETTER INC.,,,DTB,DTB,FAST-PASS ACE,PERMANENT PACEMAKER ELECTRODE,C1785,"Pmkr, dual, rate-resp",pacemaker_dual_chamber,high
2017865-1997-00006,Injury,1996-07-02,1997-01-10,PACESETTER INC.,,,DTB,DTB,FAST-PASS ACE,PERMANENT PACEMAKER ELECTRODE,C1786,"Pmkr, single, rate-resp",pacemaker_single_chamber,high
2017865-1997-00007,Malfunction,1996-09-20,1997-01-10,PACESETTER INC.,,,DTB,DTB,FAST-PASS ACE,PERMANENT PACEMAKER ELECTRODE,C1785,"Pmkr, dual, rate-resp",pacemaker_dual_chamber,high
2017865-1997-00007,Malfunction,1996-09-20,1997-01-10,PACESETTER INC.,,,DTB,DTB,FAST-PASS ACE,PERMANENT PACEMAKER ELECTRODE,C1786,"Pmkr, single, rate-resp",pacemaker_single_chamber,high
2017865-1997-00008,Injury,1989-08-05,1997-01-10,PACESETTER INC.,,,DTB,DTB,FAST-PASS ACE,PERMANENT PACEMAKER ELECTRODE,C1785,"Pmkr, dual, rate-resp",pacemaker_dual_chamber,high
2017865-1997-00008,Injury,1989-08-05,1997-01-10,PACESETTER INC.,,,DTB,DTB,FAST-PASS ACE,PERMANENT PACEMAKER ELECTRODE,C1786,"Pmkr, single, rate-resp",pacemaker_single_chamber,high
2017865-1997-00009,Injury,1996-02-12,1997-01-10,PACESETTER INC.,,,DTB,DTB,FAST-PASS ACE,PERMANENT PACEMAKER ELECTRODE,C1785,"Pmkr, dual, rate-resp",pacemaker_dual_chamber,high
2017865-1997-00009,Injury,1996-02-12,1997-01-10,PACESETTER INC.,,,DTB,DTB,FAST-PASS ACE,PERMANENT PACEMAKER ELECTRODE,C1786,"Pmkr, single, rate-resp",pacemaker_single_chamber,high
2017865-1997-00010,Injury,1995-08-17,1997-01-10,PACESETTER INC.,,,DTB,DTB,FAST-PASS ACE,PERMANENT PACEMAKER ELECTRODE,C1785,"Pmkr, dual, rate-resp",pacemaker_dual_chamber,high
2017865-1997-00010,Injury,1995-08-17,1997-01-10,PACESETTER INC.,,,DTB,DTB,FAST-PASS ACE,PERMANENT PACEMAKER ELECTRODE,C1786,"Pmkr, single, rate-resp",pacemaker_single_chamber,high
2017865-1997-00011,Malfunction,1996-09-25,1997-01-10,PACESETTER INC.,,,DTB,DTB,FAST-PASS ACE,PERMANENT PACEMAKER ELECTRODE,C1785,"Pmkr, dual, rate-resp",pacemaker_dual_chamber,high
2017865-1997-00011,Malfunction,1996-09-25,1997-01-10,PACESETTER INC.,,,DTB,DTB,FAST-PASS ACE,PERMANENT PACEMAKER ELECTRODE,C1786,"Pmkr, single, rate-resp",pacemaker_single_chamber,high
2017865-1997-00012,Injury,1996-08-05,1997-01-10,PACESETTER INC.,,,DTB,DTB,FAST-PASS ACE,PERMANENT PACEMAKER ELECTRODE,C1785,"Pmkr, dual, rate-resp",pacemaker_dual_chamber,high
2017865-1997-00012,Injury,1996-08-05,1997-01-10,PACESETTER INC.,,,DTB,DTB,FAST-PASS ACE,PERMANENT PACEMAKER ELECTRODE,C1786,"Pmkr, single, rate-resp",pacemaker_single_chamber,high
2017865-1997-00013,Injury,1996-09-10,1997-01-10,PACESETTER INC.,,,DTB,DTB,FAST-PASS ACE,PERMANENT PACEMAKER ELECTRODE,C1785,"Pmkr, dual, rate-resp",pacemaker_dual_chamber,high
2017865-1997-00013,Injury,1996-09-10,1997-01-10,PACESETTER INC.,,,DTB,DTB,FAST-PASS ACE,PERMANENT PACEMAKER ELECTRODE,C1786,"Pmkr, single, rate-resp",pacemaker_single_chamber,high
2017865-1997-00014,Injury,1996-08-05,1997-01-10,PACESETTER INC.,,,DTB,DTB,UNIPOLAR VENTRICULAR ENDOCARDIAL LEAD,PERMANENT PACEMAKER ELECTRODE,C1785,"Pmkr, dual, rate-resp",pacemaker_dual_chamber,high
2017865-1997-00014,Injury,1996-08-05,1997-01-10,PACESETTER INC.,,,DTB,DTB,UNIPOLAR VENTRICULAR ENDOCARDIAL LEAD,PERMANENT PACEMAKER ELECTRODE,C1786,"Pmkr, single, rate-resp",pacemaker_single_chamber,high
2017865-1997-00015,Injury,1989-08-05,1997-01-10,PACESETTER INC.,,,DTB,DTB,HIGH PERFORMANCE ACE,PERMANENT PACEMAKER ELECTRODE,C1785,"Pmkr, dual, rate-resp",pacemaker_dual_chamber,high
2017865-1997-00015,Injury,1989-08-05,1997-01-10,PACESETTER INC.,,,DTB,DTB,HIGH PERFORMANCE ACE,PERMANENT PACEMAKER ELECTRODE,C1786,"Pmkr, single, rate-resp",pacemaker_single_chamber,high
2017865-1997-00016,Injury,1996-07-31,1997-01-10,PACESETTER INC.,,,DTB,DTB,HIGH PERFORMANCE ACE,PERMANENT PACEMAKER ELECTRODE,C1785,"Pmkr, dual, rate-resp",pacemaker_dual_chamber,high
2017865-1997-00016,Injury,1996-07-31,1997-01-10,PACESETTER INC.,,,DTB,DTB,HIGH PERFORMANCE ACE,PERMANENT PACEMAKER ELECTRODE,C1786,"Pmkr, single, rate-resp",pacemaker_single_chamber,high
2017865-1997-00017,Injury,1995-09-28,1997-01-10,PACESETTER INC.,,,DTB,DTB,HIGH PERFORMANCE ACE,PERMANENT PACEMAKER ELECTRODE,C1785,"Pmkr, dual, rate-resp",pacemaker_dual_chamber,high
2017865-1997-00017,Injury,1995-09-28,1997-01-10,PACESETTER INC.,,,DTB,DTB,HIGH PERFORMANCE ACE,PERMANENT PACEMAKER ELECTRODE,C1786,"Pmkr, single, rate-resp",pacemaker_single_chamber,high
2017865-1997-00018,Injury,1996-02-12,1997-01-10,PACESETTER INC.,,,DTB,DTB,HIGH PERFORMANCE ACE,PERMANENT PACEMAKER ELECTRODE,C1785,"Pmkr, dual, rate-resp",pacemaker_dual_chamber,high
2017865-1997-00018,Injury,1996-02-12,1997-01-10,PACESETTER INC.,,,DTB,DTB,HIGH PERFORMANCE ACE,PERMANENT PACEMAKER ELECTRODE,C1786,"Pmkr, single, rate-resp",pacemaker_single_chamber,high
2017865-1997-00019,Injury,1996-08-14,1997-01-10,PACESETTER INC.,,,DTB,DTB,HIGH PERFORMANCE ACE,PERMANENT PACEMAKER ELECTRODE,C1785,"Pmkr, dual, rate-resp",pacemaker_dual_chamber,high
2017865-1997-00019,Injury,1996-08-14,1997-01-10,PACESETTER INC.,,,DTB,DTB,HIGH PERFORMANCE ACE,PERMANENT PACEMAKER ELECTRODE,C1786,"Pmkr, single, rate-resp",pacemaker_single_chamber,high
2017865-1997-00020,Malfunction,1995-11-14,1997-01-10,PACESETTER INC.,,,DTB,DTB,HIGH PERFORMANCE ACE,PERMANENT PACEMAKER ELECTRODE,C1785,"Pmkr, dual, rate-resp",pacemaker_dual_chamber,high
2017865-1997-00020,Malfunction,1995-11-14,1997-01-10,PACESETTER INC.,,,DTB,DTB,HIGH PERFORMANCE ACE,PERMANENT PACEMAKER ELECTRODE,C1786,"Pmkr, single, rate-resp",pacemaker_single_chamber,high
2017865-1997-00021,Injury,1993-07-23,1997-01-10,PACESETTER INC.,,,DTB,DTB,FAST-PASS,PERMANENT PACEMAKER ELECTRODE,C1785,"Pmkr, dual, rate-resp",pacemaker_dual_chamber,high
2017865-1997-00021,Injury,1993-07-23,1997-01-10,PACESETTER INC.,,,DTB,DTB,FAST-PASS,PERMANENT PACEMAKER ELECTRODE,C1786,"Pmkr, single, rate-resp",pacemaker_single_chamber,high
2017865-1997-00022,Injury,1996-08-14,1997-01-10,PACESETTER INC.,,,DTB,DTB,FAST-PASS,PERMANENT PACEMAKER ELECTRODE,C1785,"Pmkr, dual, rate-resp",pacemaker_dual_chamber,high
2017865-1997-00022,Injury,1996-08-14,1997-01-10,PACESETTER INC.,,,DTB,DTB,FAST-PASS,PERMANENT PACEMAKER ELECTRODE,C1786,"Pmkr, single, rate-resp",pacemaker_single_chamber,high
2017865-1997-00023,Injury,1996-09-10,1997-01-10,PACESETTER INC.,,,DTB,DTB,FAST-PASS,PERMANENT PACEMAKER ELECTRODE,C1785,"Pmkr, dual, rate-resp",pacemaker_dual_chamber,high
2017865-1997-00023,Injury,1996-09-10,1997-01-10,PACESETTER INC.,,,DTB,DTB,FAST-PASS,PERMANENT PACEMAKER ELECTRODE,C1786,"Pmkr, single, rate-resp",pacemaker_single_chamber,high
2017865-1997-00024,Malfunction,1996-08-08,1997-01-10,PACESETTER INC.,,,DTB,DTB,"BIPOLAR ATRIAL ""J"" ENDOCARDIAL LEAD",PERMANENT PACEMAKER ELECTRODE,C1785,"Pmkr, dual, rate-resp",pacemaker_dual_chamber,high
2017865-1997-00024,Malfunction,1996-08-08,1997-01-10,PACESETTER INC.,,,DTB,DTB,"BIPOLAR ATRIAL ""J"" ENDOCARDIAL LEAD",PERMANENT PACEMAKER ELECTRODE,C1786,"Pmkr, single, rate-resp",pacemaker_single_chamber,high
2017865-1997-00025,Injury,1996-06-14,1997-01-10,PACESETTER INC.,,,DTB,DTB,"BIPOLAR ATRIAL ""J"" ENDOCARDIAL LEAD",PERMANENT PACEMAKER ELECTRODE,C1785,"Pmkr, dual, rate-resp",pacemaker_dual_chamber,high
2017865-1997-00025,Injury,1996-06-14,1997-01-10,PACESETTER INC.,,,DTB,DTB,"BIPOLAR ATRIAL ""J"" ENDOCARDIAL LEAD",PERMANENT PACEMAKER ELECTRODE,C1786,"Pmkr, single, rate-resp",pacemaker_single_chamber,high
2017865-1997-00026,Injury,1996-08-02,1997-01-10,PACESETTER INC.,,,DTB,DTB,"BIPOLAR ATRIAL ""J"" ENDOCARDIAL LEAD",PERMANENT PACEMAKER ELECTRODE,C1785,"Pmkr, dual, rate-resp",pacemaker_dual_chamber,high
2017865-1997-00026,Injury,1996-08-02,1997-01-10,PACESETTER INC.,,,DTB,DTB,"BIPOLAR ATRIAL ""J"" ENDOCARDIAL LEAD",PERMANENT PACEMAKER ELECTRODE,C1786,"Pmkr, single, rate-resp",pacemaker_single_chamber,high
2017865-1997-00027,Malfunction,1996-08-12,1997-01-10,PACESETTER INC.,,,DTB,DTB,"BIPOLAR ATRIAL ""J"" ENDOCARDIAL LEAD",PERMANENT PACEMAKER ELECTRODE,C1785,"Pmkr, dual, rate-resp",pacemaker_dual_chamber,high
2017865-1997-00027,Malfunction,1996-08-12,1997-01-10,PACESETTER INC.,,,DTB,DTB,"BIPOLAR ATRIAL ""J"" ENDOCARDIAL LEAD",PERMANENT PACEMAKER ELECTRODE,C1786,"Pmkr, single, rate-resp",pacemaker_single_chamber,high
2017865-1997-00028,Injury,1996-05-09,1997-01-10,PACESETTER INC.,,,DTB,DTB,"UNIPOLAR ATRIAL ""J"" ENDOCARDIAL LEAD",PERMANENT PACEMAKER ELECTRODE,C1785,"Pmkr, dual, rate-resp",pacemaker_dual_chamber,high
2017865-1997-00028,Injury,1996-05-09,1997-01-10,PACESETTER INC.,,,DTB,DTB,"UNIPOLAR ATRIAL ""J"" ENDOCARDIAL LEAD",PERMANENT PACEMAKER ELECTRODE,C1786,"Pmkr, single, rate-resp",pacemaker_single_chamber,high
2017865-1997-00029,Injury,1996-08-21,1997-01-10,PACESETTER INC.,,,DTB,DTB,"UNIPOLAR ATRIAL ""J"" ENDOCARDIAL LEAD",PERMANENT PACEMAKER ELECTRODE,C1785,"Pmkr, dual, rate-resp",pacemaker_dual_chamber,high
2017865-1997-00029,Injury,1996-08-21,1997-01-10,PACESETTER INC.,,,DTB,DTB,"UNIPOLAR ATRIAL ""J"" ENDOCARDIAL LEAD",PERMANENT PACEMAKER ELECTRODE,C1786,"Pmkr, single, rate-resp",pacemaker_single_chamber,high
2017865-1997-00031,Injury,1996-09-26,1997-01-10,PACESETTER INC.,,,DTB,DTB,UNIPOLAR VENTRICULAR ENDOCARDIAL LEAD,PERMANENT PACEMAKER ELECTRODE,C1785,"Pmkr, dual, rate-resp",pacemaker_dual_chamber,high
2017865-1997-00031,Injury,1996-09-26,1997-01-10,PACESETTER INC.,,,DTB,DTB,UNIPOLAR VENTRICULAR ENDOCARDIAL LEAD,PERMANENT PACEMAKER ELECTRODE,C1786,"Pmkr, single, rate-resp",pacemaker_single_chamber,high
2017865-1997-00032,Injury,1996-08-12,1997-01-10,PACESETTER INC.,,,DTB,DTB,UNIPOLAR VENTRICULAR ENDOCARDIAL LEAD,PERMANENT PACEMAKER ELECTRODE,C1785,"Pmkr, dual, rate-resp",pacemaker_dual_chamber,high
2017865-1997-00032,Injury,1996-08-12,1997-01-10,PACESETTER INC.,,,DTB,DTB,UNIPOLAR VENTRICULAR ENDOCARDIAL LEAD,PERMANENT PACEMAKER ELECTRODE,C1786,"Pmkr, single, rate-resp",pacemaker_single_chamber,high
2017865-1997-00033,Injury,1996-08-21,1997-01-10,PACESETTER INC.,,,DTB,DTB,UNIPOLAR VENTRICULAR ENDOCARDIAL LEAD,PERMANENT PACEMAKER ELECTRODE,C1785,"Pmkr, dual, rate-resp",pacemaker_dual_chamber,high
2017865-1997-00033,Injury,1996-08-21,1997-01-10,PACESETTER INC.,,,DTB,DTB,UNIPOLAR VENTRICULAR ENDOCARDIAL LEAD,PERMANENT PACEMAKER ELECTRODE,C1786,"Pmkr, single, rate-resp",pacemaker_single_chamber,high
2017865-1997-00034,Injury,1996-02-27,1997-01-10,PACESETTER INC.,,,DTB,DTB,BIPOLAR ACTIVE FIXATION ENDOCARDIAL LEAD,PERMANENT PACEMAKER ELECTRODE,C1785,"Pmkr, dual, rate-resp",pacemaker_dual_chamber,high
2017865-1997-00034,Injury,1996-02-27,1997-01-10,PACESETTER INC.,,,DTB,DTB,BIPOLAR ACTIVE FIXATION ENDOCARDIAL LEAD,PERMANENT PACEMAKER ELECTRODE,C1786,"Pmkr, single, rate-resp",pacemaker_single_chamber,high
2017865-1997-00035,Injury,1993-05-25,1997-01-10,PACESETTER INC.,,,DTB,DTB,BIPOLAR ACTIVE FIXATION ENDOCARDIAL LEAD,PERMANENT PACEMAKER ELECTRODE,C1785,"Pmkr, dual, rate-resp",pacemaker_dual_chamber,high
2017865-1997-00035,Injury,1993-05-25,1997-01-10,PACESETTER INC.,,,DTB,DTB,BIPOLAR ACTIVE FIXATION ENDOCARDIAL LEAD,PERMANENT PACEMAKER ELECTRODE,C1786,"Pmkr, single, rate-resp",pacemaker_single_chamber,high
2017865-1997-00036,Injury,1996-08-22,1997-01-10,PACESETTER INC.,,,DTB,DTB,BIPOLAR ACTIVE FIXATION ENDOCARDIAL LEAD,PERMANENT PACEMAKER ELECTRODE,C1785,"Pmkr, dual, rate-resp",pacemaker_dual_chamber,high
2017865-1997-00036,Injury,1996-08-22,1997-01-10,PACESETTER INC.,,,DTB,DTB,BIPOLAR ACTIVE FIXATION ENDOCARDIAL LEAD,PERMANENT PACEMAKER ELECTRODE,C1786,"Pmkr, single, rate-resp",pacemaker_single_chamber,high
2017865-1997-00037,Injury,1996-07-19,1997-01-10,PACESETTER INC.,,,DTB,DTB,BIPOLAR ACTIVE FIXATION ENDOCARDIAL LEAD,PERMANENT PACEMAKER ELECTRODE,C1785,"Pmkr, dual, rate-resp",pacemaker_dual_chamber,high
2017865-1997-00037,Injury,1996-07-19,1997-01-10,PACESETTER INC.,,,DTB,DTB,BIPOLAR ACTIVE FIXATION ENDOCARDIAL LEAD,PERMANENT PACEMAKER ELECTRODE,C1786,"Pmkr, single, rate-resp",pacemaker_single_chamber,high
2017865-1997-00038,Injury,1996-09-20,1997-01-10,PACESETTER INC.,,,DTB,DTB,BIPOLAR ACTIVE FIXATION ENDOCARDIAL LEAD,PERMANENT PACEMAKER ELECTRODE,C1785,"Pmkr, dual, rate-resp",pacemaker_dual_chamber,high
2017865-1997-00038,Injury,1996-09-20,1997-01-10,PACESETTER INC.,,,DTB,DTB,BIPOLAR ACTIVE FIXATION ENDOCARDIAL LEAD,PERMANENT PACEMAKER ELECTRODE,C1786,"Pmkr, single, rate-resp",pacemaker_single_chamber,high
2017865-1997-00039,Injury,1996-07-19,1997-01-10,PACESETTER INC.,,,DTB,DTB,BIPOLAR ACTIVE FIXATION ENDOCARDIAL LEAD,PERMANENT PACEMAKER ELECTRODE,C1785,"Pmkr, dual, rate-resp",pacemaker_dual_chamber,high
2017865-1997-00039,Injury,1996-07-19,1997-01-10,PACESETTER INC.,,,DTB,DTB,BIPOLAR ACTIVE FIXATION ENDOCARDIAL LEAD,PERMANENT PACEMAKER ELECTRODE,C1786,"Pmkr, single, rate-resp",pacemaker_single_chamber,high
2017865-1997-00040,Injury,1996-02-15,1997-01-10,PACESETTER INC.,,,DTB,DTB,BIPOLAR ACTIVE FIXATION ENDOCARDIAL LEAD,PERMANENT PACEMAKER ELECTRODE,C1785,"Pmkr, dual, rate-resp",pacemaker_dual_chamber,high
2017865-1997-00040,Injury,1996-02-15,1997-01-10,PACESETTER INC.,,,DTB,DTB,BIPOLAR ACTIVE FIXATION ENDOCARDIAL LEAD,PERMANENT PACEMAKER ELECTRODE,C1786,"Pmkr, single, rate-resp",pacemaker_single_chamber,high
2017865-1997-00041,Malfunction,1996-08-08,1997-01-10,PACESETTER INC.,,,DTB,DTB,BIPOLAR ENDOCARDIAL LEAD,PERMANENT PACEMAKER ELECTRODE,C1785,"Pmkr, dual, rate-resp",pacemaker_dual_chamber,high
2017865-1997-00041,Malfunction,1996-08-08,1997-01-10,PACESETTER INC.,,,DTB,DTB,BIPOLAR ENDOCARDIAL LEAD,PERMANENT PACEMAKER ELECTRODE,C1786,"Pmkr, single, rate-resp",pacemaker_single_chamber,high
2017865-1997-00042,Malfunction,,1997-01-10,PACESETTER INC.,,,DTB,DTB,BIPOLAR VENTRICULAR ENDOCARDIAL LEAD,PERMANENT PACEMAKER ELECTRODE,C1785,"Pmkr, dual, rate-resp",pacemaker_dual_chamber,high
2017865-1997-00042,Malfunction,,1997-01-10,PACESETTER INC.,,,DTB,DTB,BIPOLAR VENTRICULAR ENDOCARDIAL LEAD,PERMANENT PACEMAKER ELECTRODE,C1786,"Pmkr, single, rate-resp",pacemaker_single_chamber,high
2017865-1997-00043,Injury,1996-08-29,1997-01-10,PACESETTER INC.,,,DTB,DTB,ACTIVE FIXATION LEAD,PERMANENT PACEMAKER ELECTRODE,C1785,"Pmkr, dual, rate-resp",pacemaker_dual_chamber,high
2017865-1997-00043,Injury,1996-08-29,1997-01-10,PACESETTER INC.,,,DTB,DTB,ACTIVE FIXATION LEAD,PERMANENT PACEMAKER ELECTRODE,C1786,"Pmkr, single, rate-resp",pacemaker_single_chamber,high
2017865-1997-00044,Injury,1996-08-16,1997-01-10,PACESETTER INC.,,,DTB,DTB,ACTIVE FIXATION LEAD,PERMANENT PACEMAKER ELECTRODE,C1785,"Pmkr, dual, rate-resp",pacemaker_dual_chamber,high
2017865-1997-00044,Injury,1996-08-16,1997-01-10,PACESETTER INC.,,,DTB,DTB,ACTIVE FIXATION LEAD,PERMANENT PACEMAKER ELECTRODE,C1786,"Pmkr, single, rate-resp",pacemaker_single_chamber,high
2017865-1997-00045,Injury,1996-07-11,1997-01-10,PACESETTER INC.,,,DTB,DTB,ACTIVE FIXATION LEAD,PERMANENT PACEMAKER ELECTRODE,C1785,"Pmkr, dual, rate-resp",pacemaker_dual_chamber,high
2017865-1997-00045,Injury,1996-07-11,1997-01-10,PACESETTER INC.,,,DTB,DTB,ACTIVE FIXATION LEAD,PERMANENT PACEMAKER ELECTRODE,C1786,"Pmkr, single, rate-resp",pacemaker_single_chamber,high
2017865-1997-00046,Injury,1996-08-05,1997-01-10,PACESETTER INC.,,,DTB,DTB,ACTIVE FIXATION LEAD,PERMANENT PACEMAKER ELECTRODE,C1785,"Pmkr, dual, rate-resp",pacemaker_dual_chamber,high
2017865-1997-00046,Injury,1996-08-05,1997-01-10,PACESETTER INC.,,,DTB,DTB,ACTIVE FIXATION LEAD,PERMANENT PACEMAKER ELECTRODE,C1786,"Pmkr, single, rate-resp",pacemaker_single_chamber,high
2017865-1997-00047,Injury,1996-07-03,1997-01-10,PACESETTER INC.,,,DTB,DTB,ACTIVE FIXATION LEAD,PERMANENT PACEMAKER ELECTRODE,C1785,"Pmkr, dual, rate-resp",pacemaker_dual_chamber,high
2017865-1997-00047,Injury,1996-07-03,1997-01-10,PACESETTER INC.,,,DTB,DTB,ACTIVE FIXATION LEAD,PERMANENT PACEMAKER ELECTRODE,C1786,"Pmkr, single, rate-resp",pacemaker_single_chamber,high
2017865-1997-00048,Injury,1996-08-05,1997-01-10,PACESETTER INC.,,,DTB,DTB,ACTIVE FIXATION LEAD,PERMANENT PACEMAKER ELECTRODE,C1785,"Pmkr, dual, rate-resp",pacemaker_dual_chamber,high
2017865-1997-00048,Injury,1996-08-05,1997-01-10,PACESETTER INC.,,,DTB,DTB,ACTIVE FIXATION LEAD,PERMANENT PACEMAKER ELECTRODE,C1786,"Pmkr, single, rate-resp",pacemaker_single_chamber,high
2017865-1997-00049,Injury,1996-06-11,1997-01-10,PACESETTER INC.,,,DTB,DTB,ACTIVE FIXATION LEAD,PERMANENT PACEMAKER ELECTRODE,C1785,"Pmkr, dual, rate-resp",pacemaker_dual_chamber,high
2017865-1997-00049,Injury,1996-06-11,1997-01-10,PACESETTER INC.,,,DTB,DTB,ACTIVE FIXATION LEAD,PERMANENT PACEMAKER ELECTRODE,C1786,"Pmkr, single, rate-resp",pacemaker_single_chamber,high
2017865-1997-00050,Injury,1996-06-26,1997-01-10,PACESETTER INC.,,,DTB,DTB,ACTIVE FIXATION LEAD,PERMANENT PACEMAKER ELECTRODE,C1785,"Pmkr, dual, rate-resp",pacemaker_dual_chamber,high
2017865-1997-00050,Injury,1996-06-26,1997-01-10,PACESETTER INC.,,,DTB,DTB,ACTIVE FIXATION LEAD,PERMANENT PACEMAKER ELECTRODE,C1786,"Pmkr, single, rate-resp",pacemaker_single_chamber,high
2017865-1997-00051,Injury,1996-05-04,1997-01-10,PACESETTER INC.,,,DTB,DTB,ACTIVE FIXATION LEAD,PERMANENT PACEMAKER ELECTRODE,C1785,"Pmkr, dual, rate-resp",pacemaker_dual_chamber,high
2017865-1997-00051,Injury,1996-05-04,1997-01-10,PACESETTER INC.,,,DTB,DTB,ACTIVE FIXATION LEAD,PERMANENT PACEMAKER ELECTRODE,C1786,"Pmkr, single, rate-resp",pacemaker_single_chamber,high
2017865-1997-00052,Injury,1996-08-02,1997-01-10,PACESETTER INC.,,,DTB,DTB,ACTIVE FIXATION ENDOCARDIAL LEAD,PERMANENT PACEMAKER ELECTRODE,C1785,"Pmkr, dual, rate-resp",pacemaker_dual_chamber,high
2017865-1997-00052,Injury,1996-08-02,1997-01-10,PACESETTER INC.,,,DTB,DTB,ACTIVE FIXATION ENDOCARDIAL LEAD,PERMANENT PACEMAKER ELECTRODE,C1786,"Pmkr, single, rate-resp",pacemaker_single_chamber,high
2017865-1997-00053,Injury,1996-08-02,1997-01-10,PACESETTER INC.,,,DTB,DTB,ACTIVE FIXATION ENDOCARDIAL LEAD,PERMANENT PACEMAKER ELECTRODE,C1785,"Pmkr, dual, rate-resp",pacemaker_dual_chamber,high
2017865-1997-00053,Injury,1996-08-02,1997-01-10,PACESETTER INC.,,,DTB,DTB,ACTIVE FIXATION ENDOCARDIAL LEAD,PERMANENT PACEMAKER ELECTRODE,C1786,"Pmkr, single, rate-resp",pacemaker_single_chamber,high
2017865-2020-05111,Injury,,2020-04-28,"ST. JUDE MEDICAL, INC.(CRM-SYLMAR)",,,NVY,NVY,RIATA ST ACTIVE FIXATION,DEFIBRILLATION LEAD,C1779,"Lead, pmkr, transvenous vdd",pacemaker_lead_vdd,high
2017865-2020-05263,Malfunction,2020-04-16,2020-04-28,"ST. JUDE MEDICAL, INC.(CRM-SYLMAR)",,,NVY,NVY,"DURATA STS OPTIM ACTIVE FIXATION, DF-4 CONNECTOR",DEFIBRILLATION LEAD,C1779,"Lead, pmkr, transvenous vdd",pacemaker_lead_vdd,high
2017865-2020-05326,Death,2020-04-08,2020-04-27,"ST. JUDE MEDICAL, INC.(CRM-SYLMAR)",,,NVY,NVY,"DURATA STS OPTIM ACTIVE FIXATION, DF-4 CONNECTOR",DEFIBRILLATION LEAD,C1779,"Lead, pmkr, transvenous vdd",pacemaker_lead_vdd,high
2017865-2020-05429,Injury,2020-04-07,2020-04-27,"ST. JUDE MEDICAL, INC.(CRM-SYLMAR)",NURSE,,NVY,NVY,ISOFLEX OPTIM LEAD,PERMANENT PACEMAKER ELECTRODE,C1779,"Lead, pmkr, transvenous vdd",pacemaker_lead_vdd,high
2017865-2020-05431,Malfunction,,2020-04-27,"ST. JUDE MEDICAL, INC.(CRM-SYLMAR)",,,NVY,NVY,ISOFLEX OPTIM LEAD,PERMANENT PACEMAKER ELECTRODE,C1779,"Lead, pmkr, transvenous vdd",pacemaker_lead_vdd,high
2017865-2020-05446,Malfunction,2020-04-06,2020-04-27,"ST. JUDE MEDICAL, INC.(CRM-SYLMAR)",,,LWP,LWP,"ENDURITY MRI PACEMAKER, SR",IMPLANTABLE PACEMAKER PULSE GENERATOR,C1896,"Lead, aicd, non sing/dual",icd_lead_single_coil,medium
2017865-2020-05450,Injury,2020-03-16,2020-04-27,"ST. JUDE MEDICAL, INC.(CRM-SYLMAR)",,,NVY,NVY,ISOFLEX OPTIM LEAD,PERMANENT PACEMAKER ELECTRODE,C1779,"Lead, pmkr, transvenous vdd",pacemaker_lead_vdd,high
2017865-2020-05452,Malfunction,2020-03-20,2020-04-27,"ST. JUDE MEDICAL, INC.(CRM-SYLMAR)",,,NVY,NVY,"OPTISURE ACTIVE FIXATION, DF-4 CONNECTOR",DEFIBRILLATION LEAD,C1779,"Lead, pmkr, transvenous vdd",pacemaker_lead_vdd,high
2017865-2020-05455,Malfunction,2020-04-09,2020-04-27,"ST. JUDE MEDICAL, INC.(CRM-SYLMAR)",,,NVY,NVY,"OPTISURE ACTIVE FIXATION, DF-4 CONNECTOR",DEFIBRILLATION LEAD,C1779,"Lead, pmkr, transvenous vdd",pacemaker_lead_vdd,high
2017865-2020-05459,Injury,2020-04-07,2020-04-27,"ST. JUDE MEDICAL, INC.(CRM-SYLMAR)",,,NVY,NVY,"OPTISURE ACTIVE FIXATION, DF-4 CONNECTOR",DEFIBRILLATION LEAD,C1779,"Lead, pmkr, transvenous vdd",pacemaker_lead_vdd,high
2017865-2020-05460,Injury,2020-04-09,2020-04-27,"ST. JUDE MEDICAL, INC.(CRM-SYLMAR)",,,NVY,NVY,RIATA ST ACTIVE FIXATION,DEFIBRILLATION LEAD,C1779,"Lead, pmkr, transvenous vdd",pacemaker_lead_vdd,high
2017865-2020-05473,Injury,2020-04-08,2020-04-27,"ST. JUDE MEDICAL, INC.(CRM-SYLMAR)",,,LWP,LWP,ASSURITY MRI,IMPLANTABLE PACEMAKER PULSE GENERATOR,C1896,"Lead, aicd, non sing/dual",icd_lead_single_coil,medium
2017865-2020-05475,Death,2020-03-09,2020-04-28,"ST. JUDE MEDICAL, INC.(CRM-SYLMAR)",,,LWP,LWP,ASSURITY MRI,IMPLANTABLE PACEMAKER PULSE GENERATOR,C1896,"Lead, aicd, non sing/dual",icd_lead_single_coil,medium
2017865-2020-05479,Malfunction,2020-04-19,2020-04-28,"ST. JUDE MEDICAL, INC.(CRM-SYLMAR)",,,NVY,NVY,RIATA ACTIVE FIXATION,DEFIBRILLATION LEAD,C1779,"Lead, pmkr, transvenous vdd",pacemaker_lead_vdd,high
2017865-2020-05486,Injury,2020-04-14,2020-04-28,"ST. JUDE MEDICAL, INC.(CRM-SYLMAR)",,,NVY,NVY,ISOFLEX OPTIM LEAD,PERMANENT PACEMAKER ELECTRODE,C1779,"Lead, pmkr, transvenous vdd",pacemaker_lead_vdd,high
2017865-2020-05501,Injury,2020-04-09,2020-04-28,"ST. JUDE MEDICAL, INC.(CRM-SYLMAR)",,,LWS,LWS,"FORTIFY ASSURA VR ICD, US",IMPLANTABLE CARDIOVERTER DEFIBRILLATOR,C1721,"Aicd, dual chamber",icd_dual_chamber,high
2017865-2020-05501,Injury,2020-04-09,2020-04-28,"ST. JUDE MEDICAL, INC.(CRM-SYLMAR)",,,LWS,LWS,"FORTIFY ASSURA VR ICD, US",IMPLANTABLE CARDIOVERTER DEFIBRILLATOR,C1722,"Aicd, single chamber",icd_single_chamber,high
2017865-2020-05501,Injury,2020-04-09,2020-04-28,"ST. JUDE MEDICAL, INC.(CRM-SYLMAR)",,,LWS,LWS,"FORTIFY ASSURA VR ICD, US",IMPLANTABLE CARDIOVERTER DEFIBRILLATOR,C1887,"Catheter, guiding",ep_catheter_guiding,medium
2017865-2020-05503,Death,2019-08-23,2020-04-28,"ST. JUDE MEDICAL, INC.(CRM-SYLMAR)",,,NVY,NVY,"OPTISURE ACTIVE FIXATION, DF-4 CONNECTOR",DEFIBRILLATION LEAD,C1779,"Lead, pmkr, transvenous vdd",pacemaker_lead_vdd,high
2017865-2020-05504,Malfunction,2020-04-03,2020-04-28,"ST. JUDE MEDICAL, INC.(CRM-SYLMAR)",,,NVY,NVY,RIATA ST OPTIM LEAD,DEFIBRILLATION LEAD,C1779,"Lead, pmkr, transvenous vdd",pacemaker_lead_vdd,high
2017865-2020-05508,Injury,2020-04-21,2020-04-28,"ST. JUDE MEDICAL, INC.(CRM-SYLMAR)",,,NVY,NVY,"OPTISURE ACTIVE FIXATION, DF-4 CONNECTOR",DEFIBRILLATION LEAD,C1779,"Lead, pmkr, transvenous vdd",pacemaker_lead_vdd,high
2017865-2020-05509,Malfunction,2020-04-27,2020-04-28,"ST. JUDE MEDICAL, INC.(CRM-SYLMAR)",,,NVY,NVY,"DURATA STS OPTIM ACTIVE FIXATION, DF-4 CONNECTOR",DEFIBRILLATION LEAD,C1779,"Lead, pmkr, transvenous vdd",pacemaker_lead_vdd,high
2023826-2008-00213,Injury,2008-01-21,2008-02-21,STAAR SURGICAL CO.,,,HQL,HQL,COLLAMER ULTRAVIOLET-ABSORBING POSTERIOR CHAMBER SINGLE PIECE FOLDABLE INTRAOCUL,INTRAOCULAR LENS,V2630,Anter chamber intraocul lens,iol_anterior_chamber,high
2023826-2008-00213,Injury,2008-01-21,2008-02-21,STAAR SURGICAL CO.,,,HQL,HQL,COLLAMER ULTRAVIOLET-ABSORBING POSTERIOR CHAMBER SINGLE PIECE FOLDABLE INTRAOCUL,INTRAOCULAR LENS,V2632,Post chmbr intraocular lens,iol_posterior_chamber,high
2023826-2008-00214,Malfunction,2007-10-27,2008-02-21,STAAR SURGICAL CO.,,,HQL,HQL,SILICONE ULTRAVIOLET-ABSORBING POSTERIOR CHAMBER THREE PIECE FOLDABLE INTRAOCULA,INTRAOCULAR LENS,V2630,Anter chamber intraocul lens,iol_anterior_chamber,high
2023826-2008-00214,Malfunction,2007-10-27,2008-02-21,STAAR SURGICAL CO.,,,HQL,HQL,SILICONE ULTRAVIOLET-ABSORBING POSTERIOR CHAMBER THREE PIECE FOLDABLE INTRAOCULA,INTRAOCULAR LENS,V2632,Post chmbr intraocular lens,iol_posterior_chamber,high
2023826-2008-00215,Injury,2007-12-20,2008-02-21,STAAR SURGICAL CO.,,,HQL,HQL,ICL (IMPLANTABLE COLLAMER LENS),INTRAOCULAR LENS,V2630,Anter chamber intraocul lens,iol_anterior_chamber,high
2023826-2008-00215,Injury,2007-12-20,2008-02-21,STAAR SURGICAL CO.,,,HQL,HQL,ICL (IMPLANTABLE COLLAMER LENS),INTRAOCULAR LENS,V2632,Post chmbr intraocular lens,iol_posterior_chamber,high
2023826-2008-00220,Injury,2008-01-18,2008-02-21,STAAR SURGICAL,,,HQL,HQL,COLLAMER ULTRAVIOLET-ABSORBING POSTERIOR CHAMBER SINGLE PIECE FOLDABLE INTRAOCUL,INTRAOCULAR LENS,V2630,Anter chamber intraocul lens,iol_anterior_chamber,high
2023826-2008-00220,Injury,2008-01-18,2008-02-21,STAAR SURGICAL,,,HQL,HQL,COLLAMER ULTRAVIOLET-ABSORBING POSTERIOR CHAMBER SINGLE PIECE FOLDABLE INTRAOCUL,INTRAOCULAR LENS,V2632,Post chmbr intraocular lens,iol_posterior_chamber,high
2023826-2008-00225,Malfunction,2008-01-02,2008-02-21,STAAR SURGICAL CO.,,,HQL,HQL,,INTRAOCULAR LENS,V2630,Anter chamber intraocul lens,iol_anterior_chamber,high
2023826-2008-00225,Malfunction,2008-01-02,2008-02-21,STAAR SURGICAL CO.,,,HQL,HQL,,INTRAOCULAR LENS,V2632,Post chmbr intraocular lens,iol_posterior_chamber,high
2023826-2008-00229,Injury,2007-09-04,2008-02-21,STAAR SURGICAL,,,HQL,HQL,COLLAMER ULTRAVIOLET-ABSORBING POSTERIOR CHAMBER THREE PIECE FOLDABLE INTRAOCULA,INTRAOCULAR LENS,V2630,Anter chamber intraocul lens,iol_anterior_chamber,high
2023826-2008-00229,Injury,2007-09-04,2008-02-21,STAAR SURGICAL,,,HQL,HQL,COLLAMER ULTRAVIOLET-ABSORBING POSTERIOR CHAMBER THREE PIECE FOLDABLE INTRAOCULA,INTRAOCULAR LENS,V2632,Post chmbr intraocular lens,iol_posterior_chamber,high
2023826-2008-00230,Malfunction,2008-01-15,2008-02-21,STAAR SURGICAL CO.,,,HQL,HQL,COLLAMER ULTRAVIOLET ABSORBING POSTERIOR CHAMBER THREE PIECE FOLDABLE INTRAOCULA,INTRAOCULAR LENS,V2630,Anter chamber intraocul lens,iol_anterior_chamber,high
2023826-2008-00230,Malfunction,2008-01-15,2008-02-21,STAAR SURGICAL CO.,,,HQL,HQL,COLLAMER ULTRAVIOLET ABSORBING POSTERIOR CHAMBER THREE PIECE FOLDABLE INTRAOCULA,INTRAOCULAR LENS,V2632,Post chmbr intraocular lens,iol_posterior_chamber,high
2023826-2008-00231,Injury,2007-09-04,2008-02-21,STAAR SURGICAL,,,HQL,HQL,COLLAMER ULTRAVIOLET-ABSORBING POSTERIOR CHAMBER THREE PIECE FOLDABLE INTRAOCULA,INTRAOCULAR LENS,V2630,Anter chamber intraocul lens,iol_anterior_chamber,high
2023826-2008-00231,Injury,2007-09-04,2008-02-21,STAAR SURGICAL,,,HQL,HQL,COLLAMER ULTRAVIOLET-ABSORBING POSTERIOR CHAMBER THREE PIECE FOLDABLE INTRAOCULA,INTRAOCULAR LENS,V2632,Post chmbr intraocular lens,iol_posterior_chamber,high
2023826-2008-00233,Malfunction,2007-12-21,2008-02-21,STAAR SURGICAL CO.,,,HQL,HQL,COLLAMER ULTRAVIOLET-ABSORBING POSTERIOR CHAMBER THREE PIECE FOLDABLE INTRAOCULA,INTRAOCULAR LENS,V2630,Anter chamber intraocul lens,iol_anterior_chamber,high
2023826-2008-00233,Malfunction,2007-12-21,2008-02-21,STAAR SURGICAL CO.,,,HQL,HQL,COLLAMER ULTRAVIOLET-ABSORBING POSTERIOR CHAMBER THREE PIECE FOLDABLE INTRAOCULA,INTRAOCULAR LENS,V2632,Post chmbr intraocular lens,iol_posterior_chamber,high
2023826-2008-00234,Malfunction,2008-01-28,2008-02-21,STAAR SURGICAL CO.,,,HQL,HQL,COLLAMER ULTRAVIOLET-ABSORBING POSTERIOR CHAMBER THREE PIECE FOLDABLE INTRAOCULA,INTRAOCULAR LENS,V2630,Anter chamber intraocul lens,iol_anterior_chamber,high
2023826-2008-00234,Malfunction,2008-01-28,2008-02-21,STAAR SURGICAL CO.,,,HQL,HQL,COLLAMER ULTRAVIOLET-ABSORBING POSTERIOR CHAMBER THREE PIECE FOLDABLE INTRAOCULA,INTRAOCULAR LENS,V2632,Post chmbr intraocular lens,iol_posterior_chamber,high
2023826-2008-00237,Malfunction,2008-01-28,2008-02-21,STAAR SURGICAL CO.,,,HQL,HQL,VISIAN ICL (IMPLANTABLE COLLAMER LENS),INTRAOCULAR LENS,V2630,Anter chamber intraocul lens,iol_anterior_chamber,high
2023826-2008-00237,Malfunction,2008-01-28,2008-02-21,STAAR SURGICAL CO.,,,HQL,HQL,VISIAN ICL (IMPLANTABLE COLLAMER LENS),INTRAOCULAR LENS,V2632,Post chmbr intraocular lens,iol_posterior_chamber,high
2023826-2008-00239,Malfunction,2008-01-22,2008-02-21,STAAR SURGICAL CO.,,,HQL,HQL,COLLAMER ULTRAVIOLET-ABSORBING POSTERIOR CHAMBER SINGLE PIECE FOLDABLE INTRAOCUL,INTRAOCULAR LENS,V2630,Anter chamber intraocul lens,iol_anterior_chamber,high
2023826-2008-00239,Malfunction,2008-01-22,2008-02-21,STAAR SURGICAL CO.,,,HQL,HQL,COLLAMER ULTRAVIOLET-ABSORBING POSTERIOR CHAMBER SINGLE PIECE FOLDABLE INTRAOCUL,INTRAOCULAR LENS,V2632,Post chmbr intraocular lens,iol_posterior_chamber,high
2023826-2008-00244,Injury,2007-12-04,2008-02-21,STAAR SURGICAL,,,HQL,HQL,COLLAMER ULTRAVIOLET-ABSORBING POSTERIOR CHAMBER THREE PIECE FOLDABLE INTRAOCULA,INTAROCUALR LENS,V2630,Anter chamber intraocul lens,iol_anterior_chamber,high
2023826-2008-00244,Injury,2007-12-04,2008-02-21,STAAR SURGICAL,,,HQL,HQL,COLLAMER ULTRAVIOLET-ABSORBING POSTERIOR CHAMBER THREE PIECE FOLDABLE INTRAOCULA,INTAROCUALR LENS,V2632,Post chmbr intraocular lens,iol_posterior_chamber,high
2023826-2008-00245,Injury,2006-08-07,2008-02-21,STAAR SURGICAL,,,HQL,HQL,VISIAN ICL (IMPLANTABLE COLLAMER LENS),INTRAOCULAR LENS,V2630,Anter chamber intraocul lens,iol_anterior_chamber,high
2023826-2008-00245,Injury,2006-08-07,2008-02-21,STAAR SURGICAL,,,HQL,HQL,VISIAN ICL (IMPLANTABLE COLLAMER LENS),INTRAOCULAR LENS,V2632,Post chmbr intraocular lens,iol_posterior_chamber,high
2023826-2008-00246,Injury,2006-08-07,2008-02-21,STAAR SURGICAL,,,HQL,HQL,VISIAN ICL (IMPLANTABLE COLLAMER LENS),INTROCUALAR LENS,V2630,Anter chamber intraocul lens,iol_anterior_chamber,high
2023826-2008-00246,Injury,2006-08-07,2008-02-21,STAAR SURGICAL,,,HQL,HQL,VISIAN ICL (IMPLANTABLE COLLAMER LENS),INTROCUALAR LENS,V2632,Post chmbr intraocular lens,iol_posterior_chamber,high
2024168-2008-00104,Malfunction,2008-01-14,2008-02-14,ABBOTT VASCULAR-CARDIAC THERAPIES,,,MAF,MAF,MULTI-LINK RX VISION CORONARY STENT SYSTEM,74MAF,C1876,"Stent, non-coa/non-cov w/del",bare_metal_stent,high
2024168-2008-00104,Malfunction,2008-01-14,2008-02-14,ABBOTT VASCULAR-CARDIAC THERAPIES,,,MAF,MAF,MULTI-LINK RX VISION CORONARY STENT SYSTEM,74MAF,C1877,"Stent, non-coat/cov w/o del",bare_metal_stent,high
2024168-2008-00110,Malfunction,2007-12-12,2008-02-14,ABBOTT VASCULAR-CARDIAC THERAPIES,,,DQX,DQX,ACS HI-TORQUE BALANCE MIDDLEWEIGHT GUIDE WIRE WITH HYDROCOAT HYDROPHILIC COATING,74DQX,C1755,"Catheter, intraspinal",catheter_guidewire,medium
2024168-2008-00110,Malfunction,2007-12-12,2008-02-14,ABBOTT VASCULAR-CARDIAC THERAPIES,,,DQX,DQX,ACS HI-TORQUE BALANCE MIDDLEWEIGHT GUIDE WIRE WITH HYDROCOAT HYDROPHILIC COATING,74DQX,C1769,Guide wire,,medium
2024168-2008-00114,Malfunction,2007-10-13,2008-02-14,ABBOTT VASCULAR-CARDIAC THERAPIES,,,MAF,MAF,MULTI-LINK MINI VISION RX CORONARY STENT SYSTEM,74MAF,C1876,"Stent, non-coa/non-cov w/del",bare_metal_stent,high
2024168-2008-00114,Malfunction,2007-10-13,2008-02-14,ABBOTT VASCULAR-CARDIAC THERAPIES,,,MAF,MAF,MULTI-LINK MINI VISION RX CORONARY STENT SYSTEM,74MAF,C1877,"Stent, non-coat/cov w/o del",bare_metal_stent,high
2024168-2020-03919,Injury,2017-12-12,2020-04-27,ABBOTT VASCULAR,,,NIQ,NIQ,XIENCE EVEROLIMUS ELUTING CORONARY STENT SYSTEM,DRUG ELUTING CORONARY STENT DELIVERY SYSTEM,C1874,"Stent, coated/cov w/del sys",drug_eluting_stent,high
2024168-2020-03919,Injury,2017-12-12,2020-04-27,ABBOTT VASCULAR,,,NIQ,NIQ,XIENCE EVEROLIMUS ELUTING CORONARY STENT SYSTEM,DRUG ELUTING CORONARY STENT DELIVERY SYSTEM,C1875,"Stent, coated/cov w/o del sy",drug_eluting_stent,high
2024168-2020-03920,Injury,2017-09-22,2020-04-27,ABBOTT VASCULAR,,,NIQ,NIQ,XIENCE EVEROLIMUS ELUTING CORONARY STENT SYSTEM,DRUG ELUTING CORONARY STENT DELIVERY SYSTEM,C1874,"Stent, coated/cov w/del sys",drug_eluting_stent,high
2024168-2020-03920,Injury,2017-09-22,2020-04-27,ABBOTT VASCULAR,,,NIQ,NIQ,XIENCE EVEROLIMUS ELUTING CORONARY STENT SYSTEM,DRUG ELUTING CORONARY STENT DELIVERY SYSTEM,C1875,"Stent, coated/cov w/o del sy",drug_eluting_stent,high
2024168-2020-03921,Injury,2020-03-04,2020-04-27,ABBOTT VASCULAR,,,NIQ,NIQ,XIENCE XPEDITION 48 EVEROLIMUS ELUTING CORONARY STENT SYSTEM,DRUG ELUTING CORONARY STENT DELIVERY SYSTEM,C1874,"Stent, coated/cov w/del sys",drug_eluting_stent,high
2024168-2020-03921,Injury,2020-03-04,2020-04-27,ABBOTT VASCULAR,,,NIQ,NIQ,XIENCE XPEDITION 48 EVEROLIMUS ELUTING CORONARY STENT SYSTEM,DRUG ELUTING CORONARY STENT DELIVERY SYSTEM,C1875,"Stent, coated/cov w/o del sy",drug_eluting_stent,high
2024168-2020-03923,Injury,2013-12-01,2020-04-27,ABBOTT VASCULAR,,,NIQ,NIQ,XIENCE EVEROLIMUS ELUTING CORONARY STENT SYSTEM,DRUG ELUTING CORONARY STENT DELIVERY SYSTEM,C1874,"Stent, coated/cov w/del sys",drug_eluting_stent,high
2024168-2020-03923,Injury,2013-12-01,2020-04-27,ABBOTT VASCULAR,,,NIQ,NIQ,XIENCE EVEROLIMUS ELUTING CORONARY STENT SYSTEM,DRUG ELUTING CORONARY STENT DELIVERY SYSTEM,C1875,"Stent, coated/cov w/o del sy",drug_eluting_stent,high
2024168-2020-03924,Injury,2013-12-04,2020-04-27,ABBOTT VASCULAR,,,NIQ,NIQ,XIENCE EVEROLIMUS ELUTING CORONARY STENT SYSTEM,DRUG ELUTING CORONARY STENT DELIVERY SYSTEM,C1874,"Stent, coated/cov w/del sys",drug_eluting_stent,high
2024168-2020-03924,Injury,2013-12-04,2020-04-27,ABBOTT VASCULAR,,,NIQ,NIQ,XIENCE EVEROLIMUS ELUTING CORONARY STENT SYSTEM,DRUG ELUTING CORONARY STENT DELIVERY SYSTEM,C1875,"Stent, coated/cov w/o del sy",drug_eluting_stent,high
2024168-2020-03928,Injury,2013-12-02,2020-04-27,ABBOTT VASCULAR,,,NIQ,NIQ,XIENCE DRUG ELUTING CORONARY STENT SYSTEM,DRUG ELUTING CORONARY STENT DELIVERY SYSTEM,C1874,"Stent, coated/cov w/del sys",drug_eluting_stent,high
2024168-2020-03928,Injury,2013-12-02,2020-04-27,ABBOTT VASCULAR,,,NIQ,NIQ,XIENCE DRUG ELUTING CORONARY STENT SYSTEM,DRUG ELUTING CORONARY STENT DELIVERY SYSTEM,C1875,"Stent, coated/cov w/o del sy",drug_eluting_stent,high
2024168-2020-03932,Injury,2013-12-01,2020-04-27,ABBOTT VASCULAR,,,NIQ,NIQ,XIENCE EVEROLIMUS ELUTING CORONARY STENT SYSTEM,DRUG ELUTING CORONARY STENT DELIVERY SYSTEM,C1874,"Stent, coated/cov w/del sys",drug_eluting_stent,high
2024168-2020-03932,Injury,2013-12-01,2020-04-27,ABBOTT VASCULAR,,,NIQ,NIQ,XIENCE EVEROLIMUS ELUTING CORONARY STENT SYSTEM,DRUG ELUTING CORONARY STENT DELIVERY SYSTEM,C1875,"Stent, coated/cov w/o del sy",drug_eluting_stent,high
2024168-2020-03940,Malfunction,2020-03-18,2020-04-27,ABBOTT VASCULAR,,,DQY,DQY,ARMADA 14 PTA CATHETER,PERIPHERAL DILATATION CATHETER,C1725,"Cath, translumin non-laser",atherectomy_catheter,high
2024168-2020-03943,Death,2013-12-01,2020-04-28,ABBOTT VASCULAR,,,NIQ,NIQ,XIENCE DRUG ELUTING CORONARY STENT,DRUG ELUTING CORONARY STENT DELIVERY SYSTEM,C1874,"Stent, coated/cov w/del sys",drug_eluting_stent,high
2024168-2020-03943,Death,2013-12-01,2020-04-28,ABBOTT VASCULAR,,,NIQ,NIQ,XIENCE DRUG ELUTING CORONARY STENT,DRUG ELUTING CORONARY STENT DELIVERY SYSTEM,C1875,"Stent, coated/cov w/o del sy",drug_eluting_stent,high
2024168-2020-03944,Injury,2013-12-01,2020-04-28,ABBOTT VASCULAR,,,NIQ,NIQ,XIENCE DRUG ELUTING CORONARY STENT,DRUG ELUTING CORONARY STENT DELIVERY SYSTEM,C1874,"Stent, coated/cov w/del sys",drug_eluting_stent,high
2024168-2020-03944,Injury,2013-12-01,2020-04-28,ABBOTT VASCULAR,,,NIQ,NIQ,XIENCE DRUG ELUTING CORONARY STENT,DRUG ELUTING CORONARY STENT DELIVERY SYSTEM,C1875,"Stent, coated/cov w/o del sy",drug_eluting_stent,high
2024168-2020-03945,Malfunction,2013-12-01,2020-04-28,ABBOTT VASCULAR,,,NIQ,NIQ,XIENCE DRUG ELUTING CORONARY STENT,DRUG ELUTING CORONARY STENT DELIVERY SYSTEM,C1874,"Stent, coated/cov w/del sys",drug_eluting_stent,high
2024168-2020-03945,Malfunction,2013-12-01,2020-04-28,ABBOTT VASCULAR,,,NIQ,NIQ,XIENCE DRUG ELUTING CORONARY STENT,DRUG ELUTING CORONARY STENT DELIVERY SYSTEM,C1875,"Stent, coated/cov w/o del sy",drug_eluting_stent,high
2024168-2020-03970,Injury,2020-04-09,2020-04-28,ABBOTT VASCULAR,,,MAF,MAF,GRAFTMASTER,CORONARY STENT DELIVERY SYSTEM,C1876,"Stent, non-coa/non-cov w/del",bare_metal_stent,high
2024168-2020-03970,Injury,2020-04-09,2020-04-28,ABBOTT VASCULAR,,,MAF,MAF,GRAFTMASTER,CORONARY STENT DELIVERY SYSTEM,C1877,"Stent, non-coat/cov w/o del",bare_metal_stent,high
2024168-2020-03977,Malfunction,2020-04-14,2020-04-28,ABBOTT VASCULAR,,,NIQ,NIQ,XIENCE SIERRA EVEROLIMUS ELUTING CORONARY STENT SYSTEM,DRUG ELUTING CORONARY STENT DELIVERY SYSTEM,C1874,"Stent, coated/cov w/del sys",drug_eluting_stent,high
2024168-2020-03977,Malfunction,2020-04-14,2020-04-28,ABBOTT VASCULAR,,,NIQ,NIQ,XIENCE SIERRA EVEROLIMUS ELUTING CORONARY STENT SYSTEM,DRUG ELUTING CORONARY STENT DELIVERY SYSTEM,C1875,"Stent, coated/cov w/o del sy",drug_eluting_stent,high
2024168-2020-03979,Injury,2020-02-28,2020-04-28,ABBOTT VASCULAR,,,NIQ,NIQ,XIENCE PRIME LL EVEROLIMUS ELUTING CORONARY STENT SYSTEM,DRUG ELUTING CORONARY STENT DELIVERY SYSTEM,C1874,"Stent, coated/cov w/del sys",drug_eluting_stent,high
2024168-2020-03979,Injury,2020-02-28,2020-04-28,ABBOTT VASCULAR,,,NIQ,NIQ,XIENCE PRIME LL EVEROLIMUS ELUTING CORONARY STENT SYSTEM,DRUG ELUTING CORONARY STENT DELIVERY SYSTEM,C1875,"Stent, coated/cov w/o del sy",drug_eluting_stent,high
2029214-2020-00402,Malfunction,2020-04-23,2020-04-27,"MICRO THERAPEUTICS, INC. DBA EV3",,,DQY,DQY,SUPPORT GUIDECATHETER,"CATHETER, PERCUTANEOUS",C1725,"Cath, translumin non-laser",atherectomy_catheter,high
2032227-2008-00362,Malfunction,2008-02-08,2008-02-21,MEDTRONIC MINIMED,,,LZG,LZG,PUMP MMT-512LNAS PRDGM INS SK EN US LN,INFUSION PUMP,E0784,Ext amb infusn pump insulin,insulin_pump,high
2032227-2008-00363,Death,2007-12-02,2008-02-21,MEDTRONIC MINIMED,,,LZG,LZG,PUMP MMT-712LNAB PRDGM INS BL EN US LN,INFUSION PUMP,E0784,Ext amb infusn pump insulin,insulin_pump,high
2032227-2008-00364,Injury,2008-02-10,2008-02-21,MEDTRONIC MINIMED,,,LZG,LZG,PUMP MMT-522NAS PRDGM INS V2.2 SK EN,INFUSION PUMP,E0784,Ext amb infusn pump insulin,insulin_pump,high
2032227-2008-00365,Injury,2008-02-09,2008-02-21,MEDTRONIC MINIMED,,,LZG,LZG,PUMP MMT-522NAS PRDGM INS V2.2 SK EN,INFUSION PUMP,E0784,Ext amb infusn pump insulin,insulin_pump,high
2032227-2008-00366,Injury,2008-02-10,2008-02-21,MEDTRONIC MINIMED,,,LZG,LZG,PUMP MMT-712LNAP PRDGM INS PL EN US LN,INFUSION PUMP,E0784,Ext amb infusn pump insulin,insulin_pump,high
2032227-2008-00367,Injury,2008-02-08,2008-02-21,MEDTRONIC MINIMED,,,LZG,LZG,PUMP MMT-522PNAL PRDGM INS CL EN PW,INFUSION PUMP,E0784,Ext amb infusn pump insulin,insulin_pump,high
2032227-2008-00368,Injury,2008-02-11,2008-02-21,MEDTRONIC MINIMED,,,LZG,LZG,PUMP MMT-515LNAL PRDGM INS V2.1 CL EN,INFUSION PUMP,E0784,Ext amb infusn pump insulin,insulin_pump,high
2032227-2008-00369,Injury,2008-02-12,2008-02-21,MEDTRONIC MINIMED,,,LZG,LZG,PUMP MMT-712RNAS PRDGM INS SK EN US RC,INFUSION PUMP,E0784,Ext amb infusn pump insulin,insulin_pump,high
2032227-2008-00370,Injury,2008-02-10,2008-02-21,MEDTRONIC MINIMED,,,LZG,LZG,PUMP MMT-722LNAS PRDGM INS SK EN ML,INFUSION PUMP,E0784,Ext amb infusn pump insulin,insulin_pump,high
2032227-2008-00371,Injury,2008-02-11,2008-02-21,MEDTRONIC MINIMED,,,LZG,LZG,PUMP MMT-722NAL PRDGM INS V2.2 CL EN PR,INFUSION PUMP,E0784,Ext amb infusn pump insulin,insulin_pump,high
2032227-2008-00372,Injury,2006-02-12,2008-02-21,MEDTRONIC MINIMED,,,LZG,LZG,PUMP MMT-512LNAS PRDGM INS SK EN US LN,INFUSION PUMP,E0784,Ext amb infusn pump insulin,insulin_pump,high
2032227-2008-00373,Injury,2008-02-12,2008-02-21,MEDTRONIC MINIMED,,,LZG,LZG,PUMP MMT-522LNAL PRDGM INS CL EN ML,INFUSION PUMP,E0784,Ext amb infusn pump insulin,insulin_pump,high
2032227-2008-00374,Injury,2008-02-12,2008-02-21,MEDTRONIC MINIMED,,,LZG,LZG,PUMP MMT-715NAB PRDGM INS V2.1 BL EN,INFUSION PUMP,E0784,Ext amb infusn pump insulin,insulin_pump,high
2032227-2008-00379,Injury,2008-02-09,2008-02-21,MEDTRONIC MINIMED,,,LZG,LZG,PUMP MMT-722NAL PRDGM INSULIN CL EN,INFUSION PUMP,E0784,Ext amb infusn pump insulin,insulin_pump,high
2032227-2020-110177,Injury,2020-04-20,2020-04-27,MEDTRONIC PUERTO RICO OPERATIONS CO.,,,FRN,FRN,RESERVOIR 3ML MMT-332A,"PUMP, INFUSION",C1751,"Cath, inf, per/cent/midline",central_venous_catheter,high
2032227-2020-110177,Injury,2020-04-20,2020-04-27,MEDTRONIC PUERTO RICO OPERATIONS CO.,,,FRN,FRN,RESERVOIR 3ML MMT-332A,"PUMP, INFUSION",C1753,"Cath, intravas ultrasound",ivus_catheter,medium
2032227-2020-110243,Malfunction,2020-04-21,2020-04-27,MEDTRONIC PUERTO RICO OPERATIONS CO.,,,FRN,FRN,RESERVOIR 2PK 3ML MMT-332AT,"PUMP, INFUSION",C1751,"Cath, inf, per/cent/midline",central_venous_catheter,high
2032227-2020-110243,Malfunction,2020-04-21,2020-04-27,MEDTRONIC PUERTO RICO OPERATIONS CO.,,,FRN,FRN,RESERVOIR 2PK 3ML MMT-332AT,"PUMP, INFUSION",C1753,"Cath, intravas ultrasound",ivus_catheter,medium
2032227-2020-110308,Malfunction,2020-04-22,2020-04-27,MEDTRONIC PUERTO RICO OPERATIONS CO.,,,FRN,FRN,RESERVOIR 1.8ML MMT-326A,"PUMP, INFUSION",C1751,"Cath, inf, per/cent/midline",central_venous_catheter,high
2032227-2020-110308,Malfunction,2020-04-22,2020-04-27,MEDTRONIC PUERTO RICO OPERATIONS CO.,,,FRN,FRN,RESERVOIR 1.8ML MMT-326A,"PUMP, INFUSION",C1753,"Cath, intravas ultrasound",ivus_catheter,medium
2032227-2020-110312,Malfunction,2020-04-22,2020-04-27,MEDTRONIC PUERTO RICO OPERATIONS CO.,,,LZG,LZG,MMT-715 PARADIGM INSULIN PUMP,"PUMP, INFUSION, INSULIN",E0784,Ext amb infusn pump insulin,insulin_pump,high
2032227-2020-110360,Injury,2020-04-12,2020-04-27,MEDTRONIC PUERTO RICO OPERATIONS CO.,,,FRN,FRN,RESERVOIR 3ML MMT-332A,"PUMP, INFUSION",C1751,"Cath, inf, per/cent/midline",central_venous_catheter,high
2032227-2020-110360,Injury,2020-04-12,2020-04-27,MEDTRONIC PUERTO RICO OPERATIONS CO.,,,FRN,FRN,RESERVOIR 3ML MMT-332A,"PUMP, INFUSION",C1753,"Cath, intravas ultrasound",ivus_catheter,medium
2032227-2020-110367,Malfunction,2020-04-15,2020-04-27,MEDTRONIC PUERTO RICO OPERATIONS CO.,,,FRN,FRN,RESERVOIR 3ML MMT-332A,"PUMP, INFUSION",C1751,"Cath, inf, per/cent/midline",central_venous_catheter,high
2032227-2020-110367,Malfunction,2020-04-15,2020-04-27,MEDTRONIC PUERTO RICO OPERATIONS CO.,,,FRN,FRN,RESERVOIR 3ML MMT-332A,"PUMP, INFUSION",C1753,"Cath, intravas ultrasound",ivus_catheter,medium
2032227-2020-110373,Injury,2020-03-19,2020-04-27,MEDTRONIC PUERTO RICO OPERATIONS CO.,,,FRN,FRN,RESERVOIR 3ML MMT-332A,"PUMP, INFUSION",C1751,"Cath, inf, per/cent/midline",central_venous_catheter,high
2032227-2020-110373,Injury,2020-03-19,2020-04-27,MEDTRONIC PUERTO RICO OPERATIONS CO.,,,FRN,FRN,RESERVOIR 3ML MMT-332A,"PUMP, INFUSION",C1753,"Cath, intravas ultrasound",ivus_catheter,medium
2032227-2020-110377,Malfunction,2020-04-20,2020-04-27,MEDTRONIC PUERTO RICO OPERATIONS CO.,,,FRN,FRN,RESERVOIR 1.8ML MMT-326A,"PUMP, INFUSION",C1751,"Cath, inf, per/cent/midline",central_venous_catheter,high
2032227-2020-110377,Malfunction,2020-04-20,2020-04-27,MEDTRONIC PUERTO RICO OPERATIONS CO.,,,FRN,FRN,RESERVOIR 1.8ML MMT-326A,"PUMP, INFUSION",C1753,"Cath, intravas ultrasound",ivus_catheter,medium
2032227-2020-110398,Malfunction,2020-04-22,2020-04-27,MEDTRONIC PUERTO RICO OPERATIONS CO.,,,FRN,FRN,RESERVOIR 3ML MMT-332A,"PUMP, INFUSION",C1751,"Cath, inf, per/cent/midline",central_venous_catheter,high
2032227-2020-110398,Malfunction,2020-04-22,2020-04-27,MEDTRONIC PUERTO RICO OPERATIONS CO.,,,FRN,FRN,RESERVOIR 3ML MMT-332A,"PUMP, INFUSION",C1753,"Cath, intravas ultrasound",ivus_catheter,medium
2032227-2020-110408,Injury,2020-04-21,2020-04-27,MEDTRONIC PUERTO RICO OPERATIONS CO.,,,FRN,FRN,RESERVOIR 1.8ML MMT-326A,"PUMP, INFUSION",C1751,"Cath, inf, per/cent/midline",central_venous_catheter,high
2032227-2020-110408,Injury,2020-04-21,2020-04-27,MEDTRONIC PUERTO RICO OPERATIONS CO.,,,FRN,FRN,RESERVOIR 1.8ML MMT-326A,"PUMP, INFUSION",C1753,"Cath, intravas ultrasound",ivus_catheter,medium
2032227-2020-110420,Malfunction,2020-04-21,2020-04-27,MEDTRONIC PUERTO RICO OPERATIONS CO.,,,FRN,FRN,RESERVOIR 3ML MMT-332A,"PUMP, INFUSION",C1751,"Cath, inf, per/cent/midline",central_venous_catheter,high
2032227-2020-110420,Malfunction,2020-04-21,2020-04-27,MEDTRONIC PUERTO RICO OPERATIONS CO.,,,FRN,FRN,RESERVOIR 3ML MMT-332A,"PUMP, INFUSION",C1753,"Cath, intravas ultrasound",ivus_catheter,medium
2032227-2020-110457,Malfunction,2020-04-22,2020-04-27,MEDTRONIC PUERTO RICO OPERATIONS CO.,,,LZG,LZG,MMT-712 PARADIGM INSULIN PUMP,"PUMP, INFUSION, INSULIN",E0784,Ext amb infusn pump insulin,insulin_pump,high
2032227-2020-110458,Malfunction,2020-04-09,2020-04-27,MEDTRONIC PUERTO RICO OPERATIONS CO.,OTHER,,LZG,LZG,MMT-712 PARADIGM INSULIN PUMP,"PUMP, INFUSION, INSULIN",E0784,Ext amb infusn pump insulin,insulin_pump,high
2032227-2020-110525,Malfunction,2020-04-20,2020-04-27,MEDTRONIC PUERTO RICO OPERATIONS CO.,,,LZG,LZG,MMT-712 PARADIGM INSULIN PUMP,"PUMP, INFUSION, INSULIN",E0784,Ext amb infusn pump insulin,insulin_pump,high
2032227-2020-110526,Malfunction,2020-04-21,2020-04-27,MEDTRONIC PUERTO RICO OPERATIONS CO.,OTHER,,LZG,LZG,MMT-712 PARADIGM INSULIN PUMP,"PUMP, INFUSION, INSULIN",E0784,Ext amb infusn pump insulin,insulin_pump,high
2032227-2020-110531,Malfunction,2019-11-30,2020-04-27,MEDTRONIC PUERTO RICO OPERATIONS CO.,,,FRN,FRN,RESERVOIR 3ML MMT-332A,"PUMP, INFUSION",C1751,"Cath, inf, per/cent/midline",central_venous_catheter,high
2032227-2020-110531,Malfunction,2019-11-30,2020-04-27,MEDTRONIC PUERTO RICO OPERATIONS CO.,,,FRN,FRN,RESERVOIR 3ML MMT-332A,"PUMP, INFUSION",C1753,"Cath, intravas ultrasound",ivus_catheter,medium
2032227-2020-110535,Malfunction,2020-04-21,2020-04-27,MEDTRONIC PUERTO RICO OPERATIONS CO.,,,FRN,FRN,RESERVOIR 3ML MMT-332A,"PUMP, INFUSION",C1751,"Cath, inf, per/cent/midline",central_venous_catheter,high
2032227-2020-110535,Malfunction,2020-04-21,2020-04-27,MEDTRONIC PUERTO RICO OPERATIONS CO.,,,FRN,FRN,RESERVOIR 3ML MMT-332A,"PUMP, INFUSION",C1753,"Cath, intravas ultrasound",ivus_catheter,medium
2032227-2020-110564,Malfunction,2020-04-22,2020-04-28,MEDTRONIC PUERTO RICO OPERATIONS CO.,,,FRN,FRN,RESERVOIR 3ML MMT-332A,"PUMP, INFUSION",C1751,"Cath, inf, per/cent/midline",central_venous_catheter,high
2032227-2020-110564,Malfunction,2020-04-22,2020-04-28,MEDTRONIC PUERTO RICO OPERATIONS CO.,,,FRN,FRN,RESERVOIR 3ML MMT-332A,"PUMP, INFUSION",C1753,"Cath, intravas ultrasound",ivus_catheter,medium
2032227-2020-110567,Malfunction,2020-04-23,2020-04-28,MEDTRONIC PUERTO RICO OPERATIONS CO.,,,FRN,FRN,RESERVOIR 3ML MMT-332A,"PUMP, INFUSION",C1751,"Cath, inf, per/cent/midline",central_venous_catheter,high
2032227-2020-110567,Malfunction,2020-04-23,2020-04-28,MEDTRONIC PUERTO RICO OPERATIONS CO.,,,FRN,FRN,RESERVOIR 3ML MMT-332A,"PUMP, INFUSION",C1753,"Cath, intravas ultrasound",ivus_catheter,medium
2032227-2020-110577,Injury,2020-04-23,2020-04-28,MEDTRONIC PUERTO RICO OPERATIONS CO.,,,FRN,FRN,RESERVOIR 3ML MMT-332A,"PUMP, INFUSION",C1751,"Cath, inf, per/cent/midline",central_venous_catheter,high
2032227-2020-110577,Injury,2020-04-23,2020-04-28,MEDTRONIC PUERTO RICO OPERATIONS CO.,,,FRN,FRN,RESERVOIR 3ML MMT-332A,"PUMP, INFUSION",C1753,"Cath, intravas ultrasound",ivus_catheter,medium
2032227-2020-110608,Malfunction,2020-04-20,2020-04-28,MEDTRONIC PUERTO RICO OPERATIONS CO.,,,FRN,FRN,RESERVOIR 3ML MMT-332A,"PUMP, INFUSION",C1751,"Cath, inf, per/cent/midline",central_venous_catheter,high
2032227-2020-110608,Malfunction,2020-04-20,2020-04-28,MEDTRONIC PUERTO RICO OPERATIONS CO.,,,FRN,FRN,RESERVOIR 3ML MMT-332A,"PUMP, INFUSION",C1753,"Cath, intravas ultrasound",ivus_catheter,medium
2032227-2020-110670,Malfunction,2020-01-04,2020-04-28,MEDTRONIC PUERTO RICO OPERATIONS CO.,,,FRN,FRN,RESERVOIR 1.8ML MMT-326A,"PUMP, INFUSION",C1751,"Cath, inf, per/cent/midline",central_venous_catheter,high
2032227-2020-110670,Malfunction,2020-01-04,2020-04-28,MEDTRONIC PUERTO RICO OPERATIONS CO.,,,FRN,FRN,RESERVOIR 1.8ML MMT-326A,"PUMP, INFUSION",C1753,"Cath, intravas ultrasound",ivus_catheter,medium
2032227-2020-110673,Malfunction,2020-04-23,2020-04-28,MEDTRONIC PUERTO RICO OPERATIONS CO.,,,FRN,FRN,RESERVOIR 3ML MMT-332A,"PUMP, INFUSION",C1751,"Cath, inf, per/cent/midline",central_venous_catheter,high
2032227-2020-110673,Malfunction,2020-04-23,2020-04-28,MEDTRONIC PUERTO RICO OPERATIONS CO.,,,FRN,FRN,RESERVOIR 3ML MMT-332A,"PUMP, INFUSION",C1753,"Cath, intravas ultrasound",ivus_catheter,medium
2032227-2020-110771,Malfunction,2020-02-23,2020-04-28,MEDTRONIC PUERTO RICO OPERATIONS CO.,,,FRN,FRN,RESERVOIR 3ML MMT-332A,"PUMP, INFUSION",C1751,"Cath, inf, per/cent/midline",central_venous_catheter,high
2032227-2020-110771,Malfunction,2020-02-23,2020-04-28,MEDTRONIC PUERTO RICO OPERATIONS CO.,,,FRN,FRN,RESERVOIR 3ML MMT-332A,"PUMP, INFUSION",C1753,"Cath, intravas ultrasound",ivus_catheter,medium
2032227-2020-110781,Injury,2020-04-23,2020-04-28,MEDTRONIC MINIMED,,,FRN,FRN,RESERVOIR 3ML,"PUMP, INFUSION",C1751,"Cath, inf, per/cent/midline",central_venous_catheter,high
2032227-2020-110781,Injury,2020-04-23,2020-04-28,MEDTRONIC MINIMED,,,FRN,FRN,RESERVOIR 3ML,"PUMP, INFUSION",C1753,"Cath, intravas ultrasound",ivus_catheter,medium
2032227-2020-110926,Malfunction,2020-01-04,2020-04-28,MEDTRONIC PUERTO RICO OPERATIONS CO.,,,FRN,FRN,RESERVOIR 1.8ML MMT-326A,"PUMP, INFUSION",C1751,"Cath, inf, per/cent/midline",central_venous_catheter,high
2032227-2020-110926,Malfunction,2020-01-04,2020-04-28,MEDTRONIC PUERTO RICO OPERATIONS CO.,,,FRN,FRN,RESERVOIR 1.8ML MMT-326A,"PUMP, INFUSION",C1753,"Cath, intravas ultrasound",ivus_catheter,medium
2032227-2020-110963,Malfunction,2020-04-11,2020-04-28,MEDTRONIC PUERTO RICO OPERATIONS CO.,,,FRN,FRN,RESERVOIR 3ML MMT-332A,"PUMP, INFUSION",C1751,"Cath, inf, per/cent/midline",central_venous_catheter,high
2032227-2020-110963,Malfunction,2020-04-11,2020-04-28,MEDTRONIC PUERTO RICO OPERATIONS CO.,,,FRN,FRN,RESERVOIR 3ML MMT-332A,"PUMP, INFUSION",C1753,"Cath, intravas ultrasound",ivus_catheter,medium
2032227-2020-110971,Injury,2020-04-21,2020-04-28,MEDTRONIC PUERTO RICO OPERATIONS CO.,,,FRN,FRN,RESERVOIR 3ML MMT-332A,"PUMP, INFUSION",C1751,"Cath, inf, per/cent/midline",central_venous_catheter,high
2032227-2020-110971,Injury,2020-04-21,2020-04-28,MEDTRONIC PUERTO RICO OPERATIONS CO.,,,FRN,FRN,RESERVOIR 3ML MMT-332A,"PUMP, INFUSION",C1753,"Cath, intravas ultrasound",ivus_catheter,medium
2032227-2020-110979,Malfunction,2020-04-23,2020-04-28,MEDTRONIC PUERTO RICO OPERATIONS CO.,,,FRN,FRN,RESERVOIR 3ML MMT-332A,"PUMP, INFUSION",C1751,"Cath, inf, per/cent/midline",central_venous_catheter,high
2032227-2020-110979,Malfunction,2020-04-23,2020-04-28,MEDTRONIC PUERTO RICO OPERATIONS CO.,,,FRN,FRN,RESERVOIR 3ML MMT-332A,"PUMP, INFUSION",C1753,"Cath, intravas ultrasound",ivus_catheter,medium
2032227-2020-110998,Malfunction,2020-04-23,2020-04-28,MEDTRONIC PUERTO RICO OPERATIONS CO.,,,FRN,FRN,RESERVOIR 3ML MMT-332A,"PUMP, INFUSION",C1751,"Cath, inf, per/cent/midline",central_venous_catheter,high
2032227-2020-110998,Malfunction,2020-04-23,2020-04-28,MEDTRONIC PUERTO RICO OPERATIONS CO.,,,FRN,FRN,RESERVOIR 3ML MMT-332A,"PUMP, INFUSION",C1753,"Cath, intravas ultrasound",ivus_catheter,medium
2032227-2020-111034,Malfunction,2020-04-24,2020-04-28,MEDTRONIC PUERTO RICO OPERATIONS CO.,,,FRN,FRN,RESERVOIR 3ML MMT-332A,"PUMP, INFUSION",C1751,"Cath, inf, per/cent/midline",central_venous_catheter,high
2032227-2020-111034,Malfunction,2020-04-24,2020-04-28,MEDTRONIC PUERTO RICO OPERATIONS CO.,,,FRN,FRN,RESERVOIR 3ML MMT-332A,"PUMP, INFUSION",C1753,"Cath, intravas ultrasound",ivus_catheter,medium
2032227-2020-111037,Malfunction,2020-04-24,2020-04-28,MEDTRONIC PUERTO RICO OPERATIONS CO.,,,FRN,FRN,RESERVOIR 3ML MMT-332A,"PUMP, INFUSION",C1751,"Cath, inf, per/cent/midline",central_venous_catheter,high
2032227-2020-111037,Malfunction,2020-04-24,2020-04-28,MEDTRONIC PUERTO RICO OPERATIONS CO.,,,FRN,FRN,RESERVOIR 3ML MMT-332A,"PUMP, INFUSION",C1753,"Cath, intravas ultrasound",ivus_catheter,medium
2032227-2020-111071,Malfunction,2020-04-23,2020-04-28,MEDTRONIC PUERTO RICO OPERATIONS CO.,OTHER,,LZG,LZG,MMT-712 PARADIGM INSULIN PUMP,"PUMP, INFUSION, INSULIN",E0784,Ext amb infusn pump insulin,insulin_pump,high
2032227-2020-111074,Malfunction,2020-04-04,2020-04-28,MEDTRONIC PUERTO RICO OPERATIONS CO.,,,LZG,LZG,MMT-712 PARADIGM INSULIN PUMP,"PUMP, INFUSION, INSULIN",E0784,Ext amb infusn pump insulin,insulin_pump,high
2032227-2020-111077,Malfunction,2020-04-23,2020-04-28,MEDTRONIC PUERTO RICO OPERATIONS CO.,,,LZG,LZG,MMT-712 PARADIGM INSULIN PUMP,"PUMP, INFUSION, INSULIN",E0784,Ext amb infusn pump insulin,insulin_pump,high
2032227-2020-111133,Malfunction,2020-04-24,2020-04-28,MEDTRONIC PUERTO RICO OPERATIONS CO.,,,FRN,FRN,RESERVOIR 3ML MMT-332A,"PUMP, INFUSION",C1751,"Cath, inf, per/cent/midline",central_venous_catheter,high
2032227-2020-111133,Malfunction,2020-04-24,2020-04-28,MEDTRONIC PUERTO RICO OPERATIONS CO.,,,FRN,FRN,RESERVOIR 3ML MMT-332A,"PUMP, INFUSION",C1753,"Cath, intravas ultrasound",ivus_catheter,medium
2032227-2020-111162,Malfunction,2020-04-24,2020-04-28,MEDTRONIC PUERTO RICO OPERATIONS CO.,OTHER,,LZG,LZG,MMT-712 PARADIGM INSULIN PUMP,"PUMP, INFUSION, INSULIN",E0784,Ext amb infusn pump insulin,insulin_pump,high
2032227-2020-111175,Injury,2020-04-19,2020-04-28,MEDTRONIC PUERTO RICO OPERATIONS CO.,,,FRN,FRN,RESERVOIR 3ML MMT-332A,"PUMP, INFUSION",C1751,"Cath, inf, per/cent/midline",central_venous_catheter,high
2032227-2020-111175,Injury,2020-04-19,2020-04-28,MEDTRONIC PUERTO RICO OPERATIONS CO.,,,FRN,FRN,RESERVOIR 3ML MMT-332A,"PUMP, INFUSION",C1753,"Cath, intravas ultrasound",ivus_catheter,medium
2032227-2020-111179,Malfunction,2020-04-24,2020-04-28,MEDTRONIC PUERTO RICO OPERATIONS CO.,,,LZG,LZG,MMT-715 PARADIGM INSULIN PUMP,"PUMP, INFUSION, INSULIN",E0784,Ext amb infusn pump insulin,insulin_pump,high
2032227-2020-111193,Injury,2020-04-23,2020-04-29,MEDTRONIC PUERTO RICO OPERATIONS CO.,,,FRN,FRN,RESERVOIR 3ML MMT-332A,"PUMP, INFUSION",C1751,"Cath, inf, per/cent/midline",central_venous_catheter,high
2032227-2020-111193,Injury,2020-04-23,2020-04-29,MEDTRONIC PUERTO RICO OPERATIONS CO.,,,FRN,FRN,RESERVOIR 3ML MMT-332A,"PUMP, INFUSION",C1753,"Cath, intravas ultrasound",ivus_catheter,medium
2032227-2020-111194,Injury,2020-04-09,2020-04-29,MEDTRONIC PUERTO RICO OPERATIONS CO.,,,FRN,FRN,RESERVOIR 3ML MMT-332A,"PUMP, INFUSION",C1751,"Cath, inf, per/cent/midline",central_venous_catheter,high
2032227-2020-111194,Injury,2020-04-09,2020-04-29,MEDTRONIC PUERTO RICO OPERATIONS CO.,,,FRN,FRN,RESERVOIR 3ML MMT-332A,"PUMP, INFUSION",C1753,"Cath, intravas ultrasound",ivus_catheter,medium
2032227-2020-111216,Injury,2020-04-24,2020-04-29,MEDTRONIC PUERTO RICO OPERATIONS CO.,,,FRN,FRN,RESERVOIR 3ML MMT-332A,"PUMP, INFUSION",C1751,"Cath, inf, per/cent/midline",central_venous_catheter,high
2032227-2020-111216,Injury,2020-04-24,2020-04-29,MEDTRONIC PUERTO RICO OPERATIONS CO.,,,FRN,FRN,RESERVOIR 3ML MMT-332A,"PUMP, INFUSION",C1753,"Cath, intravas ultrasound",ivus_catheter,medium
2032227-2020-111375,Malfunction,2020-04-23,2020-04-29,MEDTRONIC PUERTO RICO OPERATIONS CO.,,,FRN,FRN,RESERVOIR 3ML MMT-332A,"PUMP, INFUSION",C1751,"Cath, inf, per/cent/midline",central_venous_catheter,high
2032227-2020-111375,Malfunction,2020-04-23,2020-04-29,MEDTRONIC PUERTO RICO OPERATIONS CO.,,,FRN,FRN,RESERVOIR 3ML MMT-332A,"PUMP, INFUSION",C1753,"Cath, intravas ultrasound",ivus_catheter,medium
2032227-2020-111377,Malfunction,2019-04-23,2020-04-29,MEDTRONIC PUERTO RICO OPERATIONS CO.,,,FRN,FRN,RESERVOIR 3ML MMT-332A,"PUMP, INFUSION",C1751,"Cath, inf, per/cent/midline",central_venous_catheter,high
2032227-2020-111377,Malfunction,2019-04-23,2020-04-29,MEDTRONIC PUERTO RICO OPERATIONS CO.,,,FRN,FRN,RESERVOIR 3ML MMT-332A,"PUMP, INFUSION",C1753,"Cath, intravas ultrasound",ivus_catheter,medium
2032227-2020-111394,Injury,2020-04-24,2020-04-29,MEDTRONIC PUERTO RICO OPERATIONS CO.,,,FRN,FRN,RESERVOIR 3ML MMT-332A,"PUMP, INFUSION",C1751,"Cath, inf, per/cent/midline",central_venous_catheter,high
2032227-2020-111394,Injury,2020-04-24,2020-04-29,MEDTRONIC PUERTO RICO OPERATIONS CO.,,,FRN,FRN,RESERVOIR 3ML MMT-332A,"PUMP, INFUSION",C1753,"Cath, intravas ultrasound",ivus_catheter,medium
2124215-2008-99858,Malfunction,2007-11-23,2008-02-08,CLONMEL,,,LWS,LWS,VITALITY VR,IMPLANTABLE CARDIOVERTER DEFIBRILLATOR,C1721,"Aicd, dual chamber",icd_dual_chamber,high
2124215-2008-99858,Malfunction,2007-11-23,2008-02-08,CLONMEL,,,LWS,LWS,VITALITY VR,IMPLANTABLE CARDIOVERTER DEFIBRILLATOR,C1722,"Aicd, single chamber",icd_single_chamber,high
2124215-2008-99858,Malfunction,2007-11-23,2008-02-08,CLONMEL,,,LWS,LWS,VITALITY VR,IMPLANTABLE CARDIOVERTER DEFIBRILLATOR,C1887,"Catheter, guiding",ep_catheter_guiding,medium
2124215-2008-99859,Malfunction,2007-11-28,2008-02-08,CLONMEL,,,LWS,LWS,VITALITY DR,IMPLANTABLE CARDIOVERTER DEFIBRILLATOR,C1721,"Aicd, dual chamber",icd_dual_chamber,high
2124215-2008-99859,Malfunction,2007-11-28,2008-02-08,CLONMEL,,,LWS,LWS,VITALITY DR,IMPLANTABLE CARDIOVERTER DEFIBRILLATOR,C1722,"Aicd, single chamber",icd_single_chamber,high
2124215-2008-99859,Malfunction,2007-11-28,2008-02-08,CLONMEL,,,LWS,LWS,VITALITY DR,IMPLANTABLE CARDIOVERTER DEFIBRILLATOR,C1887,"Catheter, guiding",ep_catheter_guiding,medium
2124215-2020-07679,Injury,2020-03-16,2020-04-27,BOSTON SCIENTIFIC CORPORATION,,,LWP,LWP,TELIGEN,"IMPLANTABLE PULSE GENERATOR, PACEMAKER (NON-CRT)",C1896,"Lead, aicd, non sing/dual",icd_lead_single_coil,medium
2124215-2020-07837,Malfunction,2019-11-26,2020-04-27,BOSTON SCIENTIFIC CORPORATION,,,LWP,LWP,ACCOLADE MRI DR,"IMPLANTABLE PULSE GENERATOR, PACEMAKER (NON-CRT)",C1896,"Lead, aicd, non sing/dual",icd_lead_single_coil,medium
2124215-2020-08784,Malfunction,2020-03-26,2020-04-27,BOSTON SCIENTIFIC CORPORATION,,,LWP,LWP,PROPONENT MRI DR,"IMPLANTABLE PULSE GENERATOR, PACEMAKER (NON-CRT)",C1896,"Lead, aicd, non sing/dual",icd_lead_single_coil,medium
2124215-2020-08788,Malfunction,2020-03-30,2020-04-27,BOSTON SCIENTIFIC CORPORATION,,,LWP,LWP,PROPONENT MRI DR,"IMPLANTABLE PULSE GENERATOR, PACEMAKER (NON-CRT)",C1896,"Lead, aicd, non sing/dual",icd_lead_single_coil,medium
2124215-2020-09145,Injury,2020-01-21,2020-04-27,BOSTON SCIENTIFIC CORPORATION,,,LWS,LWS,EMBLEM MRI S-ICD,IMPLANTABLE CARDIOVERTER DEFIBRILLATOR (NON-CRT),C1721,"Aicd, dual chamber",icd_dual_chamber,high
2124215-2020-09145,Injury,2020-01-21,2020-04-27,BOSTON SCIENTIFIC CORPORATION,,,LWS,LWS,EMBLEM MRI S-ICD,IMPLANTABLE CARDIOVERTER DEFIBRILLATOR (NON-CRT),C1722,"Aicd, single chamber",icd_single_chamber,high
2124215-2020-09145,Injury,2020-01-21,2020-04-27,BOSTON SCIENTIFIC CORPORATION,,,LWS,LWS,EMBLEM MRI S-ICD,IMPLANTABLE CARDIOVERTER DEFIBRILLATOR (NON-CRT),C1887,"Catheter, guiding",ep_catheter_guiding,medium
2124215-2020-09151,Injury,2020-03-25,2020-04-27,BOSTON SCIENTIFIC CORPORATION,,,LWP,LWP,ESSENTIO MRI DR,"IMPLANTABLE PULSE GENERATOR, PACEMAKER (NON-CRT)",C1896,"Lead, aicd, non sing/dual",icd_lead_single_coil,medium
2124215-2020-09152,Malfunction,2020-03-24,2020-04-27,BOSTON SCIENTIFIC CORPORATION,,,LWS,LWS,EMBLEM MRI S-ICD,IMPLANTABLE CARDIOVERTER DEFIBRILLATOR (NON-CRT),C1721,"Aicd, dual chamber",icd_dual_chamber,high
2124215-2020-09152,Malfunction,2020-03-24,2020-04-27,BOSTON SCIENTIFIC CORPORATION,,,LWS,LWS,EMBLEM MRI S-ICD,IMPLANTABLE CARDIOVERTER DEFIBRILLATOR (NON-CRT),C1722,"Aicd, single chamber",icd_single_chamber,high
2124215-2020-09152,Malfunction,2020-03-24,2020-04-27,BOSTON SCIENTIFIC CORPORATION,,,LWS,LWS,EMBLEM MRI S-ICD,IMPLANTABLE CARDIOVERTER DEFIBRILLATOR (NON-CRT),C1887,"Catheter, guiding",ep_catheter_guiding,medium
2124215-2020-09153,Injury,2020-03-03,2020-04-27,BOSTON SCIENTIFIC CORPORATION,,,DTB,DTB,THINLINE II STEROX EZ,PERMANENT PACEMAKER ELECTRODE,C1785,"Pmkr, dual, rate-resp",pacemaker_dual_chamber,high
2124215-2020-09153,Injury,2020-03-03,2020-04-27,BOSTON SCIENTIFIC CORPORATION,,,DTB,DTB,THINLINE II STEROX EZ,PERMANENT PACEMAKER ELECTRODE,C1786,"Pmkr, single, rate-resp",pacemaker_single_chamber,high
2124215-2020-09163,Injury,2020-02-07,2020-04-27,BOSTON SCIENTIFIC CORPORATION,,,LWP,LWP,INCEPTA ICD,"IMPLANTABLE PULSE GENERATOR, PACEMAKER (NON-CRT)",C1896,"Lead, aicd, non sing/dual",icd_lead_single_coil,medium
2124215-2020-09165,Injury,2020-03-13,2020-04-28,OSCOR,,,LWS,LWS,EMBLEM S-ICD,IMPLANTABLE LEAD,C1721,"Aicd, dual chamber",icd_dual_chamber,high
2124215-2020-09165,Injury,2020-03-13,2020-04-28,OSCOR,,,LWS,LWS,EMBLEM S-ICD,IMPLANTABLE LEAD,C1722,"Aicd, single chamber",icd_single_chamber,high
2124215-2020-09165,Injury,2020-03-13,2020-04-28,OSCOR,,,LWS,LWS,EMBLEM S-ICD,IMPLANTABLE LEAD,C1887,"Catheter, guiding",ep_catheter_guiding,medium
2124215-2020-09166,Injury,2020-03-13,2020-04-27,BOSTON SCIENTIFIC CORPORATION,,,LWS,LWS,EMBLEM MRI S-ICD,IMPLANTABLE CARDIOVERTER DEFIBRILLATOR (NON-CRT),C1721,"Aicd, dual chamber",icd_dual_chamber,high
2124215-2020-09166,Injury,2020-03-13,2020-04-27,BOSTON SCIENTIFIC CORPORATION,,,LWS,LWS,EMBLEM MRI S-ICD,IMPLANTABLE CARDIOVERTER DEFIBRILLATOR (NON-CRT),C1722,"Aicd, single chamber",icd_single_chamber,high
2124215-2020-09166,Injury,2020-03-13,2020-04-27,BOSTON SCIENTIFIC CORPORATION,,,LWS,LWS,EMBLEM MRI S-ICD,IMPLANTABLE CARDIOVERTER DEFIBRILLATOR (NON-CRT),C1887,"Catheter, guiding",ep_catheter_guiding,medium
2124215-2020-09168,Injury,2020-02-12,2020-04-27,BOSTON SCIENTIFIC CORPORATION,,,LWP,LWP,ESSENTIO DR,"IMPLANTABLE PULSE GENERATOR, PACEMAKER (NON-CRT)",C1896,"Lead, aicd, non sing/dual",icd_lead_single_coil,medium
2124215-2020-09172,Injury,2020-03-31,2020-04-27,BOSTON SCIENTIFIC CORPORATION,,,NVY,NVY,ENDOTAK RELIANCE,IMPLANTABLE LEAD,C1779,"Lead, pmkr, transvenous vdd",pacemaker_lead_vdd,high
2124215-2020-09174,Injury,2020-02-27,2020-04-27,BOSTON SCIENTIFIC CORPORATION,,,LWS,LWS,EMBLEM MRI S-ICD,IMPLANTABLE CARDIOVERTER DEFIBRILLATOR (NON-CRT),C1721,"Aicd, dual chamber",icd_dual_chamber,high
2124215-2020-09174,Injury,2020-02-27,2020-04-27,BOSTON SCIENTIFIC CORPORATION,,,LWS,LWS,EMBLEM MRI S-ICD,IMPLANTABLE CARDIOVERTER DEFIBRILLATOR (NON-CRT),C1722,"Aicd, single chamber",icd_single_chamber,high
2124215-2020-09174,Injury,2020-02-27,2020-04-27,BOSTON SCIENTIFIC CORPORATION,,,LWS,LWS,EMBLEM MRI S-ICD,IMPLANTABLE CARDIOVERTER DEFIBRILLATOR (NON-CRT),C1887,"Catheter, guiding",ep_catheter_guiding,medium
2124215-2020-09175,Injury,2020-02-27,2020-04-28,BOSTON SCIENTIFIC CORPORATION,,,LWS,LWS,EMBLEM S-ICD,IMPLANTABLE LEAD,C1721,"Aicd, dual chamber",icd_dual_chamber,high
2124215-2020-09175,Injury,2020-02-27,2020-04-28,BOSTON SCIENTIFIC CORPORATION,,,LWS,LWS,EMBLEM S-ICD,IMPLANTABLE LEAD,C1722,"Aicd, single chamber",icd_single_chamber,high
2124215-2020-09175,Injury,2020-02-27,2020-04-28,BOSTON SCIENTIFIC CORPORATION,,,LWS,LWS,EMBLEM S-ICD,IMPLANTABLE LEAD,C1887,"Catheter, guiding",ep_catheter_guiding,medium
2124215-2020-09176,Injury,2020-02-23,2020-04-27,BOSTON SCIENTIFIC CORPORATION,,,LWP,LWP,ENERGEN ICD,"IMPLANTABLE PULSE GENERATOR, PACEMAKER (NON-CRT)",C1896,"Lead, aicd, non sing/dual",icd_lead_single_coil,medium
2124215-2020-09178,Injury,2020-02-07,2020-04-27,BOSTON SCIENTIFIC CORPORATION,,,LWS,LWS,ENDOTAK RELIANCE G,IMPLANTABLE CARDIOVERTER DEFIBRILLATOR (NON-CRT),C1721,"Aicd, dual chamber",icd_dual_chamber,high
2124215-2020-09178,Injury,2020-02-07,2020-04-27,BOSTON SCIENTIFIC CORPORATION,,,LWS,LWS,ENDOTAK RELIANCE G,IMPLANTABLE CARDIOVERTER DEFIBRILLATOR (NON-CRT),C1722,"Aicd, single chamber",icd_single_chamber,high
2124215-2020-09178,Injury,2020-02-07,2020-04-27,BOSTON SCIENTIFIC CORPORATION,,,LWS,LWS,ENDOTAK RELIANCE G,IMPLANTABLE CARDIOVERTER DEFIBRILLATOR (NON-CRT),C1887,"Catheter, guiding",ep_catheter_guiding,medium
2124215-2020-09179,Injury,2020-01-22,2020-04-27,BOSTON SCIENTIFIC CORPORATION,,,LWP,LWP,ESSENTIO MRI SR,"IMPLANTABLE PULSE GENERATOR, PACEMAKER (NON-CRT)",C1896,"Lead, aicd, non sing/dual",icd_lead_single_coil,medium
2124215-2020-09181,Injury,2020-02-21,2020-04-27,BOSTON SCIENTIFIC CORPORATION,,,LWS,LWS,EMBLEM MRI S-ICD,IMPLANTABLE CARDIOVERTER DEFIBRILLATOR (NON-CRT),C1721,"Aicd, dual chamber",icd_dual_chamber,high
2124215-2020-09181,Injury,2020-02-21,2020-04-27,BOSTON SCIENTIFIC CORPORATION,,,LWS,LWS,EMBLEM MRI S-ICD,IMPLANTABLE CARDIOVERTER DEFIBRILLATOR (NON-CRT),C1722,"Aicd, single chamber",icd_single_chamber,high
2124215-2020-09181,Injury,2020-02-21,2020-04-27,BOSTON SCIENTIFIC CORPORATION,,,LWS,LWS,EMBLEM MRI S-ICD,IMPLANTABLE CARDIOVERTER DEFIBRILLATOR (NON-CRT),C1887,"Catheter, guiding",ep_catheter_guiding,medium
2124215-2020-09186,Malfunction,2019-09-01,2020-04-27,BOSTON SCIENTIFIC CORPORATION,,,LWS,LWS,ENDOTAK RELIANCE G,IMPLANTABLE LEAD,C1721,"Aicd, dual chamber",icd_dual_chamber,high
2124215-2020-09186,Malfunction,2019-09-01,2020-04-27,BOSTON SCIENTIFIC CORPORATION,,,LWS,LWS,ENDOTAK RELIANCE G,IMPLANTABLE LEAD,C1722,"Aicd, single chamber",icd_single_chamber,high
2124215-2020-09186,Malfunction,2019-09-01,2020-04-27,BOSTON SCIENTIFIC CORPORATION,,,LWS,LWS,ENDOTAK RELIANCE G,IMPLANTABLE LEAD,C1887,"Catheter, guiding",ep_catheter_guiding,medium
2124215-2020-09187,Malfunction,2020-03-25,2020-04-27,BOSTON SCIENTIFIC CORPORATION,,,LWS,LWS,EMBLEM MRI S-ICD,IMPLANTABLE CARDIOVERTER DEFIBRILLATOR (NON-CRT),C1721,"Aicd, dual chamber",icd_dual_chamber,high
2124215-2020-09187,Malfunction,2020-03-25,2020-04-27,BOSTON SCIENTIFIC CORPORATION,,,LWS,LWS,EMBLEM MRI S-ICD,IMPLANTABLE CARDIOVERTER DEFIBRILLATOR (NON-CRT),C1722,"Aicd, single chamber",icd_single_chamber,high
2124215-2020-09187,Malfunction,2020-03-25,2020-04-27,BOSTON SCIENTIFIC CORPORATION,,,LWS,LWS,EMBLEM MRI S-ICD,IMPLANTABLE CARDIOVERTER DEFIBRILLATOR (NON-CRT),C1887,"Catheter, guiding",ep_catheter_guiding,medium
2124215-2020-09189,Injury,2020-03-26,2020-04-27,BOSTON SCIENTIFIC CORPORATION,003,,LWP,LWP,INGENIO,"IMPLANTABLE PULSE GENERATOR, PACEMAKER (NON-CRT)",C1896,"Lead, aicd, non sing/dual",icd_lead_single_coil,medium
2124215-2020-09193,Malfunction,2020-03-12,2020-04-27,BOSTON SCIENTIFIC CORPORATION,,,LWP,LWP,ESSENTIO MRI EL DR,"IMPLANTABLE PULSE GENERATOR, PACEMAKER (NON-CRT)",C1896,"Lead, aicd, non sing/dual",icd_lead_single_coil,medium
2124215-2020-09195,Injury,2020-02-24,2020-04-27,BOSTON SCIENTIFIC CORPORATION,,,LWP,LWP,TELIGEN,IMPLANTABLE DEVICE,C1896,"Lead, aicd, non sing/dual",icd_lead_single_coil,medium
2124215-2020-09196,Malfunction,2020-03-27,2020-04-27,JABIL CIRCUIT (SHANGHAI) LTD,,,LWS,LWS,LATITUDE COMMUNICATOR,EXTERNAL COMMUNICATOR,C1721,"Aicd, dual chamber",icd_dual_chamber,high
2124215-2020-09196,Malfunction,2020-03-27,2020-04-27,JABIL CIRCUIT (SHANGHAI) LTD,,,LWS,LWS,LATITUDE COMMUNICATOR,EXTERNAL COMMUNICATOR,C1722,"Aicd, single chamber",icd_single_chamber,high
2124215-2020-09196,Malfunction,2020-03-27,2020-04-27,JABIL CIRCUIT (SHANGHAI) LTD,,,LWS,LWS,LATITUDE COMMUNICATOR,EXTERNAL COMMUNICATOR,C1887,"Catheter, guiding",ep_catheter_guiding,medium
2124215-2020-09205,Injury,2017-04-26,2020-04-28,OSCOR,,,LWS,LWS,EMBLEM S-ICD,IMPLANTABLE LEAD,C1721,"Aicd, dual chamber",icd_dual_chamber,high
2124215-2020-09205,Injury,2017-04-26,2020-04-28,OSCOR,,,LWS,LWS,EMBLEM S-ICD,IMPLANTABLE LEAD,C1722,"Aicd, single chamber",icd_single_chamber,high
2124215-2020-09205,Injury,2017-04-26,2020-04-28,OSCOR,,,LWS,LWS,EMBLEM S-ICD,IMPLANTABLE LEAD,C1887,"Catheter, guiding",ep_catheter_guiding,medium
2124215-2020-09207,Malfunction,2019-06-17,2020-04-27,BOSTON SCIENTIFIC CORPORATION,,,LWS,LWS,ENDOTAK RELIANCE SG,IMPLANTABLE LEAD,C1721,"Aicd, dual chamber",icd_dual_chamber,high
2124215-2020-09207,Malfunction,2019-06-17,2020-04-27,BOSTON SCIENTIFIC CORPORATION,,,LWS,LWS,ENDOTAK RELIANCE SG,IMPLANTABLE LEAD,C1722,"Aicd, single chamber",icd_single_chamber,high
2124215-2020-09207,Malfunction,2019-06-17,2020-04-27,BOSTON SCIENTIFIC CORPORATION,,,LWS,LWS,ENDOTAK RELIANCE SG,IMPLANTABLE LEAD,C1887,"Catheter, guiding",ep_catheter_guiding,medium
2124215-2020-09218,Injury,2020-01-31,2020-04-27,BOSTON SCIENTIFIC CORPORATION,,,LWP,LWP,ESSENTIO SR,"IMPLANTABLE PULSE GENERATOR, PACEMAKER (NON-CRT)",C1896,"Lead, aicd, non sing/dual",icd_lead_single_coil,medium
2124215-2020-09223,Injury,2020-03-20,2020-04-27,BOSTON SCIENTIFIC CORPORATION,,,NVY,NVY,ENDOTAK RELIANCE SG,IMPLANTABLE LEAD,C1779,"Lead, pmkr, transvenous vdd",pacemaker_lead_vdd,high
2124215-2020-09225,Injury,2020-02-18,2020-04-27,BOSTON SCIENTIFIC CORPORATION,,,LWP,LWP,ACCOLADE MRI DR,"IMPLANTABLE PULSE GENERATOR, PACEMAKER (NON-CRT)",C1896,"Lead, aicd, non sing/dual",icd_lead_single_coil,medium
2124215-2020-09226,Malfunction,2020-03-12,2020-04-27,BOSTON SCIENTIFIC CORPORATION,,,LWP,LWP,ACCOLADE MRI DR,"IMPLANTABLE PULSE GENERATOR, PACEMAKER (NON-CRT)",C1896,"Lead, aicd, non sing/dual",icd_lead_single_coil,medium
2124215-2020-09229,Malfunction,2020-01-08,2020-04-27,BOSTON SCIENTIFIC CORPORATION,,,LWP,LWP,ACCOLADE EL DR,IMPLANTABLE DEVICE,C1896,"Lead, aicd, non sing/dual",icd_lead_single_coil,medium
2124215-2020-09231,Injury,2020-02-18,2020-04-27,BOSTON SCIENTIFIC CORPORATION,,,LWP,LWP,ENERGEN ICD,IMPLANTABLE DEVICE,C1896,"Lead, aicd, non sing/dual",icd_lead_single_coil,medium
2124215-2020-09232,Injury,2020-02-17,2020-04-27,BOSTON SCIENTIFIC CORPORATION,,,DTB,DTB,FINELINE II STEROX,IMPLANTABLE LEAD,C1785,"Pmkr, dual, rate-resp",pacemaker_dual_chamber,high
2124215-2020-09232,Injury,2020-02-17,2020-04-27,BOSTON SCIENTIFIC CORPORATION,,,DTB,DTB,FINELINE II STEROX,IMPLANTABLE LEAD,C1786,"Pmkr, single, rate-resp",pacemaker_single_chamber,high
2124215-2020-09237,Injury,2019-09-03,2020-04-27,BOSTON SCIENTIFIC CORPORATION,,,LWS,LWS,DYNAGEN EL ICD DR,IMPLANTABLE DEVICE,C1721,"Aicd, dual chamber",icd_dual_chamber,high
2124215-2020-09237,Injury,2019-09-03,2020-04-27,BOSTON SCIENTIFIC CORPORATION,,,LWS,LWS,DYNAGEN EL ICD DR,IMPLANTABLE DEVICE,C1722,"Aicd, single chamber",icd_single_chamber,high
2124215-2020-09237,Injury,2019-09-03,2020-04-27,BOSTON SCIENTIFIC CORPORATION,,,LWS,LWS,DYNAGEN EL ICD DR,IMPLANTABLE DEVICE,C1887,"Catheter, guiding",ep_catheter_guiding,medium
2124215-2020-09238,Malfunction,2020-03-05,2020-04-27,BOSTON SCIENTIFIC CORPORATION,,,LWP,LWP,ACUITY X4 STRAIGHT,IMPLANTABLE LEAD,C1896,"Lead, aicd, non sing/dual",icd_lead_single_coil,medium
2124215-2020-09242,Malfunction,2020-01-05,2020-04-27,BOSTON SCIENTIFIC CORPORATION,,,LWP,LWP,ACCOLADE DR,IMPLANTABLE DEVICE,C1896,"Lead, aicd, non sing/dual",icd_lead_single_coil,medium
2124215-2020-09244,Malfunction,2020-03-20,2020-04-27,BOSTON SCIENTIFIC CORPORATION,,,LWP,LWP,COGNIS,"IMPLANTABLE PULSE GENERATOR, PACEMAKER (NON-CRT)",C1896,"Lead, aicd, non sing/dual",icd_lead_single_coil,medium
2124215-2020-09246,Malfunction,2020-02-10,2020-04-27,BOSTON SCIENTIFIC CORPORATION,,,LWS,LWS,MOMENTUM EL ICD DR,IMPLANTABLE DEVICE,C1721,"Aicd, dual chamber",icd_dual_chamber,high
2124215-2020-09246,Malfunction,2020-02-10,2020-04-27,BOSTON SCIENTIFIC CORPORATION,,,LWS,LWS,MOMENTUM EL ICD DR,IMPLANTABLE DEVICE,C1722,"Aicd, single chamber",icd_single_chamber,high
2124215-2020-09246,Malfunction,2020-02-10,2020-04-27,BOSTON SCIENTIFIC CORPORATION,,,LWS,LWS,MOMENTUM EL ICD DR,IMPLANTABLE DEVICE,C1887,"Catheter, guiding",ep_catheter_guiding,medium
2124215-2020-09248,Malfunction,2020-03-10,2020-04-27,BOSTON SCIENTIFIC CORPORATION,,,LWS,LWS,EMBLEM MRI S-ICD,IMPLANTABLE CARDIOVERTER DEFIBRILLATOR (NON-CRT),C1721,"Aicd, dual chamber",icd_dual_chamber,high
2124215-2020-09248,Malfunction,2020-03-10,2020-04-27,BOSTON SCIENTIFIC CORPORATION,,,LWS,LWS,EMBLEM MRI S-ICD,IMPLANTABLE CARDIOVERTER DEFIBRILLATOR (NON-CRT),C1722,"Aicd, single chamber",icd_single_chamber,high
2124215-2020-09248,Malfunction,2020-03-10,2020-04-27,BOSTON SCIENTIFIC CORPORATION,,,LWS,LWS,EMBLEM MRI S-ICD,IMPLANTABLE CARDIOVERTER DEFIBRILLATOR (NON-CRT),C1887,"Catheter, guiding",ep_catheter_guiding,medium
2124215-2020-09249,Malfunction,2020-03-10,2020-04-28,BOSTON SCIENTIFIC CORPORATION,,,LWS,LWS,EMBLEM S-ICD,IMPLANTABLE LEAD,C1721,"Aicd, dual chamber",icd_dual_chamber,high
2124215-2020-09249,Malfunction,2020-03-10,2020-04-28,BOSTON SCIENTIFIC CORPORATION,,,LWS,LWS,EMBLEM S-ICD,IMPLANTABLE LEAD,C1722,"Aicd, single chamber",icd_single_chamber,high
2124215-2020-09249,Malfunction,2020-03-10,2020-04-28,BOSTON SCIENTIFIC CORPORATION,,,LWS,LWS,EMBLEM S-ICD,IMPLANTABLE LEAD,C1887,"Catheter, guiding",ep_catheter_guiding,medium
2124215-2020-09251,Malfunction,2020-02-10,2020-04-27,BOSTON SCIENTIFIC CORPORATION,,,LWP,LWP,ACCOLADE MRI EL DR,IMPLANTABLE DEVICE,C1896,"Lead, aicd, non sing/dual",icd_lead_single_coil,medium
2124215-2020-09260,Malfunction,2019-10-18,2020-04-27,BOSTON SCIENTIFIC CORPORATION,,,LWP,LWP,ACCOLADE MRI DR,"IMPLANTABLE PULSE GENERATOR, PACEMAKER (NON-CRT)",C1896,"Lead, aicd, non sing/dual",icd_lead_single_coil,medium
2124215-2020-09266,Injury,2018-02-08,2020-04-28,CAMERON HEALTH,,,LWS,LWS,SQ-RX PULSE GENERATOR,IMPLANTABLE CARDIOVERTER DEFIBRILLATOR (NON-CRT),C1721,"Aicd, dual chamber",icd_dual_chamber,high
2124215-2020-09266,Injury,2018-02-08,2020-04-28,CAMERON HEALTH,,,LWS,LWS,SQ-RX PULSE GENERATOR,IMPLANTABLE CARDIOVERTER DEFIBRILLATOR (NON-CRT),C1722,"Aicd, single chamber",icd_single_chamber,high
2124215-2020-09266,Injury,2018-02-08,2020-04-28,CAMERON HEALTH,,,LWS,LWS,SQ-RX PULSE GENERATOR,IMPLANTABLE CARDIOVERTER DEFIBRILLATOR (NON-CRT),C1887,"Catheter, guiding",ep_catheter_guiding,medium
2124215-2020-09269,Injury,2020-03-13,2020-04-27,BOSTON SCIENTIFIC CORPORATION,,,NVY,NVY,ENDOTAK RELIANCE G,PERMANENT DEFIBRILLATOR ELECTRODES,C1779,"Lead, pmkr, transvenous vdd",pacemaker_lead_vdd,high
2124215-2020-09270,Malfunction,2020-01-08,2020-04-27,BOSTON SCIENTIFIC CORPORATION,,,LWP,LWP,INGENIO,"IMPLANTABLE PULSE GENERATOR, PACEMAKER (NON-CRT)",C1896,"Lead, aicd, non sing/dual",icd_lead_single_coil,medium
2124215-2020-09271,Injury,2020-02-24,2020-04-27,BOSTON SCIENTIFIC CORPORATION,,,LWP,LWP,TELIGEN,IMPLANTABLE DEVICE,C1896,"Lead, aicd, non sing/dual",icd_lead_single_coil,medium
2124215-2020-09273,Injury,2020-03-19,2020-04-27,BOSTON SCIENTIFIC CORPORATION,,,NVY,NVY,ENDOTAK RELIANCE SG,PERMANENT DEFIBRILLATOR ELECTRODES,C1779,"Lead, pmkr, transvenous vdd",pacemaker_lead_vdd,high
2124215-2020-09274,Malfunction,2020-03-11,2020-04-27,BOSTON SCIENTIFIC CORPORATION,,,NVY,NVY,ENDOTAK RELIANCE,IMPLANTABLE LEAD,C1779,"Lead, pmkr, transvenous vdd",pacemaker_lead_vdd,high
2124215-2020-09285,Injury,2019-11-21,2020-04-27,BOSTON SCIENTIFIC CORPORATION,,,LWP,LWP,INGENIO,"IMPLANTABLE PULSE GENERATOR, PACEMAKER (NON-CRT)",C1896,"Lead, aicd, non sing/dual",icd_lead_single_coil,medium
2124215-2020-09300,Malfunction,2020-03-25,2020-04-27,BOSTON SCIENTIFIC CORPORATION,,,DTB,DTB,FINELINE II EZ STEROX,PERMANENT PACEMAKER ELECTRODE,C1785,"Pmkr, dual, rate-resp",pacemaker_dual_chamber,high
2124215-2020-09300,Malfunction,2020-03-25,2020-04-27,BOSTON SCIENTIFIC CORPORATION,,,DTB,DTB,FINELINE II EZ STEROX,PERMANENT PACEMAKER ELECTRODE,C1786,"Pmkr, single, rate-resp",pacemaker_single_chamber,high
2124215-2020-09301,Injury,2020-03-30,2020-04-27,BOSTON SCIENTIFIC CORPORATION,,,DTB,DTB,FLEXTEND,PERMANENT PACEMAKER ELECTRODE,C1785,"Pmkr, dual, rate-resp",pacemaker_dual_chamber,high
2124215-2020-09301,Injury,2020-03-30,2020-04-27,BOSTON SCIENTIFIC CORPORATION,,,DTB,DTB,FLEXTEND,PERMANENT PACEMAKER ELECTRODE,C1786,"Pmkr, single, rate-resp",pacemaker_single_chamber,high
2124215-2020-09306,Injury,2020-01-30,2020-04-27,BOSTON SCIENTIFIC CORPORATION,,,LWP,LWP,ACCOLADE MRI DR,"IMPLANTABLE PULSE GENERATOR, PACEMAKER (NON-CRT)",C1896,"Lead, aicd, non sing/dual",icd_lead_single_coil,medium
2124215-2020-09311,Injury,2020-03-18,2020-04-27,BOSTON SCIENTIFIC CORPORATION,,,LWS,LWS,INOGEN MINI ICD VR,IMPLANTABLE CARDIOVERTER DEFIBRILLATOR (NON-CRT),C1721,"Aicd, dual chamber",icd_dual_chamber,high
2124215-2020-09311,Injury,2020-03-18,2020-04-27,BOSTON SCIENTIFIC CORPORATION,,,LWS,LWS,INOGEN MINI ICD VR,IMPLANTABLE CARDIOVERTER DEFIBRILLATOR (NON-CRT),C1722,"Aicd, single chamber",icd_single_chamber,high
2124215-2020-09311,Injury,2020-03-18,2020-04-27,BOSTON SCIENTIFIC CORPORATION,,,LWS,LWS,INOGEN MINI ICD VR,IMPLANTABLE CARDIOVERTER DEFIBRILLATOR (NON-CRT),C1887,"Catheter, guiding",ep_catheter_guiding,medium
2124215-2020-09312,Malfunction,2020-03-19,2020-04-27,BOSTON SCIENTIFIC CORPORATION,,,LWP,LWP,ALTRUA 60,"IMPLANTABLE PULSE GENERATOR, PACEMAKER (NON-CRT)",C1896,"Lead, aicd, non sing/dual",icd_lead_single_coil,medium
2124215-2020-09318,Injury,2020-02-14,2020-04-28,BOSTON SCIENTIFIC CORPORATION,,,LWS,LWS,EMBLEM S-ICD,IMPLANTABLE LEAD,C1721,"Aicd, dual chamber",icd_dual_chamber,high
2124215-2020-09318,Injury,2020-02-14,2020-04-28,BOSTON SCIENTIFIC CORPORATION,,,LWS,LWS,EMBLEM S-ICD,IMPLANTABLE LEAD,C1722,"Aicd, single chamber",icd_single_chamber,high
2124215-2020-09318,Injury,2020-02-14,2020-04-28,BOSTON SCIENTIFIC CORPORATION,,,LWS,LWS,EMBLEM S-ICD,IMPLANTABLE LEAD,C1887,"Catheter, guiding",ep_catheter_guiding,medium
2124215-2020-09320,Injury,2020-02-04,2020-04-27,BOSTON SCIENTIFIC CORPORATION,,,LWP,LWP,ACCOLADE MRI DR,"IMPLANTABLE PULSE GENERATOR, PACEMAKER (NON-CRT)",C1896,"Lead, aicd, non sing/dual",icd_lead_single_coil,medium
2124215-2020-09542,Death,2019-12-10,2020-04-28,BOSTON SCIENTIFIC CORPORATION,,,LWP,LWP,ACCOLADE MRI EL DR,"IMPLANTABLE PULSE GENERATOR, PACEMAKER (NON-CRT)",C1896,"Lead, aicd, non sing/dual",icd_lead_single_coil,medium
2134265-2008-00441,Malfunction,2008-01-14,2008-02-15,BOSTON SCIENTIFIC,,,NIQ,NIQ,TAXUS EXPRESS2 PACLITAXEL-ELUTING CORONARY STENT SYSTEM,"NIQ STENT, CORONARY, DRUG ELUTING",C1874,"Stent, coated/cov w/del sys",drug_eluting_stent,high
2134265-2008-00441,Malfunction,2008-01-14,2008-02-15,BOSTON SCIENTIFIC,,,NIQ,NIQ,TAXUS EXPRESS2 PACLITAXEL-ELUTING CORONARY STENT SYSTEM,"NIQ STENT, CORONARY, DRUG ELUTING",C1875,"Stent, coated/cov w/o del sy",drug_eluting_stent,high
2134265-2008-00442,Malfunction,2008-01-18,2008-02-15,BOSTON SCIENTIFIC,,,MAF,MAF,LIBERTE' MONORAIL CORONARY STENT DELIVERY SYSTEM,"MAF STENT, CORONARY",C1876,"Stent, non-coa/non-cov w/del",bare_metal_stent,high
2134265-2008-00442,Malfunction,2008-01-18,2008-02-15,BOSTON SCIENTIFIC,,,MAF,MAF,LIBERTE' MONORAIL CORONARY STENT DELIVERY SYSTEM,"MAF STENT, CORONARY",C1877,"Stent, non-coat/cov w/o del",bare_metal_stent,high
2134265-2008-00443,Malfunction,,2008-02-15,BOSTON SCIENTIFIC,,,MAF,MAF,LIBERTE' MONORAIL CORONARY STENT DELIVERY SYSTEM,"MAF STENT, CORONARY",C1876,"Stent, non-coa/non-cov w/del",bare_metal_stent,high
2134265-2008-00443,Malfunction,,2008-02-15,BOSTON SCIENTIFIC,,,MAF,MAF,LIBERTE' MONORAIL CORONARY STENT DELIVERY SYSTEM,"MAF STENT, CORONARY",C1877,"Stent, non-coat/cov w/o del",bare_metal_stent,high
2134265-2008-00452,Injury,2008-01-23,2008-02-19,BOSTON SCIENTIFIC,,,DQX,DQX,LUGE,"DQX WIRE, GUIDE, CATHETER",C1755,"Catheter, intraspinal",catheter_guidewire,medium
2134265-2008-00452,Injury,2008-01-23,2008-02-19,BOSTON SCIENTIFIC,,,DQX,DQX,LUGE,"DQX WIRE, GUIDE, CATHETER",C1769,Guide wire,,medium
2134265-2008-00453,Injury,2008-01-23,2008-02-19,BOSTON SCIENTIFIC,,,DQX,DQX,LUGE,"DQX WIRE, GUIDE, CATHETER",C1755,"Catheter, intraspinal",catheter_guidewire,medium
2134265-2008-00453,Injury,2008-01-23,2008-02-19,BOSTON SCIENTIFIC,,,DQX,DQX,LUGE,"DQX WIRE, GUIDE, CATHETER",C1769,Guide wire,,medium
2134265-2008-00454,Injury,2008-01-23,2008-02-19,BOSTON SCIENTIFIC,,,DQX,DQX,LUGE,"DQX WIRE, GUIDE, CATHETER",C1755,"Catheter, intraspinal",catheter_guidewire,medium
2134265-2008-00454,Injury,2008-01-23,2008-02-19,BOSTON SCIENTIFIC,,,DQX,DQX,LUGE,"DQX WIRE, GUIDE, CATHETER",C1769,Guide wire,,medium
2134265-2008-00455,Injury,2008-01-23,2008-02-19,BOSTON SCIENTIFIC,,,DQX,DQX,LUGE,"DQX WIRE, GUIDE, CATHETER",C1755,"Catheter, intraspinal",catheter_guidewire,medium
2134265-2008-00455,Injury,2008-01-23,2008-02-19,BOSTON SCIENTIFIC,,,DQX,DQX,LUGE,"DQX WIRE, GUIDE, CATHETER",C1769,Guide wire,,medium
2134265-2008-00457,Injury,2005-11-06,2008-02-19,BOSTON SCIENTIFIC CORPORATION,,,MAF,MAF,EXPRESS2 CORONARY STENT DELIVERY SYSTEM,"MAF - STENT, CORONARY",C1876,"Stent, non-coa/non-cov w/del",bare_metal_stent,high
2134265-2008-00457,Injury,2005-11-06,2008-02-19,BOSTON SCIENTIFIC CORPORATION,,,MAF,MAF,EXPRESS2 CORONARY STENT DELIVERY SYSTEM,"MAF - STENT, CORONARY",C1877,"Stent, non-coat/cov w/o del",bare_metal_stent,high
2134265-2008-00458,Injury,2006-05-16,2008-02-19,BOSTON SCIENTIFIC CORPORATION,,,MAF,MAF,EXPRESS2 MONORAIL CORONARY STENT DELIVERY SYSTEM,"MAF - STENT, CORONARY",C1876,"Stent, non-coa/non-cov w/del",bare_metal_stent,high
2134265-2008-00458,Injury,2006-05-16,2008-02-19,BOSTON SCIENTIFIC CORPORATION,,,MAF,MAF,EXPRESS2 MONORAIL CORONARY STENT DELIVERY SYSTEM,"MAF - STENT, CORONARY",C1877,"Stent, non-coat/cov w/o del",bare_metal_stent,high
2134265-2008-00463,Injury,2008-01-23,2008-02-19,BOSTON SCIENTIFIC,,,NIQ,NIQ,TAXUS EXPRESS2 PACLITAXEL-ELUTING CORONARY STENT SYSTEM,"NIQ STENT, CORONARY, DRUG-ELUTING",C1874,"Stent, coated/cov w/del sys",drug_eluting_stent,high
2134265-2008-00463,Injury,2008-01-23,2008-02-19,BOSTON SCIENTIFIC,,,NIQ,NIQ,TAXUS EXPRESS2 PACLITAXEL-ELUTING CORONARY STENT SYSTEM,"NIQ STENT, CORONARY, DRUG-ELUTING",C1875,"Stent, coated/cov w/o del sy",drug_eluting_stent,high
2134265-2008-00465,Injury,2008-01-01,2008-02-19,BOSTON SCIENTIFIC,,,NIQ,NIQ,TAXUS EXPRESS2 PACLITAXEL-ELUTING CORONARY STENT SYSTEM,"NIQ STENT, CORONARY, DRUG-ELUTING",C1874,"Stent, coated/cov w/del sys",drug_eluting_stent,high
2134265-2008-00465,Injury,2008-01-01,2008-02-19,BOSTON SCIENTIFIC,,,NIQ,NIQ,TAXUS EXPRESS2 PACLITAXEL-ELUTING CORONARY STENT SYSTEM,"NIQ STENT, CORONARY, DRUG-ELUTING",C1875,"Stent, coated/cov w/o del sy",drug_eluting_stent,high
2134265-2008-00466,Injury,2008-01-07,2008-02-19,BOSTON SCIENTIFIC,,,NIQ,NIQ,TAXUS EXPRESS2 PACLITAXEL-ELUTING CORONARY STENT SYSTEM,"NIQ STENT, CORONARY, DRUG-ELUTING",C1874,"Stent, coated/cov w/del sys",drug_eluting_stent,high
2134265-2008-00466,Injury,2008-01-07,2008-02-19,BOSTON SCIENTIFIC,,,NIQ,NIQ,TAXUS EXPRESS2 PACLITAXEL-ELUTING CORONARY STENT SYSTEM,"NIQ STENT, CORONARY, DRUG-ELUTING",C1875,"Stent, coated/cov w/o del sy",drug_eluting_stent,high
2134265-2008-00467,Injury,2008-01-07,2008-02-19,BOSTON SCIENTIFIC,,,NIQ,NIQ,TAXUS EXPRESS2 PACLITAXEL-ELUTING CORONARY STENT SYSTEM,"NIQ STENT, CORONARY, DRUG-ELUTING",C1874,"Stent, coated/cov w/del sys",drug_eluting_stent,high
2134265-2008-00467,Injury,2008-01-07,2008-02-19,BOSTON SCIENTIFIC,,,NIQ,NIQ,TAXUS EXPRESS2 PACLITAXEL-ELUTING CORONARY STENT SYSTEM,"NIQ STENT, CORONARY, DRUG-ELUTING",C1875,"Stent, coated/cov w/o del sy",drug_eluting_stent,high
2134265-2008-00471,Death,2007-03-06,2008-02-19,BOSTON SCIENTIFIC CORPORATION,,,MAF,MAF,EXPRESS2 MONORAIL CORONARY STENT DELIVERY SYSTEM,"MAF STENT, CORONARY",C1876,"Stent, non-coa/non-cov w/del",bare_metal_stent,high
2134265-2008-00471,Death,2007-03-06,2008-02-19,BOSTON SCIENTIFIC CORPORATION,,,MAF,MAF,EXPRESS2 MONORAIL CORONARY STENT DELIVERY SYSTEM,"MAF STENT, CORONARY",C1877,"Stent, non-coat/cov w/o del",bare_metal_stent,high
2134265-2008-00475,Injury,2005-01-20,2008-02-20,BOSTON SCIENTIFIC,,,NIQ,NIQ,TAXUS EXPRESS2 PACLITAXEL-ELUTING CORONARY STENT,"NIQ STENT, CORONARY, DRUG-ELUTING",C1874,"Stent, coated/cov w/del sys",drug_eluting_stent,high
2134265-2008-00475,Injury,2005-01-20,2008-02-20,BOSTON SCIENTIFIC,,,NIQ,NIQ,TAXUS EXPRESS2 PACLITAXEL-ELUTING CORONARY STENT,"NIQ STENT, CORONARY, DRUG-ELUTING",C1875,"Stent, coated/cov w/o del sy",drug_eluting_stent,high
2134265-2008-00476,Injury,2005-01-20,2008-02-20,BOSTON SCIENTIFIC,,,NIQ,NIQ,TAXUS EXPRESS2 PACLITAXEL-ELUTING CORONARY STENT SYSTEM,"NIQ STENT, CORONARY, DRUG-ELUTING",C1874,"Stent, coated/cov w/del sys",drug_eluting_stent,high
2134265-2008-00476,Injury,2005-01-20,2008-02-20,BOSTON SCIENTIFIC,,,NIQ,NIQ,TAXUS EXPRESS2 PACLITAXEL-ELUTING CORONARY STENT SYSTEM,"NIQ STENT, CORONARY, DRUG-ELUTING",C1875,"Stent, coated/cov w/o del sy",drug_eluting_stent,high
2134265-2008-00477,Injury,2005-01-20,2008-02-20,BOSTON SCIENTIFIC,,,NIQ,NIQ,TAXUS EXPRESS2 PACLITAXEL-ELUTING CORONARY STENT SYSTEM,"NIQ STENT, CORONARY, DRUG-ELUTING",C1874,"Stent, coated/cov w/del sys",drug_eluting_stent,high
2134265-2008-00477,Injury,2005-01-20,2008-02-20,BOSTON SCIENTIFIC,,,NIQ,NIQ,TAXUS EXPRESS2 PACLITAXEL-ELUTING CORONARY STENT SYSTEM,"NIQ STENT, CORONARY, DRUG-ELUTING",C1875,"Stent, coated/cov w/o del sy",drug_eluting_stent,high
2134265-2008-00479,Injury,2006-11-13,2008-02-19,BOSTON SCIENTIFIC,,,MAF,MAF,EXPRESS2 MONORAIL CORONARY STENT DELIVERY SYSTEM,"MAF STENT, CORONARY",C1876,"Stent, non-coa/non-cov w/del",bare_metal_stent,high
2134265-2008-00479,Injury,2006-11-13,2008-02-19,BOSTON SCIENTIFIC,,,MAF,MAF,EXPRESS2 MONORAIL CORONARY STENT DELIVERY SYSTEM,"MAF STENT, CORONARY",C1877,"Stent, non-coat/cov w/o del",bare_metal_stent,high
2134265-2008-00480,Injury,2008-01-21,2008-02-19,BOSTON SCIENTIFIC,,,NIQ,NIQ,TAXUS EXPRESS2 PACLITAXEL-ELUTING CORONARY STENT SYSTEM,"NIQ STENT, CORONARY, DRUG-ELUTING",C1874,"Stent, coated/cov w/del sys",drug_eluting_stent,high
2134265-2008-00480,Injury,2008-01-21,2008-02-19,BOSTON SCIENTIFIC,,,NIQ,NIQ,TAXUS EXPRESS2 PACLITAXEL-ELUTING CORONARY STENT SYSTEM,"NIQ STENT, CORONARY, DRUG-ELUTING",C1875,"Stent, coated/cov w/o del sy",drug_eluting_stent,high
2134265-2008-00482,Injury,2008-01-29,2008-02-19,BOSTON SCIENTIFIC,,,NIQ,NIQ,TAXUS EXPRESS2 PACLITAXEL-ELUTING CORONARY STENT SYSTEM,"NIQ STENT, CORONARY, DRUG-ELUTING",C1874,"Stent, coated/cov w/del sys",drug_eluting_stent,high
2134265-2008-00482,Injury,2008-01-29,2008-02-19,BOSTON SCIENTIFIC,,,NIQ,NIQ,TAXUS EXPRESS2 PACLITAXEL-ELUTING CORONARY STENT SYSTEM,"NIQ STENT, CORONARY, DRUG-ELUTING",C1875,"Stent, coated/cov w/o del sy",drug_eluting_stent,high
2134265-2008-00483,Injury,2008-01-29,2008-02-19,BOSTON SCIENTIFIC,,,NIQ,NIQ,TAXUS EXPRESS2 PACLITAXEL-ELUTING CORONARY STENT SYSTEM,"NIQ STENT, CORONARY, DRUG-ELUTING",C1874,"Stent, coated/cov w/del sys",drug_eluting_stent,high
2134265-2008-00483,Injury,2008-01-29,2008-02-19,BOSTON SCIENTIFIC,,,NIQ,NIQ,TAXUS EXPRESS2 PACLITAXEL-ELUTING CORONARY STENT SYSTEM,"NIQ STENT, CORONARY, DRUG-ELUTING",C1875,"Stent, coated/cov w/o del sy",drug_eluting_stent,high
2134265-2008-00486,Injury,2008-01-23,2008-02-20,BOSTON SCIENTIFIC CORPORATION,,,MAF,MAF,LIBERTE' MONORAIL CORONARY STENT DELIVERY STENT,"MAF STENT, CORONARY",C1876,"Stent, non-coa/non-cov w/del",bare_metal_stent,high
2134265-2008-00486,Injury,2008-01-23,2008-02-20,BOSTON SCIENTIFIC CORPORATION,,,MAF,MAF,LIBERTE' MONORAIL CORONARY STENT DELIVERY STENT,"MAF STENT, CORONARY",C1877,"Stent, non-coat/cov w/o del",bare_metal_stent,high
2134265-2008-00487,Injury,,2008-02-20,BOSTON SCIENTIFIC CORPORATION,,,NIQ,NIQ,TAXUS EXPRESS2 PACLITAXEL-ELUTING CORONARY STENT SYSTEM,"NIQ STENT, CORONARY, DRUG-ELUTING",C1874,"Stent, coated/cov w/del sys",drug_eluting_stent,high
2134265-2008-00487,Injury,,2008-02-20,BOSTON SCIENTIFIC CORPORATION,,,NIQ,NIQ,TAXUS EXPRESS2 PACLITAXEL-ELUTING CORONARY STENT SYSTEM,"NIQ STENT, CORONARY, DRUG-ELUTING",C1875,"Stent, coated/cov w/o del sy",drug_eluting_stent,high
2134265-2008-00488,Injury,,2008-02-20,BOSTON SCIENTIFIC CORPORATION,,,NIQ,NIQ,TAXUS EXPRESS2 PACLITAXEL-ELUTING CORONARY STENT SYSTEM,"NIQ STENT, CORONARY, DRUG-ELUTING",C1874,"Stent, coated/cov w/del sys",drug_eluting_stent,high
2134265-2008-00488,Injury,,2008-02-20,BOSTON SCIENTIFIC CORPORATION,,,NIQ,NIQ,TAXUS EXPRESS2 PACLITAXEL-ELUTING CORONARY STENT SYSTEM,"NIQ STENT, CORONARY, DRUG-ELUTING",C1875,"Stent, coated/cov w/o del sy",drug_eluting_stent,high
2134265-2008-00489,Death,2008-01-23,2008-02-20,BOSTON SCIENTIFIC,,,NIQ,NIQ,TAXUS EXPRESS2 PACLITAXEL-ELUTING CORONARY STENT SYSTEM,"NIQ STENT, CORONARY, DRUG-ELUTING",C1874,"Stent, coated/cov w/del sys",drug_eluting_stent,high
2134265-2008-00489,Death,2008-01-23,2008-02-20,BOSTON SCIENTIFIC,,,NIQ,NIQ,TAXUS EXPRESS2 PACLITAXEL-ELUTING CORONARY STENT SYSTEM,"NIQ STENT, CORONARY, DRUG-ELUTING",C1875,"Stent, coated/cov w/o del sy",drug_eluting_stent,high
2134265-2008-00490,Injury,2008-01-14,2008-02-20,BOSTON SCIENTIFIC,,,NIQ,NIQ,TAXUS EXPRESS2 PACLITAXEL-ELUTING CORONARY STENT SYSTEM,"NIQ STENT, CORONARY, DRUG-ELUTING",C1874,"Stent, coated/cov w/del sys",drug_eluting_stent,high
2134265-2008-00490,Injury,2008-01-14,2008-02-20,BOSTON SCIENTIFIC,,,NIQ,NIQ,TAXUS EXPRESS2 PACLITAXEL-ELUTING CORONARY STENT SYSTEM,"NIQ STENT, CORONARY, DRUG-ELUTING",C1875,"Stent, coated/cov w/o del sy",drug_eluting_stent,high
2134265-2008-00491,Injury,2008-01-14,2008-02-20,BOSTON SCIENTIFIC,,,NIQ,NIQ,TAXUS EXPRESS2 PACLITAXEL-ELUTING CORONARY STENT SYSTEM,"NIQ STENT, CORONARY, DRUG-ELUTING",C1874,"Stent, coated/cov w/del sys",drug_eluting_stent,high
2134265-2008-00491,Injury,2008-01-14,2008-02-20,BOSTON SCIENTIFIC,,,NIQ,NIQ,TAXUS EXPRESS2 PACLITAXEL-ELUTING CORONARY STENT SYSTEM,"NIQ STENT, CORONARY, DRUG-ELUTING",C1875,"Stent, coated/cov w/o del sy",drug_eluting_stent,high
2134265-2008-00497,Injury,2006-04-25,2008-02-20,BOSTON SCIENTIFIC CORPORATION,,,NIQ,NIQ,TAXUS EXPRESS2 PACLITAXEL-ELUTING CORONARY STENT SYSTEM,"NIQ STENT, CORONARY, DRUG-ELUTING",C1874,"Stent, coated/cov w/del sys",drug_eluting_stent,high
2134265-2008-00497,Injury,2006-04-25,2008-02-20,BOSTON SCIENTIFIC CORPORATION,,,NIQ,NIQ,TAXUS EXPRESS2 PACLITAXEL-ELUTING CORONARY STENT SYSTEM,"NIQ STENT, CORONARY, DRUG-ELUTING",C1875,"Stent, coated/cov w/o del sy",drug_eluting_stent,high
2134265-2020-04870,Malfunction,2020-04-01,2020-04-27,BOSTON SCIENTIFIC CORPORATION,,,NIQ,NIQ,SYNERGY,BIODEGRADABLE POLYMER DRUG ELUTING CORONARY STENT SYSTEM,C1874,"Stent, coated/cov w/del sys",drug_eluting_stent,high
2134265-2020-04870,Malfunction,2020-04-01,2020-04-27,BOSTON SCIENTIFIC CORPORATION,,,NIQ,NIQ,SYNERGY,BIODEGRADABLE POLYMER DRUG ELUTING CORONARY STENT SYSTEM,C1875,"Stent, coated/cov w/o del sy",drug_eluting_stent,high
2134265-2020-04875,Malfunction,2020-04-03,2020-04-27,BOSTON SCIENTIFIC CORPORATION,,,NIQ,NIQ,PROMUS ELITE,CORONARY DRUG-ELUTING STENT,C1874,"Stent, coated/cov w/del sys",drug_eluting_stent,high
2134265-2020-04875,Malfunction,2020-04-03,2020-04-27,BOSTON SCIENTIFIC CORPORATION,,,NIQ,NIQ,PROMUS ELITE,CORONARY DRUG-ELUTING STENT,C1875,"Stent, coated/cov w/o del sy",drug_eluting_stent,high
2134265-2020-04914,Malfunction,2020-02-02,2020-04-27,BOSTON SCIENTIFIC CORPORATION,,,NIQ,NIQ,PROMUS PREMIER SELECT,"STENT, CORONARY, DRUG-ELUTING",C1874,"Stent, coated/cov w/del sys",drug_eluting_stent,high
2134265-2020-04914,Malfunction,2020-02-02,2020-04-27,BOSTON SCIENTIFIC CORPORATION,,,NIQ,NIQ,PROMUS PREMIER SELECT,"STENT, CORONARY, DRUG-ELUTING",C1875,"Stent, coated/cov w/o del sy",drug_eluting_stent,high
2134265-2020-04974,Malfunction,2020-02-07,2020-04-28,BOSTON SCIENTIFIC CORPORATION,,,NIQ,NIQ,PROMUS PREMIER SELECT,"STENT, CORONARY, DRUG-ELUTING",C1874,"Stent, coated/cov w/del sys",drug_eluting_stent,high
2134265-2020-04974,Malfunction,2020-02-07,2020-04-28,BOSTON SCIENTIFIC CORPORATION,,,NIQ,NIQ,PROMUS PREMIER SELECT,"STENT, CORONARY, DRUG-ELUTING",C1875,"Stent, coated/cov w/o del sy",drug_eluting_stent,high
2134265-2020-04991,Malfunction,2019-12-24,2020-04-28,BOSTON SCIENTIFIC CORPORATION,,,NIQ,NIQ,PROMUS PREMIER,"STENT, CORONARY, DRUG-ELUTING",C1874,"Stent, coated/cov w/del sys",drug_eluting_stent,high
2134265-2020-04991,Malfunction,2019-12-24,2020-04-28,BOSTON SCIENTIFIC CORPORATION,,,NIQ,NIQ,PROMUS PREMIER,"STENT, CORONARY, DRUG-ELUTING",C1875,"Stent, coated/cov w/o del sy",drug_eluting_stent,high
2134265-2020-05046,Malfunction,2019-12-18,2020-04-28,BOSTON SCIENTIFIC CORPORATION,,,NIQ,NIQ,PROMUS ELEMENT  LONG,"STENT, CORONARY, DRUG-ELUTING",C1874,"Stent, coated/cov w/del sys",drug_eluting_stent,high
2134265-2020-05046,Malfunction,2019-12-18,2020-04-28,BOSTON SCIENTIFIC CORPORATION,,,NIQ,NIQ,PROMUS ELEMENT  LONG,"STENT, CORONARY, DRUG-ELUTING",C1875,"Stent, coated/cov w/o del sy",drug_eluting_stent,high
2134265-2020-05458,Malfunction,2020-03-06,2020-04-28,BOSTON SCIENTIFIC CORPORATION,,,MAF,MAF,REBEL,"STENT, CORONARY",C1876,"Stent, non-coa/non-cov w/del",bare_metal_stent,high
2134265-2020-05458,Malfunction,2020-03-06,2020-04-28,BOSTON SCIENTIFIC CORPORATION,,,MAF,MAF,REBEL,"STENT, CORONARY",C1877,"Stent, non-coat/cov w/o del",bare_metal_stent,high
2134265-2020-05603,Malfunction,2020-04-20,2020-04-27,BOSTON SCIENTIFIC CORPORATION,,,DQY,DQY,STERLING,"CATHETER, PERCUTANEOUS",C1725,"Cath, translumin non-laser",atherectomy_catheter,high
2134265-2020-05626,Malfunction,2019-11-28,2020-04-27,BOSTON SCIENTIFIC CORPORATION,,,NIQ,NIQ,PROMUS ELEMENT  LONG,"STENT, CORONARY, DRUG-ELUTING",C1874,"Stent, coated/cov w/del sys",drug_eluting_stent,high
2134265-2020-05626,Malfunction,2019-11-28,2020-04-27,BOSTON SCIENTIFIC CORPORATION,,,NIQ,NIQ,PROMUS ELEMENT  LONG,"STENT, CORONARY, DRUG-ELUTING",C1875,"Stent, coated/cov w/o del sy",drug_eluting_stent,high
2134265-2020-05651,Injury,2020-04-20,2020-04-28,BOSTON SCIENTIFIC CORPORATION,,,DQX,DQX,V-18 CONTROL WIRE,"WIRE, GUIDE, CATHETER",C1755,"Catheter, intraspinal",catheter_guidewire,medium
2134265-2020-05651,Injury,2020-04-20,2020-04-28,BOSTON SCIENTIFIC CORPORATION,,,DQX,DQX,V-18 CONTROL WIRE,"WIRE, GUIDE, CATHETER",C1769,Guide wire,,medium
2134265-2020-05684,Malfunction,2020-04-09,2020-04-28,BOSTON SCIENTIFIC CORPORATION,,,DQY,DQY,WATCHMAN  TRUSEAL ACCESS SYSTEM,"SYSTEM, APPENDAGE CLOSURE, LEFT ATRIAL",C1725,"Cath, translumin non-laser",atherectomy_catheter,high
2134265-2020-05685,Malfunction,2020-04-09,2020-04-28,BOSTON SCIENTIFIC CORPORATION,,,DQY,DQY,WATCHMAN  TRUSEAL ACCESS SYSTEM,"SYSTEM, APPENDAGE CLOSURE, LEFT ATRIAL",C1725,"Cath, translumin non-laser",atherectomy_catheter,high
2134265-2020-05707,Malfunction,2020-04-22,2020-04-27,BOSTON SCIENTIFIC CORPORATION,,,DQY,DQY,STERLING,"CATHETER, PERCUTANEOUS",C1725,"Cath, translumin non-laser",atherectomy_catheter,high
2134265-2020-05723,Malfunction,2020-04-22,2020-04-28,BOSTON SCIENTIFIC CORPORATION,,,NIQ,NIQ,SYNERGY,CORONARY DRUG-ELUTING STENT,C1874,"Stent, coated/cov w/del sys",drug_eluting_stent,high
2134265-2020-05723,Malfunction,2020-04-22,2020-04-28,BOSTON SCIENTIFIC CORPORATION,,,NIQ,NIQ,SYNERGY,CORONARY DRUG-ELUTING STENT,C1875,"Stent, coated/cov w/o del sy",drug_eluting_stent,high
2134265-2020-05729,Malfunction,2020-01-20,2020-04-28,BOSTON SCIENTIFIC CORPORATION,,,NIQ,NIQ,PROMUS PREMIER,"STENT, CORONARY, DRUG-ELUTING",C1874,"Stent, coated/cov w/del sys",drug_eluting_stent,high
2134265-2020-05729,Malfunction,2020-01-20,2020-04-28,BOSTON SCIENTIFIC CORPORATION,,,NIQ,NIQ,PROMUS PREMIER,"STENT, CORONARY, DRUG-ELUTING",C1875,"Stent, coated/cov w/o del sy",drug_eluting_stent,high
2134265-2020-05736,Malfunction,2020-04-24,2020-04-28,BOSTON SCIENTIFIC CORPORATION,,,DQY,DQY,STERLING,"CATHETER, PERCUTANEOUS",C1725,"Cath, translumin non-laser",atherectomy_catheter,high
2134265-2020-05748,Malfunction,2020-04-23,2020-04-28,BOSTON SCIENTIFIC CORPORATION,,,DQY,DQY,COYOTE,"CATHETER, ANGIOPLASTY, PERIPHERAL, TRANSLUMINAL",C1725,"Cath, translumin non-laser",atherectomy_catheter,high
2134265-2020-05752,Malfunction,2020-01-25,2020-04-28,BOSTON SCIENTIFIC CORPORATION,,,NIQ,NIQ,PROMUS PREMIER,"STENT, CORONARY, DRUG-ELUTING",C1874,"Stent, coated/cov w/del sys",drug_eluting_stent,high
2134265-2020-05752,Malfunction,2020-01-25,2020-04-28,BOSTON SCIENTIFIC CORPORATION,,,NIQ,NIQ,PROMUS PREMIER,"STENT, CORONARY, DRUG-ELUTING",C1875,"Stent, coated/cov w/o del sy",drug_eluting_stent,high
2134265-2020-05756,Malfunction,2020-04-16,2020-04-28,BOSTON SCIENTIFIC CORPORATION,,,NIQ,NIQ,PROMUS PREMIER,"STENT, CORONARY, DRUG-ELUTING",C1874,"Stent, coated/cov w/del sys",drug_eluting_stent,high
2134265-2020-05756,Malfunction,2020-04-16,2020-04-28,BOSTON SCIENTIFIC CORPORATION,,,NIQ,NIQ,PROMUS PREMIER,"STENT, CORONARY, DRUG-ELUTING",C1875,"Stent, coated/cov w/o del sy",drug_eluting_stent,high
2134265-2020-05767,Malfunction,2020-04-16,2020-04-28,BOSTON SCIENTIFIC CORPORATION,,,NIQ,NIQ,PROMUS PREMIER,"STENT, CORONARY, DRUG-ELUTING",C1874,"Stent, coated/cov w/del sys",drug_eluting_stent,high
2134265-2020-05767,Malfunction,2020-04-16,2020-04-28,BOSTON SCIENTIFIC CORPORATION,,,NIQ,NIQ,PROMUS PREMIER,"STENT, CORONARY, DRUG-ELUTING",C1875,"Stent, coated/cov w/o del sy",drug_eluting_stent,high
2134265-2020-05779,Malfunction,2020-04-23,2020-04-28,BOSTON SCIENTIFIC CORPORATION,,,NIQ,NIQ,SYNERGY,CORONARY DRUG-ELUTING STENT,C1874,"Stent, coated/cov w/del sys",drug_eluting_stent,high
2134265-2020-05779,Malfunction,2020-04-23,2020-04-28,BOSTON SCIENTIFIC CORPORATION,,,NIQ,NIQ,SYNERGY,CORONARY DRUG-ELUTING STENT,C1875,"Stent, coated/cov w/o del sy",drug_eluting_stent,high
2134265-2020-05781,Malfunction,2020-04-21,2020-04-28,BOSTON SCIENTIFIC CORPORATION,,,NIQ,NIQ,PROMUS ELEMENT PLUS,"STENT, CORONARY, DRUG-ELUTING",C1874,"Stent, coated/cov w/del sys",drug_eluting_stent,high
2134265-2020-05781,Malfunction,2020-04-21,2020-04-28,BOSTON SCIENTIFIC CORPORATION,,,NIQ,NIQ,PROMUS ELEMENT PLUS,"STENT, CORONARY, DRUG-ELUTING",C1875,"Stent, coated/cov w/o del sy",drug_eluting_stent,high
2134265-2020-05782,Malfunction,2020-01-30,2020-04-28,BOSTON SCIENTIFIC CORPORATION,,,NIQ,NIQ,PROMUS PREMIER,"STENT, CORONARY, DRUG-ELUTING",C1874,"Stent, coated/cov w/del sys",drug_eluting_stent,high
2134265-2020-05782,Malfunction,2020-01-30,2020-04-28,BOSTON SCIENTIFIC CORPORATION,,,NIQ,NIQ,PROMUS PREMIER,"STENT, CORONARY, DRUG-ELUTING",C1875,"Stent, coated/cov w/o del sy",drug_eluting_stent,high
2134265-2020-05786,Malfunction,2020-04-09,2020-04-28,BOSTON SCIENTIFIC CORPORATION,,,NIQ,NIQ,PROMUS PREMIER,"STENT, CORONARY, DRUG-ELUTING",C1874,"Stent, coated/cov w/del sys",drug_eluting_stent,high
2134265-2020-05786,Malfunction,2020-04-09,2020-04-28,BOSTON SCIENTIFIC CORPORATION,,,NIQ,NIQ,PROMUS PREMIER,"STENT, CORONARY, DRUG-ELUTING",C1875,"Stent, coated/cov w/o del sy",drug_eluting_stent,high
2182207-2008-00707,Injury,2008-01-01,2008-02-15,"NEUROLOGICAL DIVISION, MEDTRONIC, INC.",,,MHY,MHY,DEEP BRAIN STIMULATION LEAD (L-SIDED),,L8679,Imp neurosti pls gn any type,neurostim_implant,medium
2182207-2008-00707,Injury,2008-01-01,2008-02-15,"NEUROLOGICAL DIVISION, MEDTRONIC, INC.",,,MHY,MHY,DEEP BRAIN STIMULATION LEAD (L-SIDED),,L8680,Implt neurostim elctr each,neurostim_electrode,medium
2182207-2008-00731,Death,,2008-02-15,MEDTRONIC NEUROMODULATION,,,MHY,MHY,DEEP BRAIN STIMULATOR LEAD,,L8679,Imp neurosti pls gn any type,neurostim_implant,medium
2182207-2008-00731,Death,,2008-02-15,MEDTRONIC NEUROMODULATION,,,MHY,MHY,DEEP BRAIN STIMULATOR LEAD,,L8680,Implt neurostim elctr each,neurostim_electrode,medium
2182207-2008-00769,Injury,,2008-02-19,MEDTRONIC NEUROMODULATION,,,MHY,MHY,DEEP BRAIN STIMULATION LEAD,,L8679,Imp neurosti pls gn any type,neurostim_implant,medium
2182207-2008-00769,Injury,,2008-02-19,MEDTRONIC NEUROMODULATION,,,MHY,MHY,DEEP BRAIN STIMULATION LEAD,,L8680,Implt neurostim elctr each,neurostim_electrode,medium
2182207-2008-00770,Death,,2008-02-19,MEDTRONIC NEUROMODULATION,,,MHY,MHY,DEEP BRAIN STIMULATOR LEAD,,L8679,Imp neurosti pls gn any type,neurostim_implant,medium
2182207-2008-00770,Death,,2008-02-19,MEDTRONIC NEUROMODULATION,,,MHY,MHY,DEEP BRAIN STIMULATOR LEAD,,L8680,Implt neurostim elctr each,neurostim_electrode,medium
2182207-2008-00771,Injury,,2008-02-19,MEDTRONIC NEUROMODULATION,,,MHY,MHY,DEEP BRAIN STIMULATION LEAD,,L8679,Imp neurosti pls gn any type,neurostim_implant,medium
2182207-2008-00771,Injury,,2008-02-19,MEDTRONIC NEUROMODULATION,,,MHY,MHY,DEEP BRAIN STIMULATION LEAD,,L8680,Implt neurostim elctr each,neurostim_electrode,medium
2182207-2008-00772,Injury,,2008-02-19,MEDTRONIC NEUROMODULATION,,,MHY,MHY,DEEP BRAIN STIMULATION LEAD,,L8679,Imp neurosti pls gn any type,neurostim_implant,medium
2182207-2008-00772,Injury,,2008-02-19,MEDTRONIC NEUROMODULATION,,,MHY,MHY,DEEP BRAIN STIMULATION LEAD,,L8680,Implt neurostim elctr each,neurostim_electrode,medium
2182207-2008-00773,Injury,,2008-02-19,MEDTRONIC NEUROMODULATION,,,MHY,MHY,DEEP BRAIN STIMULATION LEAD,,L8679,Imp neurosti pls gn any type,neurostim_implant,medium
2182207-2008-00773,Injury,,2008-02-19,MEDTRONIC NEUROMODULATION,,,MHY,MHY,DEEP BRAIN STIMULATION LEAD,,L8680,Implt neurostim elctr each,neurostim_electrode,medium
2182207-2008-00774,Injury,,2008-02-19,MEDTRONIC NEUROMODULATION,,,MHY,MHY,DEEP BRAIN STIMULATION LEAD,,L8679,Imp neurosti pls gn any type,neurostim_implant,medium
2182207-2008-00774,Injury,,2008-02-19,MEDTRONIC NEUROMODULATION,,,MHY,MHY,DEEP BRAIN STIMULATION LEAD,,L8680,Implt neurostim elctr each,neurostim_electrode,medium
2182207-2020-00165,Injury,2019-01-01,2020-04-27,MEDTRONIC NEUROMODULATION,,,MHY,MHY,IMPLANTABLE NEUROSTIMULATOR,"STIMULATOR, ELECTRICAL, IMPLANTED, FOR PARKINSONIAN TREMOR",L8679,Imp neurosti pls gn any type,neurostim_implant,medium
2182207-2020-00165,Injury,2019-01-01,2020-04-27,MEDTRONIC NEUROMODULATION,,,MHY,MHY,IMPLANTABLE NEUROSTIMULATOR,"STIMULATOR, ELECTRICAL, IMPLANTED, FOR PARKINSONIAN TREMOR",L8680,Implt neurostim elctr each,neurostim_electrode,medium
2182207-2020-00166,Malfunction,,2020-04-27,MEDTRONIC NEUROMODULATION,,,MHY,MHY,NEUROMODULATION DEVICE,"STIMULATOR, ELECTRICAL, IMPLANTED, FOR PARKINSONIAN TREMOR",L8679,Imp neurosti pls gn any type,neurostim_implant,medium
2182207-2020-00166,Malfunction,,2020-04-27,MEDTRONIC NEUROMODULATION,,,MHY,MHY,NEUROMODULATION DEVICE,"STIMULATOR, ELECTRICAL, IMPLANTED, FOR PARKINSONIAN TREMOR",L8680,Implt neurostim elctr each,neurostim_electrode,medium
2182208-2008-00037,Injury,2007-07-09,2008-02-20,"MEDTRONIC, INC.",,,DTB,DTB,CAPSURE EPI,IMPLANTABLE PACING LEAD,C1785,"Pmkr, dual, rate-resp",pacemaker_dual_chamber,high
2182208-2008-00037,Injury,2007-07-09,2008-02-20,"MEDTRONIC, INC.",,,DTB,DTB,CAPSURE EPI,IMPLANTABLE PACING LEAD,C1786,"Pmkr, single, rate-resp",pacemaker_single_chamber,high
2182208-2020-00811,Malfunction,2019-06-08,2020-04-27,"MEDTRONIC, INC.",,,DTB,DTB,CAPSURE EPICARDIAL LEAD,"ELECTRODE, PACEMAKER, PERMANENT",C1785,"Pmkr, dual, rate-resp",pacemaker_dual_chamber,high
2182208-2020-00811,Malfunction,2019-06-08,2020-04-27,"MEDTRONIC, INC.",,,DTB,DTB,CAPSURE EPICARDIAL LEAD,"ELECTRODE, PACEMAKER, PERMANENT",C1786,"Pmkr, single, rate-resp",pacemaker_single_chamber,high
2182208-2020-00813,Injury,2020-04-07,2020-04-27,"MEDTRONIC, INC.",,,DTB,DTB,CAPSURE EPICARDIAL LEAD,"ELECTRODE, PACEMAKER, PERMANENT",C1785,"Pmkr, dual, rate-resp",pacemaker_dual_chamber,high
2182208-2020-00813,Injury,2020-04-07,2020-04-27,"MEDTRONIC, INC.",,,DTB,DTB,CAPSURE EPICARDIAL LEAD,"ELECTRODE, PACEMAKER, PERMANENT",C1786,"Pmkr, single, rate-resp",pacemaker_single_chamber,high
2182208-2020-00818,Injury,2020-04-09,2020-04-27,"MEDTRONIC, INC.",,,DTB,DTB,CAPSUREFIX NOVUS LEAD MRI SURESCAN,"ELECTRODE, PACEMAKER, PERMANENT",C1785,"Pmkr, dual, rate-resp",pacemaker_dual_chamber,high
2182208-2020-00818,Injury,2020-04-09,2020-04-27,"MEDTRONIC, INC.",,,DTB,DTB,CAPSUREFIX NOVUS LEAD MRI SURESCAN,"ELECTRODE, PACEMAKER, PERMANENT",C1786,"Pmkr, single, rate-resp",pacemaker_single_chamber,high
2182208-2020-00820,Injury,2020-04-07,2020-04-28,"MEDTRONIC, INC.",,,DTB,DTB,CAPSURE SP,"ELECTRODE, PACEMAKER, PERMANENT",C1785,"Pmkr, dual, rate-resp",pacemaker_dual_chamber,high
2182208-2020-00820,Injury,2020-04-07,2020-04-28,"MEDTRONIC, INC.",,,DTB,DTB,CAPSURE SP,"ELECTRODE, PACEMAKER, PERMANENT",C1786,"Pmkr, single, rate-resp",pacemaker_single_chamber,high
2182208-2020-00825,Injury,2020-02-21,2020-04-28,"MEDTRONIC, INC.",,,DXY,DXY,MEDTRONIC LEAD,"PULSE-GENERATOR, PACEMAKER, IMPLANTABLE",C1898,"Lead, pmkr, other than trans",pacemaker_lead,high
2182208-2020-00825,Injury,2020-02-21,2020-04-28,"MEDTRONIC, INC.",,,DXY,DXY,MEDTRONIC LEAD,"PULSE-GENERATOR, PACEMAKER, IMPLANTABLE",C1899,"Lead, pmkr/aicd combination",pacemaker_lead_combo,medium
2182208-2020-00825,Injury,2020-02-21,2020-04-28,"MEDTRONIC, INC.",,,DXY,DXY,MEDTRONIC LEAD,"PULSE-GENERATOR, PACEMAKER, IMPLANTABLE",C1900,"Lead, coronary venous",lead_coronary_venous,medium
2182208-2020-00827,Malfunction,2020-03-31,2020-04-29,"MEDTRONIC, INC.",,,DXY,DXY,MEDTRONIC LEAD,"PULSE-GENERATOR, PACEMAKER, IMPLANTABLE",C1898,"Lead, pmkr, other than trans",pacemaker_lead,high
2182208-2020-00827,Malfunction,2020-03-31,2020-04-29,"MEDTRONIC, INC.",,,DXY,DXY,MEDTRONIC LEAD,"PULSE-GENERATOR, PACEMAKER, IMPLANTABLE",C1899,"Lead, pmkr/aicd combination",pacemaker_lead_combo,medium
2182208-2020-00827,Malfunction,2020-03-31,2020-04-29,"MEDTRONIC, INC.",,,DXY,DXY,MEDTRONIC LEAD,"PULSE-GENERATOR, PACEMAKER, IMPLANTABLE",C1900,"Lead, coronary venous",lead_coronary_venous,medium
2182208-2020-00828,Injury,2020-04-13,2020-04-29,"MEDTRONIC, INC.",,,DTB,DTB,CAPSUREFIX NOVUS LEAD MRI SURESCAN,"ELECTRODE, PACEMAKER, PERMANENT",C1785,"Pmkr, dual, rate-resp",pacemaker_dual_chamber,high
2182208-2020-00828,Injury,2020-04-13,2020-04-29,"MEDTRONIC, INC.",,,DTB,DTB,CAPSUREFIX NOVUS LEAD MRI SURESCAN,"ELECTRODE, PACEMAKER, PERMANENT",C1786,"Pmkr, single, rate-resp",pacemaker_single_chamber,high
2182208-2020-00829,Injury,2020-04-13,2020-04-29,"MEDTRONIC, INC.",,,LWP,LWP,PATIENT CABLE,"PULSE-GENERATOR, DUAL CHAMBER, IMPLANTABLE",C1896,"Lead, aicd, non sing/dual",icd_lead_single_coil,medium
2183502-2007-00397,Malfunction,,2008-01-24,"SMITHS MEDICAL MD, INC.",,,FRN,FRN,MEDFUSION 3500 SYRINGE INFUSION PUMP,SYRINGE INFUSION PUMP,C1751,"Cath, inf, per/cent/midline",central_venous_catheter,high
2183502-2007-00397,Malfunction,,2008-01-24,"SMITHS MEDICAL MD, INC.",,,FRN,FRN,MEDFUSION 3500 SYRINGE INFUSION PUMP,SYRINGE INFUSION PUMP,C1753,"Cath, intravas ultrasound",ivus_catheter,medium
2183613-2020-00052,Malfunction,2020-03-30,2020-04-27,"MEDTRONIC MILACA, INC.",,,LWP,LWP,DUAL CHAMBER TEMPORARY PACEMAKER,"PULSE-GENERATOR, DUAL CHAMBER, IMPLANTABLE",C1896,"Lead, aicd, non sing/dual",icd_lead_single_coil,medium
2183613-2020-00053,Malfunction,2020-03-31,2020-04-28,"MEDTRONIC MILACA, INC.",,,LWP,LWP,DUAL CHAMBER TEMPORARY PACEMAKER,"PULSE-GENERATOR, DUAL CHAMBER, IMPLANTABLE",C1896,"Lead, aicd, non sing/dual",icd_lead_single_coil,medium
2183787-2020-00038,Malfunction,2020-03-20,2020-04-27,GREATBATCH MEDICAL,,,DTB,DTB,"MYOPORE SUTURELESS MYOCARDIAL PACING LEAD, 35 CM",BIPOLAR EPICARDIAL LEAD,C1785,"Pmkr, dual, rate-resp",pacemaker_dual_chamber,high
2183787-2020-00038,Malfunction,2020-03-20,2020-04-27,GREATBATCH MEDICAL,,,DTB,DTB,"MYOPORE SUTURELESS MYOCARDIAL PACING LEAD, 35 CM",BIPOLAR EPICARDIAL LEAD,C1786,"Pmkr, single, rate-resp",pacemaker_single_chamber,high
2183870-2020-00132,Malfunction,,2020-04-28,COVIDIEN,,,DQY,DQY,TRAILBLAZER SUPPORT CATHETER,"CATHETER, PERCUTANEOUS",C1725,"Cath, translumin non-laser",atherectomy_catheter,high
2183870-2020-00133,Malfunction,,2020-04-28,COVIDIEN,,,DQY,DQY,TRAILBLAZER SUPPORT CATHETER,"CATHETER, PERCUTANEOUS",C1725,"Cath, translumin non-laser",atherectomy_catheter,high
2518435-2008-00001,Malfunction,2008-01-07,2008-02-13,AIR LIQUIDE HEALTHCARE AMERICA CORP.,,,CAN,CAN,ALCON MEDICAL REGULATOR,"REGULATOR, PRESSURE, GAS CYLINDER",E1353,Oxygen supplies regulator,,low
2531779-2008-00088,Injury,2008-01-15,2008-02-19,ANIMAS CORP.,,,LZG,LZG,ANIMAS INSULIN INFUSION PUMP,INSULIN INFUSION PUMP,E0784,Ext amb infusn pump insulin,insulin_pump,high
2531779-2008-00089,Injury,2008-01-15,2008-02-19,ANIMAS CORP.,,,LZG,LZG,ANIMAS INSULIN INFUSION PUMP,INSULIN INFUSION PUMP,E0784,Ext amb infusn pump insulin,insulin_pump,high
2531779-2008-00090,Injury,2008-01-15,2008-02-19,ANIMAS CORP.,,,LZG,LZG,ANIMAS INSULIN INFUSION PUMP,INSULIN INFUSION PUMP,E0784,Ext amb infusn pump insulin,insulin_pump,high
2531779-2008-00091,Injury,2008-01-15,2008-02-19,ANIMAS CORP.,,,LZG,LZG,ANIMAS INSULIN INFUSION PUMP,INSULIN INFUSION PUMP,E0784,Ext amb infusn pump insulin,insulin_pump,high
2531779-2008-00092,Injury,2008-01-12,2008-02-19,ANIMAS CORP.,,,LZG,LZG,ANIMAS INSULIN INFUSION PUMP,INSULIN INFUSION PUMP,E0784,Ext amb infusn pump insulin,insulin_pump,high
2531779-2008-00093,Malfunction,2008-01-17,2008-02-19,ANIMAS CORP.,,,LZG,LZG,ANIMAS INSULIN INFUSION PUMP,INSULIN INFUSION PUMP,E0784,Ext amb infusn pump insulin,insulin_pump,high
2531779-2008-00094,Injury,2008-01-17,2008-02-19,ANIMAS CORP.,,,LZG,LZG,ANIMAS INSULIN INFUSION PUMP,INSULIN INFUSION PUMP,E0784,Ext amb infusn pump insulin,insulin_pump,high
2531779-2008-00095,Injury,2008-01-01,2008-02-19,ANIMAS CORP.,,,LZG,LZG,ANIMAS INSULIN INFUSION PUMP,INSULIN INFUSION PUMP,E0784,Ext amb infusn pump insulin,insulin_pump,high
2531779-2008-00096,Malfunction,2008-01-17,2008-02-19,ANIMAS CORP.,,,LZG,LZG,ANIMAS INSULIN INFUSION PUMP,INSULIN INFUSION PUMP,E0784,Ext amb infusn pump insulin,insulin_pump,high
2531779-2008-00097,Injury,2008-01-19,2008-02-19,ANIMAS CORP.,,,LZG,LZG,ANIMAS INSULIN INFUSION PUMP,ANIMAS INSULIN INFUSION PUMP,E0784,Ext amb infusn pump insulin,insulin_pump,high
2531779-2008-00098,Injury,2008-01-05,2008-02-19,ANIMAS CORP.,,,LZG,LZG,ANIMAS INSULIN INFUSION PUMP,INSULIN INFUSION PUMP,E0784,Ext amb infusn pump insulin,insulin_pump,high
2531779-2008-00099,Malfunction,2008-01-20,2008-02-19,ANIMAS CORP.,,,LZG,LZG,ANIMAS INSULIN INFUSION PUMP,INSULIN INFUSION PUMP,E0784,Ext amb infusn pump insulin,insulin_pump,high
2531779-2008-00100,Injury,2008-01-21,2008-02-19,ANIMAS CORP.,,,LZG,LZG,ANIMAS INSULIN INFUSION PUMP,INSULIN INFUSION PUMP,E0784,Ext amb infusn pump insulin,insulin_pump,high
2531779-2008-00101,Injury,2008-01-12,2008-02-19,ANIMAS CORP.,,,LZG,LZG,ANIMAS INSULIN INFUSION PUMP,INSULIN INFUSION PUMP,E0784,Ext amb infusn pump insulin,insulin_pump,high
2531779-2008-00102,Injury,2008-01-21,2008-02-19,ANIMAS CORP.,,,LZG,LZG,ANIMAS INSULIN INFUSION PUMP,INSULIN INFUSION PUMP,E0784,Ext amb infusn pump insulin,insulin_pump,high
2531779-2008-00103,Malfunction,2008-01-29,2008-02-19,ANIMAS CORP.,,,LZG,LZG,ANIMAS INSULIN INFUSION PUMP,INSULIN INFUSION PUMP,E0784,Ext amb infusn pump insulin,insulin_pump,high
2531779-2008-00104,Injury,2008-01-22,2008-02-19,ANIMAS CORP.,,,LZG,LZG,ANIMAS INSULIN INFUSION PUMP,INSULIN INFUSION PUMP,E0784,Ext amb infusn pump insulin,insulin_pump,high
2531779-2008-00105,Injury,2008-01-22,2008-02-19,ANIMAS CORP.,,,LZG,LZG,ANIMAS INSULIN INFUSION PUMP,INSULIN INFUSION PUMP,E0784,Ext amb infusn pump insulin,insulin_pump,high
2531779-2008-00106,Malfunction,2008-01-22,2008-02-19,ANIMAS CORP.,,,LZG,LZG,ANIMAS INSULIN INFUSION PUMP,INSULIN INFUSION PUMP,E0784,Ext amb infusn pump insulin,insulin_pump,high
2531779-2008-00107,Injury,2008-01-23,2008-02-19,ANIMAS CORP.,,,LZG,LZG,ANIMAS INSULIN INFUSION PUMP,INSULIN INFUSION PUMP,E0784,Ext amb infusn pump insulin,insulin_pump,high
2531779-2008-00108,Injury,2008-01-11,2008-02-19,ANIMAS CORP.,,,LZG,LZG,ANIMAS INSULIN INFUSION PUMP,INSULIN INFUSION PUMP,E0784,Ext amb infusn pump insulin,insulin_pump,high
2531779-2008-00109,Malfunction,2008-01-24,2008-02-19,ANIMAS CORP.,,,LZG,LZG,ANIMAS INSULIN INFUSION PUMP,INSULIN INFUSION PUMP,E0784,Ext amb infusn pump insulin,insulin_pump,high
2531779-2008-00110,Injury,2008-01-24,2008-02-19,ANIMAS CORP.,,,LZG,LZG,ANIMAS INSULIN INFUSION PUMP,INSULIN INFUSION PUMP,E0784,Ext amb infusn pump insulin,insulin_pump,high
2531779-2008-00111,Injury,2008-01-23,2008-02-19,ANIMAS CORP.,,,LZG,LZG,ANIMAS INSULIN INFUSION PUMP,INSULIN INFUSION PUMP,E0784,Ext amb infusn pump insulin,insulin_pump,high
2531779-2008-00112,Injury,2008-01-24,2008-02-19,ANIMAS CORP.,,,LZG,LZG,ANIMAS INSULIN INFUSION PUMP,INSULIN INFUSION PUMP,E0784,Ext amb infusn pump insulin,insulin_pump,high
2531779-2008-00113,Malfunction,2008-01-25,2008-02-19,ANIMAS CORP.,,,LZG,LZG,ANIMAS INSULIN INFUSION PUMP,INSULIN INFUSION PUMP,E0784,Ext amb infusn pump insulin,insulin_pump,high
2531779-2008-00114,Injury,2008-01-26,2008-02-19,ANIMAS CORP.,,,LZG,LZG,ANIMAS INSULIN INFUSION PUMP,INSULIN INFUSION PUMP,E0784,Ext amb infusn pump insulin,insulin_pump,high
2531779-2008-00115,Injury,2008-01-27,2008-02-19,ANIMAS CORP.,,,LZG,LZG,ANIMAS INSULIN INFUSION PUMP,INSULIN INFUSION PUMP,E0784,Ext amb infusn pump insulin,insulin_pump,high
2531779-2020-00110,Malfunction,,2020-04-28,ANIMAS LLC,,,LZG,LZG,ONETOUCHPING GLUCOSEMGMTSYSTEM,INSULIN INFUSION PUMP,E0784,Ext amb infusn pump insulin,insulin_pump,high
2648035-2020-00391,Injury,,2020-04-27,"JOHNSON & JOHNSON SURGICAL VISION, INC.",,,HQL,HQL,TECNIS ITEC PRELOADED 1-PIECE IOL,MONOFOCAL IOLS,V2630,Anter chamber intraocul lens,iol_anterior_chamber,high
2648035-2020-00391,Injury,,2020-04-27,"JOHNSON & JOHNSON SURGICAL VISION, INC.",,,HQL,HQL,TECNIS ITEC PRELOADED 1-PIECE IOL,MONOFOCAL IOLS,V2632,Post chmbr intraocular lens,iol_posterior_chamber,high
2648035-2020-00392,Malfunction,,2020-04-27,"JOHNSON & JOHNSON SURGICAL VISION, INC.",,,HQL,HQL,SENSAR,MONOFOCAL IOLS,V2630,Anter chamber intraocul lens,iol_anterior_chamber,high
2648035-2020-00392,Malfunction,,2020-04-27,"JOHNSON & JOHNSON SURGICAL VISION, INC.",,,HQL,HQL,SENSAR,MONOFOCAL IOLS,V2632,Post chmbr intraocular lens,iol_posterior_chamber,high
2648035-2020-00394,Malfunction,,2020-04-27,"JOHNSON & JOHNSON SURGICAL VISION, INC.",,,HQL,HQL,TECNIS,MONOFOCAL IOLS,V2630,Anter chamber intraocul lens,iol_anterior_chamber,high
2648035-2020-00394,Malfunction,,2020-04-27,"JOHNSON & JOHNSON SURGICAL VISION, INC.",,,HQL,HQL,TECNIS,MONOFOCAL IOLS,V2632,Post chmbr intraocular lens,iol_posterior_chamber,high
2648035-2020-00395,Malfunction,,2020-04-27,"JOHNSON & JOHNSON SURGICAL VISION, INC.",,,HQL,HQL,TECNIS 1-PIECE,MONOFOCAL IOLS,V2630,Anter chamber intraocul lens,iol_anterior_chamber,high
2648035-2020-00395,Malfunction,,2020-04-27,"JOHNSON & JOHNSON SURGICAL VISION, INC.",,,HQL,HQL,TECNIS 1-PIECE,MONOFOCAL IOLS,V2632,Post chmbr intraocular lens,iol_posterior_chamber,high
2648035-2020-00396,Malfunction,,2020-04-27,"JOHNSON & JOHNSON SURGICAL VISION, INC.",,,HQL,HQL,TECNIS CL,MONOFOCAL IOLS,V2630,Anter chamber intraocul lens,iol_anterior_chamber,high
2648035-2020-00396,Malfunction,,2020-04-27,"JOHNSON & JOHNSON SURGICAL VISION, INC.",,,HQL,HQL,TECNIS CL,MONOFOCAL IOLS,V2632,Post chmbr intraocular lens,iol_posterior_chamber,high
2648035-2020-00397,Malfunction,,2020-04-27,"JOHNSON & JOHNSON SURGICAL VISION, INC.",,,HQL,HQL,UNKNOWN,UNKNOWN,V2630,Anter chamber intraocul lens,iol_anterior_chamber,high
2648035-2020-00397,Malfunction,,2020-04-27,"JOHNSON & JOHNSON SURGICAL VISION, INC.",,,HQL,HQL,UNKNOWN,UNKNOWN,V2632,Post chmbr intraocular lens,iol_posterior_chamber,high
2648035-2020-00399,Malfunction,,2020-04-28,"JOHNSON & JOHNSON SURGICAL VISION, INC.",OTHER,,HQL,HQL,TECNIS ITEC PRELOADED 1-PIECE IOL,MONOFOCAL IOLS,V2630,Anter chamber intraocul lens,iol_anterior_chamber,high
2648035-2020-00399,Malfunction,,2020-04-28,"JOHNSON & JOHNSON SURGICAL VISION, INC.",OTHER,,HQL,HQL,TECNIS ITEC PRELOADED 1-PIECE IOL,MONOFOCAL IOLS,V2632,Post chmbr intraocular lens,iol_posterior_chamber,high
2649622-2008-00831,Injury,2007-12-24,2008-02-20,"MEDTRONIC PUERTO RICO, INC.",,,LWS,LWS,SPRINT FIDELIS,IMPLANTABLE TACHY LEAD,C1721,"Aicd, dual chamber",icd_dual_chamber,high
2649622-2008-00831,Injury,2007-12-24,2008-02-20,"MEDTRONIC PUERTO RICO, INC.",,,LWS,LWS,SPRINT FIDELIS,IMPLANTABLE TACHY LEAD,C1722,"Aicd, single chamber",icd_single_chamber,high
2649622-2008-00831,Injury,2007-12-24,2008-02-20,"MEDTRONIC PUERTO RICO, INC.",,,LWS,LWS,SPRINT FIDELIS,IMPLANTABLE TACHY LEAD,C1887,"Catheter, guiding",ep_catheter_guiding,medium
2649622-2020-08294,Malfunction,2020-04-07,2020-04-27,MPRI,,,DTB,DTB,CAPSUREFIX NOVUS LEAD MRI SURESCAN,"ELECTRODE, PACEMAKER, PERMANENT",C1785,"Pmkr, dual, rate-resp",pacemaker_dual_chamber,high
2649622-2020-08294,Malfunction,2020-04-07,2020-04-27,MPRI,,,DTB,DTB,CAPSUREFIX NOVUS LEAD MRI SURESCAN,"ELECTRODE, PACEMAKER, PERMANENT",C1786,"Pmkr, single, rate-resp",pacemaker_single_chamber,high
2649622-2020-08295,Injury,2020-04-07,2020-04-27,MPRI,,,DTB,DTB,CAPSUREFIX NOVUS MRI SURESCAN,"ELECTRODE, PACEMAKER, PERMANENT",C1785,"Pmkr, dual, rate-resp",pacemaker_dual_chamber,high
2649622-2020-08295,Injury,2020-04-07,2020-04-27,MPRI,,,DTB,DTB,CAPSUREFIX NOVUS MRI SURESCAN,"ELECTRODE, PACEMAKER, PERMANENT",C1786,"Pmkr, single, rate-resp",pacemaker_single_chamber,high
2649622-2020-08296,Injury,2020-04-07,2020-04-27,MPRI,,,DTB,DTB,CAPSUREFIX NOVUS MRI SURESCAN,"ELECTRODE, PACEMAKER, PERMANENT",C1785,"Pmkr, dual, rate-resp",pacemaker_dual_chamber,high
2649622-2020-08296,Injury,2020-04-07,2020-04-27,MPRI,,,DTB,DTB,CAPSUREFIX NOVUS MRI SURESCAN,"ELECTRODE, PACEMAKER, PERMANENT",C1786,"Pmkr, single, rate-resp",pacemaker_single_chamber,high
2649622-2020-08297,Injury,2020-02-23,2020-04-27,MPRI,,,DTB,DTB,CAPSURE SP NOVUS LEAD,"ELECTRODE, PACEMAKER, PERMANENT",C1785,"Pmkr, dual, rate-resp",pacemaker_dual_chamber,high
2649622-2020-08297,Injury,2020-02-23,2020-04-27,MPRI,,,DTB,DTB,CAPSURE SP NOVUS LEAD,"ELECTRODE, PACEMAKER, PERMANENT",C1786,"Pmkr, single, rate-resp",pacemaker_single_chamber,high
2649622-2020-08299,Injury,2020-04-06,2020-04-27,MPRI,,,DTB,DTB,CAPSUREFIX NOVUS LEAD MRI SURESCAN,"ELECTRODE, PACEMAKER, PERMANENT",C1785,"Pmkr, dual, rate-resp",pacemaker_dual_chamber,high
2649622-2020-08299,Injury,2020-04-06,2020-04-27,MPRI,,,DTB,DTB,CAPSUREFIX NOVUS LEAD MRI SURESCAN,"ELECTRODE, PACEMAKER, PERMANENT",C1786,"Pmkr, single, rate-resp",pacemaker_single_chamber,high
2649622-2020-08300,Malfunction,2020-04-07,2020-04-27,MPRI,,,DTB,DTB,CAPSUREFIX NOVUS LEAD MRI SURESCAN,"ELECTRODE, PACEMAKER, PERMANENT",C1785,"Pmkr, dual, rate-resp",pacemaker_dual_chamber,high
2649622-2020-08300,Malfunction,2020-04-07,2020-04-27,MPRI,,,DTB,DTB,CAPSUREFIX NOVUS LEAD MRI SURESCAN,"ELECTRODE, PACEMAKER, PERMANENT",C1786,"Pmkr, single, rate-resp",pacemaker_single_chamber,high
2649622-2020-08301,Injury,2020-04-22,2020-04-27,MPRI,,,DTB,DTB,CAPSURE SENSE LEAD MRI SURESCAN,"ELECTRODE, PACEMAKER, PERMANENT",C1785,"Pmkr, dual, rate-resp",pacemaker_dual_chamber,high
2649622-2020-08301,Injury,2020-04-22,2020-04-27,MPRI,,,DTB,DTB,CAPSURE SENSE LEAD MRI SURESCAN,"ELECTRODE, PACEMAKER, PERMANENT",C1786,"Pmkr, single, rate-resp",pacemaker_single_chamber,high
2649622-2020-08302,Injury,2020-04-23,2020-04-27,MPRI,,,DTB,DTB,CAPSUREFIX NOVUS LEAD MRI SURESCAN,"ELECTRODE, PACEMAKER, PERMANENT",C1785,"Pmkr, dual, rate-resp",pacemaker_dual_chamber,high
2649622-2020-08302,Injury,2020-04-23,2020-04-27,MPRI,,,DTB,DTB,CAPSUREFIX NOVUS LEAD MRI SURESCAN,"ELECTRODE, PACEMAKER, PERMANENT",C1786,"Pmkr, single, rate-resp",pacemaker_single_chamber,high
2649622-2020-08303,Malfunction,2020-04-16,2020-04-27,MPRI,,,DTB,DTB,CAPSUREFIX NOVUS LEAD MRI SURESCAN,"ELECTRODE, PACEMAKER, PERMANENT",C1785,"Pmkr, dual, rate-resp",pacemaker_dual_chamber,high
2649622-2020-08303,Malfunction,2020-04-16,2020-04-27,MPRI,,,DTB,DTB,CAPSUREFIX NOVUS LEAD MRI SURESCAN,"ELECTRODE, PACEMAKER, PERMANENT",C1786,"Pmkr, single, rate-resp",pacemaker_single_chamber,high
2649622-2020-08307,Injury,2020-04-07,2020-04-27,MPRI,,,DTB,DTB,CAPSUREFIX NOVUS LEAD MRI SURESCAN,"ELECTRODE, PACEMAKER, PERMANENT",C1785,"Pmkr, dual, rate-resp",pacemaker_dual_chamber,high
2649622-2020-08307,Injury,2020-04-07,2020-04-27,MPRI,,,DTB,DTB,CAPSUREFIX NOVUS LEAD MRI SURESCAN,"ELECTRODE, PACEMAKER, PERMANENT",C1786,"Pmkr, single, rate-resp",pacemaker_single_chamber,high
2649622-2020-08308,Malfunction,2020-03-07,2020-04-27,MPRI,,,DTB,DTB,CAPSUREFIX NOVUS MRI SURESCAN,"ELECTRODE, PACEMAKER, PERMANENT",C1785,"Pmkr, dual, rate-resp",pacemaker_dual_chamber,high
2649622-2020-08308,Malfunction,2020-03-07,2020-04-27,MPRI,,,DTB,DTB,CAPSUREFIX NOVUS MRI SURESCAN,"ELECTRODE, PACEMAKER, PERMANENT",C1786,"Pmkr, single, rate-resp",pacemaker_single_chamber,high
2649622-2020-08309,Injury,2020-04-09,2020-04-27,MPRI,,,DTB,DTB,CAPSUREFIX NOVUS LEAD MRI SURESCAN,"ELECTRODE, PACEMAKER, PERMANENT",C1785,"Pmkr, dual, rate-resp",pacemaker_dual_chamber,high
2649622-2020-08309,Injury,2020-04-09,2020-04-27,MPRI,,,DTB,DTB,CAPSUREFIX NOVUS LEAD MRI SURESCAN,"ELECTRODE, PACEMAKER, PERMANENT",C1786,"Pmkr, single, rate-resp",pacemaker_single_chamber,high
2649622-2020-08310,Malfunction,2020-03-26,2020-04-27,MPRI,,,DTB,DTB,CAPSUREFIX NOVUS LEAD MRI SURESCAN,"ELECTRODE, PACEMAKER, PERMANENT",C1785,"Pmkr, dual, rate-resp",pacemaker_dual_chamber,high
2649622-2020-08310,Malfunction,2020-03-26,2020-04-27,MPRI,,,DTB,DTB,CAPSUREFIX NOVUS LEAD MRI SURESCAN,"ELECTRODE, PACEMAKER, PERMANENT",C1786,"Pmkr, single, rate-resp",pacemaker_single_chamber,high
2649622-2020-08311,Injury,2020-04-08,2020-04-27,MPRI,,,DTB,DTB,CAPSUREFIX NOVUS LEAD MRI SURESCAN,"ELECTRODE, PACEMAKER, PERMANENT",C1785,"Pmkr, dual, rate-resp",pacemaker_dual_chamber,high
2649622-2020-08311,Injury,2020-04-08,2020-04-27,MPRI,,,DTB,DTB,CAPSUREFIX NOVUS LEAD MRI SURESCAN,"ELECTRODE, PACEMAKER, PERMANENT",C1786,"Pmkr, single, rate-resp",pacemaker_single_chamber,high
2649622-2020-08312,Malfunction,2020-02-22,2020-04-27,MPRI,,,DTB,DTB,CAPSUREFIX NOVUS LEAD MRI SURESCAN,"ELECTRODE, PACEMAKER, PERMANENT",C1785,"Pmkr, dual, rate-resp",pacemaker_dual_chamber,high
2649622-2020-08312,Malfunction,2020-02-22,2020-04-27,MPRI,,,DTB,DTB,CAPSUREFIX NOVUS LEAD MRI SURESCAN,"ELECTRODE, PACEMAKER, PERMANENT",C1786,"Pmkr, single, rate-resp",pacemaker_single_chamber,high
2649622-2020-08313,Injury,2020-04-08,2020-04-27,MPRI,,,LWS,LWS,SPRINT QUATTRO SECURE S MRI SURESCAN,"DEFIBRILLATOR, AUTOMATIC IMPLANTABLE CARDIOVERTER",C1721,"Aicd, dual chamber",icd_dual_chamber,high
2649622-2020-08313,Injury,2020-04-08,2020-04-27,MPRI,,,LWS,LWS,SPRINT QUATTRO SECURE S MRI SURESCAN,"DEFIBRILLATOR, AUTOMATIC IMPLANTABLE CARDIOVERTER",C1722,"Aicd, single chamber",icd_single_chamber,high
2649622-2020-08313,Injury,2020-04-08,2020-04-27,MPRI,,,LWS,LWS,SPRINT QUATTRO SECURE S MRI SURESCAN,"DEFIBRILLATOR, AUTOMATIC IMPLANTABLE CARDIOVERTER",C1887,"Catheter, guiding",ep_catheter_guiding,medium
2649622-2020-08314,Injury,2019-12-17,2020-04-27,MPRI,,,LWS,LWS,SPRINT QUATTRO SECURE MRI SURESCAN,"DEFIBRILLATOR, AUTOMATIC IMPLANTABLE CARDIOVERTER",C1721,"Aicd, dual chamber",icd_dual_chamber,high
2649622-2020-08314,Injury,2019-12-17,2020-04-27,MPRI,,,LWS,LWS,SPRINT QUATTRO SECURE MRI SURESCAN,"DEFIBRILLATOR, AUTOMATIC IMPLANTABLE CARDIOVERTER",C1722,"Aicd, single chamber",icd_single_chamber,high
2649622-2020-08314,Injury,2019-12-17,2020-04-27,MPRI,,,LWS,LWS,SPRINT QUATTRO SECURE MRI SURESCAN,"DEFIBRILLATOR, AUTOMATIC IMPLANTABLE CARDIOVERTER",C1887,"Catheter, guiding",ep_catheter_guiding,medium
2649622-2020-08316,Malfunction,2020-04-02,2020-04-27,MPRI,,,LWS,LWS,SPRINT,"DEFIBRILLATOR, AUTOMATIC IMPLANTABLE CARDIOVERTER",C1721,"Aicd, dual chamber",icd_dual_chamber,high
2649622-2020-08316,Malfunction,2020-04-02,2020-04-27,MPRI,,,LWS,LWS,SPRINT,"DEFIBRILLATOR, AUTOMATIC IMPLANTABLE CARDIOVERTER",C1722,"Aicd, single chamber",icd_single_chamber,high
2649622-2020-08316,Malfunction,2020-04-02,2020-04-27,MPRI,,,LWS,LWS,SPRINT,"DEFIBRILLATOR, AUTOMATIC IMPLANTABLE CARDIOVERTER",C1887,"Catheter, guiding",ep_catheter_guiding,medium
2649622-2020-08318,Injury,2020-03-15,2020-04-27,MPRI,,,DTB,DTB,CAPSUREFIX NOVUS LEAD MRI SURESCAN,"ELECTRODE, PACEMAKER, PERMANENT",C1785,"Pmkr, dual, rate-resp",pacemaker_dual_chamber,high
2649622-2020-08318,Injury,2020-03-15,2020-04-27,MPRI,,,DTB,DTB,CAPSUREFIX NOVUS LEAD MRI SURESCAN,"ELECTRODE, PACEMAKER, PERMANENT",C1786,"Pmkr, single, rate-resp",pacemaker_single_chamber,high
2649622-2020-08320,Injury,2020-04-06,2020-04-27,MPRI,,,DTB,DTB,CAPSUREFIX NOVUS MRI SURESCAN,"ELECTRODE, PACEMAKER, PERMANENT",C1785,"Pmkr, dual, rate-resp",pacemaker_dual_chamber,high
2649622-2020-08320,Injury,2020-04-06,2020-04-27,MPRI,,,DTB,DTB,CAPSUREFIX NOVUS MRI SURESCAN,"ELECTRODE, PACEMAKER, PERMANENT",C1786,"Pmkr, single, rate-resp",pacemaker_single_chamber,high
2649622-2020-08321,Malfunction,2020-01-28,2020-04-27,MPRI,,,DTB,DTB,CAPSUREFIX NOVUS MRI SURESCAN,"ELECTRODE, PACEMAKER, PERMANENT",C1785,"Pmkr, dual, rate-resp",pacemaker_dual_chamber,high
2649622-2020-08321,Malfunction,2020-01-28,2020-04-27,MPRI,,,DTB,DTB,CAPSUREFIX NOVUS MRI SURESCAN,"ELECTRODE, PACEMAKER, PERMANENT",C1786,"Pmkr, single, rate-resp",pacemaker_single_chamber,high
2649622-2020-08322,Injury,2020-04-02,2020-04-27,MPRI,,,LWS,LWS,SPRINT QUATTRO SECURE MRI SURESCAN,"DEFIBRILLATOR, AUTOMATIC IMPLANTABLE CARDIOVERTER",C1721,"Aicd, dual chamber",icd_dual_chamber,high
2649622-2020-08322,Injury,2020-04-02,2020-04-27,MPRI,,,LWS,LWS,SPRINT QUATTRO SECURE MRI SURESCAN,"DEFIBRILLATOR, AUTOMATIC IMPLANTABLE CARDIOVERTER",C1722,"Aicd, single chamber",icd_single_chamber,high
2649622-2020-08322,Injury,2020-04-02,2020-04-27,MPRI,,,LWS,LWS,SPRINT QUATTRO SECURE MRI SURESCAN,"DEFIBRILLATOR, AUTOMATIC IMPLANTABLE CARDIOVERTER",C1887,"Catheter, guiding",ep_catheter_guiding,medium
2649622-2020-08325,Malfunction,2019-10-08,2020-04-27,MPRI,,,DTB,DTB,CAPSUREFIX NOVUS LEAD MRI SURESCAN,"ELECTRODE, PACEMAKER, PERMANENT",C1785,"Pmkr, dual, rate-resp",pacemaker_dual_chamber,high
2649622-2020-08325,Malfunction,2019-10-08,2020-04-27,MPRI,,,DTB,DTB,CAPSUREFIX NOVUS LEAD MRI SURESCAN,"ELECTRODE, PACEMAKER, PERMANENT",C1786,"Pmkr, single, rate-resp",pacemaker_single_chamber,high
2649622-2020-08326,Injury,2020-04-02,2020-04-27,MPRI,,,LWS,LWS,SPRINT QUATTRO SECURE S MRI SURESCAN,"DEFIBRILLATOR, AUTOMATIC IMPLANTABLE CARDIOVERTER",C1721,"Aicd, dual chamber",icd_dual_chamber,high
2649622-2020-08326,Injury,2020-04-02,2020-04-27,MPRI,,,LWS,LWS,SPRINT QUATTRO SECURE S MRI SURESCAN,"DEFIBRILLATOR, AUTOMATIC IMPLANTABLE CARDIOVERTER",C1722,"Aicd, single chamber",icd_single_chamber,high
2649622-2020-08326,Injury,2020-04-02,2020-04-27,MPRI,,,LWS,LWS,SPRINT QUATTRO SECURE S MRI SURESCAN,"DEFIBRILLATOR, AUTOMATIC IMPLANTABLE CARDIOVERTER",C1887,"Catheter, guiding",ep_catheter_guiding,medium
2649622-2020-08327,Malfunction,2020-03-30,2020-04-27,MPRI,,,LWS,LWS,SPRINT QUATTRO SECURE MRI SURESCAN,"DEFIBRILLATOR, AUTOMATIC IMPLANTABLE CARDIOVERTER",C1721,"Aicd, dual chamber",icd_dual_chamber,high
2649622-2020-08327,Malfunction,2020-03-30,2020-04-27,MPRI,,,LWS,LWS,SPRINT QUATTRO SECURE MRI SURESCAN,"DEFIBRILLATOR, AUTOMATIC IMPLANTABLE CARDIOVERTER",C1722,"Aicd, single chamber",icd_single_chamber,high
2649622-2020-08327,Malfunction,2020-03-30,2020-04-27,MPRI,,,LWS,LWS,SPRINT QUATTRO SECURE MRI SURESCAN,"DEFIBRILLATOR, AUTOMATIC IMPLANTABLE CARDIOVERTER",C1887,"Catheter, guiding",ep_catheter_guiding,medium
2649622-2020-08328,Malfunction,2020-04-20,2020-04-27,MPRI,,,DTB,DTB,CAPSUREFIX NOVUS LEAD MRI SURESCAN,"ELECTRODE, PACEMAKER, PERMANENT",C1785,"Pmkr, dual, rate-resp",pacemaker_dual_chamber,high
2649622-2020-08328,Malfunction,2020-04-20,2020-04-27,MPRI,,,DTB,DTB,CAPSUREFIX NOVUS LEAD MRI SURESCAN,"ELECTRODE, PACEMAKER, PERMANENT",C1786,"Pmkr, single, rate-resp",pacemaker_single_chamber,high
2649622-2020-08329,Malfunction,2020-02-29,2020-04-27,MPRI,,,LWS,LWS,SPRINT QUATTRO SECURE MRI SURESCAN,"DEFIBRILLATOR, AUTOMATIC IMPLANTABLE CARDIOVERTER",C1721,"Aicd, dual chamber",icd_dual_chamber,high
2649622-2020-08329,Malfunction,2020-02-29,2020-04-27,MPRI,,,LWS,LWS,SPRINT QUATTRO SECURE MRI SURESCAN,"DEFIBRILLATOR, AUTOMATIC IMPLANTABLE CARDIOVERTER",C1722,"Aicd, single chamber",icd_single_chamber,high
2649622-2020-08329,Malfunction,2020-02-29,2020-04-27,MPRI,,,LWS,LWS,SPRINT QUATTRO SECURE MRI SURESCAN,"DEFIBRILLATOR, AUTOMATIC IMPLANTABLE CARDIOVERTER",C1887,"Catheter, guiding",ep_catheter_guiding,medium
2649622-2020-08331,Injury,,2020-04-27,MPRI,,,DTB,DTB,CAPSUREFIX LEAD,"ELECTRODE, PACEMAKER, PERMANENT",C1785,"Pmkr, dual, rate-resp",pacemaker_dual_chamber,high
2649622-2020-08331,Injury,,2020-04-27,MPRI,,,DTB,DTB,CAPSUREFIX LEAD,"ELECTRODE, PACEMAKER, PERMANENT",C1786,"Pmkr, single, rate-resp",pacemaker_single_chamber,high
2649622-2020-08332,Injury,2020-04-20,2020-04-27,MPRI,,,DTB,DTB,SCREW-IN LEAD,"ELECTRODE, PACEMAKER, PERMANENT",C1785,"Pmkr, dual, rate-resp",pacemaker_dual_chamber,high
2649622-2020-08332,Injury,2020-04-20,2020-04-27,MPRI,,,DTB,DTB,SCREW-IN LEAD,"ELECTRODE, PACEMAKER, PERMANENT",C1786,"Pmkr, single, rate-resp",pacemaker_single_chamber,high
2649622-2020-08333,Injury,2020-04-07,2020-04-27,MPRI,,,DTB,DTB,CAPSUREFIX NOVUS LEAD MRI SURESCAN,"ELECTRODE, PACEMAKER, PERMANENT",C1785,"Pmkr, dual, rate-resp",pacemaker_dual_chamber,high
2649622-2020-08333,Injury,2020-04-07,2020-04-27,MPRI,,,DTB,DTB,CAPSUREFIX NOVUS LEAD MRI SURESCAN,"ELECTRODE, PACEMAKER, PERMANENT",C1786,"Pmkr, single, rate-resp",pacemaker_single_chamber,high
2649622-2020-08335,Malfunction,2018-02-18,2020-04-27,MPRI,,,DTB,DTB,CAPSUREFIX NOVUS LEAD MRI SURESCAN,"ELECTRODE, PACEMAKER, PERMANENT",C1785,"Pmkr, dual, rate-resp",pacemaker_dual_chamber,high
2649622-2020-08335,Malfunction,2018-02-18,2020-04-27,MPRI,,,DTB,DTB,CAPSUREFIX NOVUS LEAD MRI SURESCAN,"ELECTRODE, PACEMAKER, PERMANENT",C1786,"Pmkr, single, rate-resp",pacemaker_single_chamber,high
2649622-2020-08336,Injury,2020-04-07,2020-04-27,MPRI,,,LWS,LWS,SPRINT QUATTRO SECURE S MRI SURESCAN,"DEFIBRILLATOR, AUTOMATIC IMPLANTABLE CARDIOVERTER",C1721,"Aicd, dual chamber",icd_dual_chamber,high
2649622-2020-08336,Injury,2020-04-07,2020-04-27,MPRI,,,LWS,LWS,SPRINT QUATTRO SECURE S MRI SURESCAN,"DEFIBRILLATOR, AUTOMATIC IMPLANTABLE CARDIOVERTER",C1722,"Aicd, single chamber",icd_single_chamber,high
2649622-2020-08336,Injury,2020-04-07,2020-04-27,MPRI,,,LWS,LWS,SPRINT QUATTRO SECURE S MRI SURESCAN,"DEFIBRILLATOR, AUTOMATIC IMPLANTABLE CARDIOVERTER",C1887,"Catheter, guiding",ep_catheter_guiding,medium
2649622-2020-08337,Injury,2020-03-26,2020-04-27,MPRI,,,DTB,DTB,CAPSUREFIX NOVUS LEAD MRI SURESCAN,"ELECTRODE, PACEMAKER, PERMANENT",C1785,"Pmkr, dual, rate-resp",pacemaker_dual_chamber,high
2649622-2020-08337,Injury,2020-03-26,2020-04-27,MPRI,,,DTB,DTB,CAPSUREFIX NOVUS LEAD MRI SURESCAN,"ELECTRODE, PACEMAKER, PERMANENT",C1786,"Pmkr, single, rate-resp",pacemaker_single_chamber,high
2649622-2020-08338,Malfunction,2020-04-01,2020-04-27,MPRI,,,LWS,LWS,SPRINT QUATTRO SECURE S MRI SURESCAN,"DEFIBRILLATOR, AUTOMATIC IMPLANTABLE CARDIOVERTER",C1721,"Aicd, dual chamber",icd_dual_chamber,high
2649622-2020-08338,Malfunction,2020-04-01,2020-04-27,MPRI,,,LWS,LWS,SPRINT QUATTRO SECURE S MRI SURESCAN,"DEFIBRILLATOR, AUTOMATIC IMPLANTABLE CARDIOVERTER",C1722,"Aicd, single chamber",icd_single_chamber,high
2649622-2020-08338,Malfunction,2020-04-01,2020-04-27,MPRI,,,LWS,LWS,SPRINT QUATTRO SECURE S MRI SURESCAN,"DEFIBRILLATOR, AUTOMATIC IMPLANTABLE CARDIOVERTER",C1887,"Catheter, guiding",ep_catheter_guiding,medium
2649622-2020-08339,Malfunction,2019-05-03,2020-04-27,MPRI,,,NVY,NVY,SPRINT QUATTRO SECURE MRI SURESCAN,DRUG-ELUTING PERMANENT DEFIBRILLATOR ELECTRODES,C1779,"Lead, pmkr, transvenous vdd",pacemaker_lead_vdd,high
2649622-2020-08340,Injury,2017-08-01,2020-04-27,MPRI,,,LWS,LWS,SPRINT FIDELIS,"DEFIBRILLATOR, AUTOMATIC IMPLANTABLE CARDIOVERTER",C1721,"Aicd, dual chamber",icd_dual_chamber,high
2649622-2020-08340,Injury,2017-08-01,2020-04-27,MPRI,,,LWS,LWS,SPRINT FIDELIS,"DEFIBRILLATOR, AUTOMATIC IMPLANTABLE CARDIOVERTER",C1722,"Aicd, single chamber",icd_single_chamber,high
2649622-2020-08340,Injury,2017-08-01,2020-04-27,MPRI,,,LWS,LWS,SPRINT FIDELIS,"DEFIBRILLATOR, AUTOMATIC IMPLANTABLE CARDIOVERTER",C1887,"Catheter, guiding",ep_catheter_guiding,medium
2649622-2020-08341,Injury,2020-04-04,2020-04-27,MPRI,,,NVY,NVY,SPRINT QUATTRO SECURE MRI SURESCAN,DRUG-ELUTING PERMANENT DEFIBRILLATOR ELECTRODES,C1779,"Lead, pmkr, transvenous vdd",pacemaker_lead_vdd,high
2649622-2020-08342,Malfunction,2020-04-20,2020-04-27,MPRI,,,LWS,LWS,SPRINT QUATTRO SECURE MRI SURESCAN,"DEFIBRILLATOR, AUTOMATIC IMPLANTABLE CARDIOVERTER",C1721,"Aicd, dual chamber",icd_dual_chamber,high
2649622-2020-08342,Malfunction,2020-04-20,2020-04-27,MPRI,,,LWS,LWS,SPRINT QUATTRO SECURE MRI SURESCAN,"DEFIBRILLATOR, AUTOMATIC IMPLANTABLE CARDIOVERTER",C1722,"Aicd, single chamber",icd_single_chamber,high
2649622-2020-08342,Malfunction,2020-04-20,2020-04-27,MPRI,,,LWS,LWS,SPRINT QUATTRO SECURE MRI SURESCAN,"DEFIBRILLATOR, AUTOMATIC IMPLANTABLE CARDIOVERTER",C1887,"Catheter, guiding",ep_catheter_guiding,medium
2649622-2020-08343,Injury,,2020-04-27,MPRI,,,DTB,DTB,CAPSUREFIX NOVUS LEAD MRI SURESCAN,"ELECTRODE, PACEMAKER, PERMANENT",C1785,"Pmkr, dual, rate-resp",pacemaker_dual_chamber,high
2649622-2020-08343,Injury,,2020-04-27,MPRI,,,DTB,DTB,CAPSUREFIX NOVUS LEAD MRI SURESCAN,"ELECTRODE, PACEMAKER, PERMANENT",C1786,"Pmkr, single, rate-resp",pacemaker_single_chamber,high
2649622-2020-08344,Injury,,2020-04-27,MPRI,,,LWS,LWS,SPRINT QUATTRO SECURE S MRI SURESCAN,"DEFIBRILLATOR, AUTOMATIC IMPLANTABLE CARDIOVERTER",C1721,"Aicd, dual chamber",icd_dual_chamber,high
2649622-2020-08344,Injury,,2020-04-27,MPRI,,,LWS,LWS,SPRINT QUATTRO SECURE S MRI SURESCAN,"DEFIBRILLATOR, AUTOMATIC IMPLANTABLE CARDIOVERTER",C1722,"Aicd, single chamber",icd_single_chamber,high
2649622-2020-08344,Injury,,2020-04-27,MPRI,,,LWS,LWS,SPRINT QUATTRO SECURE S MRI SURESCAN,"DEFIBRILLATOR, AUTOMATIC IMPLANTABLE CARDIOVERTER",C1887,"Catheter, guiding",ep_catheter_guiding,medium
2649622-2020-08345,Injury,2020-01-20,2020-04-27,MPRI,,,LWS,LWS,SPRINT QUATTRO,"DEFIBRILLATOR, AUTOMATIC IMPLANTABLE CARDIOVERTER",C1721,"Aicd, dual chamber",icd_dual_chamber,high
2649622-2020-08345,Injury,2020-01-20,2020-04-27,MPRI,,,LWS,LWS,SPRINT QUATTRO,"DEFIBRILLATOR, AUTOMATIC IMPLANTABLE CARDIOVERTER",C1722,"Aicd, single chamber",icd_single_chamber,high
2649622-2020-08345,Injury,2020-01-20,2020-04-27,MPRI,,,LWS,LWS,SPRINT QUATTRO,"DEFIBRILLATOR, AUTOMATIC IMPLANTABLE CARDIOVERTER",C1887,"Catheter, guiding",ep_catheter_guiding,medium
2649622-2020-08346,Injury,2020-04-06,2020-04-27,MPRI,,,LWS,LWS,SPRINT QUATTRO SECURE MRI SURESCAN,"DEFIBRILLATOR, AUTOMATIC IMPLANTABLE CARDIOVERTER",C1721,"Aicd, dual chamber",icd_dual_chamber,high
2649622-2020-08346,Injury,2020-04-06,2020-04-27,MPRI,,,LWS,LWS,SPRINT QUATTRO SECURE MRI SURESCAN,"DEFIBRILLATOR, AUTOMATIC IMPLANTABLE CARDIOVERTER",C1722,"Aicd, single chamber",icd_single_chamber,high
2649622-2020-08346,Injury,2020-04-06,2020-04-27,MPRI,,,LWS,LWS,SPRINT QUATTRO SECURE MRI SURESCAN,"DEFIBRILLATOR, AUTOMATIC IMPLANTABLE CARDIOVERTER",C1887,"Catheter, guiding",ep_catheter_guiding,medium
2649622-2020-08347,Injury,2020-04-08,2020-04-27,MPRI,,,LWP,LWP,ATTAIN BIPOLAR OVER THE WIRE LEAD,"PULSE-GENERATOR, DUAL CHAMBER, IMPLANTABLE",C1896,"Lead, aicd, non sing/dual",icd_lead_single_coil,medium
2649622-2020-08348,Injury,2020-04-02,2020-04-27,MPRI,,,LWS,LWS,SPRINT FIDELIS,"DEFIBRILLATOR, AUTOMATIC IMPLANTABLE CARDIOVERTER",C1721,"Aicd, dual chamber",icd_dual_chamber,high
2649622-2020-08348,Injury,2020-04-02,2020-04-27,MPRI,,,LWS,LWS,SPRINT FIDELIS,"DEFIBRILLATOR, AUTOMATIC IMPLANTABLE CARDIOVERTER",C1722,"Aicd, single chamber",icd_single_chamber,high
2649622-2020-08348,Injury,2020-04-02,2020-04-27,MPRI,,,LWS,LWS,SPRINT FIDELIS,"DEFIBRILLATOR, AUTOMATIC IMPLANTABLE CARDIOVERTER",C1887,"Catheter, guiding",ep_catheter_guiding,medium
2649622-2020-08350,Injury,2020-04-23,2020-04-27,MPRI,,,LWS,LWS,SPRINT QUATTRO SECURE S MRI SURESCAN,"DEFIBRILLATOR, AUTOMATIC IMPLANTABLE CARDIOVERTER",C1721,"Aicd, dual chamber",icd_dual_chamber,high
2649622-2020-08350,Injury,2020-04-23,2020-04-27,MPRI,,,LWS,LWS,SPRINT QUATTRO SECURE S MRI SURESCAN,"DEFIBRILLATOR, AUTOMATIC IMPLANTABLE CARDIOVERTER",C1722,"Aicd, single chamber",icd_single_chamber,high
2649622-2020-08350,Injury,2020-04-23,2020-04-27,MPRI,,,LWS,LWS,SPRINT QUATTRO SECURE S MRI SURESCAN,"DEFIBRILLATOR, AUTOMATIC IMPLANTABLE CARDIOVERTER",C1887,"Catheter, guiding",ep_catheter_guiding,medium
2649622-2020-08351,Injury,2020-04-09,2020-04-27,MPRI,,,DTB,DTB,CAPSURE EPICARDIAL LEAD,"ELECTRODE, PACEMAKER, PERMANENT",C1785,"Pmkr, dual, rate-resp",pacemaker_dual_chamber,high
2649622-2020-08351,Injury,2020-04-09,2020-04-27,MPRI,,,DTB,DTB,CAPSURE EPICARDIAL LEAD,"ELECTRODE, PACEMAKER, PERMANENT",C1786,"Pmkr, single, rate-resp",pacemaker_single_chamber,high
2649622-2020-08352,Injury,2020-04-09,2020-04-27,MPRI,,,LWS,LWS,SPRINT QUATTRO SECURE S MRI SURESCAN,"DEFIBRILLATOR, AUTOMATIC IMPLANTABLE CARDIOVERTER",C1721,"Aicd, dual chamber",icd_dual_chamber,high
2649622-2020-08352,Injury,2020-04-09,2020-04-27,MPRI,,,LWS,LWS,SPRINT QUATTRO SECURE S MRI SURESCAN,"DEFIBRILLATOR, AUTOMATIC IMPLANTABLE CARDIOVERTER",C1722,"Aicd, single chamber",icd_single_chamber,high
2649622-2020-08352,Injury,2020-04-09,2020-04-27,MPRI,,,LWS,LWS,SPRINT QUATTRO SECURE S MRI SURESCAN,"DEFIBRILLATOR, AUTOMATIC IMPLANTABLE CARDIOVERTER",C1887,"Catheter, guiding",ep_catheter_guiding,medium
2649622-2020-08353,Injury,2020-04-09,2020-04-27,MPRI,,,DTB,DTB,CAPSUREFIX NOVUS LEAD MRI SURESCAN,"ELECTRODE, PACEMAKER, PERMANENT",C1785,"Pmkr, dual, rate-resp",pacemaker_dual_chamber,high
2649622-2020-08353,Injury,2020-04-09,2020-04-27,MPRI,,,DTB,DTB,CAPSUREFIX NOVUS LEAD MRI SURESCAN,"ELECTRODE, PACEMAKER, PERMANENT",C1786,"Pmkr, single, rate-resp",pacemaker_single_chamber,high
2649622-2020-08354,Injury,2020-04-11,2020-04-27,MPRI,,,LWS,LWS,SPRINT QUATTRO SECURE MRI SURESCAN,"DEFIBRILLATOR, AUTOMATIC IMPLANTABLE CARDIOVERTER",C1721,"Aicd, dual chamber",icd_dual_chamber,high
2649622-2020-08354,Injury,2020-04-11,2020-04-27,MPRI,,,LWS,LWS,SPRINT QUATTRO SECURE MRI SURESCAN,"DEFIBRILLATOR, AUTOMATIC IMPLANTABLE CARDIOVERTER",C1722,"Aicd, single chamber",icd_single_chamber,high
2649622-2020-08354,Injury,2020-04-11,2020-04-27,MPRI,,,LWS,LWS,SPRINT QUATTRO SECURE MRI SURESCAN,"DEFIBRILLATOR, AUTOMATIC IMPLANTABLE CARDIOVERTER",C1887,"Catheter, guiding",ep_catheter_guiding,medium
2649622-2020-08355,Malfunction,2020-01-15,2020-04-27,MPRI,,,DTB,DTB,CAPSUREFIX NOVUS LEAD MRI SURESCAN,"ELECTRODE, PACEMAKER, PERMANENT",C1785,"Pmkr, dual, rate-resp",pacemaker_dual_chamber,high
2649622-2020-08355,Malfunction,2020-01-15,2020-04-27,MPRI,,,DTB,DTB,CAPSUREFIX NOVUS LEAD MRI SURESCAN,"ELECTRODE, PACEMAKER, PERMANENT",C1786,"Pmkr, single, rate-resp",pacemaker_single_chamber,high
2649622-2020-08356,Malfunction,2020-04-23,2020-04-27,MPRI,,,MHY,MHY,ACTIVA,"STIMULATOR, ELECTRICAL, IMPLANTED, FOR PARKINSONIAN TREMOR",L8679,Imp neurosti pls gn any type,neurostim_implant,medium
2649622-2020-08356,Malfunction,2020-04-23,2020-04-27,MPRI,,,MHY,MHY,ACTIVA,"STIMULATOR, ELECTRICAL, IMPLANTED, FOR PARKINSONIAN TREMOR",L8680,Implt neurostim elctr each,neurostim_electrode,medium
2649622-2020-08357,Injury,2020-04-20,2020-04-27,MPRI,,,LWS,LWS,SPRINT QUATTRO SECURE S MRI SURESCAN,"DEFIBRILLATOR, AUTOMATIC IMPLANTABLE CARDIOVERTER",C1721,"Aicd, dual chamber",icd_dual_chamber,high
2649622-2020-08357,Injury,2020-04-20,2020-04-27,MPRI,,,LWS,LWS,SPRINT QUATTRO SECURE S MRI SURESCAN,"DEFIBRILLATOR, AUTOMATIC IMPLANTABLE CARDIOVERTER",C1722,"Aicd, single chamber",icd_single_chamber,high
2649622-2020-08357,Injury,2020-04-20,2020-04-27,MPRI,,,LWS,LWS,SPRINT QUATTRO SECURE S MRI SURESCAN,"DEFIBRILLATOR, AUTOMATIC IMPLANTABLE CARDIOVERTER",C1887,"Catheter, guiding",ep_catheter_guiding,medium
2649622-2020-08358,Malfunction,2020-04-04,2020-04-27,MPRI,,,LWS,LWS,SPRINT QUATTRO SECURE S MRI SURESCAN,"DEFIBRILLATOR, AUTOMATIC IMPLANTABLE CARDIOVERTER",C1721,"Aicd, dual chamber",icd_dual_chamber,high
2649622-2020-08358,Malfunction,2020-04-04,2020-04-27,MPRI,,,LWS,LWS,SPRINT QUATTRO SECURE S MRI SURESCAN,"DEFIBRILLATOR, AUTOMATIC IMPLANTABLE CARDIOVERTER",C1722,"Aicd, single chamber",icd_single_chamber,high
2649622-2020-08358,Malfunction,2020-04-04,2020-04-27,MPRI,,,LWS,LWS,SPRINT QUATTRO SECURE S MRI SURESCAN,"DEFIBRILLATOR, AUTOMATIC IMPLANTABLE CARDIOVERTER",C1887,"Catheter, guiding",ep_catheter_guiding,medium
2649622-2020-08360,Injury,2020-04-04,2020-04-27,MPRI,,,LWS,LWS,SPRINT QUATTRO SECURE S MRI SURESCAN,"DEFIBRILLATOR, AUTOMATIC IMPLANTABLE CARDIOVERTER",C1721,"Aicd, dual chamber",icd_dual_chamber,high
2649622-2020-08360,Injury,2020-04-04,2020-04-27,MPRI,,,LWS,LWS,SPRINT QUATTRO SECURE S MRI SURESCAN,"DEFIBRILLATOR, AUTOMATIC IMPLANTABLE CARDIOVERTER",C1722,"Aicd, single chamber",icd_single_chamber,high
2649622-2020-08360,Injury,2020-04-04,2020-04-27,MPRI,,,LWS,LWS,SPRINT QUATTRO SECURE S MRI SURESCAN,"DEFIBRILLATOR, AUTOMATIC IMPLANTABLE CARDIOVERTER",C1887,"Catheter, guiding",ep_catheter_guiding,medium
2649622-2020-08361,Injury,2020-03-27,2020-04-27,MPRI,,,DTB,DTB,CAPSUREFIX NOVUS MRI SURESCAN,"ELECTRODE, PACEMAKER, PERMANENT",C1785,"Pmkr, dual, rate-resp",pacemaker_dual_chamber,high
2649622-2020-08361,Injury,2020-03-27,2020-04-27,MPRI,,,DTB,DTB,CAPSUREFIX NOVUS MRI SURESCAN,"ELECTRODE, PACEMAKER, PERMANENT",C1786,"Pmkr, single, rate-resp",pacemaker_single_chamber,high
2649622-2020-08362,Injury,2020-03-27,2020-04-27,MPRI,,,LWS,LWS,SPRINT QUATTRO SECURE S MRI SURESCAN,"DEFIBRILLATOR, AUTOMATIC IMPLANTABLE CARDIOVERTER",C1721,"Aicd, dual chamber",icd_dual_chamber,high
2649622-2020-08362,Injury,2020-03-27,2020-04-27,MPRI,,,LWS,LWS,SPRINT QUATTRO SECURE S MRI SURESCAN,"DEFIBRILLATOR, AUTOMATIC IMPLANTABLE CARDIOVERTER",C1722,"Aicd, single chamber",icd_single_chamber,high
2649622-2020-08362,Injury,2020-03-27,2020-04-27,MPRI,,,LWS,LWS,SPRINT QUATTRO SECURE S MRI SURESCAN,"DEFIBRILLATOR, AUTOMATIC IMPLANTABLE CARDIOVERTER",C1887,"Catheter, guiding",ep_catheter_guiding,medium
2649622-2020-08363,Injury,2020-04-04,2020-04-27,MPRI,,,LWS,LWS,SPRINT QUATTRO SECURE S MRI SURESCAN,"DEFIBRILLATOR, AUTOMATIC IMPLANTABLE CARDIOVERTER",C1721,"Aicd, dual chamber",icd_dual_chamber,high
2649622-2020-08363,Injury,2020-04-04,2020-04-27,MPRI,,,LWS,LWS,SPRINT QUATTRO SECURE S MRI SURESCAN,"DEFIBRILLATOR, AUTOMATIC IMPLANTABLE CARDIOVERTER",C1722,"Aicd, single chamber",icd_single_chamber,high
2649622-2020-08363,Injury,2020-04-04,2020-04-27,MPRI,,,LWS,LWS,SPRINT QUATTRO SECURE S MRI SURESCAN,"DEFIBRILLATOR, AUTOMATIC IMPLANTABLE CARDIOVERTER",C1887,"Catheter, guiding",ep_catheter_guiding,medium
2649622-2020-08365,Malfunction,2020-04-10,2020-04-27,MPRI,,,LWS,LWS,SPRINT QUATTRO SECURE MRI SURESCAN,"DEFIBRILLATOR, AUTOMATIC IMPLANTABLE CARDIOVERTER",C1721,"Aicd, dual chamber",icd_dual_chamber,high
2649622-2020-08365,Malfunction,2020-04-10,2020-04-27,MPRI,,,LWS,LWS,SPRINT QUATTRO SECURE MRI SURESCAN,"DEFIBRILLATOR, AUTOMATIC IMPLANTABLE CARDIOVERTER",C1722,"Aicd, single chamber",icd_single_chamber,high
2649622-2020-08365,Malfunction,2020-04-10,2020-04-27,MPRI,,,LWS,LWS,SPRINT QUATTRO SECURE MRI SURESCAN,"DEFIBRILLATOR, AUTOMATIC IMPLANTABLE CARDIOVERTER",C1887,"Catheter, guiding",ep_catheter_guiding,medium
2649622-2020-08369,Malfunction,2020-01-22,2020-04-27,MPRI,,,NVY,NVY,SPRINT QUATTRO SECURE MRI SURESCAN,DRUG-ELUTING PERMANENT DEFIBRILLATOR ELECTRODES,C1779,"Lead, pmkr, transvenous vdd",pacemaker_lead_vdd,high
2649622-2020-08370,Injury,,2020-04-27,MPRI,,,NVY,NVY,SPRINT QUATTRO SECURE MRI SURESCAN,DRUG-ELUTING PERMANENT DEFIBRILLATOR ELECTRODES,C1779,"Lead, pmkr, transvenous vdd",pacemaker_lead_vdd,high
2649622-2020-08371,Injury,2019-10-13,2020-04-27,MPRI,,,LWS,LWS,SPRINT QUATTRO SECURE MRI SURESCAN,"DEFIBRILLATOR, AUTOMATIC IMPLANTABLE CARDIOVERTER",C1721,"Aicd, dual chamber",icd_dual_chamber,high
2649622-2020-08371,Injury,2019-10-13,2020-04-27,MPRI,,,LWS,LWS,SPRINT QUATTRO SECURE MRI SURESCAN,"DEFIBRILLATOR, AUTOMATIC IMPLANTABLE CARDIOVERTER",C1722,"Aicd, single chamber",icd_single_chamber,high
2649622-2020-08371,Injury,2019-10-13,2020-04-27,MPRI,,,LWS,LWS,SPRINT QUATTRO SECURE MRI SURESCAN,"DEFIBRILLATOR, AUTOMATIC IMPLANTABLE CARDIOVERTER",C1887,"Catheter, guiding",ep_catheter_guiding,medium
2649622-2020-08372,Injury,2020-04-05,2020-04-27,MPRI,,,LWS,LWS,SPRINT FIDELIS,"DEFIBRILLATOR, AUTOMATIC IMPLANTABLE CARDIOVERTER",C1721,"Aicd, dual chamber",icd_dual_chamber,high
2649622-2020-08372,Injury,2020-04-05,2020-04-27,MPRI,,,LWS,LWS,SPRINT FIDELIS,"DEFIBRILLATOR, AUTOMATIC IMPLANTABLE CARDIOVERTER",C1722,"Aicd, single chamber",icd_single_chamber,high
2649622-2020-08372,Injury,2020-04-05,2020-04-27,MPRI,,,LWS,LWS,SPRINT FIDELIS,"DEFIBRILLATOR, AUTOMATIC IMPLANTABLE CARDIOVERTER",C1887,"Catheter, guiding",ep_catheter_guiding,medium
2649622-2020-08374,Malfunction,2019-11-15,2020-04-27,MPRI,,,LWS,LWS,SPRINT QUATTRO SECURE S MRI SURESCAN,"DEFIBRILLATOR, AUTOMATIC IMPLANTABLE CARDIOVERTER",C1721,"Aicd, dual chamber",icd_dual_chamber,high
2649622-2020-08374,Malfunction,2019-11-15,2020-04-27,MPRI,,,LWS,LWS,SPRINT QUATTRO SECURE S MRI SURESCAN,"DEFIBRILLATOR, AUTOMATIC IMPLANTABLE CARDIOVERTER",C1722,"Aicd, single chamber",icd_single_chamber,high
2649622-2020-08374,Malfunction,2019-11-15,2020-04-27,MPRI,,,LWS,LWS,SPRINT QUATTRO SECURE S MRI SURESCAN,"DEFIBRILLATOR, AUTOMATIC IMPLANTABLE CARDIOVERTER",C1887,"Catheter, guiding",ep_catheter_guiding,medium
2649622-2020-08375,Malfunction,2020-04-06,2020-04-27,MPRI,,,LWS,LWS,SPRINT QUATTRO SECURE MRI SURESCAN,"DEFIBRILLATOR, AUTOMATIC IMPLANTABLE CARDIOVERTER",C1721,"Aicd, dual chamber",icd_dual_chamber,high
2649622-2020-08375,Malfunction,2020-04-06,2020-04-27,MPRI,,,LWS,LWS,SPRINT QUATTRO SECURE MRI SURESCAN,"DEFIBRILLATOR, AUTOMATIC IMPLANTABLE CARDIOVERTER",C1722,"Aicd, single chamber",icd_single_chamber,high
2649622-2020-08375,Malfunction,2020-04-06,2020-04-27,MPRI,,,LWS,LWS,SPRINT QUATTRO SECURE MRI SURESCAN,"DEFIBRILLATOR, AUTOMATIC IMPLANTABLE CARDIOVERTER",C1887,"Catheter, guiding",ep_catheter_guiding,medium
2649622-2020-08376,Malfunction,2020-04-07,2020-04-28,MPRI,,,DTB,DTB,CAPSUREFIX NOVUS LEAD MRI SURESCAN,"ELECTRODE, PACEMAKER, PERMANENT",C1785,"Pmkr, dual, rate-resp",pacemaker_dual_chamber,high
2649622-2020-08376,Malfunction,2020-04-07,2020-04-28,MPRI,,,DTB,DTB,CAPSUREFIX NOVUS LEAD MRI SURESCAN,"ELECTRODE, PACEMAKER, PERMANENT",C1786,"Pmkr, single, rate-resp",pacemaker_single_chamber,high
2649622-2020-08377,Injury,,2020-04-28,MPRI,,,DTB,DTB,CAPSUREFIX NOVUS LEAD MRI SURESCAN,"ELECTRODE, PACEMAKER, PERMANENT",C1785,"Pmkr, dual, rate-resp",pacemaker_dual_chamber,high
2649622-2020-08377,Injury,,2020-04-28,MPRI,,,DTB,DTB,CAPSUREFIX NOVUS LEAD MRI SURESCAN,"ELECTRODE, PACEMAKER, PERMANENT",C1786,"Pmkr, single, rate-resp",pacemaker_single_chamber,high
2649622-2020-08379,Injury,2020-04-16,2020-04-28,MPRI,,,DTB,DTB,CAPSUREFIX NOVUS MRI SURESCAN,"ELECTRODE, PACEMAKER, PERMANENT",C1785,"Pmkr, dual, rate-resp",pacemaker_dual_chamber,high
2649622-2020-08379,Injury,2020-04-16,2020-04-28,MPRI,,,DTB,DTB,CAPSUREFIX NOVUS MRI SURESCAN,"ELECTRODE, PACEMAKER, PERMANENT",C1786,"Pmkr, single, rate-resp",pacemaker_single_chamber,high
2649622-2020-08381,Malfunction,2020-04-10,2020-04-28,MPRI,,,DTB,DTB,CAPSUREFIX NOVUS LEAD MRI SURESCAN,"ELECTRODE, PACEMAKER, PERMANENT",C1785,"Pmkr, dual, rate-resp",pacemaker_dual_chamber,high
2649622-2020-08381,Malfunction,2020-04-10,2020-04-28,MPRI,,,DTB,DTB,CAPSUREFIX NOVUS LEAD MRI SURESCAN,"ELECTRODE, PACEMAKER, PERMANENT",C1786,"Pmkr, single, rate-resp",pacemaker_single_chamber,high
2649622-2020-08382,Malfunction,2020-01-01,2020-04-28,MPRI,,,DTB,DTB,CAPSUREFIX NOVUS LEAD MRI SURESCAN,"ELECTRODE, PACEMAKER, PERMANENT",C1785,"Pmkr, dual, rate-resp",pacemaker_dual_chamber,high
2649622-2020-08382,Malfunction,2020-01-01,2020-04-28,MPRI,,,DTB,DTB,CAPSUREFIX NOVUS LEAD MRI SURESCAN,"ELECTRODE, PACEMAKER, PERMANENT",C1786,"Pmkr, single, rate-resp",pacemaker_single_chamber,high
2649622-2020-08383,Injury,2020-04-13,2020-04-28,MPRI,,,DTB,DTB,CAPSUREFIX NOVUS LEAD MRI SURESCAN,"ELECTRODE, PACEMAKER, PERMANENT",C1785,"Pmkr, dual, rate-resp",pacemaker_dual_chamber,high
2649622-2020-08383,Injury,2020-04-13,2020-04-28,MPRI,,,DTB,DTB,CAPSUREFIX NOVUS LEAD MRI SURESCAN,"ELECTRODE, PACEMAKER, PERMANENT",C1786,"Pmkr, single, rate-resp",pacemaker_single_chamber,high
2649622-2020-08386,Death,2020-03-25,2020-04-28,MPRI,,,DTB,DTB,CAPSUREFIX NOVUS LEAD MRI SURESCAN,"ELECTRODE, PACEMAKER, PERMANENT",C1785,"Pmkr, dual, rate-resp",pacemaker_dual_chamber,high
2649622-2020-08386,Death,2020-03-25,2020-04-28,MPRI,,,DTB,DTB,CAPSUREFIX NOVUS LEAD MRI SURESCAN,"ELECTRODE, PACEMAKER, PERMANENT",C1786,"Pmkr, single, rate-resp",pacemaker_single_chamber,high
2649622-2020-08387,Death,2020-03-25,2020-04-28,MPRI,,,DTB,DTB,CAPSUREFIX NOVUS LEAD MRI SURESCAN,"ELECTRODE, PACEMAKER, PERMANENT",C1785,"Pmkr, dual, rate-resp",pacemaker_dual_chamber,high
2649622-2020-08387,Death,2020-03-25,2020-04-28,MPRI,,,DTB,DTB,CAPSUREFIX NOVUS LEAD MRI SURESCAN,"ELECTRODE, PACEMAKER, PERMANENT",C1786,"Pmkr, single, rate-resp",pacemaker_single_chamber,high
2649622-2020-08388,Injury,2020-04-22,2020-04-28,MPRI,,,DTB,DTB,CAPSUREFIX NOVUS MRI SURESCAN,"ELECTRODE, PACEMAKER, PERMANENT",C1785,"Pmkr, dual, rate-resp",pacemaker_dual_chamber,high
2649622-2020-08388,Injury,2020-04-22,2020-04-28,MPRI,,,DTB,DTB,CAPSUREFIX NOVUS MRI SURESCAN,"ELECTRODE, PACEMAKER, PERMANENT",C1786,"Pmkr, single, rate-resp",pacemaker_single_chamber,high
2649622-2020-08389,Death,2020-03-28,2020-04-28,MPRI,,,DTB,DTB,CAPSUREFIX NOVUS LEAD MRI SURESCAN,"ELECTRODE, PACEMAKER, PERMANENT",C1785,"Pmkr, dual, rate-resp",pacemaker_dual_chamber,high
2649622-2020-08389,Death,2020-03-28,2020-04-28,MPRI,,,DTB,DTB,CAPSUREFIX NOVUS LEAD MRI SURESCAN,"ELECTRODE, PACEMAKER, PERMANENT",C1786,"Pmkr, single, rate-resp",pacemaker_single_chamber,high
2649622-2020-08390,Death,2020-03-28,2020-04-28,MPRI,,,DTB,DTB,CAPSUREFIX NOVUS LEAD MRI SURESCAN,"ELECTRODE, PACEMAKER, PERMANENT",C1785,"Pmkr, dual, rate-resp",pacemaker_dual_chamber,high
2649622-2020-08390,Death,2020-03-28,2020-04-28,MPRI,,,DTB,DTB,CAPSUREFIX NOVUS LEAD MRI SURESCAN,"ELECTRODE, PACEMAKER, PERMANENT",C1786,"Pmkr, single, rate-resp",pacemaker_single_chamber,high
2649622-2020-08392,Injury,2020-04-06,2020-04-28,MPRI,,,DTB,DTB,CAPSUREFIX NOVUS LEAD MRI SURESCAN,"ELECTRODE, PACEMAKER, PERMANENT",C1785,"Pmkr, dual, rate-resp",pacemaker_dual_chamber,high
2649622-2020-08392,Injury,2020-04-06,2020-04-28,MPRI,,,DTB,DTB,CAPSUREFIX NOVUS LEAD MRI SURESCAN,"ELECTRODE, PACEMAKER, PERMANENT",C1786,"Pmkr, single, rate-resp",pacemaker_single_chamber,high
2649622-2020-08393,Injury,2020-04-06,2020-04-28,MPRI,,,DTB,DTB,CAPSURE SENSE LEAD MRI SURESCAN,"ELECTRODE, PACEMAKER, PERMANENT",C1785,"Pmkr, dual, rate-resp",pacemaker_dual_chamber,high
2649622-2020-08393,Injury,2020-04-06,2020-04-28,MPRI,,,DTB,DTB,CAPSURE SENSE LEAD MRI SURESCAN,"ELECTRODE, PACEMAKER, PERMANENT",C1786,"Pmkr, single, rate-resp",pacemaker_single_chamber,high
2649622-2020-08395,Injury,2020-04-09,2020-04-28,MPRI,,,DTB,DTB,CAPSUREFIX NOVUS LEAD MRI SURESCAN,"ELECTRODE, PACEMAKER, PERMANENT",C1785,"Pmkr, dual, rate-resp",pacemaker_dual_chamber,high
2649622-2020-08395,Injury,2020-04-09,2020-04-28,MPRI,,,DTB,DTB,CAPSUREFIX NOVUS LEAD MRI SURESCAN,"ELECTRODE, PACEMAKER, PERMANENT",C1786,"Pmkr, single, rate-resp",pacemaker_single_chamber,high
2649622-2020-08396,Injury,2020-03-24,2020-04-28,MPRI,,,DTB,DTB,CAPSUREFIX NOVUS LEAD MRI SURESCAN,"ELECTRODE, PACEMAKER, PERMANENT",C1785,"Pmkr, dual, rate-resp",pacemaker_dual_chamber,high
2649622-2020-08396,Injury,2020-03-24,2020-04-28,MPRI,,,DTB,DTB,CAPSUREFIX NOVUS LEAD MRI SURESCAN,"ELECTRODE, PACEMAKER, PERMANENT",C1786,"Pmkr, single, rate-resp",pacemaker_single_chamber,high
2649622-2020-08397,Injury,2020-04-02,2020-04-28,MPRI,,,LWS,LWS,SPRINT FIDELIS,"DEFIBRILLATOR, AUTOMATIC IMPLANTABLE CARDIOVERTER",C1721,"Aicd, dual chamber",icd_dual_chamber,high
2649622-2020-08397,Injury,2020-04-02,2020-04-28,MPRI,,,LWS,LWS,SPRINT FIDELIS,"DEFIBRILLATOR, AUTOMATIC IMPLANTABLE CARDIOVERTER",C1722,"Aicd, single chamber",icd_single_chamber,high
2649622-2020-08397,Injury,2020-04-02,2020-04-28,MPRI,,,LWS,LWS,SPRINT FIDELIS,"DEFIBRILLATOR, AUTOMATIC IMPLANTABLE CARDIOVERTER",C1887,"Catheter, guiding",ep_catheter_guiding,medium
2649622-2020-08398,Injury,2020-03-24,2020-04-28,MPRI,,,DTB,DTB,CAPSUREFIX NOVUS LEAD MRI SURESCAN,"ELECTRODE, PACEMAKER, PERMANENT",C1785,"Pmkr, dual, rate-resp",pacemaker_dual_chamber,high
2649622-2020-08398,Injury,2020-03-24,2020-04-28,MPRI,,,DTB,DTB,CAPSUREFIX NOVUS LEAD MRI SURESCAN,"ELECTRODE, PACEMAKER, PERMANENT",C1786,"Pmkr, single, rate-resp",pacemaker_single_chamber,high
2649622-2020-08400,Injury,2020-04-02,2020-04-28,MPRI,,,LWS,LWS,SPRINT QUATTRO SECURE S MRI SURESCAN,"DEFIBRILLATOR, AUTOMATIC IMPLANTABLE CARDIOVERTER",C1721,"Aicd, dual chamber",icd_dual_chamber,high
2649622-2020-08400,Injury,2020-04-02,2020-04-28,MPRI,,,LWS,LWS,SPRINT QUATTRO SECURE S MRI SURESCAN,"DEFIBRILLATOR, AUTOMATIC IMPLANTABLE CARDIOVERTER",C1722,"Aicd, single chamber",icd_single_chamber,high
2649622-2020-08400,Injury,2020-04-02,2020-04-28,MPRI,,,LWS,LWS,SPRINT QUATTRO SECURE S MRI SURESCAN,"DEFIBRILLATOR, AUTOMATIC IMPLANTABLE CARDIOVERTER",C1887,"Catheter, guiding",ep_catheter_guiding,medium
2649622-2020-08401,Injury,2020-04-10,2020-04-28,MPRI,,,DTB,DTB,SCREW-IN LEAD,"ELECTRODE, PACEMAKER, PERMANENT",C1785,"Pmkr, dual, rate-resp",pacemaker_dual_chamber,high
2649622-2020-08401,Injury,2020-04-10,2020-04-28,MPRI,,,DTB,DTB,SCREW-IN LEAD,"ELECTRODE, PACEMAKER, PERMANENT",C1786,"Pmkr, single, rate-resp",pacemaker_single_chamber,high
2649622-2020-08402,Injury,2020-04-10,2020-04-28,MPRI,,,LWS,LWS,SPRINT QUATTRO SECURE MRI SURESCAN,"DEFIBRILLATOR, AUTOMATIC IMPLANTABLE CARDIOVERTER",C1721,"Aicd, dual chamber",icd_dual_chamber,high
2649622-2020-08402,Injury,2020-04-10,2020-04-28,MPRI,,,LWS,LWS,SPRINT QUATTRO SECURE MRI SURESCAN,"DEFIBRILLATOR, AUTOMATIC IMPLANTABLE CARDIOVERTER",C1722,"Aicd, single chamber",icd_single_chamber,high
2649622-2020-08402,Injury,2020-04-10,2020-04-28,MPRI,,,LWS,LWS,SPRINT QUATTRO SECURE MRI SURESCAN,"DEFIBRILLATOR, AUTOMATIC IMPLANTABLE CARDIOVERTER",C1887,"Catheter, guiding",ep_catheter_guiding,medium
2649622-2020-08403,Injury,2020-04-10,2020-04-28,MPRI,,,DTB,DTB,CAPSUREFIX NOVUS LEAD MRI SURESCAN,"ELECTRODE, PACEMAKER, PERMANENT",C1785,"Pmkr, dual, rate-resp",pacemaker_dual_chamber,high
2649622-2020-08403,Injury,2020-04-10,2020-04-28,MPRI,,,DTB,DTB,CAPSUREFIX NOVUS LEAD MRI SURESCAN,"ELECTRODE, PACEMAKER, PERMANENT",C1786,"Pmkr, single, rate-resp",pacemaker_single_chamber,high
2649622-2020-08404,Injury,2020-03-30,2020-04-28,MPRI,,,LWS,LWS,SPRINT QUATTRO SECURE S MRI SURESCAN,"DEFIBRILLATOR, AUTOMATIC IMPLANTABLE CARDIOVERTER",C1721,"Aicd, dual chamber",icd_dual_chamber,high
2649622-2020-08404,Injury,2020-03-30,2020-04-28,MPRI,,,LWS,LWS,SPRINT QUATTRO SECURE S MRI SURESCAN,"DEFIBRILLATOR, AUTOMATIC IMPLANTABLE CARDIOVERTER",C1722,"Aicd, single chamber",icd_single_chamber,high
2649622-2020-08404,Injury,2020-03-30,2020-04-28,MPRI,,,LWS,LWS,SPRINT QUATTRO SECURE S MRI SURESCAN,"DEFIBRILLATOR, AUTOMATIC IMPLANTABLE CARDIOVERTER",C1887,"Catheter, guiding",ep_catheter_guiding,medium
2649622-2020-08405,Malfunction,2020-04-09,2020-04-28,MPRI,,,DTB,DTB,CAPSUREFIX NOVUS LEAD MRI SURESCAN,"ELECTRODE, PACEMAKER, PERMANENT",C1785,"Pmkr, dual, rate-resp",pacemaker_dual_chamber,high
2649622-2020-08405,Malfunction,2020-04-09,2020-04-28,MPRI,,,DTB,DTB,CAPSUREFIX NOVUS LEAD MRI SURESCAN,"ELECTRODE, PACEMAKER, PERMANENT",C1786,"Pmkr, single, rate-resp",pacemaker_single_chamber,high
2649622-2020-08407,Injury,2020-04-02,2020-04-28,MPRI,,,LWS,LWS,SPRINT QUATTRO SECURE S MRI SURESCAN,"DEFIBRILLATOR, AUTOMATIC IMPLANTABLE CARDIOVERTER",C1721,"Aicd, dual chamber",icd_dual_chamber,high
2649622-2020-08407,Injury,2020-04-02,2020-04-28,MPRI,,,LWS,LWS,SPRINT QUATTRO SECURE S MRI SURESCAN,"DEFIBRILLATOR, AUTOMATIC IMPLANTABLE CARDIOVERTER",C1722,"Aicd, single chamber",icd_single_chamber,high
2649622-2020-08407,Injury,2020-04-02,2020-04-28,MPRI,,,LWS,LWS,SPRINT QUATTRO SECURE S MRI SURESCAN,"DEFIBRILLATOR, AUTOMATIC IMPLANTABLE CARDIOVERTER",C1887,"Catheter, guiding",ep_catheter_guiding,medium
2649622-2020-08408,Malfunction,2020-03-31,2020-04-28,MPRI,,,DTB,DTB,CAPSUREFIX NOVUS LEAD MRI SURESCAN,"ELECTRODE, PACEMAKER, PERMANENT",C1785,"Pmkr, dual, rate-resp",pacemaker_dual_chamber,high
2649622-2020-08408,Malfunction,2020-03-31,2020-04-28,MPRI,,,DTB,DTB,CAPSUREFIX NOVUS LEAD MRI SURESCAN,"ELECTRODE, PACEMAKER, PERMANENT",C1786,"Pmkr, single, rate-resp",pacemaker_single_chamber,high
2649622-2020-08409,Malfunction,2020-04-02,2020-04-28,MPRI,PHYSICIAN,,NVY,NVY,SPRINT QUATTRO SECURE MRI SURESCAN,PERMANENT DEFIBRILLATOR ELECTRODES,C1779,"Lead, pmkr, transvenous vdd",pacemaker_lead_vdd,high
2649622-2020-08410,Injury,2019-12-14,2020-04-28,MPRI,,,LWS,LWS,SPRINT QUATTRO SECURE MRI SURESCAN,"DEFIBRILLATOR, AUTOMATIC IMPLANTABLE CARDIOVERTER",C1721,"Aicd, dual chamber",icd_dual_chamber,high
2649622-2020-08410,Injury,2019-12-14,2020-04-28,MPRI,,,LWS,LWS,SPRINT QUATTRO SECURE MRI SURESCAN,"DEFIBRILLATOR, AUTOMATIC IMPLANTABLE CARDIOVERTER",C1722,"Aicd, single chamber",icd_single_chamber,high
2649622-2020-08410,Injury,2019-12-14,2020-04-28,MPRI,,,LWS,LWS,SPRINT QUATTRO SECURE MRI SURESCAN,"DEFIBRILLATOR, AUTOMATIC IMPLANTABLE CARDIOVERTER",C1887,"Catheter, guiding",ep_catheter_guiding,medium
2649622-2020-08411,Malfunction,2020-04-27,2020-04-28,MPRI,,,LWS,LWS,SPRINT QUATTRO SECURE S MRI SURESCAN,"DEFIBRILLATOR, AUTOMATIC IMPLANTABLE CARDIOVERTER",C1721,"Aicd, dual chamber",icd_dual_chamber,high
2649622-2020-08411,Malfunction,2020-04-27,2020-04-28,MPRI,,,LWS,LWS,SPRINT QUATTRO SECURE S MRI SURESCAN,"DEFIBRILLATOR, AUTOMATIC IMPLANTABLE CARDIOVERTER",C1722,"Aicd, single chamber",icd_single_chamber,high
2649622-2020-08411,Malfunction,2020-04-27,2020-04-28,MPRI,,,LWS,LWS,SPRINT QUATTRO SECURE S MRI SURESCAN,"DEFIBRILLATOR, AUTOMATIC IMPLANTABLE CARDIOVERTER",C1887,"Catheter, guiding",ep_catheter_guiding,medium
2649622-2020-08412,Malfunction,2020-03-22,2020-04-28,MPRI,,,LWS,LWS,SPRINT QUATTRO SECURE S MRI SURESCAN,"DEFIBRILLATOR, AUTOMATIC IMPLANTABLE CARDIOVERTER",C1721,"Aicd, dual chamber",icd_dual_chamber,high
2649622-2020-08412,Malfunction,2020-03-22,2020-04-28,MPRI,,,LWS,LWS,SPRINT QUATTRO SECURE S MRI SURESCAN,"DEFIBRILLATOR, AUTOMATIC IMPLANTABLE CARDIOVERTER",C1722,"Aicd, single chamber",icd_single_chamber,high
2649622-2020-08412,Malfunction,2020-03-22,2020-04-28,MPRI,,,LWS,LWS,SPRINT QUATTRO SECURE S MRI SURESCAN,"DEFIBRILLATOR, AUTOMATIC IMPLANTABLE CARDIOVERTER",C1887,"Catheter, guiding",ep_catheter_guiding,medium
2649622-2020-08414,Injury,2020-03-16,2020-04-28,MPRI,,,LWS,LWS,SPRINT QUATTRO SECURE MRI SURESCAN,"DEFIBRILLATOR, AUTOMATIC IMPLANTABLE CARDIOVERTER",C1721,"Aicd, dual chamber",icd_dual_chamber,high
2649622-2020-08414,Injury,2020-03-16,2020-04-28,MPRI,,,LWS,LWS,SPRINT QUATTRO SECURE MRI SURESCAN,"DEFIBRILLATOR, AUTOMATIC IMPLANTABLE CARDIOVERTER",C1722,"Aicd, single chamber",icd_single_chamber,high
2649622-2020-08414,Injury,2020-03-16,2020-04-28,MPRI,,,LWS,LWS,SPRINT QUATTRO SECURE MRI SURESCAN,"DEFIBRILLATOR, AUTOMATIC IMPLANTABLE CARDIOVERTER",C1887,"Catheter, guiding",ep_catheter_guiding,medium
2649622-2020-08415,Injury,,2020-04-28,MPRI,,,LWS,LWS,SPRINT FIDELIS,"DEFIBRILLATOR, AUTOMATIC IMPLANTABLE CARDIOVERTER",C1721,"Aicd, dual chamber",icd_dual_chamber,high
2649622-2020-08415,Injury,,2020-04-28,MPRI,,,LWS,LWS,SPRINT FIDELIS,"DEFIBRILLATOR, AUTOMATIC IMPLANTABLE CARDIOVERTER",C1722,"Aicd, single chamber",icd_single_chamber,high
2649622-2020-08415,Injury,,2020-04-28,MPRI,,,LWS,LWS,SPRINT FIDELIS,"DEFIBRILLATOR, AUTOMATIC IMPLANTABLE CARDIOVERTER",C1887,"Catheter, guiding",ep_catheter_guiding,medium
2649622-2020-08417,Malfunction,2012-09-26,2020-04-28,MPRI,,,LWS,LWS,SPRINT FIDELIS,"DEFIBRILLATOR, AUTOMATIC IMPLANTABLE CARDIOVERTER",C1721,"Aicd, dual chamber",icd_dual_chamber,high
2649622-2020-08417,Malfunction,2012-09-26,2020-04-28,MPRI,,,LWS,LWS,SPRINT FIDELIS,"DEFIBRILLATOR, AUTOMATIC IMPLANTABLE CARDIOVERTER",C1722,"Aicd, single chamber",icd_single_chamber,high
2649622-2020-08417,Malfunction,2012-09-26,2020-04-28,MPRI,,,LWS,LWS,SPRINT FIDELIS,"DEFIBRILLATOR, AUTOMATIC IMPLANTABLE CARDIOVERTER",C1887,"Catheter, guiding",ep_catheter_guiding,medium
2649622-2020-08418,Injury,2020-03-31,2020-04-28,MPRI,,,LWS,LWS,SPRINT QUATTRO SECURE S MRI SURESCAN,"DEFIBRILLATOR, AUTOMATIC IMPLANTABLE CARDIOVERTER",C1721,"Aicd, dual chamber",icd_dual_chamber,high
2649622-2020-08418,Injury,2020-03-31,2020-04-28,MPRI,,,LWS,LWS,SPRINT QUATTRO SECURE S MRI SURESCAN,"DEFIBRILLATOR, AUTOMATIC IMPLANTABLE CARDIOVERTER",C1722,"Aicd, single chamber",icd_single_chamber,high
2649622-2020-08418,Injury,2020-03-31,2020-04-28,MPRI,,,LWS,LWS,SPRINT QUATTRO SECURE S MRI SURESCAN,"DEFIBRILLATOR, AUTOMATIC IMPLANTABLE CARDIOVERTER",C1887,"Catheter, guiding",ep_catheter_guiding,medium
2649622-2020-08420,Malfunction,2020-03-06,2020-04-28,MPRI,,,LWS,LWS,SPRINT QUATTRO SECURE S MRI SURESCAN,"DEFIBRILLATOR, AUTOMATIC IMPLANTABLE CARDIOVERTER",C1721,"Aicd, dual chamber",icd_dual_chamber,high
2649622-2020-08420,Malfunction,2020-03-06,2020-04-28,MPRI,,,LWS,LWS,SPRINT QUATTRO SECURE S MRI SURESCAN,"DEFIBRILLATOR, AUTOMATIC IMPLANTABLE CARDIOVERTER",C1722,"Aicd, single chamber",icd_single_chamber,high
2649622-2020-08420,Malfunction,2020-03-06,2020-04-28,MPRI,,,LWS,LWS,SPRINT QUATTRO SECURE S MRI SURESCAN,"DEFIBRILLATOR, AUTOMATIC IMPLANTABLE CARDIOVERTER",C1887,"Catheter, guiding",ep_catheter_guiding,medium
2649622-2020-08421,Malfunction,2020-04-23,2020-04-28,MPRI,,,LWS,LWS,SPRINT,"DEFIBRILLATOR, AUTOMATIC IMPLANTABLE CARDIOVERTER",C1721,"Aicd, dual chamber",icd_dual_chamber,high
2649622-2020-08421,Malfunction,2020-04-23,2020-04-28,MPRI,,,LWS,LWS,SPRINT,"DEFIBRILLATOR, AUTOMATIC IMPLANTABLE CARDIOVERTER",C1722,"Aicd, single chamber",icd_single_chamber,high
2649622-2020-08421,Malfunction,2020-04-23,2020-04-28,MPRI,,,LWS,LWS,SPRINT,"DEFIBRILLATOR, AUTOMATIC IMPLANTABLE CARDIOVERTER",C1887,"Catheter, guiding",ep_catheter_guiding,medium
2649622-2020-08422,Injury,2020-04-10,2020-04-28,MPRI,,,LWS,LWS,SPRINT QUATTRO SECURE MRI SURESCAN,"DEFIBRILLATOR, AUTOMATIC IMPLANTABLE CARDIOVERTER",C1721,"Aicd, dual chamber",icd_dual_chamber,high
2649622-2020-08422,Injury,2020-04-10,2020-04-28,MPRI,,,LWS,LWS,SPRINT QUATTRO SECURE MRI SURESCAN,"DEFIBRILLATOR, AUTOMATIC IMPLANTABLE CARDIOVERTER",C1722,"Aicd, single chamber",icd_single_chamber,high
2649622-2020-08422,Injury,2020-04-10,2020-04-28,MPRI,,,LWS,LWS,SPRINT QUATTRO SECURE MRI SURESCAN,"DEFIBRILLATOR, AUTOMATIC IMPLANTABLE CARDIOVERTER",C1887,"Catheter, guiding",ep_catheter_guiding,medium
2649622-2020-08423,Injury,2020-03-14,2020-04-28,MPRI,,,LWS,LWS,SPRINT QUATTRO SECURE S MRI SURESCAN,"DEFIBRILLATOR, AUTOMATIC IMPLANTABLE CARDIOVERTER",C1721,"Aicd, dual chamber",icd_dual_chamber,high
2649622-2020-08423,Injury,2020-03-14,2020-04-28,MPRI,,,LWS,LWS,SPRINT QUATTRO SECURE S MRI SURESCAN,"DEFIBRILLATOR, AUTOMATIC IMPLANTABLE CARDIOVERTER",C1722,"Aicd, single chamber",icd_single_chamber,high
2649622-2020-08423,Injury,2020-03-14,2020-04-28,MPRI,,,LWS,LWS,SPRINT QUATTRO SECURE S MRI SURESCAN,"DEFIBRILLATOR, AUTOMATIC IMPLANTABLE CARDIOVERTER",C1887,"Catheter, guiding",ep_catheter_guiding,medium
2649622-2020-08424,Injury,2020-01-07,2020-04-28,MPRI,,,NVY,NVY,SPRINT QUATTRO SECURE MRI SURESCAN,DRUG-ELUTING PERMANENT DEFIBRILLATOR ELECTRODES,C1779,"Lead, pmkr, transvenous vdd",pacemaker_lead_vdd,high
2649622-2020-08425,Injury,2020-01-07,2020-04-28,MPRI,,,DTB,DTB,CAPSUREFIX NOVUS MRI SURESCAN,"ELECTRODE, PACEMAKER, PERMANENT",C1785,"Pmkr, dual, rate-resp",pacemaker_dual_chamber,high
2649622-2020-08425,Injury,2020-01-07,2020-04-28,MPRI,,,DTB,DTB,CAPSUREFIX NOVUS MRI SURESCAN,"ELECTRODE, PACEMAKER, PERMANENT",C1786,"Pmkr, single, rate-resp",pacemaker_single_chamber,high
2649622-2020-08427,Injury,2020-04-11,2020-04-28,MPRI,,,LWS,LWS,SPRINT QUATTRO SECURE MRI SURESCAN,"DEFIBRILLATOR, AUTOMATIC IMPLANTABLE CARDIOVERTER",C1721,"Aicd, dual chamber",icd_dual_chamber,high
2649622-2020-08427,Injury,2020-04-11,2020-04-28,MPRI,,,LWS,LWS,SPRINT QUATTRO SECURE MRI SURESCAN,"DEFIBRILLATOR, AUTOMATIC IMPLANTABLE CARDIOVERTER",C1722,"Aicd, single chamber",icd_single_chamber,high
2649622-2020-08427,Injury,2020-04-11,2020-04-28,MPRI,,,LWS,LWS,SPRINT QUATTRO SECURE MRI SURESCAN,"DEFIBRILLATOR, AUTOMATIC IMPLANTABLE CARDIOVERTER",C1887,"Catheter, guiding",ep_catheter_guiding,medium
2649622-2020-08428,Malfunction,2020-04-08,2020-04-28,MPRI,,,DTB,DTB,CAPSUREFIX NOVUS LEAD MRI SURESCAN,"ELECTRODE, PACEMAKER, PERMANENT",C1785,"Pmkr, dual, rate-resp",pacemaker_dual_chamber,high
2649622-2020-08428,Malfunction,2020-04-08,2020-04-28,MPRI,,,DTB,DTB,CAPSUREFIX NOVUS LEAD MRI SURESCAN,"ELECTRODE, PACEMAKER, PERMANENT",C1786,"Pmkr, single, rate-resp",pacemaker_single_chamber,high
2649622-2020-08430,Injury,2020-04-04,2020-04-28,MPRI,,,LWS,LWS,SPRINT QUATTRO SECURE S MRI SURESCAN,"DEFIBRILLATOR, AUTOMATIC IMPLANTABLE CARDIOVERTER",C1721,"Aicd, dual chamber",icd_dual_chamber,high
2649622-2020-08430,Injury,2020-04-04,2020-04-28,MPRI,,,LWS,LWS,SPRINT QUATTRO SECURE S MRI SURESCAN,"DEFIBRILLATOR, AUTOMATIC IMPLANTABLE CARDIOVERTER",C1722,"Aicd, single chamber",icd_single_chamber,high
2649622-2020-08430,Injury,2020-04-04,2020-04-28,MPRI,,,LWS,LWS,SPRINT QUATTRO SECURE S MRI SURESCAN,"DEFIBRILLATOR, AUTOMATIC IMPLANTABLE CARDIOVERTER",C1887,"Catheter, guiding",ep_catheter_guiding,medium
2649622-2020-08431,Injury,2020-01-28,2020-04-28,MPRI,,,LWS,LWS,SPRINT QUATTRO LEAD,"DEFIBRILLATOR, AUTOMATIC IMPLANTABLE CARDIOVERTER",C1721,"Aicd, dual chamber",icd_dual_chamber,high
2649622-2020-08431,Injury,2020-01-28,2020-04-28,MPRI,,,LWS,LWS,SPRINT QUATTRO LEAD,"DEFIBRILLATOR, AUTOMATIC IMPLANTABLE CARDIOVERTER",C1722,"Aicd, single chamber",icd_single_chamber,high
2649622-2020-08431,Injury,2020-01-28,2020-04-28,MPRI,,,LWS,LWS,SPRINT QUATTRO LEAD,"DEFIBRILLATOR, AUTOMATIC IMPLANTABLE CARDIOVERTER",C1887,"Catheter, guiding",ep_catheter_guiding,medium
2649622-2020-08432,Injury,2020-04-23,2020-04-28,MPRI,,,LWS,LWS,SPRINT QUATTRO SECURE MRI SURESCAN,"DEFIBRILLATOR, AUTOMATIC IMPLANTABLE CARDIOVERTER",C1721,"Aicd, dual chamber",icd_dual_chamber,high
2649622-2020-08432,Injury,2020-04-23,2020-04-28,MPRI,,,LWS,LWS,SPRINT QUATTRO SECURE MRI SURESCAN,"DEFIBRILLATOR, AUTOMATIC IMPLANTABLE CARDIOVERTER",C1722,"Aicd, single chamber",icd_single_chamber,high
2649622-2020-08432,Injury,2020-04-23,2020-04-28,MPRI,,,LWS,LWS,SPRINT QUATTRO SECURE MRI SURESCAN,"DEFIBRILLATOR, AUTOMATIC IMPLANTABLE CARDIOVERTER",C1887,"Catheter, guiding",ep_catheter_guiding,medium
2649622-2020-08433,Injury,2019-12-04,2020-04-28,MPRI,,,LWS,LWS,SPRINT QUATTRO SECURE MRI SURESCAN,"DEFIBRILLATOR, AUTOMATIC IMPLANTABLE CARDIOVERTER",C1721,"Aicd, dual chamber",icd_dual_chamber,high
2649622-2020-08433,Injury,2019-12-04,2020-04-28,MPRI,,,LWS,LWS,SPRINT QUATTRO SECURE MRI SURESCAN,"DEFIBRILLATOR, AUTOMATIC IMPLANTABLE CARDIOVERTER",C1722,"Aicd, single chamber",icd_single_chamber,high
2649622-2020-08433,Injury,2019-12-04,2020-04-28,MPRI,,,LWS,LWS,SPRINT QUATTRO SECURE MRI SURESCAN,"DEFIBRILLATOR, AUTOMATIC IMPLANTABLE CARDIOVERTER",C1887,"Catheter, guiding",ep_catheter_guiding,medium
2649622-2020-08434,Injury,2020-04-17,2020-04-28,MPRI,,,LWS,LWS,SPRINT QUATTRO SECURE MRI SURESCAN,"DEFIBRILLATOR, AUTOMATIC IMPLANTABLE CARDIOVERTER",C1721,"Aicd, dual chamber",icd_dual_chamber,high
2649622-2020-08434,Injury,2020-04-17,2020-04-28,MPRI,,,LWS,LWS,SPRINT QUATTRO SECURE MRI SURESCAN,"DEFIBRILLATOR, AUTOMATIC IMPLANTABLE CARDIOVERTER",C1722,"Aicd, single chamber",icd_single_chamber,high
2649622-2020-08434,Injury,2020-04-17,2020-04-28,MPRI,,,LWS,LWS,SPRINT QUATTRO SECURE MRI SURESCAN,"DEFIBRILLATOR, AUTOMATIC IMPLANTABLE CARDIOVERTER",C1887,"Catheter, guiding",ep_catheter_guiding,medium
2649622-2020-08435,Injury,2020-03-16,2020-04-28,MPRI,,,LWS,LWS,SPRINT QUATTRO SECURE MRI SURESCAN,"DEFIBRILLATOR, AUTOMATIC IMPLANTABLE CARDIOVERTER",C1721,"Aicd, dual chamber",icd_dual_chamber,high
2649622-2020-08435,Injury,2020-03-16,2020-04-28,MPRI,,,LWS,LWS,SPRINT QUATTRO SECURE MRI SURESCAN,"DEFIBRILLATOR, AUTOMATIC IMPLANTABLE CARDIOVERTER",C1722,"Aicd, single chamber",icd_single_chamber,high
2649622-2020-08435,Injury,2020-03-16,2020-04-28,MPRI,,,LWS,LWS,SPRINT QUATTRO SECURE MRI SURESCAN,"DEFIBRILLATOR, AUTOMATIC IMPLANTABLE CARDIOVERTER",C1887,"Catheter, guiding",ep_catheter_guiding,medium
2649622-2020-08436,Injury,2020-04-17,2020-04-28,MPRI,,,DTB,DTB,CAPSUREFIX NOVUS LEAD MRI SURESCAN,"ELECTRODE, PACEMAKER, PERMANENT",C1785,"Pmkr, dual, rate-resp",pacemaker_dual_chamber,high
2649622-2020-08436,Injury,2020-04-17,2020-04-28,MPRI,,,DTB,DTB,CAPSUREFIX NOVUS LEAD MRI SURESCAN,"ELECTRODE, PACEMAKER, PERMANENT",C1786,"Pmkr, single, rate-resp",pacemaker_single_chamber,high
2649622-2020-08437,Injury,2020-04-17,2020-04-28,MPRI,,,NVY,NVY,SPRINT QUATTRO SECURE MRI SURESCAN,DRUG-ELUTING PERMANENT DEFIBRILLATOR ELECTRODES,C1779,"Lead, pmkr, transvenous vdd",pacemaker_lead_vdd,high
2649622-2020-08438,Injury,2020-04-08,2020-04-28,MPRI,,,LWS,LWS,SPRINT FIDELIS,"DEFIBRILLATOR, AUTOMATIC IMPLANTABLE CARDIOVERTER",C1721,"Aicd, dual chamber",icd_dual_chamber,high
2649622-2020-08438,Injury,2020-04-08,2020-04-28,MPRI,,,LWS,LWS,SPRINT FIDELIS,"DEFIBRILLATOR, AUTOMATIC IMPLANTABLE CARDIOVERTER",C1722,"Aicd, single chamber",icd_single_chamber,high
2649622-2020-08438,Injury,2020-04-08,2020-04-28,MPRI,,,LWS,LWS,SPRINT FIDELIS,"DEFIBRILLATOR, AUTOMATIC IMPLANTABLE CARDIOVERTER",C1887,"Catheter, guiding",ep_catheter_guiding,medium
2649622-2020-08439,Injury,2020-03-26,2020-04-28,MPRI,,,LWS,LWS,SPRINT FIDELIS,"DEFIBRILLATOR, AUTOMATIC IMPLANTABLE CARDIOVERTER",C1721,"Aicd, dual chamber",icd_dual_chamber,high
2649622-2020-08439,Injury,2020-03-26,2020-04-28,MPRI,,,LWS,LWS,SPRINT FIDELIS,"DEFIBRILLATOR, AUTOMATIC IMPLANTABLE CARDIOVERTER",C1722,"Aicd, single chamber",icd_single_chamber,high
2649622-2020-08439,Injury,2020-03-26,2020-04-28,MPRI,,,LWS,LWS,SPRINT FIDELIS,"DEFIBRILLATOR, AUTOMATIC IMPLANTABLE CARDIOVERTER",C1887,"Catheter, guiding",ep_catheter_guiding,medium
2649622-2020-08443,Injury,2020-04-06,2020-04-29,MPRI,,,LWS,LWS,SPRINT QUATTRO LEAD,"DEFIBRILLATOR, AUTOMATIC IMPLANTABLE CARDIOVERTER",C1721,"Aicd, dual chamber",icd_dual_chamber,high
2649622-2020-08443,Injury,2020-04-06,2020-04-29,MPRI,,,LWS,LWS,SPRINT QUATTRO LEAD,"DEFIBRILLATOR, AUTOMATIC IMPLANTABLE CARDIOVERTER",C1722,"Aicd, single chamber",icd_single_chamber,high
2649622-2020-08443,Injury,2020-04-06,2020-04-29,MPRI,,,LWS,LWS,SPRINT QUATTRO LEAD,"DEFIBRILLATOR, AUTOMATIC IMPLANTABLE CARDIOVERTER",C1887,"Catheter, guiding",ep_catheter_guiding,medium
2649622-2020-08444,Injury,2020-04-21,2020-04-29,MPRI,,,DTB,DTB,CAPSUREFIX NOVUS LEAD MRI SURESCAN,"ELECTRODE, PACEMAKER, PERMANENT",C1785,"Pmkr, dual, rate-resp",pacemaker_dual_chamber,high
2649622-2020-08444,Injury,2020-04-21,2020-04-29,MPRI,,,DTB,DTB,CAPSUREFIX NOVUS LEAD MRI SURESCAN,"ELECTRODE, PACEMAKER, PERMANENT",C1786,"Pmkr, single, rate-resp",pacemaker_single_chamber,high
2649622-2020-08445,Injury,2020-04-21,2020-04-29,MPRI,,,DTB,DTB,CAPSUREFIX NOVUS LEAD MRI SURESCAN,"ELECTRODE, PACEMAKER, PERMANENT",C1785,"Pmkr, dual, rate-resp",pacemaker_dual_chamber,high
2649622-2020-08445,Injury,2020-04-21,2020-04-29,MPRI,,,DTB,DTB,CAPSUREFIX NOVUS LEAD MRI SURESCAN,"ELECTRODE, PACEMAKER, PERMANENT",C1786,"Pmkr, single, rate-resp",pacemaker_single_chamber,high
2649622-2020-08446,Injury,2020-04-17,2020-04-29,MPRI,,,DTB,DTB,CAPSUREFIX NOVUS LEAD MRI SURESCAN,"ELECTRODE, PACEMAKER, PERMANENT",C1785,"Pmkr, dual, rate-resp",pacemaker_dual_chamber,high
2649622-2020-08446,Injury,2020-04-17,2020-04-29,MPRI,,,DTB,DTB,CAPSUREFIX NOVUS LEAD MRI SURESCAN,"ELECTRODE, PACEMAKER, PERMANENT",C1786,"Pmkr, single, rate-resp",pacemaker_single_chamber,high
2649622-2020-08447,Injury,2020-04-17,2020-04-29,MPRI,,,DTB,DTB,CAPSUREFIX NOVUS LEAD MRI SURESCAN,"ELECTRODE, PACEMAKER, PERMANENT",C1785,"Pmkr, dual, rate-resp",pacemaker_dual_chamber,high
2649622-2020-08447,Injury,2020-04-17,2020-04-29,MPRI,,,DTB,DTB,CAPSUREFIX NOVUS LEAD MRI SURESCAN,"ELECTRODE, PACEMAKER, PERMANENT",C1786,"Pmkr, single, rate-resp",pacemaker_single_chamber,high
2649622-2020-08448,Injury,2020-04-17,2020-04-29,MPRI,,,DTB,DTB,CAPSUREFIX NOVUS LEAD MRI SURESCAN,"ELECTRODE, PACEMAKER, PERMANENT",C1785,"Pmkr, dual, rate-resp",pacemaker_dual_chamber,high
2649622-2020-08448,Injury,2020-04-17,2020-04-29,MPRI,,,DTB,DTB,CAPSUREFIX NOVUS LEAD MRI SURESCAN,"ELECTRODE, PACEMAKER, PERMANENT",C1786,"Pmkr, single, rate-resp",pacemaker_single_chamber,high
2649622-2020-08449,Injury,2019-10-17,2020-04-29,MPRI,,,DTB,DTB,CAPSUREFIX NOVUS LEAD MRI SURESCAN,"ELECTRODE, PACEMAKER, PERMANENT",C1785,"Pmkr, dual, rate-resp",pacemaker_dual_chamber,high
2649622-2020-08449,Injury,2019-10-17,2020-04-29,MPRI,,,DTB,DTB,CAPSUREFIX NOVUS LEAD MRI SURESCAN,"ELECTRODE, PACEMAKER, PERMANENT",C1786,"Pmkr, single, rate-resp",pacemaker_single_chamber,high
2649622-2020-08450,Injury,2019-10-17,2020-04-29,MPRI,,,DTB,DTB,CAPSURE SENSE LEAD MRI SURESCAN,"ELECTRODE, PACEMAKER, PERMANENT",C1785,"Pmkr, dual, rate-resp",pacemaker_dual_chamber,high
2649622-2020-08450,Injury,2019-10-17,2020-04-29,MPRI,,,DTB,DTB,CAPSURE SENSE LEAD MRI SURESCAN,"ELECTRODE, PACEMAKER, PERMANENT",C1786,"Pmkr, single, rate-resp",pacemaker_single_chamber,high
2649622-2020-08451,Injury,2020-04-17,2020-04-29,MPRI,,,DTB,DTB,CAPSUREFIX NOVUS LEAD MRI SURESCAN,"ELECTRODE, PACEMAKER, PERMANENT",C1785,"Pmkr, dual, rate-resp",pacemaker_dual_chamber,high
2649622-2020-08451,Injury,2020-04-17,2020-04-29,MPRI,,,DTB,DTB,CAPSUREFIX NOVUS LEAD MRI SURESCAN,"ELECTRODE, PACEMAKER, PERMANENT",C1786,"Pmkr, single, rate-resp",pacemaker_single_chamber,high
2649622-2020-08452,Injury,2020-04-17,2020-04-29,MPRI,,,DTB,DTB,CAPSUREFIX NOVUS MRI SURESCAN,"ELECTRODE, PACEMAKER, PERMANENT",C1785,"Pmkr, dual, rate-resp",pacemaker_dual_chamber,high
2649622-2020-08452,Injury,2020-04-17,2020-04-29,MPRI,,,DTB,DTB,CAPSUREFIX NOVUS MRI SURESCAN,"ELECTRODE, PACEMAKER, PERMANENT",C1786,"Pmkr, single, rate-resp",pacemaker_single_chamber,high
2649622-2020-08453,Malfunction,2020-04-14,2020-04-29,MPRI,,,DTB,DTB,CAPSUREFIX NOVUS LEAD MRI SURESCAN,"ELECTRODE, PACEMAKER, PERMANENT",C1785,"Pmkr, dual, rate-resp",pacemaker_dual_chamber,high
2649622-2020-08453,Malfunction,2020-04-14,2020-04-29,MPRI,,,DTB,DTB,CAPSUREFIX NOVUS LEAD MRI SURESCAN,"ELECTRODE, PACEMAKER, PERMANENT",C1786,"Pmkr, single, rate-resp",pacemaker_single_chamber,high
2649622-2020-08454,Injury,2020-04-07,2020-04-29,MPRI,,,DTB,DTB,CAPSUREFIX NOVUS LEAD MRI SURESCAN,"ELECTRODE, PACEMAKER, PERMANENT",C1785,"Pmkr, dual, rate-resp",pacemaker_dual_chamber,high
2649622-2020-08454,Injury,2020-04-07,2020-04-29,MPRI,,,DTB,DTB,CAPSUREFIX NOVUS LEAD MRI SURESCAN,"ELECTRODE, PACEMAKER, PERMANENT",C1786,"Pmkr, single, rate-resp",pacemaker_single_chamber,high
2649622-2020-08455,Malfunction,2020-02-01,2020-04-29,MPRI,,,DTB,DTB,CAPSUREFIX NOVUS LEAD MRI SURESCAN,"ELECTRODE, PACEMAKER, PERMANENT",C1785,"Pmkr, dual, rate-resp",pacemaker_dual_chamber,high
2649622-2020-08455,Malfunction,2020-02-01,2020-04-29,MPRI,,,DTB,DTB,CAPSUREFIX NOVUS LEAD MRI SURESCAN,"ELECTRODE, PACEMAKER, PERMANENT",C1786,"Pmkr, single, rate-resp",pacemaker_single_chamber,high
2649622-2020-08456,Injury,2020-04-22,2020-04-29,MPRI,,,DTB,DTB,CAPSUREFIX NOVUS LEAD MRI SURESCAN,"ELECTRODE, PACEMAKER, PERMANENT",C1785,"Pmkr, dual, rate-resp",pacemaker_dual_chamber,high
2649622-2020-08456,Injury,2020-04-22,2020-04-29,MPRI,,,DTB,DTB,CAPSUREFIX NOVUS LEAD MRI SURESCAN,"ELECTRODE, PACEMAKER, PERMANENT",C1786,"Pmkr, single, rate-resp",pacemaker_single_chamber,high
2649622-2020-08457,Injury,2020-04-07,2020-04-29,MPRI,,,DTB,DTB,CAPSUREFIX NOVUS LEAD MRI SURESCAN,"ELECTRODE, PACEMAKER, PERMANENT",C1785,"Pmkr, dual, rate-resp",pacemaker_dual_chamber,high
2649622-2020-08457,Injury,2020-04-07,2020-04-29,MPRI,,,DTB,DTB,CAPSUREFIX NOVUS LEAD MRI SURESCAN,"ELECTRODE, PACEMAKER, PERMANENT",C1786,"Pmkr, single, rate-resp",pacemaker_single_chamber,high
2649622-2020-08458,Injury,2020-04-07,2020-04-29,MPRI,,,DTB,DTB,CAPSUREFIX NOVUS LEAD MRI SURESCAN,"ELECTRODE, PACEMAKER, PERMANENT",C1785,"Pmkr, dual, rate-resp",pacemaker_dual_chamber,high
2649622-2020-08458,Injury,2020-04-07,2020-04-29,MPRI,,,DTB,DTB,CAPSUREFIX NOVUS LEAD MRI SURESCAN,"ELECTRODE, PACEMAKER, PERMANENT",C1786,"Pmkr, single, rate-resp",pacemaker_single_chamber,high
2649622-2020-08459,Injury,2020-04-15,2020-04-29,MPRI,,,DTB,DTB,CAPSUREFIX NOVUS LEAD MRI SURESCAN,"ELECTRODE, PACEMAKER, PERMANENT",C1785,"Pmkr, dual, rate-resp",pacemaker_dual_chamber,high
2649622-2020-08459,Injury,2020-04-15,2020-04-29,MPRI,,,DTB,DTB,CAPSUREFIX NOVUS LEAD MRI SURESCAN,"ELECTRODE, PACEMAKER, PERMANENT",C1786,"Pmkr, single, rate-resp",pacemaker_single_chamber,high
2649622-2020-08460,Malfunction,2020-04-07,2020-04-29,MPRI,,,DTB,DTB,CAPSURE SENSE LEAD MRI SURESCAN,"ELECTRODE, PACEMAKER, PERMANENT",C1785,"Pmkr, dual, rate-resp",pacemaker_dual_chamber,high
2649622-2020-08460,Malfunction,2020-04-07,2020-04-29,MPRI,,,DTB,DTB,CAPSURE SENSE LEAD MRI SURESCAN,"ELECTRODE, PACEMAKER, PERMANENT",C1786,"Pmkr, single, rate-resp",pacemaker_single_chamber,high
2649622-2020-08462,Injury,2020-04-17,2020-04-29,MPRI,,,DTB,DTB,CAPSUREFIX NOVUS LEAD MRI SURESCAN,"ELECTRODE, PACEMAKER, PERMANENT",C1785,"Pmkr, dual, rate-resp",pacemaker_dual_chamber,high
2649622-2020-08462,Injury,2020-04-17,2020-04-29,MPRI,,,DTB,DTB,CAPSUREFIX NOVUS LEAD MRI SURESCAN,"ELECTRODE, PACEMAKER, PERMANENT",C1786,"Pmkr, single, rate-resp",pacemaker_single_chamber,high
2649622-2020-08463,Malfunction,2020-01-21,2020-04-29,MPRI,,,DTB,DTB,CAPSUREFIX NOVUS LEAD MRI SURESCAN,"ELECTRODE, PACEMAKER, PERMANENT",C1785,"Pmkr, dual, rate-resp",pacemaker_dual_chamber,high
2649622-2020-08463,Malfunction,2020-01-21,2020-04-29,MPRI,,,DTB,DTB,CAPSUREFIX NOVUS LEAD MRI SURESCAN,"ELECTRODE, PACEMAKER, PERMANENT",C1786,"Pmkr, single, rate-resp",pacemaker_single_chamber,high
2649622-2020-08464,Injury,2020-02-17,2020-04-29,MPRI,,,DTB,DTB,CAPSUREFIX NOVUS LEAD MRI SURESCAN,"ELECTRODE, PACEMAKER, PERMANENT",C1785,"Pmkr, dual, rate-resp",pacemaker_dual_chamber,high
2649622-2020-08464,Injury,2020-02-17,2020-04-29,MPRI,,,DTB,DTB,CAPSUREFIX NOVUS LEAD MRI SURESCAN,"ELECTRODE, PACEMAKER, PERMANENT",C1786,"Pmkr, single, rate-resp",pacemaker_single_chamber,high
2649622-2020-08465,Malfunction,2020-01-21,2020-04-29,MPRI,,,DTB,DTB,CAPSUREFIX NOVUS LEAD MRI SURESCAN,"ELECTRODE, PACEMAKER, PERMANENT",C1785,"Pmkr, dual, rate-resp",pacemaker_dual_chamber,high
2649622-2020-08465,Malfunction,2020-01-21,2020-04-29,MPRI,,,DTB,DTB,CAPSUREFIX NOVUS LEAD MRI SURESCAN,"ELECTRODE, PACEMAKER, PERMANENT",C1786,"Pmkr, single, rate-resp",pacemaker_single_chamber,high
2649622-2020-08467,Malfunction,2020-03-14,2020-04-29,MPRI,,,DTB,DTB,CAPSUREFIX NOVUS LEAD MRI SURESCAN,"ELECTRODE, PACEMAKER, PERMANENT",C1785,"Pmkr, dual, rate-resp",pacemaker_dual_chamber,high
2649622-2020-08467,Malfunction,2020-03-14,2020-04-29,MPRI,,,DTB,DTB,CAPSUREFIX NOVUS LEAD MRI SURESCAN,"ELECTRODE, PACEMAKER, PERMANENT",C1786,"Pmkr, single, rate-resp",pacemaker_single_chamber,high
2649622-2020-08468,Malfunction,2020-03-14,2020-04-29,MPRI,,,DTB,DTB,CAPSUREFIX NOVUS LEAD MRI SURESCAN,"ELECTRODE, PACEMAKER, PERMANENT",C1785,"Pmkr, dual, rate-resp",pacemaker_dual_chamber,high
2649622-2020-08468,Malfunction,2020-03-14,2020-04-29,MPRI,,,DTB,DTB,CAPSUREFIX NOVUS LEAD MRI SURESCAN,"ELECTRODE, PACEMAKER, PERMANENT",C1786,"Pmkr, single, rate-resp",pacemaker_single_chamber,high
2649622-2020-08469,Injury,2020-04-06,2020-04-29,MPRI,,,DTB,DTB,CAPSUREFIX NOVUS LEAD MRI SURESCAN,"ELECTRODE, PACEMAKER, PERMANENT",C1785,"Pmkr, dual, rate-resp",pacemaker_dual_chamber,high
2649622-2020-08469,Injury,2020-04-06,2020-04-29,MPRI,,,DTB,DTB,CAPSUREFIX NOVUS LEAD MRI SURESCAN,"ELECTRODE, PACEMAKER, PERMANENT",C1786,"Pmkr, single, rate-resp",pacemaker_single_chamber,high
2649622-2020-08470,Injury,2020-04-22,2020-04-29,MPRI,,,DTB,DTB,CAPSURE SP NOVUS LEAD,"ELECTRODE, PACEMAKER, PERMANENT",C1785,"Pmkr, dual, rate-resp",pacemaker_dual_chamber,high
2649622-2020-08470,Injury,2020-04-22,2020-04-29,MPRI,,,DTB,DTB,CAPSURE SP NOVUS LEAD,"ELECTRODE, PACEMAKER, PERMANENT",C1786,"Pmkr, single, rate-resp",pacemaker_single_chamber,high
2649622-2020-08471,Injury,2020-04-18,2020-04-29,MPRI,,,DTB,DTB,CAPSUREFIX NOVUS LEAD MRI SURESCAN,"ELECTRODE, PACEMAKER, PERMANENT",C1785,"Pmkr, dual, rate-resp",pacemaker_dual_chamber,high
2649622-2020-08471,Injury,2020-04-18,2020-04-29,MPRI,,,DTB,DTB,CAPSUREFIX NOVUS LEAD MRI SURESCAN,"ELECTRODE, PACEMAKER, PERMANENT",C1786,"Pmkr, single, rate-resp",pacemaker_single_chamber,high
2649622-2020-08472,Injury,2020-04-08,2020-04-29,MPRI,,,DTB,DTB,CAPSUREFIX NOVUS LEAD MRI SURESCAN,"ELECTRODE, PACEMAKER, PERMANENT",C1785,"Pmkr, dual, rate-resp",pacemaker_dual_chamber,high
2649622-2020-08472,Injury,2020-04-08,2020-04-29,MPRI,,,DTB,DTB,CAPSUREFIX NOVUS LEAD MRI SURESCAN,"ELECTRODE, PACEMAKER, PERMANENT",C1786,"Pmkr, single, rate-resp",pacemaker_single_chamber,high
2649622-2020-08473,Malfunction,2020-01-15,2020-04-29,MPRI,OTHER HEALTH CARE PROFESSIONAL,,DTB,DTB,CAPSUREFIX NOVUS LEAD MRI SURESCAN,PERMANENT PACEMAKER ELECTRODE,C1785,"Pmkr, dual, rate-resp",pacemaker_dual_chamber,high
2649622-2020-08473,Malfunction,2020-01-15,2020-04-29,MPRI,OTHER HEALTH CARE PROFESSIONAL,,DTB,DTB,CAPSUREFIX NOVUS LEAD MRI SURESCAN,PERMANENT PACEMAKER ELECTRODE,C1786,"Pmkr, single, rate-resp",pacemaker_single_chamber,high
2649622-2020-08474,Malfunction,2020-01-15,2020-04-29,MPRI,OTHER HEALTH CARE PROFESSIONAL,,DTB,DTB,CAPSUREFIX NOVUS LEAD MRI SURESCAN,PERMANENT PACEMAKER ELECTRODE,C1785,"Pmkr, dual, rate-resp",pacemaker_dual_chamber,high
2649622-2020-08474,Malfunction,2020-01-15,2020-04-29,MPRI,OTHER HEALTH CARE PROFESSIONAL,,DTB,DTB,CAPSUREFIX NOVUS LEAD MRI SURESCAN,PERMANENT PACEMAKER ELECTRODE,C1786,"Pmkr, single, rate-resp",pacemaker_single_chamber,high
2649622-2020-08475,Malfunction,2020-01-07,2020-04-29,MPRI,,,DTB,DTB,CAPSUREFIX NOVUS LEAD MRI SURESCAN,"ELECTRODE, PACEMAKER, PERMANENT",C1785,"Pmkr, dual, rate-resp",pacemaker_dual_chamber,high
2649622-2020-08475,Malfunction,2020-01-07,2020-04-29,MPRI,,,DTB,DTB,CAPSUREFIX NOVUS LEAD MRI SURESCAN,"ELECTRODE, PACEMAKER, PERMANENT",C1786,"Pmkr, single, rate-resp",pacemaker_single_chamber,high
2649622-2020-08476,Malfunction,2020-01-18,2020-04-29,MPRI,,,DTB,DTB,CAPSUREFIX NOVUS LEAD MRI SURESCAN,"ELECTRODE, PACEMAKER, PERMANENT",C1785,"Pmkr, dual, rate-resp",pacemaker_dual_chamber,high
2649622-2020-08476,Malfunction,2020-01-18,2020-04-29,MPRI,,,DTB,DTB,CAPSUREFIX NOVUS LEAD MRI SURESCAN,"ELECTRODE, PACEMAKER, PERMANENT",C1786,"Pmkr, single, rate-resp",pacemaker_single_chamber,high
2649622-2020-08477,Malfunction,2020-04-08,2020-04-29,MPRI,,,DTB,DTB,CAPSUREFIX NOVUS LEAD MRI SURESCAN,"ELECTRODE, PACEMAKER, PERMANENT",C1785,"Pmkr, dual, rate-resp",pacemaker_dual_chamber,high
2649622-2020-08477,Malfunction,2020-04-08,2020-04-29,MPRI,,,DTB,DTB,CAPSUREFIX NOVUS LEAD MRI SURESCAN,"ELECTRODE, PACEMAKER, PERMANENT",C1786,"Pmkr, single, rate-resp",pacemaker_single_chamber,high
2649622-2020-08478,Injury,2020-04-04,2020-04-29,MPRI,PHYSICIAN,,DTB,DTB,CAPSURE SENSE LEAD MRI SURESCAN,PERMANENT PACEMAKER ELECTRODE,C1785,"Pmkr, dual, rate-resp",pacemaker_dual_chamber,high
2649622-2020-08478,Injury,2020-04-04,2020-04-29,MPRI,PHYSICIAN,,DTB,DTB,CAPSURE SENSE LEAD MRI SURESCAN,PERMANENT PACEMAKER ELECTRODE,C1786,"Pmkr, single, rate-resp",pacemaker_single_chamber,high
2649622-2020-08479,Malfunction,2020-03-30,2020-04-29,MPRI,,,DTB,DTB,CAPSUREFIX NOVUS LEAD MRI SURESCAN,"ELECTRODE, PACEMAKER, PERMANENT",C1785,"Pmkr, dual, rate-resp",pacemaker_dual_chamber,high
2649622-2020-08479,Malfunction,2020-03-30,2020-04-29,MPRI,,,DTB,DTB,CAPSUREFIX NOVUS LEAD MRI SURESCAN,"ELECTRODE, PACEMAKER, PERMANENT",C1786,"Pmkr, single, rate-resp",pacemaker_single_chamber,high
2649622-2020-08480,Malfunction,2020-04-08,2020-04-29,MPRI,,,DTB,DTB,CAPSURE SP NOVUS LEAD,"ELECTRODE, PACEMAKER, PERMANENT",C1785,"Pmkr, dual, rate-resp",pacemaker_dual_chamber,high
2649622-2020-08480,Malfunction,2020-04-08,2020-04-29,MPRI,,,DTB,DTB,CAPSURE SP NOVUS LEAD,"ELECTRODE, PACEMAKER, PERMANENT",C1786,"Pmkr, single, rate-resp",pacemaker_single_chamber,high
2921482-2008-00055,Malfunction,2008-01-01,2008-02-18,"HOSPIRA, INC.",,,FRN,FRN,PLUM XLMD PUMP,80-FRN,C1751,"Cath, inf, per/cent/midline",central_venous_catheter,high
2921482-2008-00055,Malfunction,2008-01-01,2008-02-18,"HOSPIRA, INC.",,,FRN,FRN,PLUM XLMD PUMP,80-FRN,C1753,"Cath, intravas ultrasound",ivus_catheter,medium
2921482-2008-00056,Malfunction,2008-01-01,2008-02-18,"HOSPIRA, INC.",,,FRN,FRN,PLUM A+ PUMP,80-FRN,C1751,"Cath, inf, per/cent/midline",central_venous_catheter,high
2921482-2008-00056,Malfunction,2008-01-01,2008-02-18,"HOSPIRA, INC.",,,FRN,FRN,PLUM A+ PUMP,80-FRN,C1753,"Cath, intravas ultrasound",ivus_catheter,medium
2938836-2020-02797,Malfunction,2020-04-20,2020-04-28,ABBOTT,,,NVY,NVY,"DURATA STS OPTIM PASSIVE FIXATION, DF-4 CONNECTOR",DEFIBRILLATION LEAD,C1779,"Lead, pmkr, transvenous vdd",pacemaker_lead_vdd,high
2938836-2020-02821,Injury,2020-04-20,2020-04-28,ABBOTT,,,NVY,NVY,"DURATA STS OPTIM ACTIVE FIXATION, DF-4 CONNECTOR",DEFIBRILLATION LEAD,C1779,"Lead, pmkr, transvenous vdd",pacemaker_lead_vdd,high
2938836-2020-02850,Injury,2020-04-07,2020-04-27,"ST. JUDE MEDICAL, INC.(CRM-SUNNYVALE)",,,LWS,LWS,"FORTIFY ASSURA VR ICD, US",IMPLANTABLE CARDIOVERTER DEFIBRILLATOR,C1721,"Aicd, dual chamber",icd_dual_chamber,high
2938836-2020-02850,Injury,2020-04-07,2020-04-27,"ST. JUDE MEDICAL, INC.(CRM-SUNNYVALE)",,,LWS,LWS,"FORTIFY ASSURA VR ICD, US",IMPLANTABLE CARDIOVERTER DEFIBRILLATOR,C1722,"Aicd, single chamber",icd_single_chamber,high
2938836-2020-02850,Injury,2020-04-07,2020-04-27,"ST. JUDE MEDICAL, INC.(CRM-SUNNYVALE)",,,LWS,LWS,"FORTIFY ASSURA VR ICD, US",IMPLANTABLE CARDIOVERTER DEFIBRILLATOR,C1887,"Catheter, guiding",ep_catheter_guiding,medium
2938836-2020-02853,Injury,2020-04-13,2020-04-28,"ST. JUDE MEDICAL, INC.(CRM-SUNNYVALE)",,,NVY,NVY,RIATA ST ACTIVE FIXATION,DEFIBRILLATION LEAD,C1779,"Lead, pmkr, transvenous vdd",pacemaker_lead_vdd,high
2938836-2020-02856,Injury,2020-04-22,2020-04-27,ABBOTT,,,LWS,LWS,"FORTIFY VR, U1.6 SJ4 ID",IMPLANTABLE CARDIOVERTER DEFIBRILLATOR,C1721,"Aicd, dual chamber",icd_dual_chamber,high
2938836-2020-02856,Injury,2020-04-22,2020-04-27,ABBOTT,,,LWS,LWS,"FORTIFY VR, U1.6 SJ4 ID",IMPLANTABLE CARDIOVERTER DEFIBRILLATOR,C1722,"Aicd, single chamber",icd_single_chamber,high
2938836-2020-02856,Injury,2020-04-22,2020-04-27,ABBOTT,,,LWS,LWS,"FORTIFY VR, U1.6 SJ4 ID",IMPLANTABLE CARDIOVERTER DEFIBRILLATOR,C1887,"Catheter, guiding",ep_catheter_guiding,medium
2938836-2020-02857,Injury,2020-04-08,2020-04-27,"ST. JUDE MEDICAL, INC.(CRM-SUNNYVALE)",,,NVY,NVY,RIATA ST ACTIVE FIXATION,DEFIBRILLATION LEAD,C1779,"Lead, pmkr, transvenous vdd",pacemaker_lead_vdd,high
2938836-2020-02858,Injury,2020-04-20,2020-04-27,ABBOTT,,,LWS,LWS,DURATA STS OPTIM ACTIVE FIXATION,DEFIBRILLATION LEAD,C1721,"Aicd, dual chamber",icd_dual_chamber,high
2938836-2020-02858,Injury,2020-04-20,2020-04-27,ABBOTT,,,LWS,LWS,DURATA STS OPTIM ACTIVE FIXATION,DEFIBRILLATION LEAD,C1722,"Aicd, single chamber",icd_single_chamber,high
2938836-2020-02858,Injury,2020-04-20,2020-04-27,ABBOTT,,,LWS,LWS,DURATA STS OPTIM ACTIVE FIXATION,DEFIBRILLATION LEAD,C1887,"Catheter, guiding",ep_catheter_guiding,medium
2938836-2020-02867,Malfunction,2020-03-31,2020-04-28,ABBOTT,,,NVY,NVY,"DURATA STS OPTIM ACTIVE FIXATION, DF-4 CONNECTOR",DEFIBRILLATION LEAD,C1779,"Lead, pmkr, transvenous vdd",pacemaker_lead_vdd,high
2938836-2020-02868,Injury,2017-03-30,2020-04-28,"ST. JUDE MEDICAL, INC.(CRM-SUNNYVALE)",,,NVY,NVY,"DURATA STS OPTIM ACTIVE FIXATION, DF-4 CONNECTOR",DEFIBRILLATION LEAD,C1779,"Lead, pmkr, transvenous vdd",pacemaker_lead_vdd,high
2938836-2020-02873,Malfunction,2020-04-23,2020-04-28,"ST. JUDE MEDICAL, INC.",,,LWS,LWS,DURATA STS OPTIM ACTIVE FIXATION,DEFIBRILLATION LEAD,C1721,"Aicd, dual chamber",icd_dual_chamber,high
2938836-2020-02873,Malfunction,2020-04-23,2020-04-28,"ST. JUDE MEDICAL, INC.",,,LWS,LWS,DURATA STS OPTIM ACTIVE FIXATION,DEFIBRILLATION LEAD,C1722,"Aicd, single chamber",icd_single_chamber,high
2938836-2020-02873,Malfunction,2020-04-23,2020-04-28,"ST. JUDE MEDICAL, INC.",,,LWS,LWS,DURATA STS OPTIM ACTIVE FIXATION,DEFIBRILLATION LEAD,C1887,"Catheter, guiding",ep_catheter_guiding,medium
2938836-2020-02876,Injury,2020-04-20,2020-04-28,ABBOTT,,,LWS,LWS,DURATA STS OPTIM ACTIVE FIXATION,DEFIBRILLATION LEAD,C1721,"Aicd, dual chamber",icd_dual_chamber,high
2938836-2020-02876,Injury,2020-04-20,2020-04-28,ABBOTT,,,LWS,LWS,DURATA STS OPTIM ACTIVE FIXATION,DEFIBRILLATION LEAD,C1722,"Aicd, single chamber",icd_single_chamber,high
2938836-2020-02876,Injury,2020-04-20,2020-04-28,ABBOTT,,,LWS,LWS,DURATA STS OPTIM ACTIVE FIXATION,DEFIBRILLATION LEAD,C1887,"Catheter, guiding",ep_catheter_guiding,medium
2938836-2020-02886,Injury,2020-03-25,2020-04-28,"ST. JUDE MEDICAL, INC.(CRM-SUNNYVALE)",,,NVY,NVY,"DURATA STS OPTIM ACTIVE FIXATION, DF-4 CONNECTOR",DEFIBRILLATION LEAD,C1779,"Lead, pmkr, transvenous vdd",pacemaker_lead_vdd,high
2938836-2020-02888,Malfunction,2020-04-21,2020-04-28,ABBOTT,,,NVY,NVY,RIATA PASSIVE FIXATION,DEFIBRILLATION LEAD,C1779,"Lead, pmkr, transvenous vdd",pacemaker_lead_vdd,high
2938836-2020-02892,Injury,2020-04-09,2020-04-28,"ST. JUDE MEDICAL, INC.(CRM-SUNNYVALE)",,,NVY,NVY,"DURATA STS OPTIM ACTIVE FIXATION, DF-4 CONNECTOR",DEFIBRILLATION LEAD,C1779,"Lead, pmkr, transvenous vdd",pacemaker_lead_vdd,high
2938836-2020-02899,Injury,2020-04-13,2020-04-28,"ST. JUDE MEDICAL, INC.(CRM-SUNNYVALE)",,,NVY,NVY,"DURATA STS OPTIM ACTIVE FIXATION, DF-4 CONNECTOR",DEFIBRILLATION LEAD,C1779,"Lead, pmkr, transvenous vdd",pacemaker_lead_vdd,high
2953200-2008-00067,Injury,2008-01-21,2008-02-20,MEDTRONIC IRELAND,,,MAF,MAF,MICRO DRIVER RX CORONARY STENT SYSTEM,,C1876,"Stent, non-coa/non-cov w/del",bare_metal_stent,high
2953200-2008-00067,Injury,2008-01-21,2008-02-20,MEDTRONIC IRELAND,,,MAF,MAF,MICRO DRIVER RX CORONARY STENT SYSTEM,,C1877,"Stent, non-coat/cov w/o del",bare_metal_stent,high
2953200-2008-00069,Injury,2008-01-23,2008-02-21,MEDTRONIC IRELAND,,,MAF,MAF,MICRO DRIVER RX CORONARY STENT SYSTEM,,C1876,"Stent, non-coa/non-cov w/del",bare_metal_stent,high
2953200-2008-00069,Injury,2008-01-23,2008-02-21,MEDTRONIC IRELAND,,,MAF,MAF,MICRO DRIVER RX CORONARY STENT SYSTEM,,C1877,"Stent, non-coat/cov w/o del",bare_metal_stent,high
3002809144-2020-00343,Malfunction,2020-04-15,2020-04-27,ABBOTT GMBH,,,LOM,LOM,ARCHITECT ANTI-HBC II,ANTI-HBC,C1784,"Ocular dev, intraop, det ret",crt_p,high
3003742446-2008-00018,Death,2005-12-05,2008-02-15,CORDIS LLC (PR),,,NIQ,NIQ,CYPHER SIROLIMUS-ELUTING CORONARY STENT,DRUG-ELUTING STENT (NIQ),C1874,"Stent, coated/cov w/del sys",drug_eluting_stent,high
3003742446-2008-00018,Death,2005-12-05,2008-02-15,CORDIS LLC (PR),,,NIQ,NIQ,CYPHER SIROLIMUS-ELUTING CORONARY STENT,DRUG-ELUTING STENT (NIQ),C1875,"Stent, coated/cov w/o del sy",drug_eluting_stent,high
3003742446-2008-00019,Injury,2005-03-04,2008-02-14,CORDIS LLC (PR),,,NIQ,NIQ,CYPHER SIROLIMUS-ELUTING CORONARY STENT,DRUG-ELUTING STENT (NIQ),C1874,"Stent, coated/cov w/del sys",drug_eluting_stent,high
3003742446-2008-00019,Injury,2005-03-04,2008-02-14,CORDIS LLC (PR),,,NIQ,NIQ,CYPHER SIROLIMUS-ELUTING CORONARY STENT,DRUG-ELUTING STENT (NIQ),C1875,"Stent, coated/cov w/o del sy",drug_eluting_stent,high
3004209178-2008-00134,Injury,2008-01-28,2008-02-21,MEDTRONIC PUERTO RICO OPERATIONS MED-REL,,,LZG,LZG,PUMP MMT-722NAL PRDGM INS V2.2 CL EN PR,INFUSION PUMP,E0784,Ext amb infusn pump insulin,insulin_pump,high
3004209178-2008-00136,Injury,2008-02-04,2008-02-21,MEDTRONIC PUERTO RICO OPERATIONS MED-REL,,,LZG,LZG,PUMP MMT-722NAS PRDGM INS V2.2 SK EN,INFUSION PUMP,E0784,Ext amb infusn pump insulin,insulin_pump,high
3004209178-2020-07719,Injury,2020-04-11,2020-04-27,MEDTRONIC MED REL MEDTRONIC PUERTO RICO,,,LWP,LWP,REVO MRI SURESCAN,"PULSE-GENERATOR, DUAL CHAMBER, IMPLANTABLE",C1896,"Lead, aicd, non sing/dual",icd_lead_single_coil,medium
3004209178-2020-07720,Injury,2020-04-06,2020-04-27,MEDTRONIC PUERTO RICO OPERATIONS CO.,,,LWS,LWS,VISIA AF MRI XT VR SURESCAN,"DEFIBRILLATOR, AUTOMATIC IMPLANTABLE CARDIOVERTER",C1721,"Aicd, dual chamber",icd_dual_chamber,high
3004209178-2020-07720,Injury,2020-04-06,2020-04-27,MEDTRONIC PUERTO RICO OPERATIONS CO.,,,LWS,LWS,VISIA AF MRI XT VR SURESCAN,"DEFIBRILLATOR, AUTOMATIC IMPLANTABLE CARDIOVERTER",C1722,"Aicd, single chamber",icd_single_chamber,high
3004209178-2020-07720,Injury,2020-04-06,2020-04-27,MEDTRONIC PUERTO RICO OPERATIONS CO.,,,LWS,LWS,VISIA AF MRI XT VR SURESCAN,"DEFIBRILLATOR, AUTOMATIC IMPLANTABLE CARDIOVERTER",C1887,"Catheter, guiding",ep_catheter_guiding,medium
3004209178-2020-07724,Injury,2020-03-18,2020-04-27,MEDTRONIC PUERTO RICO OPERATIONS CO.,,,LWS,LWS,EVERA MRI XT DR SURESCAN,"DEFIBRILLATOR, AUTOMATIC IMPLANTABLE CARDIOVERTER",C1721,"Aicd, dual chamber",icd_dual_chamber,high
3004209178-2020-07724,Injury,2020-03-18,2020-04-27,MEDTRONIC PUERTO RICO OPERATIONS CO.,,,LWS,LWS,EVERA MRI XT DR SURESCAN,"DEFIBRILLATOR, AUTOMATIC IMPLANTABLE CARDIOVERTER",C1722,"Aicd, single chamber",icd_single_chamber,high
3004209178-2020-07724,Injury,2020-03-18,2020-04-27,MEDTRONIC PUERTO RICO OPERATIONS CO.,,,LWS,LWS,EVERA MRI XT DR SURESCAN,"DEFIBRILLATOR, AUTOMATIC IMPLANTABLE CARDIOVERTER",C1887,"Catheter, guiding",ep_catheter_guiding,medium
3004209178-2020-07736,Injury,,2020-04-27,MEDTRONIC PUERTO RICO OPERATIONS CO.,,,LWS,LWS,EVERA MRI XT DR SURESCAN,"DEFIBRILLATOR, AUTOMATIC IMPLANTABLE CARDIOVERTER",C1721,"Aicd, dual chamber",icd_dual_chamber,high
3004209178-2020-07736,Injury,,2020-04-27,MEDTRONIC PUERTO RICO OPERATIONS CO.,,,LWS,LWS,EVERA MRI XT DR SURESCAN,"DEFIBRILLATOR, AUTOMATIC IMPLANTABLE CARDIOVERTER",C1722,"Aicd, single chamber",icd_single_chamber,high
3004209178-2020-07736,Injury,,2020-04-27,MEDTRONIC PUERTO RICO OPERATIONS CO.,,,LWS,LWS,EVERA MRI XT DR SURESCAN,"DEFIBRILLATOR, AUTOMATIC IMPLANTABLE CARDIOVERTER",C1887,"Catheter, guiding",ep_catheter_guiding,medium
3004209178-2020-07739,Malfunction,2020-04-14,2020-04-27,MEDTRONIC PUERTO RICO OPERATIONS CO.,,,MHY,MHY,ACTIVA,"STIMULATOR, ELECTRICAL, IMPLANTED, FOR PARKINSONIAN TREMOR",L8679,Imp neurosti pls gn any type,neurostim_implant,medium
3004209178-2020-07739,Malfunction,2020-04-14,2020-04-27,MEDTRONIC PUERTO RICO OPERATIONS CO.,,,MHY,MHY,ACTIVA,"STIMULATOR, ELECTRICAL, IMPLANTED, FOR PARKINSONIAN TREMOR",L8680,Implt neurostim elctr each,neurostim_electrode,medium
3004209178-2020-07751,Injury,2020-04-24,2020-04-27,MEDTRONIC MED REL MEDTRONIC PUERTO RICO,,,MHY,MHY,ACTIVA,"STIMULATOR, ELECTRICAL, IMPLANTED, FOR PARKINSONIAN TREMOR",L8679,Imp neurosti pls gn any type,neurostim_implant,medium
3004209178-2020-07751,Injury,2020-04-24,2020-04-27,MEDTRONIC MED REL MEDTRONIC PUERTO RICO,,,MHY,MHY,ACTIVA,"STIMULATOR, ELECTRICAL, IMPLANTED, FOR PARKINSONIAN TREMOR",L8680,Implt neurostim elctr each,neurostim_electrode,medium
3004209178-2020-07760,Injury,2020-04-11,2020-04-27,MEDTRONIC PUERTO RICO OPERATIONS CO.,,,LWS,LWS,VISIA AF MRI XT VR SURESCAN,"DEFIBRILLATOR, AUTOMATIC IMPLANTABLE CARDIOVERTER",C1721,"Aicd, dual chamber",icd_dual_chamber,high
3004209178-2020-07760,Injury,2020-04-11,2020-04-27,MEDTRONIC PUERTO RICO OPERATIONS CO.,,,LWS,LWS,VISIA AF MRI XT VR SURESCAN,"DEFIBRILLATOR, AUTOMATIC IMPLANTABLE CARDIOVERTER",C1722,"Aicd, single chamber",icd_single_chamber,high
3004209178-2020-07760,Injury,2020-04-11,2020-04-27,MEDTRONIC PUERTO RICO OPERATIONS CO.,,,LWS,LWS,VISIA AF MRI XT VR SURESCAN,"DEFIBRILLATOR, AUTOMATIC IMPLANTABLE CARDIOVERTER",C1887,"Catheter, guiding",ep_catheter_guiding,medium
3004209178-2020-07769,Injury,2020-03-07,2020-04-28,MEDTRONIC MED REL MEDTRONIC PUERTO RICO,,,LWP,LWP,REVO MRI SURESCAN,"PULSE-GENERATOR, DUAL CHAMBER, IMPLANTABLE",C1896,"Lead, aicd, non sing/dual",icd_lead_single_coil,medium
3004209178-2020-07772,Injury,2020-04-21,2020-04-28,MEDTRONIC MED REL MEDTRONIC PUERTO RICO,,,DTB,DTB,CAPSURE Z NOVUS LEAD,"ELECTRODE, PACEMAKER, PERMANENT",C1785,"Pmkr, dual, rate-resp",pacemaker_dual_chamber,high
3004209178-2020-07772,Injury,2020-04-21,2020-04-28,MEDTRONIC MED REL MEDTRONIC PUERTO RICO,,,DTB,DTB,CAPSURE Z NOVUS LEAD,"ELECTRODE, PACEMAKER, PERMANENT",C1786,"Pmkr, single, rate-resp",pacemaker_single_chamber,high
3004209178-2020-07773,Malfunction,2019-12-01,2020-04-28,MEDTRONIC PUERTO RICO OPERATIONS CO.,,,LWS,LWS,EVERA MRI XT DR SURESCAN,"DEFIBRILLATOR, AUTOMATIC IMPLANTABLE CARDIOVERTER",C1721,"Aicd, dual chamber",icd_dual_chamber,high
3004209178-2020-07773,Malfunction,2019-12-01,2020-04-28,MEDTRONIC PUERTO RICO OPERATIONS CO.,,,LWS,LWS,EVERA MRI XT DR SURESCAN,"DEFIBRILLATOR, AUTOMATIC IMPLANTABLE CARDIOVERTER",C1722,"Aicd, single chamber",icd_single_chamber,high
3004209178-2020-07773,Malfunction,2019-12-01,2020-04-28,MEDTRONIC PUERTO RICO OPERATIONS CO.,,,LWS,LWS,EVERA MRI XT DR SURESCAN,"DEFIBRILLATOR, AUTOMATIC IMPLANTABLE CARDIOVERTER",C1887,"Catheter, guiding",ep_catheter_guiding,medium
3004209178-2020-07777,Injury,2020-03-30,2020-04-28,MEDTRONIC PUERTO RICO OPERATIONS CO.,,,LWS,LWS,VISIA AF MRI XT VR SURESCAN,"DEFIBRILLATOR, AUTOMATIC IMPLANTABLE CARDIOVERTER",C1721,"Aicd, dual chamber",icd_dual_chamber,high
3004209178-2020-07777,Injury,2020-03-30,2020-04-28,MEDTRONIC PUERTO RICO OPERATIONS CO.,,,LWS,LWS,VISIA AF MRI XT VR SURESCAN,"DEFIBRILLATOR, AUTOMATIC IMPLANTABLE CARDIOVERTER",C1722,"Aicd, single chamber",icd_single_chamber,high
3004209178-2020-07777,Injury,2020-03-30,2020-04-28,MEDTRONIC PUERTO RICO OPERATIONS CO.,,,LWS,LWS,VISIA AF MRI XT VR SURESCAN,"DEFIBRILLATOR, AUTOMATIC IMPLANTABLE CARDIOVERTER",C1887,"Catheter, guiding",ep_catheter_guiding,medium
3004209178-2020-07787,Malfunction,2020-04-23,2020-04-28,MEDTRONIC PUERTO RICO OPERATIONS CO.,,,MHY,MHY,ACTIVA,"STIMULATOR, ELECTRICAL, IMPLANTED, FOR PARKINSONIAN TREMOR",L8679,Imp neurosti pls gn any type,neurostim_implant,medium
3004209178-2020-07787,Malfunction,2020-04-23,2020-04-28,MEDTRONIC PUERTO RICO OPERATIONS CO.,,,MHY,MHY,ACTIVA,"STIMULATOR, ELECTRICAL, IMPLANTED, FOR PARKINSONIAN TREMOR",L8680,Implt neurostim elctr each,neurostim_electrode,medium
3004209178-2020-07792,Injury,,2020-04-28,MEDTRONIC MED REL MEDTRONIC PUERTO RICO,,,MHY,MHY,ACTIVA,"STIMULATOR, ELECTRICAL, IMPLANTED, FOR PARKINSONIAN TREMOR",L8679,Imp neurosti pls gn any type,neurostim_implant,medium
3004209178-2020-07792,Injury,,2020-04-28,MEDTRONIC MED REL MEDTRONIC PUERTO RICO,,,MHY,MHY,ACTIVA,"STIMULATOR, ELECTRICAL, IMPLANTED, FOR PARKINSONIAN TREMOR",L8680,Implt neurostim elctr each,neurostim_electrode,medium
3004209178-2020-07796,Injury,2020-04-03,2020-04-28,MEDTRONIC PUERTO RICO OPERATIONS CO.,,,LWS,LWS,VISIA AF MRI XT VR SURESCAN,"DEFIBRILLATOR, AUTOMATIC IMPLANTABLE CARDIOVERTER",C1721,"Aicd, dual chamber",icd_dual_chamber,high
3004209178-2020-07796,Injury,2020-04-03,2020-04-28,MEDTRONIC PUERTO RICO OPERATIONS CO.,,,LWS,LWS,VISIA AF MRI XT VR SURESCAN,"DEFIBRILLATOR, AUTOMATIC IMPLANTABLE CARDIOVERTER",C1722,"Aicd, single chamber",icd_single_chamber,high
3004209178-2020-07796,Injury,2020-04-03,2020-04-28,MEDTRONIC PUERTO RICO OPERATIONS CO.,,,LWS,LWS,VISIA AF MRI XT VR SURESCAN,"DEFIBRILLATOR, AUTOMATIC IMPLANTABLE CARDIOVERTER",C1887,"Catheter, guiding",ep_catheter_guiding,medium
3004209178-2020-07798,Malfunction,2020-04-04,2020-04-28,MEDTRONIC PUERTO RICO OPERATIONS CO.,,,LWS,LWS,EVERA MRI XT DR SURESCAN,"DEFIBRILLATOR, AUTOMATIC IMPLANTABLE CARDIOVERTER",C1721,"Aicd, dual chamber",icd_dual_chamber,high
3004209178-2020-07798,Malfunction,2020-04-04,2020-04-28,MEDTRONIC PUERTO RICO OPERATIONS CO.,,,LWS,LWS,EVERA MRI XT DR SURESCAN,"DEFIBRILLATOR, AUTOMATIC IMPLANTABLE CARDIOVERTER",C1722,"Aicd, single chamber",icd_single_chamber,high
3004209178-2020-07798,Malfunction,2020-04-04,2020-04-28,MEDTRONIC PUERTO RICO OPERATIONS CO.,,,LWS,LWS,EVERA MRI XT DR SURESCAN,"DEFIBRILLATOR, AUTOMATIC IMPLANTABLE CARDIOVERTER",C1887,"Catheter, guiding",ep_catheter_guiding,medium
3004209178-2020-07806,Injury,2020-01-07,2020-04-28,MEDTRONIC PUERTO RICO OPERATIONS CO.,,,LWS,LWS,EVERA MRI XT DR SURESCAN,"DEFIBRILLATOR, AUTOMATIC IMPLANTABLE CARDIOVERTER",C1721,"Aicd, dual chamber",icd_dual_chamber,high
3004209178-2020-07806,Injury,2020-01-07,2020-04-28,MEDTRONIC PUERTO RICO OPERATIONS CO.,,,LWS,LWS,EVERA MRI XT DR SURESCAN,"DEFIBRILLATOR, AUTOMATIC IMPLANTABLE CARDIOVERTER",C1722,"Aicd, single chamber",icd_single_chamber,high
3004209178-2020-07806,Injury,2020-01-07,2020-04-28,MEDTRONIC PUERTO RICO OPERATIONS CO.,,,LWS,LWS,EVERA MRI XT DR SURESCAN,"DEFIBRILLATOR, AUTOMATIC IMPLANTABLE CARDIOVERTER",C1887,"Catheter, guiding",ep_catheter_guiding,medium
3004209178-2020-07812,Injury,2020-04-17,2020-04-28,MEDTRONIC PUERTO RICO OPERATIONS CO.,,,LWS,LWS,EVERA MRI XT DR SURESCAN,"DEFIBRILLATOR, AUTOMATIC IMPLANTABLE CARDIOVERTER",C1721,"Aicd, dual chamber",icd_dual_chamber,high
3004209178-2020-07812,Injury,2020-04-17,2020-04-28,MEDTRONIC PUERTO RICO OPERATIONS CO.,,,LWS,LWS,EVERA MRI XT DR SURESCAN,"DEFIBRILLATOR, AUTOMATIC IMPLANTABLE CARDIOVERTER",C1722,"Aicd, single chamber",icd_single_chamber,high
3004209178-2020-07812,Injury,2020-04-17,2020-04-28,MEDTRONIC PUERTO RICO OPERATIONS CO.,,,LWS,LWS,EVERA MRI XT DR SURESCAN,"DEFIBRILLATOR, AUTOMATIC IMPLANTABLE CARDIOVERTER",C1887,"Catheter, guiding",ep_catheter_guiding,medium
3004209178-2020-07833,Malfunction,2020-04-02,2020-04-29,MEDTRONIC PUERTO RICO OPERATIONS CO.,,,LWS,LWS,VISIA AF MRI XT VR SURESCAN,"DEFIBRILLATOR, AUTOMATIC IMPLANTABLE CARDIOVERTER",C1721,"Aicd, dual chamber",icd_dual_chamber,high
3004209178-2020-07833,Malfunction,2020-04-02,2020-04-29,MEDTRONIC PUERTO RICO OPERATIONS CO.,,,LWS,LWS,VISIA AF MRI XT VR SURESCAN,"DEFIBRILLATOR, AUTOMATIC IMPLANTABLE CARDIOVERTER",C1722,"Aicd, single chamber",icd_single_chamber,high
3004209178-2020-07833,Malfunction,2020-04-02,2020-04-29,MEDTRONIC PUERTO RICO OPERATIONS CO.,,,LWS,LWS,VISIA AF MRI XT VR SURESCAN,"DEFIBRILLATOR, AUTOMATIC IMPLANTABLE CARDIOVERTER",C1887,"Catheter, guiding",ep_catheter_guiding,medium
3004209178-2020-07835,Injury,2020-04-07,2020-04-29,MEDTRONIC PUERTO RICO OPERATIONS CO.,,,LWS,LWS,EVERA¿ XT DR,"DEFIBRILLATOR, AUTOMATIC IMPLANTABLE CARDIOVERTER",C1721,"Aicd, dual chamber",icd_dual_chamber,high
3004209178-2020-07835,Injury,2020-04-07,2020-04-29,MEDTRONIC PUERTO RICO OPERATIONS CO.,,,LWS,LWS,EVERA¿ XT DR,"DEFIBRILLATOR, AUTOMATIC IMPLANTABLE CARDIOVERTER",C1722,"Aicd, single chamber",icd_single_chamber,high
3004209178-2020-07835,Injury,2020-04-07,2020-04-29,MEDTRONIC PUERTO RICO OPERATIONS CO.,,,LWS,LWS,EVERA¿ XT DR,"DEFIBRILLATOR, AUTOMATIC IMPLANTABLE CARDIOVERTER",C1887,"Catheter, guiding",ep_catheter_guiding,medium
3004464228-2020-05902,Malfunction,2020-04-08,2020-04-27,INSULET CORPORATION,,,LZG,LZG,OMNIPOD INSULIN MANAGEMENT SYSTEM,"PUMP, INFUSION, INSULIN",E0784,Ext amb infusn pump insulin,insulin_pump,high
3004464228-2020-05911,Malfunction,2020-03-07,2020-04-27,INSULET CORPORATION,,,LZG,LZG,OMNIPOD DASH¿ INSULIN MANAGEMENT SYSTEM,"PUMP, INFUSION, INSULIN",E0784,Ext amb infusn pump insulin,insulin_pump,high
3004464228-2020-05933,Malfunction,2019-06-15,2020-04-27,INSULET CORPORATION,,,LZG,LZG,OMNIPOD INSULIN MANAGEMENT SYSTEM,"PUMP, INFUSION, INSULIN",E0784,Ext amb infusn pump insulin,insulin_pump,high
3004464228-2020-05934,Malfunction,2020-04-10,2020-04-27,INSULET CORPORATION,,,LZG,LZG,OMNIPOD INSULIN MANAGEMENT SYSTEM,"PUMP, INFUSION, INSULIN",E0784,Ext amb infusn pump insulin,insulin_pump,high
3004464228-2020-05935,Injury,2020-04-09,2020-04-27,INSULET CORPORATION,,,LZG,LZG,OMNIPOD DASH¿ INSULIN MANAGEMENT SYSTEM,"PUMP, INFUSION, INSULIN",E0784,Ext amb infusn pump insulin,insulin_pump,high
3004464228-2020-05936,Malfunction,2020-04-10,2020-04-27,INSULET CORPORATION,,,LZG,LZG,OMNIPOD INSULIN PUMP,"PUMP, INFUSION, INSULIN",E0784,Ext amb infusn pump insulin,insulin_pump,high
3004464228-2020-05937,Malfunction,2020-04-10,2020-04-27,INSULET CORPORATION,,,LZG,LZG,OMNIPOD INSULIN PUMP,"PUMP, INFUSION, INSULIN",E0784,Ext amb infusn pump insulin,insulin_pump,high
3004464228-2020-05938,Malfunction,2020-04-10,2020-04-27,INSULET CORPORATION,,,LZG,LZG,OMNIPOD INSULIN PUMP,"PUMP, INFUSION, INSULIN",E0784,Ext amb infusn pump insulin,insulin_pump,high
3004464228-2020-05939,Malfunction,2020-04-10,2020-04-27,INSULET CORPORATION,,,LZG,LZG,OMNIPOD DASH¿ INSULIN MANAGEMENT SYSTEM,"PUMP, INFUSION, INSULIN",E0784,Ext amb infusn pump insulin,insulin_pump,high
3004464228-2020-05940,Malfunction,2020-04-10,2020-04-27,INSULET CORPORATION,,,LZG,LZG,OMNIPOD DASH¿ INSULIN MANAGEMENT SYSTEM,"PUMP, INFUSION, INSULIN",E0784,Ext amb infusn pump insulin,insulin_pump,high
3004464228-2020-05941,Malfunction,2020-04-08,2020-04-27,INSULET CORPORATION,,,LZG,LZG,OMNIPOD INSULIN PUMP,"PUMP, INFUSION, INSULIN",E0784,Ext amb infusn pump insulin,insulin_pump,high
3004464228-2020-05942,Malfunction,2020-04-10,2020-04-27,INSULET CORPORATION,,,LZG,LZG,OMNIPOD INSULIN PUMP,"PUMP, INFUSION, INSULIN",E0784,Ext amb infusn pump insulin,insulin_pump,high
3004464228-2020-05943,Malfunction,2020-04-10,2020-04-27,INSULET CORPORATION,,,LZG,LZG,OMNIPOD INSULIN PUMP,"PUMP, INFUSION, INSULIN",E0784,Ext amb infusn pump insulin,insulin_pump,high
3004464228-2020-05944,Malfunction,2020-04-10,2020-04-27,INSULET CORPORATION,,,LZG,LZG,OMNIPOD INSULIN PUMP,"PUMP, INFUSION, INSULIN",E0784,Ext amb infusn pump insulin,insulin_pump,high
3004464228-2020-05945,Malfunction,2020-04-10,2020-04-27,INSULET CORPORATION,,,LZG,LZG,OMNIPOD INSULIN PUMP,"PUMP, INFUSION, INSULIN",E0784,Ext amb infusn pump insulin,insulin_pump,high
3004464228-2020-05946,Malfunction,2020-04-10,2020-04-27,INSULET CORPORATION,,,LZG,LZG,OMNIPOD INSULIN MANAGEMENT SYSTEM,"PUMP, INFUSION, INSULIN",E0784,Ext amb infusn pump insulin,insulin_pump,high
3004464228-2020-05947,Malfunction,2020-04-04,2020-04-27,INSULET CORPORATION,,,LZG,LZG,OMNIPOD DASH¿ INSULIN MANAGEMENT SYSTEM,"PUMP, INFUSION, INSULIN",E0784,Ext amb infusn pump insulin,insulin_pump,high
3004464228-2020-05948,Malfunction,2020-04-09,2020-04-27,INSULET CORPORATION,,,LZG,LZG,OMNIPOD INSULIN MANAGEMENT SYSTEM,"PUMP, INFUSION, INSULIN",E0784,Ext amb infusn pump insulin,insulin_pump,high
3004464228-2020-05949,Malfunction,2020-04-10,2020-04-27,INSULET CORPORATION,,,LZG,LZG,OMNIPOD DASH¿ INSULIN MANAGEMENT SYSTEM,"PUMP, INFUSION, INSULIN",E0784,Ext amb infusn pump insulin,insulin_pump,high
3004464228-2020-05950,Malfunction,2020-04-08,2020-04-27,INSULET CORPORATION,,,LZG,LZG,OMNIPOD INSULIN PUMP,"PUMP, INFUSION, INSULIN",E0784,Ext amb infusn pump insulin,insulin_pump,high
3004464228-2020-05951,Malfunction,2020-04-10,2020-04-27,INSULET CORPORATION,,,LZG,LZG,OMNIPOD INSULIN PUMP,"PUMP, INFUSION, INSULIN",E0784,Ext amb infusn pump insulin,insulin_pump,high
3004464228-2020-05952,Malfunction,2020-04-10,2020-04-27,INSULET CORPORATION,,,LZG,LZG,OMNIPOD INSULIN PUMP,"PUMP, INFUSION, INSULIN",E0784,Ext amb infusn pump insulin,insulin_pump,high
3004464228-2020-05953,Malfunction,2020-04-10,2020-04-27,INSULET CORPORATION,,,LZG,LZG,OMNIPOD INSULIN PUMP,"PUMP, INFUSION, INSULIN",E0784,Ext amb infusn pump insulin,insulin_pump,high
3004464228-2020-05954,Malfunction,2020-04-10,2020-04-27,INSULET CORPORATION,,,LZG,LZG,OMNIPOD INSULIN PUMP,"PUMP, INFUSION, INSULIN",E0784,Ext amb infusn pump insulin,insulin_pump,high
3004464228-2020-05955,Malfunction,2020-04-10,2020-04-27,INSULET CORPORATION,,,LZG,LZG,OMNIPOD INSULIN PUMP,"PUMP, INFUSION, INSULIN",E0784,Ext amb infusn pump insulin,insulin_pump,high
3004464228-2020-05956,Malfunction,2020-04-10,2020-04-27,INSULET CORPORATION,,,LZG,LZG,OMNIPOD INSULIN PUMP,"PUMP, INFUSION, INSULIN",E0784,Ext amb infusn pump insulin,insulin_pump,high
3004464228-2020-05957,Malfunction,2020-04-10,2020-04-27,INSULET CORPORATION,,,LZG,LZG,OMNIPOD INSULIN PUMP,"PUMP, INFUSION, INSULIN",E0784,Ext amb infusn pump insulin,insulin_pump,high
3004464228-2020-05958,Malfunction,2020-04-10,2020-04-27,INSULET CORPORATION,,,LZG,LZG,OMNIPOD INSULIN PUMP,"PUMP, INFUSION, INSULIN",E0784,Ext amb infusn pump insulin,insulin_pump,high
3004464228-2020-05959,Malfunction,2020-01-30,2020-04-27,INSULET CORPORATION,,,LZG,LZG,OMNIPOD DASH¿ INSULIN MANAGEMENT SYSTEM,"PUMP, INFUSION, INSULIN",E0784,Ext amb infusn pump insulin,insulin_pump,high
3004464228-2020-05960,Malfunction,2020-04-10,2020-04-27,INSULET CORPORATION,,,LZG,LZG,OMNIPOD INSULIN PUMP,"PUMP, INFUSION, INSULIN",E0784,Ext amb infusn pump insulin,insulin_pump,high
3004464228-2020-05961,Malfunction,2020-04-10,2020-04-27,INSULET CORPORATION,,,LZG,LZG,OMNIPOD DASH¿ INSULIN MANAGEMENT SYSTEM,"PUMP, INFUSION, INSULIN",E0784,Ext amb infusn pump insulin,insulin_pump,high
3004464228-2020-05962,Malfunction,2020-04-05,2020-04-27,INSULET CORPORATION,,,LZG,LZG,OMNIPOD INSULIN MANAGEMENT SYSTEM,"PUMP, INFUSION, INSULIN",E0784,Ext amb infusn pump insulin,insulin_pump,high
3004464228-2020-05963,Malfunction,2020-04-08,2020-04-27,INSULET CORPORATION,,,LZG,LZG,OMNIPOD DASH¿ INSULIN MANAGEMENT SYSTEM,"PUMP, INFUSION, INSULIN",E0784,Ext amb infusn pump insulin,insulin_pump,high
3004464228-2020-05964,Malfunction,2020-02-29,2020-04-27,INSULET CORPORATION,,,LZG,LZG,OMNIPOD DASH¿ INSULIN MANAGEMENT SYSTEM,"PUMP, INFUSION, INSULIN",E0784,Ext amb infusn pump insulin,insulin_pump,high
3004464228-2020-05965,Malfunction,2020-04-10,2020-04-27,INSULET CORPORATION,,,LZG,LZG,OMNIPOD INSULIN MANAGEMENT SYSTEM,"PUMP, INFUSION, INSULIN",E0784,Ext amb infusn pump insulin,insulin_pump,high
3004464228-2020-05966,Malfunction,2020-04-10,2020-04-27,INSULET CORPORATION,,,LZG,LZG,OMNIPOD INSULIN MANAGEMENT SYSTEM,"PUMP, INFUSION, INSULIN",E0784,Ext amb infusn pump insulin,insulin_pump,high
3004464228-2020-05967,Malfunction,2020-04-10,2020-04-27,INSULET CORPORATION,,,LZG,LZG,OMNIPOD INSULIN MANAGEMENT SYSTEM,"PUMP, INFUSION, INSULIN",E0784,Ext amb infusn pump insulin,insulin_pump,high
3004464228-2020-05968,Malfunction,2020-04-10,2020-04-27,INSULET CORPORATION,,,LZG,LZG,OMNIPOD INSULIN MANAGEMENT SYSTEM,"PUMP, INFUSION, INSULIN",E0784,Ext amb infusn pump insulin,insulin_pump,high
3004464228-2020-05969,Malfunction,2020-04-10,2020-04-27,INSULET CORPORATION,,,LZG,LZG,OMNIPOD INSULIN MANAGEMENT SYSTEM,"PUMP, INFUSION, INSULIN",E0784,Ext amb infusn pump insulin,insulin_pump,high
3004464228-2020-05970,Malfunction,2020-04-10,2020-04-27,INSULET CORPORATION,,,LZG,LZG,OMNIPOD INSULIN PUMP,"PUMP, INFUSION, INSULIN",E0784,Ext amb infusn pump insulin,insulin_pump,high
3004464228-2020-05971,Malfunction,2020-04-10,2020-04-27,INSULET CORPORATION,,,LZG,LZG,OMNIPOD INSULIN PUMP,"PUMP, INFUSION, INSULIN",E0784,Ext amb infusn pump insulin,insulin_pump,high
3004464228-2020-05972,Malfunction,2020-01-18,2020-04-27,INSULET CORPORATION,,,LZG,LZG,OMNIPOD INSULIN PUMP,"PUMP, INFUSION, INSULIN",E0784,Ext amb infusn pump insulin,insulin_pump,high
3004464228-2020-05973,Malfunction,2020-04-10,2020-04-27,INSULET CORPORATION,,,LZG,LZG,OMNIPOD DASH¿ INSULIN MANAGEMENT SYSTEM,"PUMP, INFUSION, INSULIN",E0784,Ext amb infusn pump insulin,insulin_pump,high
3004464228-2020-05974,Malfunction,2020-02-26,2020-04-27,INSULET CORPORATION,,,LZG,LZG,OMNIPOD INSULIN MANAGEMENT SYSTEM,"PUMP, INFUSION, INSULIN",E0784,Ext amb infusn pump insulin,insulin_pump,high
3004464228-2020-05975,Malfunction,2020-04-09,2020-04-27,INSULET CORPORATION,,,LZG,LZG,OMNIPOD INSULIN PUMP,"PUMP, INFUSION, INSULIN",E0784,Ext amb infusn pump insulin,insulin_pump,high
3004464228-2020-05976,Malfunction,2020-04-10,2020-04-27,INSULET CORPORATION,,,LZG,LZG,OMNIPOD DASH¿ INSULIN MANAGEMENT SYSTEM,"PUMP, INFUSION, INSULIN",E0784,Ext amb infusn pump insulin,insulin_pump,high
3004464228-2020-05977,Injury,2020-01-24,2020-04-27,INSULET CORPORATION,,,LZG,LZG,OMNIPOD INSULIN PUMP,"PUMP, INFUSION, INSULIN",E0784,Ext amb infusn pump insulin,insulin_pump,high
3004464228-2020-05978,Malfunction,2020-01-28,2020-04-27,INSULET CORPORATION,,,LZG,LZG,OMNIPOD INSULIN PUMP,"PUMP, INFUSION, INSULIN",E0784,Ext amb infusn pump insulin,insulin_pump,high
3004464228-2020-05979,Malfunction,2020-04-24,2020-04-27,INSULET CORPORATION,,,LZG,LZG,OMNIPOD INSULIN PUMP,"PUMP, INFUSION, INSULIN",E0784,Ext amb infusn pump insulin,insulin_pump,high
3004464228-2020-05980,Malfunction,2020-03-20,2020-04-27,INSULET CORPORATION,,,LZG,LZG,OMNIPOD INSULIN MANAGEMENT SYSTEM,"PUMP, INFUSION, INSULIN",E0784,Ext amb infusn pump insulin,insulin_pump,high
3004464228-2020-05981,Malfunction,2020-01-13,2020-04-28,INSULET CORPORATION,,,LZG,LZG,OMNIPOD INSULIN MANAGEMENT SYSTEM,"PUMP, INFUSION, INSULIN",E0784,Ext amb infusn pump insulin,insulin_pump,high
3004464228-2020-05982,Malfunction,2020-04-21,2020-04-28,INSULET CORPORATION,,,LZG,LZG,OMNIPOD INSULIN MANAGEMENT SYSTEM,"PUMP, INFUSION, INSULIN",E0784,Ext amb infusn pump insulin,insulin_pump,high
3004464228-2020-05983,Malfunction,2020-04-21,2020-04-28,INSULET CORPORATION,,,LZG,LZG,OMNIPOD INSULIN MANAGEMENT SYSTEM,"PUMP, INFUSION, INSULIN",E0784,Ext amb infusn pump insulin,insulin_pump,high
3004464228-2020-05984,Malfunction,2020-04-05,2020-04-28,INSULET CORPORATION,,,LZG,LZG,OMNIPOD INSULIN MANAGEMENT SYSTEM,"PUMP, INFUSION, INSULIN",E0784,Ext amb infusn pump insulin,insulin_pump,high
3004464228-2020-05985,Malfunction,2020-04-22,2020-04-28,INSULET CORPORATION,,,LZG,LZG,OMNIPOD INSULIN PUMP,"PUMP, INFUSION, INSULIN",E0784,Ext amb infusn pump insulin,insulin_pump,high
3004464228-2020-05986,Malfunction,2020-04-23,2020-04-28,INSULET CORPORATION,,,LZG,LZG,OMNIPOD INSULIN PUMP,"PUMP, INFUSION, INSULIN",E0784,Ext amb infusn pump insulin,insulin_pump,high
3004464228-2020-05987,Malfunction,2020-04-17,2020-04-28,INSULET CORPORATION,,,LZG,LZG,OMNIPOD INSULIN PUMP,"PUMP, INFUSION, INSULIN",E0784,Ext amb infusn pump insulin,insulin_pump,high
3004464228-2020-05988,Malfunction,2020-04-23,2020-04-28,INSULET CORPORATION,,,LZG,LZG,OMNIPOD INSULIN PUMP,"PUMP, INFUSION, INSULIN",E0784,Ext amb infusn pump insulin,insulin_pump,high
3004464228-2020-05989,Malfunction,2020-04-23,2020-04-28,INSULET CORPORATION,,,LZG,LZG,OMNIPOD INSULIN PUMP,"PUMP, INFUSION, INSULIN",E0784,Ext amb infusn pump insulin,insulin_pump,high
3004464228-2020-05990,Malfunction,2020-04-24,2020-04-28,INSULET CORPORATION,,,LZG,LZG,OMNIPOD INSULIN MANAGEMENT SYSTEM,"PUMP, INFUSION, INSULIN",E0784,Ext amb infusn pump insulin,insulin_pump,high
3004464228-2020-05991,Malfunction,2020-04-24,2020-04-28,INSULET CORPORATION,,,LZG,LZG,OMNIPOD INSULIN MANAGEMENT SYSTEM,"PUMP, INFUSION, INSULIN",E0784,Ext amb infusn pump insulin,insulin_pump,high
3004464228-2020-05992,Malfunction,2020-04-24,2020-04-28,INSULET CORPORATION,,,LZG,LZG,OMNIPOD INSULIN MANAGEMENT SYSTEM,"PUMP, INFUSION, INSULIN",E0784,Ext amb infusn pump insulin,insulin_pump,high
3004464228-2020-05993,Malfunction,2020-04-24,2020-04-28,INSULET CORPORATION,,,LZG,LZG,OMNIPOD INSULIN MANAGEMENT SYSTEM,"PUMP, INFUSION, INSULIN",E0784,Ext amb infusn pump insulin,insulin_pump,high
3004464228-2020-05994,Malfunction,2020-04-24,2020-04-28,INSULET CORPORATION,,,LZG,LZG,OMNIPOD DASH¿ INSULIN MANAGEMENT SYSTEM,"PUMP, INFUSION, INSULIN",E0784,Ext amb infusn pump insulin,insulin_pump,high
3004464228-2020-05995,Injury,2020-04-21,2020-04-28,INSULET CORPORATION,,,LZG,LZG,OMNIPOD INSULIN PUMP,"PUMP, INFUSION, INSULIN",E0784,Ext amb infusn pump insulin,insulin_pump,high
3004464228-2020-05996,Malfunction,2020-04-12,2020-04-28,INSULET CORPORATION,,,LZG,LZG,OMNIPOD INSULIN MANAGEMENT SYSTEM,"PUMP, INFUSION, INSULIN",E0784,Ext amb infusn pump insulin,insulin_pump,high
3004464228-2020-05997,Malfunction,2020-04-06,2020-04-28,INSULET CORPORATION,,,LZG,LZG,OMNIPOD INSULIN MANAGEMENT SYSTEM,"PUMP, INFUSION, INSULIN",E0784,Ext amb infusn pump insulin,insulin_pump,high
3004464228-2020-05998,Malfunction,2020-04-12,2020-04-28,INSULET CORPORATION,,,LZG,LZG,OMNIPOD INSULIN MANAGEMENT SYSTEM,"PUMP, INFUSION, INSULIN",E0784,Ext amb infusn pump insulin,insulin_pump,high
3004464228-2020-05999,Malfunction,2020-04-12,2020-04-28,INSULET CORPORATION,,,LZG,LZG,OMNIPOD INSULIN MANAGEMENT SYSTEM,"PUMP, INFUSION, INSULIN",E0784,Ext amb infusn pump insulin,insulin_pump,high
3004464228-2020-06000,Malfunction,2020-04-12,2020-04-28,INSULET CORPORATION,,,LZG,LZG,OMNIPOD INSULIN MANAGEMENT SYSTEM,"PUMP, INFUSION, INSULIN",E0784,Ext amb infusn pump insulin,insulin_pump,high
3004464228-2020-06001,Malfunction,2020-04-12,2020-04-28,INSULET CORPORATION,,,LZG,LZG,OMNIPOD INSULIN MANAGEMENT SYSTEM,"PUMP, INFUSION, INSULIN",E0784,Ext amb infusn pump insulin,insulin_pump,high
3004464228-2020-06002,Injury,2020-04-21,2020-04-28,INSULET CORPORATION,,,LZG,LZG,OMNIPOD INSULIN PUMP,"PUMP, INFUSION, INSULIN",E0784,Ext amb infusn pump insulin,insulin_pump,high
3004464228-2020-06003,Malfunction,2020-04-27,2020-04-28,INSULET CORPORATION,,,LZG,LZG,OMNIPOD INSULIN MANAGEMENT SYSTEM,"PUMP, INFUSION, INSULIN",E0784,Ext amb infusn pump insulin,insulin_pump,high
3004464228-2020-06004,Malfunction,2020-04-10,2020-04-28,INSULET CORPORATION,,,LZG,LZG,OMNIPOD INSULIN MANAGEMENT SYSTEM,"PUMP, INFUSION, INSULIN",E0784,Ext amb infusn pump insulin,insulin_pump,high
3004464228-2020-06005,Malfunction,2020-04-12,2020-04-28,INSULET CORPORATION,,,LZG,LZG,OMNIPOD INSULIN MANAGEMENT SYSTEM,"PUMP, INFUSION, INSULIN",E0784,Ext amb infusn pump insulin,insulin_pump,high
3004464228-2020-06006,Malfunction,2020-04-12,2020-04-28,INSULET CORPORATION,,,LZG,LZG,OMNIPOD DASH¿ INSULIN MANAGEMENT SYSTEM,"PUMP, INFUSION, INSULIN",E0784,Ext amb infusn pump insulin,insulin_pump,high
3004464228-2020-06007,Malfunction,2020-04-11,2020-04-28,INSULET CORPORATION,,,LZG,LZG,OMNIPOD INSULIN MANAGEMENT SYSTEM,"PUMP, INFUSION, INSULIN",E0784,Ext amb infusn pump insulin,insulin_pump,high
3004464228-2020-06008,Malfunction,2020-04-07,2020-04-28,INSULET CORPORATION,,,LZG,LZG,OMNIPOD INSULIN MANAGEMENT SYSTEM,"PUMP, INFUSION, INSULIN",E0784,Ext amb infusn pump insulin,insulin_pump,high
3004464228-2020-06009,Malfunction,2020-04-10,2020-04-28,INSULET CORPORATION,,,LZG,LZG,OMNIPOD INSULIN MANAGEMENT SYSTEM,"PUMP, INFUSION, INSULIN",E0784,Ext amb infusn pump insulin,insulin_pump,high
3004464228-2020-06010,Malfunction,2020-04-11,2020-04-28,INSULET CORPORATION,,,LZG,LZG,OMNIPOD INSULIN MANAGEMENT SYSTEM,"PUMP, INFUSION, INSULIN",E0784,Ext amb infusn pump insulin,insulin_pump,high
3004464228-2020-06011,Malfunction,2020-04-12,2020-04-28,INSULET CORPORATION,,,LZG,LZG,OMNIPOD DASH¿ INSULIN MANAGEMENT SYSTEM,"PUMP, INFUSION, INSULIN",E0784,Ext amb infusn pump insulin,insulin_pump,high
3004464228-2020-06012,Malfunction,2020-04-11,2020-04-28,INSULET CORPORATION,,,LZG,LZG,OMNIPOD INSULIN MANAGEMENT SYSTEM,"PUMP, INFUSION, INSULIN",E0784,Ext amb infusn pump insulin,insulin_pump,high
3004464228-2020-06013,Malfunction,2020-04-11,2020-04-28,INSULET CORPORATION,,,LZG,LZG,OMNIPOD INSULIN MANAGEMENT SYSTEM,"PUMP, INFUSION, INSULIN",E0784,Ext amb infusn pump insulin,insulin_pump,high
3004464228-2020-06014,Malfunction,2020-04-11,2020-04-28,INSULET CORPORATION,,,LZG,LZG,OMNIPOD INSULIN MANAGEMENT SYSTEM,"PUMP, INFUSION, INSULIN",E0784,Ext amb infusn pump insulin,insulin_pump,high
3004464228-2020-06015,Malfunction,2020-04-11,2020-04-28,INSULET CORPORATION,,,LZG,LZG,OMNIPOD INSULIN MANAGEMENT SYSTEM,"PUMP, INFUSION, INSULIN",E0784,Ext amb infusn pump insulin,insulin_pump,high
3004464228-2020-06016,Malfunction,2020-04-12,2020-04-28,INSULET CORPORATION,,,LZG,LZG,OMNIPOD INSULIN MANAGEMENT SYSTEM,"PUMP, INFUSION, INSULIN",E0784,Ext amb infusn pump insulin,insulin_pump,high
3004464228-2020-06017,Malfunction,2020-04-11,2020-04-28,INSULET CORPORATION,,,LZG,LZG,OMNIPOD DASH¿ INSULIN MANAGEMENT SYSTEM,"PUMP, INFUSION, INSULIN",E0784,Ext amb infusn pump insulin,insulin_pump,high
3004464228-2020-06018,Malfunction,2020-04-11,2020-04-28,INSULET CORPORATION,,,LZG,LZG,OMNIPOD INSULIN MANAGEMENT SYSTEM,"PUMP, INFUSION, INSULIN",E0784,Ext amb infusn pump insulin,insulin_pump,high
3004464228-2020-06019,Malfunction,2020-04-11,2020-04-28,INSULET CORPORATION,,,LZG,LZG,OMNIPOD INSULIN MANAGEMENT SYSTEM,"PUMP, INFUSION, INSULIN",E0784,Ext amb infusn pump insulin,insulin_pump,high
3004464228-2020-06020,Malfunction,2020-04-11,2020-04-28,INSULET CORPORATION,,,LZG,LZG,OMNIPOD DASH¿ INSULIN MANAGEMENT SYSTEM,"PUMP, INFUSION, INSULIN",E0784,Ext amb infusn pump insulin,insulin_pump,high
3004464228-2020-06021,Malfunction,2020-04-11,2020-04-28,INSULET CORPORATION,,,LZG,LZG,OMNIPOD DASH¿ INSULIN MANAGEMENT SYSTEM,"PUMP, INFUSION, INSULIN",E0784,Ext amb infusn pump insulin,insulin_pump,high
3004464228-2020-06022,Injury,2020-04-11,2020-04-28,INSULET CORPORATION,,,LZG,LZG,OMNIPOD DASH¿ INSULIN MANAGEMENT SYSTEM,"PUMP, INFUSION, INSULIN",E0784,Ext amb infusn pump insulin,insulin_pump,high
3004464228-2020-06023,Malfunction,2020-04-11,2020-04-28,INSULET CORPORATION,,,LZG,LZG,OMNIPOD INSULIN PUMP,"PUMP, INFUSION, INSULIN",E0784,Ext amb infusn pump insulin,insulin_pump,high
3004464228-2020-06024,Malfunction,2020-04-11,2020-04-28,INSULET CORPORATION,,,LZG,LZG,OMNIPOD INSULIN MANAGEMENT SYSTEM,"PUMP, INFUSION, INSULIN",E0784,Ext amb infusn pump insulin,insulin_pump,high
3004464228-2020-06025,Malfunction,2020-04-11,2020-04-28,INSULET CORPORATION,,,LZG,LZG,OMNIPOD INSULIN MANAGEMENT SYSTEM,"PUMP, INFUSION, INSULIN",E0784,Ext amb infusn pump insulin,insulin_pump,high
3004464228-2020-06026,Malfunction,2020-04-11,2020-04-28,INSULET CORPORATION,,,LZG,LZG,OMNIPOD DASH¿ INSULIN MANAGEMENT SYSTEM,"PUMP, INFUSION, INSULIN",E0784,Ext amb infusn pump insulin,insulin_pump,high
3004464228-2020-06027,Injury,2020-02-09,2020-04-28,INSULET CORPORATION,,,LZG,LZG,OMNIPOD INSULIN PUMP,"PUMP, INFUSION, INSULIN",E0784,Ext amb infusn pump insulin,insulin_pump,high
3004464228-2020-06028,Malfunction,2020-04-11,2020-04-28,INSULET CORPORATION,,,LZG,LZG,OMNIPOD DASH¿ INSULIN MANAGEMENT SYSTEM,"PUMP, INFUSION, INSULIN",E0784,Ext amb infusn pump insulin,insulin_pump,high
3004464228-2020-06029,Injury,2020-04-12,2020-04-28,INSULET CORPORATION,,,LZG,LZG,OMNIPOD INSULIN PUMP,"PUMP, INFUSION, INSULIN",E0784,Ext amb infusn pump insulin,insulin_pump,high
3004464228-2020-06030,Injury,2020-04-11,2020-04-28,INSULET CORPORATION,,,LZG,LZG,OMNIPOD INSULIN PUMP,"PUMP, INFUSION, INSULIN",E0784,Ext amb infusn pump insulin,insulin_pump,high
3004464228-2020-06031,Injury,2020-04-12,2020-04-28,INSULET CORPORATION,,,LZG,LZG,OMNIPOD INSULIN PUMP,"PUMP, INFUSION, INSULIN",E0784,Ext amb infusn pump insulin,insulin_pump,high
3004464228-2020-06032,Malfunction,2020-03-27,2020-04-28,INSULET CORPORATION,,,LZG,LZG,OMNIPOD INSULIN PUMP,"PUMP, INFUSION, INSULIN",E0784,Ext amb infusn pump insulin,insulin_pump,high
3004464228-2020-06033,Malfunction,2020-03-29,2020-04-28,INSULET CORPORATION,,,LZG,LZG,OMNIPOD INSULIN PUMP,"PUMP, INFUSION, INSULIN",E0784,Ext amb infusn pump insulin,insulin_pump,high
3004464228-2020-06034,Malfunction,2020-04-11,2020-04-28,INSULET CORPORATION,,,LZG,LZG,OMNIPOD INSULIN PUMP,"PUMP, INFUSION, INSULIN",E0784,Ext amb infusn pump insulin,insulin_pump,high
3004464228-2020-06035,Malfunction,2020-04-12,2020-04-28,INSULET CORPORATION,,,LZG,LZG,OMNIPOD INSULIN PUMP,"PUMP, INFUSION, INSULIN",E0784,Ext amb infusn pump insulin,insulin_pump,high
3004464228-2020-06036,Malfunction,2020-04-12,2020-04-28,INSULET CORPORATION,,,LZG,LZG,OMNIPOD INSULIN MANAGEMENT SYSTEM,"PUMP, INFUSION, INSULIN",E0784,Ext amb infusn pump insulin,insulin_pump,high
3004464228-2020-06037,Malfunction,2020-03-11,2020-04-28,INSULET CORPORATION,,,LZG,LZG,OMNIPOD INSULIN MANAGEMENT SYSTEM,"PUMP, INFUSION, INSULIN",E0784,Ext amb infusn pump insulin,insulin_pump,high
3004464228-2020-06038,Malfunction,2020-03-02,2020-04-28,INSULET CORPORATION,,,LZG,LZG,OMNIPOD INSULIN MANAGEMENT SYSTEM,"PUMP, INFUSION, INSULIN",E0784,Ext amb infusn pump insulin,insulin_pump,high
3004464228-2020-06039,Injury,2020-04-13,2020-04-28,INSULET CORPORATION,,,LZG,LZG,OMNIPOD INSULIN PUMP,"PUMP, INFUSION, INSULIN",E0784,Ext amb infusn pump insulin,insulin_pump,high
3004464228-2020-06040,Malfunction,2020-04-13,2020-04-28,INSULET CORPORATION,,,LZG,LZG,OMNIPOD INSULIN PUMP,"PUMP, INFUSION, INSULIN",E0784,Ext amb infusn pump insulin,insulin_pump,high
3004464228-2020-06041,Malfunction,2020-04-13,2020-04-28,INSULET CORPORATION,,,LZG,LZG,OMNIPOD INSULIN PUMP,"PUMP, INFUSION, INSULIN",E0784,Ext amb infusn pump insulin,insulin_pump,high
3004464228-2020-06042,Malfunction,2020-04-01,2020-04-28,INSULET CORPORATION,,,LZG,LZG,OMNIPOD INSULIN MANAGEMENT SYSTEM,"PUMP, INFUSION, INSULIN",E0784,Ext amb infusn pump insulin,insulin_pump,high
3004464228-2020-06043,Malfunction,2020-04-11,2020-04-28,INSULET CORPORATION,,,LZG,LZG,OMNIPOD INSULIN MANAGEMENT SYSTEM,"PUMP, INFUSION, INSULIN",E0784,Ext amb infusn pump insulin,insulin_pump,high
3004464228-2020-06044,Malfunction,2020-04-23,2020-04-28,INSULET CORPORATION,,,LZG,LZG,OMNIPOD INSULIN MANAGEMENT SYSTEM,"PUMP, INFUSION, INSULIN",E0784,Ext amb infusn pump insulin,insulin_pump,high
3004464228-2020-06045,Malfunction,2020-04-22,2020-04-28,INSULET CORPORATION,,,LZG,LZG,OMNIPOD DASH¿ INSULIN MANAGEMENT SYSTEM,"PUMP, INFUSION, INSULIN",E0784,Ext amb infusn pump insulin,insulin_pump,high
3004464228-2020-06046,Malfunction,2019-08-19,2020-04-28,INSULET CORPORATION,,,LZG,LZG,OMNIPOD INSULIN MANAGEMENT SYSTEM,"PUMP, INFUSION, INSULIN",E0784,Ext amb infusn pump insulin,insulin_pump,high
3004464228-2020-06047,Malfunction,2020-04-14,2020-04-28,INSULET CORPORATION,,,LZG,LZG,OMNIPOD INSULIN MANAGEMENT SYSTEM,"PUMP, INFUSION, INSULIN",E0784,Ext amb infusn pump insulin,insulin_pump,high
3004464228-2020-06048,Malfunction,2020-04-12,2020-04-28,INSULET CORPORATION,,,LZG,LZG,OMNIPOD INSULIN MANAGEMENT SYSTEM,"PUMP, INFUSION, INSULIN",E0784,Ext amb infusn pump insulin,insulin_pump,high
3004464228-2020-06049,Malfunction,2020-04-09,2020-04-28,INSULET CORPORATION,,,LZG,LZG,OMNIPOD INSULIN PUMP,"PUMP, INFUSION, INSULIN",E0784,Ext amb infusn pump insulin,insulin_pump,high
3004464228-2020-06050,Malfunction,2020-04-13,2020-04-28,INSULET CORPORATION,,,LZG,LZG,OMNIPOD DASH¿ INSULIN MANAGEMENT SYSTEM,"PUMP, INFUSION, INSULIN",E0784,Ext amb infusn pump insulin,insulin_pump,high
3004464228-2020-06051,Malfunction,2020-04-13,2020-04-28,INSULET CORPORATION,,,LZG,LZG,OMNIPOD INSULIN PUMP,"PUMP, INFUSION, INSULIN",E0784,Ext amb infusn pump insulin,insulin_pump,high
3004464228-2020-06052,Malfunction,2020-04-11,2020-04-28,INSULET CORPORATION,,,LZG,LZG,OMNIPOD INSULIN MANAGEMENT SYSTEM,"PUMP, INFUSION, INSULIN",E0784,Ext amb infusn pump insulin,insulin_pump,high
3004464228-2020-06053,Injury,2020-04-13,2020-04-28,INSULET CORPORATION,,,LZG,LZG,OMNIPOD INSULIN PUMP,"PUMP, INFUSION, INSULIN",E0784,Ext amb infusn pump insulin,insulin_pump,high
3004464228-2020-06054,Injury,2020-04-08,2020-04-28,INSULET CORPORATION,,,LZG,LZG,OMNIPOD DASH¿ INSULIN MANAGEMENT SYSTEM,"PUMP, INFUSION, INSULIN",E0784,Ext amb infusn pump insulin,insulin_pump,high
3004464228-2020-06055,Malfunction,2020-04-13,2020-04-28,INSULET CORPORATION,,,LZG,LZG,OMNIPOD DASH¿ INSULIN MANAGEMENT SYSTEM,"PUMP, INFUSION, INSULIN",E0784,Ext amb infusn pump insulin,insulin_pump,high
3004464228-2020-06056,Malfunction,2020-03-02,2020-04-28,INSULET CORPORATION,,,LZG,LZG,OMNIPOD INSULIN MANAGEMENT SYSTEM,"PUMP, INFUSION, INSULIN",E0784,Ext amb infusn pump insulin,insulin_pump,high
3004464228-2020-06057,Malfunction,2020-03-27,2020-04-28,INSULET CORPORATION,,,LZG,LZG,OMNIPOD INSULIN MANAGEMENT SYSTEM,"PUMP, INFUSION, INSULIN",E0784,Ext amb infusn pump insulin,insulin_pump,high
3004464228-2020-06058,Malfunction,2020-04-12,2020-04-28,INSULET CORPORATION,,,LZG,LZG,OMNIPOD DASH¿ INSULIN MANAGEMENT SYSTEM,"PUMP, INFUSION, INSULIN",E0784,Ext amb infusn pump insulin,insulin_pump,high
3004464228-2020-06059,Malfunction,2020-04-13,2020-04-28,INSULET CORPORATION,,,LZG,LZG,OMNIPOD DASH¿ INSULIN MANAGEMENT SYSTEM,"PUMP, INFUSION, INSULIN",E0784,Ext amb infusn pump insulin,insulin_pump,high
3004464228-2020-06060,Malfunction,2020-04-12,2020-04-28,INSULET CORPORATION,,,LZG,LZG,OMNIPOD INSULIN MANAGEMENT SYSTEM,"PUMP, INFUSION, INSULIN",E0784,Ext amb infusn pump insulin,insulin_pump,high
3004464228-2020-06061,Injury,2019-10-05,2020-04-28,INSULET CORPORATION,,,LZG,LZG,OMNIPOD DASH¿ INSULIN MANAGEMENT SYSTEM,"PUMP, INFUSION, INSULIN",E0784,Ext amb infusn pump insulin,insulin_pump,high
3004464228-2020-06062,Malfunction,2020-03-17,2020-04-29,INSULET CORPORATION,,,LZG,LZG,OMNIPOD INSULIN MANAGEMENT SYSTEM,"PUMP, INFUSION, INSULIN",E0784,Ext amb infusn pump insulin,insulin_pump,high
3004464228-2020-06063,Malfunction,2020-04-11,2020-04-29,INSULET CORPORATION,,,LZG,LZG,OMNIPOD INSULIN PUMP,"PUMP, INFUSION, INSULIN",E0784,Ext amb infusn pump insulin,insulin_pump,high
3004464228-2020-06064,Malfunction,2020-04-13,2020-04-29,INSULET CORPORATION,,,LZG,LZG,OMNIPOD INSULIN PUMP,"PUMP, INFUSION, INSULIN",E0784,Ext amb infusn pump insulin,insulin_pump,high
3004464228-2020-06065,Malfunction,2020-04-13,2020-04-29,INSULET CORPORATION,,,LZG,LZG,OMNIPOD INSULIN PUMP,"PUMP, INFUSION, INSULIN",E0784,Ext amb infusn pump insulin,insulin_pump,high
3004464228-2020-06066,Malfunction,2020-04-13,2020-04-29,INSULET CORPORATION,,,LZG,LZG,OMNIPOD INSULIN MANAGEMENT SYSTEM,"PUMP, INFUSION, INSULIN",E0784,Ext amb infusn pump insulin,insulin_pump,high
3004464228-2020-06067,Malfunction,2020-04-13,2020-04-29,INSULET CORPORATION,,,LZG,LZG,OMNIPOD INSULIN PUMP,"PUMP, INFUSION, INSULIN",E0784,Ext amb infusn pump insulin,insulin_pump,high
3004464228-2020-06068,Malfunction,2020-04-13,2020-04-29,INSULET CORPORATION,,,LZG,LZG,OMNIPOD INSULIN PUMP,"PUMP, INFUSION, INSULIN",E0784,Ext amb infusn pump insulin,insulin_pump,high
3004464228-2020-06069,Malfunction,2020-04-02,2020-04-29,INSULET CORPORATION,,,LZG,LZG,OMNIPOD INSULIN MANAGEMENT SYSTEM,"PUMP, INFUSION, INSULIN",E0784,Ext amb infusn pump insulin,insulin_pump,high
3004464228-2020-06070,Malfunction,2020-04-11,2020-04-29,INSULET CORPORATION,,,LZG,LZG,OMNIPOD INSULIN PUMP,"PUMP, INFUSION, INSULIN",E0784,Ext amb infusn pump insulin,insulin_pump,high
3004464228-2020-06071,Malfunction,2020-04-09,2020-04-29,INSULET CORPORATION,,,LZG,LZG,OMNIPOD INSULIN MANAGEMENT SYSTEM,"PUMP, INFUSION, INSULIN",E0784,Ext amb infusn pump insulin,insulin_pump,high
3004464228-2020-06072,Malfunction,2020-03-31,2020-04-29,INSULET CORPORATION,,,LZG,LZG,OMNIPOD INSULIN MANAGEMENT SYSTEM,"PUMP, INFUSION, INSULIN",E0784,Ext amb infusn pump insulin,insulin_pump,high
3004464228-2020-06073,Malfunction,2019-05-21,2020-04-29,INSULET CORPORATION,,,LZG,LZG,OMNIPOD INSULIN MANAGEMENT SYSTEM,"PUMP, INFUSION, INSULIN",E0784,Ext amb infusn pump insulin,insulin_pump,high
3004464228-2020-06074,Malfunction,2020-04-11,2020-04-29,INSULET CORPORATION,,,LZG,LZG,OMNIPOD INSULIN MANAGEMENT SYSTEM,"PUMP, INFUSION, INSULIN",E0784,Ext amb infusn pump insulin,insulin_pump,high
3004464228-2020-06075,Malfunction,2020-04-07,2020-04-29,INSULET CORPORATION,,,LZG,LZG,OMNIPOD INSULIN PUMP,"PUMP, INFUSION, INSULIN",E0784,Ext amb infusn pump insulin,insulin_pump,high
3004464228-2020-06076,Malfunction,2020-04-10,2020-04-29,INSULET CORPORATION,,,LZG,LZG,OMNIPOD INSULIN MANAGEMENT SYSTEM,"PUMP, INFUSION, INSULIN",E0784,Ext amb infusn pump insulin,insulin_pump,high
3004464228-2020-06077,Injury,2020-03-28,2020-04-29,INSULET CORPORATION,,,LZG,LZG,OMNIPOD INSULIN PUMP,"PUMP, INFUSION, INSULIN",E0784,Ext amb infusn pump insulin,insulin_pump,high
3004753838-2020-033980,Malfunction,2020-03-28,2020-04-27,"DEXCOM, INC.",,,QBJ,QBJ,DEXCOM G6 CONTINUOUS GLUCOSE MONITORING SYSTEM,CONTINUOUS GLUCOSE MONITOR,K0553,Ther cgm supply allowance,cgm_supply,medium
3004753838-2020-033980,Malfunction,2020-03-28,2020-04-27,"DEXCOM, INC.",,,QBJ,QBJ,DEXCOM G6 CONTINUOUS GLUCOSE MONITORING SYSTEM,CONTINUOUS GLUCOSE MONITOR,K0554,Ther cgm receiver/monitor,cgm_receiver,medium
3004753838-2020-033981,Malfunction,2020-04-03,2020-04-27,"DEXCOM, INC.",,,QBJ,QBJ,DEXCOM G6 CONTINUOUS GLUCOSE MONITORING SYSTEM,CONTINUOUS GLUCOSE MONITOR,K0553,Ther cgm supply allowance,cgm_supply,medium
3004753838-2020-033981,Malfunction,2020-04-03,2020-04-27,"DEXCOM, INC.",,,QBJ,QBJ,DEXCOM G6 CONTINUOUS GLUCOSE MONITORING SYSTEM,CONTINUOUS GLUCOSE MONITOR,K0554,Ther cgm receiver/monitor,cgm_receiver,medium
3004753838-2020-033982,Malfunction,2020-04-03,2020-04-27,"DEXCOM, INC.",,,QBJ,QBJ,DEXCOM G6 CONTINUOUS GLUCOSE MONITORING SYSTEM,CONTINUOUS GLUCOSE MONITOR,K0553,Ther cgm supply allowance,cgm_supply,medium
3004753838-2020-033982,Malfunction,2020-04-03,2020-04-27,"DEXCOM, INC.",,,QBJ,QBJ,DEXCOM G6 CONTINUOUS GLUCOSE MONITORING SYSTEM,CONTINUOUS GLUCOSE MONITOR,K0554,Ther cgm receiver/monitor,cgm_receiver,medium
3004753838-2020-033983,Malfunction,2020-04-02,2020-04-28,"DEXCOM, INC.",,,QBJ,QBJ,DEXCOM G6 CONTINUOUS GLUCOSE MONITORING SYSTEM,CONTINUOUS GLUCOSE MONITOR,K0553,Ther cgm supply allowance,cgm_supply,medium
3004753838-2020-033983,Malfunction,2020-04-02,2020-04-28,"DEXCOM, INC.",,,QBJ,QBJ,DEXCOM G6 CONTINUOUS GLUCOSE MONITORING SYSTEM,CONTINUOUS GLUCOSE MONITOR,K0554,Ther cgm receiver/monitor,cgm_receiver,medium
3004753838-2020-037231,Malfunction,2020-04-06,2020-04-28,"DEXCOM, INC.",,,QBJ,QBJ,DEXCOM G6 CONTINUOUS GLUCOSE MONITORING SYSTEM,CONTINUOUS GLUCOSE MONITOR,K0553,Ther cgm supply allowance,cgm_supply,medium
3004753838-2020-037231,Malfunction,2020-04-06,2020-04-28,"DEXCOM, INC.",,,QBJ,QBJ,DEXCOM G6 CONTINUOUS GLUCOSE MONITORING SYSTEM,CONTINUOUS GLUCOSE MONITOR,K0554,Ther cgm receiver/monitor,cgm_receiver,medium
3004753838-2020-038250,Malfunction,2020-03-30,2020-04-28,"DEXCOM, INC.",,,QBJ,QBJ,DEXCOM G6 CONTINUOUS GLUCOSE MONITORING SYSTEM,CONTINUOUS GLUCOSE MONITOR,K0553,Ther cgm supply allowance,cgm_supply,medium
3004753838-2020-038250,Malfunction,2020-03-30,2020-04-28,"DEXCOM, INC.",,,QBJ,QBJ,DEXCOM G6 CONTINUOUS GLUCOSE MONITORING SYSTEM,CONTINUOUS GLUCOSE MONITOR,K0554,Ther cgm receiver/monitor,cgm_receiver,medium
3004753838-2020-038411,Malfunction,2020-04-13,2020-04-27,"DEXCOM, INC.",,,QBJ,QBJ,DEXCOM G6 CONTINUOUS GLUCOSE MONITORING SYSTEM,CONTINUOUS GLUCOSE MONITOR,K0553,Ther cgm supply allowance,cgm_supply,medium
3004753838-2020-038411,Malfunction,2020-04-13,2020-04-27,"DEXCOM, INC.",,,QBJ,QBJ,DEXCOM G6 CONTINUOUS GLUCOSE MONITORING SYSTEM,CONTINUOUS GLUCOSE MONITOR,K0554,Ther cgm receiver/monitor,cgm_receiver,medium
3004753838-2020-038417,Malfunction,2020-04-13,2020-04-27,"DEXCOM, INC.",,,QBJ,QBJ,DEXCOM G6 CONTINUOUS GLUCOSE MONITORING SYSTEM,CONTINUOUS GLUCOSE MONITOR,K0553,Ther cgm supply allowance,cgm_supply,medium
3004753838-2020-038417,Malfunction,2020-04-13,2020-04-27,"DEXCOM, INC.",,,QBJ,QBJ,DEXCOM G6 CONTINUOUS GLUCOSE MONITORING SYSTEM,CONTINUOUS GLUCOSE MONITOR,K0554,Ther cgm receiver/monitor,cgm_receiver,medium
3004753838-2020-038420,Malfunction,2020-04-13,2020-04-27,"DEXCOM, INC.",,,QBJ,QBJ,DEXCOM G6 CONTINUOUS GLUCOSE MONITORING SYSTEM,CONTINUOUS GLUCOSE MONITOR,K0553,Ther cgm supply allowance,cgm_supply,medium
3004753838-2020-038420,Malfunction,2020-04-13,2020-04-27,"DEXCOM, INC.",,,QBJ,QBJ,DEXCOM G6 CONTINUOUS GLUCOSE MONITORING SYSTEM,CONTINUOUS GLUCOSE MONITOR,K0554,Ther cgm receiver/monitor,cgm_receiver,medium
3004753838-2020-038449,Malfunction,2020-04-13,2020-04-27,"DEXCOM, INC.",,,QBJ,QBJ,DEXCOM G6 CONTINUOUS GLUCOSE MONITORING SYSTEM,CONTINUOUS GLUCOSE MONITOR,K0553,Ther cgm supply allowance,cgm_supply,medium
3004753838-2020-038449,Malfunction,2020-04-13,2020-04-27,"DEXCOM, INC.",,,QBJ,QBJ,DEXCOM G6 CONTINUOUS GLUCOSE MONITORING SYSTEM,CONTINUOUS GLUCOSE MONITOR,K0554,Ther cgm receiver/monitor,cgm_receiver,medium
3004753838-2020-038451,Malfunction,2020-04-11,2020-04-27,"DEXCOM, INC.",,,QBJ,QBJ,DEXCOM G6 CONTINUOUS GLUCOSE MONITORING SYSTEM,CONTINUOUS GLUCOSE MONITOR,K0553,Ther cgm supply allowance,cgm_supply,medium
3004753838-2020-038451,Malfunction,2020-04-11,2020-04-27,"DEXCOM, INC.",,,QBJ,QBJ,DEXCOM G6 CONTINUOUS GLUCOSE MONITORING SYSTEM,CONTINUOUS GLUCOSE MONITOR,K0554,Ther cgm receiver/monitor,cgm_receiver,medium
3004753838-2020-038534,Malfunction,2020-04-13,2020-04-27,"DEXCOM, INC.",,,QBJ,QBJ,DEXCOM G6 CONTINUOUS GLUCOSE MONITORING SYSTEM,CONTINUOUS GLUCOSE MONITOR,K0553,Ther cgm supply allowance,cgm_supply,medium
3004753838-2020-038534,Malfunction,2020-04-13,2020-04-27,"DEXCOM, INC.",,,QBJ,QBJ,DEXCOM G6 CONTINUOUS GLUCOSE MONITORING SYSTEM,CONTINUOUS GLUCOSE MONITOR,K0554,Ther cgm receiver/monitor,cgm_receiver,medium
3004753838-2020-038542,Malfunction,2020-04-13,2020-04-27,"DEXCOM, INC.",,,QBJ,QBJ,DEXCOM G6 CONTINUOUS GLUCOSE MONITORING SYSTEM,CONTINUOUS GLUCOSE MONITOR,K0553,Ther cgm supply allowance,cgm_supply,medium
3004753838-2020-038542,Malfunction,2020-04-13,2020-04-27,"DEXCOM, INC.",,,QBJ,QBJ,DEXCOM G6 CONTINUOUS GLUCOSE MONITORING SYSTEM,CONTINUOUS GLUCOSE MONITOR,K0554,Ther cgm receiver/monitor,cgm_receiver,medium
3004753838-2020-038545,Malfunction,2020-04-13,2020-04-27,"DEXCOM, INC.",,,QBJ,QBJ,DEXCOM G6 CONTINUOUS GLUCOSE MONITORING SYSTEM,CONTINUOUS GLUCOSE MONITOR,K0553,Ther cgm supply allowance,cgm_supply,medium
3004753838-2020-038545,Malfunction,2020-04-13,2020-04-27,"DEXCOM, INC.",,,QBJ,QBJ,DEXCOM G6 CONTINUOUS GLUCOSE MONITORING SYSTEM,CONTINUOUS GLUCOSE MONITOR,K0554,Ther cgm receiver/monitor,cgm_receiver,medium
3004753838-2020-038550,Malfunction,2020-04-13,2020-04-27,"DEXCOM, INC.",,,QBJ,QBJ,DEXCOM G6 CONTINUOUS GLUCOSE MONITORING SYSTEM,CONTINUOUS GLUCOSE MONITOR,K0553,Ther cgm supply allowance,cgm_supply,medium
3004753838-2020-038550,Malfunction,2020-04-13,2020-04-27,"DEXCOM, INC.",,,QBJ,QBJ,DEXCOM G6 CONTINUOUS GLUCOSE MONITORING SYSTEM,CONTINUOUS GLUCOSE MONITOR,K0554,Ther cgm receiver/monitor,cgm_receiver,medium
3004753838-2020-038564,Malfunction,2020-04-09,2020-04-27,"DEXCOM, INC.",,,QBJ,QBJ,DEXCOM G6 CONTINUOUS GLUCOSE MONITORING SYSTEM,CONTINUOUS GLUCOSE MONITOR,K0553,Ther cgm supply allowance,cgm_supply,medium
3004753838-2020-038564,Malfunction,2020-04-09,2020-04-27,"DEXCOM, INC.",,,QBJ,QBJ,DEXCOM G6 CONTINUOUS GLUCOSE MONITORING SYSTEM,CONTINUOUS GLUCOSE MONITOR,K0554,Ther cgm receiver/monitor,cgm_receiver,medium
3004753838-2020-038565,Malfunction,2020-04-13,2020-04-27,"DEXCOM, INC.",,,QBJ,QBJ,DEXCOM G6 CONTINUOUS GLUCOSE MONITORING SYSTEM,CONTINUOUS GLUCOSE MONITOR,K0553,Ther cgm supply allowance,cgm_supply,medium
3004753838-2020-038565,Malfunction,2020-04-13,2020-04-27,"DEXCOM, INC.",,,QBJ,QBJ,DEXCOM G6 CONTINUOUS GLUCOSE MONITORING SYSTEM,CONTINUOUS GLUCOSE MONITOR,K0554,Ther cgm receiver/monitor,cgm_receiver,medium
3004753838-2020-038569,Malfunction,2020-04-13,2020-04-27,"DEXCOM, INC.",,,QBJ,QBJ,DEXCOM G6 CONTINUOUS GLUCOSE MONITORING SYSTEM,CONTINUOUS GLUCOSE MONITOR,K0553,Ther cgm supply allowance,cgm_supply,medium
3004753838-2020-038569,Malfunction,2020-04-13,2020-04-27,"DEXCOM, INC.",,,QBJ,QBJ,DEXCOM G6 CONTINUOUS GLUCOSE MONITORING SYSTEM,CONTINUOUS GLUCOSE MONITOR,K0554,Ther cgm receiver/monitor,cgm_receiver,medium
3004753838-2020-038573,Malfunction,2020-04-13,2020-04-27,"DEXCOM, INC.",,,QBJ,QBJ,DEXCOM G6 CONTINUOUS GLUCOSE MONITORING SYSTEM,CONTINUOUS GLUCOSE MONITOR,K0553,Ther cgm supply allowance,cgm_supply,medium
3004753838-2020-038573,Malfunction,2020-04-13,2020-04-27,"DEXCOM, INC.",,,QBJ,QBJ,DEXCOM G6 CONTINUOUS GLUCOSE MONITORING SYSTEM,CONTINUOUS GLUCOSE MONITOR,K0554,Ther cgm receiver/monitor,cgm_receiver,medium
3004753838-2020-038574,Malfunction,2020-04-12,2020-04-27,"DEXCOM, INC.",,,QBJ,QBJ,DEXCOM G6 CONTINUOUS GLUCOSE MONITORING SYSTEM,CONTINUOUS GLUCOSE MONITOR,K0553,Ther cgm supply allowance,cgm_supply,medium
3004753838-2020-038574,Malfunction,2020-04-12,2020-04-27,"DEXCOM, INC.",,,QBJ,QBJ,DEXCOM G6 CONTINUOUS GLUCOSE MONITORING SYSTEM,CONTINUOUS GLUCOSE MONITOR,K0554,Ther cgm receiver/monitor,cgm_receiver,medium
3004753838-2020-038579,Malfunction,2020-03-18,2020-04-27,"DEXCOM, INC.",,,QBJ,QBJ,DEXCOM G6 CONTINUOUS GLUCOSE MONITORING SYSTEM,CONTINUOUS GLUCOSE MONITOR,K0553,Ther cgm supply allowance,cgm_supply,medium
3004753838-2020-038579,Malfunction,2020-03-18,2020-04-27,"DEXCOM, INC.",,,QBJ,QBJ,DEXCOM G6 CONTINUOUS GLUCOSE MONITORING SYSTEM,CONTINUOUS GLUCOSE MONITOR,K0554,Ther cgm receiver/monitor,cgm_receiver,medium
3004753838-2020-038582,Malfunction,2020-04-13,2020-04-27,"DEXCOM, INC.",,,QBJ,QBJ,DEXCOM G6 CONTINUOUS GLUCOSE MONITORING SYSTEM,CONTINUOUS GLUCOSE MONITOR,K0553,Ther cgm supply allowance,cgm_supply,medium
3004753838-2020-038582,Malfunction,2020-04-13,2020-04-27,"DEXCOM, INC.",,,QBJ,QBJ,DEXCOM G6 CONTINUOUS GLUCOSE MONITORING SYSTEM,CONTINUOUS GLUCOSE MONITOR,K0554,Ther cgm receiver/monitor,cgm_receiver,medium
3004753838-2020-038583,Malfunction,2020-04-13,2020-04-27,"DEXCOM, INC.",,,QBJ,QBJ,DEXCOM G6 CONTINUOUS GLUCOSE MONITORING SYSTEM,CONTINUOUS GLUCOSE MONITOR,K0553,Ther cgm supply allowance,cgm_supply,medium
3004753838-2020-038583,Malfunction,2020-04-13,2020-04-27,"DEXCOM, INC.",,,QBJ,QBJ,DEXCOM G6 CONTINUOUS GLUCOSE MONITORING SYSTEM,CONTINUOUS GLUCOSE MONITOR,K0554,Ther cgm receiver/monitor,cgm_receiver,medium
3004753838-2020-038585,Malfunction,2020-04-10,2020-04-27,"DEXCOM, INC.",,,QBJ,QBJ,DEXCOM G6 CONTINUOUS GLUCOSE MONITORING SYSTEM,CONTINUOUS GLUCOSE MONITOR,K0553,Ther cgm supply allowance,cgm_supply,medium
3004753838-2020-038585,Malfunction,2020-04-10,2020-04-27,"DEXCOM, INC.",,,QBJ,QBJ,DEXCOM G6 CONTINUOUS GLUCOSE MONITORING SYSTEM,CONTINUOUS GLUCOSE MONITOR,K0554,Ther cgm receiver/monitor,cgm_receiver,medium
3004753838-2020-038588,Malfunction,2020-04-13,2020-04-27,"DEXCOM, INC.",,,QBJ,QBJ,DEXCOM G6 CONTINUOUS GLUCOSE MONITORING SYSTEM,CONTINUOUS GLUCOSE MONITOR,K0553,Ther cgm supply allowance,cgm_supply,medium
3004753838-2020-038588,Malfunction,2020-04-13,2020-04-27,"DEXCOM, INC.",,,QBJ,QBJ,DEXCOM G6 CONTINUOUS GLUCOSE MONITORING SYSTEM,CONTINUOUS GLUCOSE MONITOR,K0554,Ther cgm receiver/monitor,cgm_receiver,medium
3004753838-2020-038593,Malfunction,2020-04-13,2020-04-27,"DEXCOM, INC.",,,QBJ,QBJ,DEXCOM G6 CONTINUOUS GLUCOSE MONITORING SYSTEM,CONTINUOUS GLUCOSE MONITOR,K0553,Ther cgm supply allowance,cgm_supply,medium
3004753838-2020-038593,Malfunction,2020-04-13,2020-04-27,"DEXCOM, INC.",,,QBJ,QBJ,DEXCOM G6 CONTINUOUS GLUCOSE MONITORING SYSTEM,CONTINUOUS GLUCOSE MONITOR,K0554,Ther cgm receiver/monitor,cgm_receiver,medium
3004753838-2020-038596,Malfunction,2020-04-10,2020-04-27,"DEXCOM, INC.",,,QBJ,QBJ,DEXCOM G6 CONTINUOUS GLUCOSE MONITORING SYSTEM,CONTINUOUS GLUCOSE MONITOR,K0553,Ther cgm supply allowance,cgm_supply,medium
3004753838-2020-038596,Malfunction,2020-04-10,2020-04-27,"DEXCOM, INC.",,,QBJ,QBJ,DEXCOM G6 CONTINUOUS GLUCOSE MONITORING SYSTEM,CONTINUOUS GLUCOSE MONITOR,K0554,Ther cgm receiver/monitor,cgm_receiver,medium
3004753838-2020-038598,Malfunction,2020-04-13,2020-04-27,"DEXCOM, INC.",,,QBJ,QBJ,DEXCOM G6 CONTINUOUS GLUCOSE MONITORING SYSTEM,CONTINUOUS GLUCOSE MONITOR,K0553,Ther cgm supply allowance,cgm_supply,medium
3004753838-2020-038598,Malfunction,2020-04-13,2020-04-27,"DEXCOM, INC.",,,QBJ,QBJ,DEXCOM G6 CONTINUOUS GLUCOSE MONITORING SYSTEM,CONTINUOUS GLUCOSE MONITOR,K0554,Ther cgm receiver/monitor,cgm_receiver,medium
3004753838-2020-038609,Malfunction,2020-04-12,2020-04-27,"DEXCOM, INC.",,,QBJ,QBJ,DEXCOM G6 CONTINUOUS GLUCOSE MONITORING SYSTEM,CONTINUOUS GLUCOSE MONITOR,K0553,Ther cgm supply allowance,cgm_supply,medium
3004753838-2020-038609,Malfunction,2020-04-12,2020-04-27,"DEXCOM, INC.",,,QBJ,QBJ,DEXCOM G6 CONTINUOUS GLUCOSE MONITORING SYSTEM,CONTINUOUS GLUCOSE MONITOR,K0554,Ther cgm receiver/monitor,cgm_receiver,medium
3004753838-2020-038621,Malfunction,2020-04-12,2020-04-27,"DEXCOM, INC.",,,QBJ,QBJ,DEXCOM G6 CONTINUOUS GLUCOSE MONITORING SYSTEM,CONTINUOUS GLUCOSE MONITOR,K0553,Ther cgm supply allowance,cgm_supply,medium
3004753838-2020-038621,Malfunction,2020-04-12,2020-04-27,"DEXCOM, INC.",,,QBJ,QBJ,DEXCOM G6 CONTINUOUS GLUCOSE MONITORING SYSTEM,CONTINUOUS GLUCOSE MONITOR,K0554,Ther cgm receiver/monitor,cgm_receiver,medium
3004753838-2020-038667,Malfunction,2020-04-12,2020-04-27,"DEXCOM, INC.",,,QBJ,QBJ,DEXCOM G6 CONTINUOUS GLUCOSE MONITORING SYSTEM,CONTINUOUS GLUCOSE MONITOR,K0553,Ther cgm supply allowance,cgm_supply,medium
3004753838-2020-038667,Malfunction,2020-04-12,2020-04-27,"DEXCOM, INC.",,,QBJ,QBJ,DEXCOM G6 CONTINUOUS GLUCOSE MONITORING SYSTEM,CONTINUOUS GLUCOSE MONITOR,K0554,Ther cgm receiver/monitor,cgm_receiver,medium
3004753838-2020-038679,Malfunction,2020-04-11,2020-04-27,"DEXCOM, INC.",,,QBJ,QBJ,DEXCOM G6 CONTINUOUS GLUCOSE MONITORING SYSTEM,CONTINUOUS GLUCOSE MONITOR,K0553,Ther cgm supply allowance,cgm_supply,medium
3004753838-2020-038679,Malfunction,2020-04-11,2020-04-27,"DEXCOM, INC.",,,QBJ,QBJ,DEXCOM G6 CONTINUOUS GLUCOSE MONITORING SYSTEM,CONTINUOUS GLUCOSE MONITOR,K0554,Ther cgm receiver/monitor,cgm_receiver,medium
3004753838-2020-038680,Malfunction,2020-04-13,2020-04-27,"DEXCOM, INC.",,,QBJ,QBJ,DEXCOM G6 CONTINUOUS GLUCOSE MONITORING SYSTEM,CONTINUOUS GLUCOSE MONITOR,K0553,Ther cgm supply allowance,cgm_supply,medium
3004753838-2020-038680,Malfunction,2020-04-13,2020-04-27,"DEXCOM, INC.",,,QBJ,QBJ,DEXCOM G6 CONTINUOUS GLUCOSE MONITORING SYSTEM,CONTINUOUS GLUCOSE MONITOR,K0554,Ther cgm receiver/monitor,cgm_receiver,medium
3004753838-2020-038684,Malfunction,2020-04-13,2020-04-27,"DEXCOM, INC.",,,QBJ,QBJ,DEXCOM G6 CONTINUOUS GLUCOSE MONITORING SYSTEM,CONTINUOUS GLUCOSE MONITOR,K0553,Ther cgm supply allowance,cgm_supply,medium
3004753838-2020-038684,Malfunction,2020-04-13,2020-04-27,"DEXCOM, INC.",,,QBJ,QBJ,DEXCOM G6 CONTINUOUS GLUCOSE MONITORING SYSTEM,CONTINUOUS GLUCOSE MONITOR,K0554,Ther cgm receiver/monitor,cgm_receiver,medium
3004753838-2020-038685,Malfunction,2020-04-13,2020-04-27,"DEXCOM, INC.",,,QBJ,QBJ,DEXCOM G6 CONTINUOUS GLUCOSE MONITORING SYSTEM,CONTINUOUS GLUCOSE MONITOR,K0553,Ther cgm supply allowance,cgm_supply,medium
3004753838-2020-038685,Malfunction,2020-04-13,2020-04-27,"DEXCOM, INC.",,,QBJ,QBJ,DEXCOM G6 CONTINUOUS GLUCOSE MONITORING SYSTEM,CONTINUOUS GLUCOSE MONITOR,K0554,Ther cgm receiver/monitor,cgm_receiver,medium
3004753838-2020-038691,Malfunction,2020-04-11,2020-04-27,"DEXCOM, INC.",,,QBJ,QBJ,DEXCOM G6 CONTINUOUS GLUCOSE MONITORING SYSTEM,CONTINUOUS GLUCOSE MONITOR,K0553,Ther cgm supply allowance,cgm_supply,medium
3004753838-2020-038691,Malfunction,2020-04-11,2020-04-27,"DEXCOM, INC.",,,QBJ,QBJ,DEXCOM G6 CONTINUOUS GLUCOSE MONITORING SYSTEM,CONTINUOUS GLUCOSE MONITOR,K0554,Ther cgm receiver/monitor,cgm_receiver,medium
3004753838-2020-038695,Malfunction,2020-04-12,2020-04-27,"DEXCOM, INC.",,,QBJ,QBJ,DEXCOM G6 CONTINUOUS GLUCOSE MONITORING SYSTEM,CONTINUOUS GLUCOSE MONITOR,K0553,Ther cgm supply allowance,cgm_supply,medium
3004753838-2020-038695,Malfunction,2020-04-12,2020-04-27,"DEXCOM, INC.",,,QBJ,QBJ,DEXCOM G6 CONTINUOUS GLUCOSE MONITORING SYSTEM,CONTINUOUS GLUCOSE MONITOR,K0554,Ther cgm receiver/monitor,cgm_receiver,medium
3004753838-2020-038698,Malfunction,2020-04-13,2020-04-27,"DEXCOM, INC.",,,QBJ,QBJ,DEXCOM G6 CONTINUOUS GLUCOSE MONITORING SYSTEM,CONTINUOUS GLUCOSE MONITOR,K0553,Ther cgm supply allowance,cgm_supply,medium
3004753838-2020-038698,Malfunction,2020-04-13,2020-04-27,"DEXCOM, INC.",,,QBJ,QBJ,DEXCOM G6 CONTINUOUS GLUCOSE MONITORING SYSTEM,CONTINUOUS GLUCOSE MONITOR,K0554,Ther cgm receiver/monitor,cgm_receiver,medium
3004753838-2020-038700,Malfunction,2020-04-12,2020-04-27,"DEXCOM, INC.",,,QBJ,QBJ,DEXCOM G6 CONTINUOUS GLUCOSE MONITORING SYSTEM,CONTINUOUS GLUCOSE MONITOR,K0553,Ther cgm supply allowance,cgm_supply,medium
3004753838-2020-038700,Malfunction,2020-04-12,2020-04-27,"DEXCOM, INC.",,,QBJ,QBJ,DEXCOM G6 CONTINUOUS GLUCOSE MONITORING SYSTEM,CONTINUOUS GLUCOSE MONITOR,K0554,Ther cgm receiver/monitor,cgm_receiver,medium
3004753838-2020-038710,Malfunction,2020-04-13,2020-04-27,"DEXCOM, INC.",,,QBJ,QBJ,DEXCOM G6 CONTINUOUS GLUCOSE MONITORING SYSTEM,CONTINUOUS GLUCOSE MONITOR,K0553,Ther cgm supply allowance,cgm_supply,medium
3004753838-2020-038710,Malfunction,2020-04-13,2020-04-27,"DEXCOM, INC.",,,QBJ,QBJ,DEXCOM G6 CONTINUOUS GLUCOSE MONITORING SYSTEM,CONTINUOUS GLUCOSE MONITOR,K0554,Ther cgm receiver/monitor,cgm_receiver,medium
3004753838-2020-038721,Malfunction,2020-04-13,2020-04-27,"DEXCOM, INC.",,,QBJ,QBJ,DEXCOM G6 CONTINUOUS GLUCOSE MONITORING SYSTEM,CONTINUOUS GLUCOSE MONITOR,K0553,Ther cgm supply allowance,cgm_supply,medium
3004753838-2020-038721,Malfunction,2020-04-13,2020-04-27,"DEXCOM, INC.",,,QBJ,QBJ,DEXCOM G6 CONTINUOUS GLUCOSE MONITORING SYSTEM,CONTINUOUS GLUCOSE MONITOR,K0554,Ther cgm receiver/monitor,cgm_receiver,medium
3004753838-2020-038728,Malfunction,2020-04-13,2020-04-27,"DEXCOM, INC.",,,QBJ,QBJ,DEXCOM G6 CONTINUOUS GLUCOSE MONITORING SYSTEM,CONTINUOUS GLUCOSE MONITOR,K0553,Ther cgm supply allowance,cgm_supply,medium
3004753838-2020-038728,Malfunction,2020-04-13,2020-04-27,"DEXCOM, INC.",,,QBJ,QBJ,DEXCOM G6 CONTINUOUS GLUCOSE MONITORING SYSTEM,CONTINUOUS GLUCOSE MONITOR,K0554,Ther cgm receiver/monitor,cgm_receiver,medium
3004753838-2020-038737,Malfunction,2020-04-13,2020-04-27,"DEXCOM, INC.",,,QBJ,QBJ,DEXCOM G6 CONTINUOUS GLUCOSE MONITORING SYSTEM,CONTINUOUS GLUCOSE MONITOR,K0553,Ther cgm supply allowance,cgm_supply,medium
3004753838-2020-038737,Malfunction,2020-04-13,2020-04-27,"DEXCOM, INC.",,,QBJ,QBJ,DEXCOM G6 CONTINUOUS GLUCOSE MONITORING SYSTEM,CONTINUOUS GLUCOSE MONITOR,K0554,Ther cgm receiver/monitor,cgm_receiver,medium
3004753838-2020-038739,Malfunction,2020-03-30,2020-04-27,"DEXCOM, INC.",,,QBJ,QBJ,DEXCOM G6 CONTINUOUS GLUCOSE MONITORING SYSTEM,CONTINUOUS GLUCOSE MONITOR,K0553,Ther cgm supply allowance,cgm_supply,medium
3004753838-2020-038739,Malfunction,2020-03-30,2020-04-27,"DEXCOM, INC.",,,QBJ,QBJ,DEXCOM G6 CONTINUOUS GLUCOSE MONITORING SYSTEM,CONTINUOUS GLUCOSE MONITOR,K0554,Ther cgm receiver/monitor,cgm_receiver,medium
3004753838-2020-038741,Malfunction,2020-04-13,2020-04-27,"DEXCOM, INC.",,,QBJ,QBJ,DEXCOM G6 CONTINUOUS GLUCOSE MONITORING SYSTEM,CONTINUOUS GLUCOSE MONITOR,K0553,Ther cgm supply allowance,cgm_supply,medium
3004753838-2020-038741,Malfunction,2020-04-13,2020-04-27,"DEXCOM, INC.",,,QBJ,QBJ,DEXCOM G6 CONTINUOUS GLUCOSE MONITORING SYSTEM,CONTINUOUS GLUCOSE MONITOR,K0554,Ther cgm receiver/monitor,cgm_receiver,medium
3004753838-2020-038743,Malfunction,2020-04-12,2020-04-27,"DEXCOM, INC.",,,QBJ,QBJ,DEXCOM G6 CONTINUOUS GLUCOSE MONITORING SYSTEM,CONTINUOUS GLUCOSE MONITOR,K0553,Ther cgm supply allowance,cgm_supply,medium
3004753838-2020-038743,Malfunction,2020-04-12,2020-04-27,"DEXCOM, INC.",,,QBJ,QBJ,DEXCOM G6 CONTINUOUS GLUCOSE MONITORING SYSTEM,CONTINUOUS GLUCOSE MONITOR,K0554,Ther cgm receiver/monitor,cgm_receiver,medium
3004753838-2020-038747,Malfunction,2020-04-13,2020-04-27,"DEXCOM, INC.",,,QBJ,QBJ,DEXCOM G6 CONTINUOUS GLUCOSE MONITORING SYSTEM,CONTINUOUS GLUCOSE MONITOR,K0553,Ther cgm supply allowance,cgm_supply,medium
3004753838-2020-038747,Malfunction,2020-04-13,2020-04-27,"DEXCOM, INC.",,,QBJ,QBJ,DEXCOM G6 CONTINUOUS GLUCOSE MONITORING SYSTEM,CONTINUOUS GLUCOSE MONITOR,K0554,Ther cgm receiver/monitor,cgm_receiver,medium
3004753838-2020-038749,Malfunction,2020-03-11,2020-04-28,"DEXCOM, INC.",,,QBJ,QBJ,DEXCOM G6 CONTINUOUS GLUCOSE MONITORING SYSTEM,CONTINUOUS GLUCOSE MONITOR,K0553,Ther cgm supply allowance,cgm_supply,medium
3004753838-2020-038749,Malfunction,2020-03-11,2020-04-28,"DEXCOM, INC.",,,QBJ,QBJ,DEXCOM G6 CONTINUOUS GLUCOSE MONITORING SYSTEM,CONTINUOUS GLUCOSE MONITOR,K0554,Ther cgm receiver/monitor,cgm_receiver,medium
3004753838-2020-038776,Malfunction,2020-03-29,2020-04-27,"DEXCOM, INC.",,,QBJ,QBJ,DEXCOM G6 CONTINUOUS GLUCOSE MONITORING SYSTEM,CONTINUOUS GLUCOSE MONITOR,K0553,Ther cgm supply allowance,cgm_supply,medium
3004753838-2020-038776,Malfunction,2020-03-29,2020-04-27,"DEXCOM, INC.",,,QBJ,QBJ,DEXCOM G6 CONTINUOUS GLUCOSE MONITORING SYSTEM,CONTINUOUS GLUCOSE MONITOR,K0554,Ther cgm receiver/monitor,cgm_receiver,medium
3004753838-2020-038783,Malfunction,2020-03-24,2020-04-27,"DEXCOM, INC.",,,QBJ,QBJ,DEXCOM G6 CONTINUOUS GLUCOSE MONITORING SYSTEM,CONTINUOUS GLUCOSE MONITOR,K0553,Ther cgm supply allowance,cgm_supply,medium
3004753838-2020-038783,Malfunction,2020-03-24,2020-04-27,"DEXCOM, INC.",,,QBJ,QBJ,DEXCOM G6 CONTINUOUS GLUCOSE MONITORING SYSTEM,CONTINUOUS GLUCOSE MONITOR,K0554,Ther cgm receiver/monitor,cgm_receiver,medium
3004753838-2020-038784,Malfunction,2020-03-24,2020-04-27,"DEXCOM, INC.",,,QBJ,QBJ,DEXCOM G6 CONTINUOUS GLUCOSE MONITORING SYSTEM,CONTINUOUS GLUCOSE MONITOR,K0553,Ther cgm supply allowance,cgm_supply,medium
3004753838-2020-038784,Malfunction,2020-03-24,2020-04-27,"DEXCOM, INC.",,,QBJ,QBJ,DEXCOM G6 CONTINUOUS GLUCOSE MONITORING SYSTEM,CONTINUOUS GLUCOSE MONITOR,K0554,Ther cgm receiver/monitor,cgm_receiver,medium
3004753838-2020-038785,Malfunction,2020-03-29,2020-04-28,"DEXCOM, INC.",,,QBJ,QBJ,DEXCOM G6 CONTINUOUS GLUCOSE MONITORING SYSTEM,CONTINUOUS GLUCOSE MONITOR,K0553,Ther cgm supply allowance,cgm_supply,medium
3004753838-2020-038785,Malfunction,2020-03-29,2020-04-28,"DEXCOM, INC.",,,QBJ,QBJ,DEXCOM G6 CONTINUOUS GLUCOSE MONITORING SYSTEM,CONTINUOUS GLUCOSE MONITOR,K0554,Ther cgm receiver/monitor,cgm_receiver,medium
3004753838-2020-038786,Malfunction,2020-04-07,2020-04-27,"DEXCOM, INC.",,,QBJ,QBJ,DEXCOM G6 CONTINUOUS GLUCOSE MONITORING SYSTEM,CONTINUOUS GLUCOSE MONITOR,K0553,Ther cgm supply allowance,cgm_supply,medium
3004753838-2020-038786,Malfunction,2020-04-07,2020-04-27,"DEXCOM, INC.",,,QBJ,QBJ,DEXCOM G6 CONTINUOUS GLUCOSE MONITORING SYSTEM,CONTINUOUS GLUCOSE MONITOR,K0554,Ther cgm receiver/monitor,cgm_receiver,medium
3004753838-2020-038787,Malfunction,2020-04-08,2020-04-28,"DEXCOM, INC.",,,QBJ,QBJ,DEXCOM G6 CONTINUOUS GLUCOSE MONITORING SYSTEM,CONTINUOUS GLUCOSE MONITOR,K0553,Ther cgm supply allowance,cgm_supply,medium
3004753838-2020-038787,Malfunction,2020-04-08,2020-04-28,"DEXCOM, INC.",,,QBJ,QBJ,DEXCOM G6 CONTINUOUS GLUCOSE MONITORING SYSTEM,CONTINUOUS GLUCOSE MONITOR,K0554,Ther cgm receiver/monitor,cgm_receiver,medium
3004753838-2020-038788,Malfunction,2020-01-20,2020-04-27,"DEXCOM, INC.",,,QBJ,QBJ,DEXCOM G6 CONTINUOUS GLUCOSE MONITORING SYSTEM,CONTINUOUS GLUCOSE MONITOR,K0553,Ther cgm supply allowance,cgm_supply,medium
3004753838-2020-038788,Malfunction,2020-01-20,2020-04-27,"DEXCOM, INC.",,,QBJ,QBJ,DEXCOM G6 CONTINUOUS GLUCOSE MONITORING SYSTEM,CONTINUOUS GLUCOSE MONITOR,K0554,Ther cgm receiver/monitor,cgm_receiver,medium
3004753838-2020-038789,Malfunction,2020-04-15,2020-04-27,"DEXCOM, INC.",,,QBJ,QBJ,DEXCOM G6 CONTINUOUS GLUCOSE MONITORING SYSTEM,CONTINUOUS GLUCOSE MONITOR,K0553,Ther cgm supply allowance,cgm_supply,medium
3004753838-2020-038789,Malfunction,2020-04-15,2020-04-27,"DEXCOM, INC.",,,QBJ,QBJ,DEXCOM G6 CONTINUOUS GLUCOSE MONITORING SYSTEM,CONTINUOUS GLUCOSE MONITOR,K0554,Ther cgm receiver/monitor,cgm_receiver,medium
3004753838-2020-038790,Malfunction,2020-04-17,2020-04-27,"DEXCOM, INC.",,,QBJ,QBJ,DEXCOM G6 CONTINUOUS GLUCOSE MONITORING SYSTEM,CONTINUOUS GLUCOSE MONITOR,K0553,Ther cgm supply allowance,cgm_supply,medium
3004753838-2020-038790,Malfunction,2020-04-17,2020-04-27,"DEXCOM, INC.",,,QBJ,QBJ,DEXCOM G6 CONTINUOUS GLUCOSE MONITORING SYSTEM,CONTINUOUS GLUCOSE MONITOR,K0554,Ther cgm receiver/monitor,cgm_receiver,medium
3004753838-2020-038791,Malfunction,2020-04-17,2020-04-27,"DEXCOM, INC.",,,QBJ,QBJ,DEXCOM G6 CONTINUOUS GLUCOSE MONITORING SYSTEM,CONTINUOUS GLUCOSE MONITOR,K0553,Ther cgm supply allowance,cgm_supply,medium
3004753838-2020-038791,Malfunction,2020-04-17,2020-04-27,"DEXCOM, INC.",,,QBJ,QBJ,DEXCOM G6 CONTINUOUS GLUCOSE MONITORING SYSTEM,CONTINUOUS GLUCOSE MONITOR,K0554,Ther cgm receiver/monitor,cgm_receiver,medium
3004753838-2020-038792,Malfunction,2020-04-11,2020-04-27,"DEXCOM, INC.",,,QBJ,QBJ,DEXCOM G6 CONTINUOUS GLUCOSE MONITORING SYSTEM,CONTINUOUS GLUCOSE MONITOR,K0553,Ther cgm supply allowance,cgm_supply,medium
3004753838-2020-038792,Malfunction,2020-04-11,2020-04-27,"DEXCOM, INC.",,,QBJ,QBJ,DEXCOM G6 CONTINUOUS GLUCOSE MONITORING SYSTEM,CONTINUOUS GLUCOSE MONITOR,K0554,Ther cgm receiver/monitor,cgm_receiver,medium
3004753838-2020-038793,Malfunction,2020-04-18,2020-04-28,"DEXCOM, INC.",,,QBJ,QBJ,DEXCOM G6 CONTINUOUS GLUCOSE MONITORING SYSTEM,CONTINUOUS GLUCOSE MONITOR,K0553,Ther cgm supply allowance,cgm_supply,medium
3004753838-2020-038793,Malfunction,2020-04-18,2020-04-28,"DEXCOM, INC.",,,QBJ,QBJ,DEXCOM G6 CONTINUOUS GLUCOSE MONITORING SYSTEM,CONTINUOUS GLUCOSE MONITOR,K0554,Ther cgm receiver/monitor,cgm_receiver,medium
3004753838-2020-038794,Malfunction,2020-04-20,2020-04-28,"DEXCOM, INC.",,,QBJ,QBJ,DEXCOM G6 CONTINUOUS GLUCOSE MONITORING SYSTEM,CONTINUOUS GLUCOSE MONITOR,K0553,Ther cgm supply allowance,cgm_supply,medium
3004753838-2020-038794,Malfunction,2020-04-20,2020-04-28,"DEXCOM, INC.",,,QBJ,QBJ,DEXCOM G6 CONTINUOUS GLUCOSE MONITORING SYSTEM,CONTINUOUS GLUCOSE MONITOR,K0554,Ther cgm receiver/monitor,cgm_receiver,medium
3004753838-2020-038795,Malfunction,2020-04-09,2020-04-28,"DEXCOM, INC.",,,QBJ,QBJ,DEXCOM G6 CONTINUOUS GLUCOSE MONITORING SYSTEM,CONTINUOUS GLUCOSE MONITOR,K0553,Ther cgm supply allowance,cgm_supply,medium
3004753838-2020-038795,Malfunction,2020-04-09,2020-04-28,"DEXCOM, INC.",,,QBJ,QBJ,DEXCOM G6 CONTINUOUS GLUCOSE MONITORING SYSTEM,CONTINUOUS GLUCOSE MONITOR,K0554,Ther cgm receiver/monitor,cgm_receiver,medium
3004753838-2020-038796,Malfunction,2020-04-20,2020-04-28,"DEXCOM, INC.",,,QBJ,QBJ,DEXCOM G6 CONTINUOUS GLUCOSE MONITORING SYSTEM,CONTINUOUS GLUCOSE MONITOR,K0553,Ther cgm supply allowance,cgm_supply,medium
3004753838-2020-038796,Malfunction,2020-04-20,2020-04-28,"DEXCOM, INC.",,,QBJ,QBJ,DEXCOM G6 CONTINUOUS GLUCOSE MONITORING SYSTEM,CONTINUOUS GLUCOSE MONITOR,K0554,Ther cgm receiver/monitor,cgm_receiver,medium
3004753838-2020-038797,Malfunction,2020-04-21,2020-04-28,"DEXCOM, INC.",,,QBJ,QBJ,DEXCOM G6 CONTINUOUS GLUCOSE MONITORING SYSTEM,CONTINUOUS GLUCOSE MONITOR,K0553,Ther cgm supply allowance,cgm_supply,medium
3004753838-2020-038797,Malfunction,2020-04-21,2020-04-28,"DEXCOM, INC.",,,QBJ,QBJ,DEXCOM G6 CONTINUOUS GLUCOSE MONITORING SYSTEM,CONTINUOUS GLUCOSE MONITOR,K0554,Ther cgm receiver/monitor,cgm_receiver,medium
3004753838-2020-038798,Malfunction,2020-04-22,2020-04-28,"DEXCOM, INC.",,,QBJ,QBJ,DEXCOM G6 CONTINUOUS GLUCOSE MONITORING SYSTEM,CONTINUOUS GLUCOSE MONITOR,K0553,Ther cgm supply allowance,cgm_supply,medium
3004753838-2020-038798,Malfunction,2020-04-22,2020-04-28,"DEXCOM, INC.",,,QBJ,QBJ,DEXCOM G6 CONTINUOUS GLUCOSE MONITORING SYSTEM,CONTINUOUS GLUCOSE MONITOR,K0554,Ther cgm receiver/monitor,cgm_receiver,medium
3004753838-2020-038799,Malfunction,2020-04-22,2020-04-28,"DEXCOM, INC.",,,QBJ,QBJ,DEXCOM G6 CONTINUOUS GLUCOSE MONITORING SYSTEM,CONTINUOUS GLUCOSE MONITOR,K0553,Ther cgm supply allowance,cgm_supply,medium
3004753838-2020-038799,Malfunction,2020-04-22,2020-04-28,"DEXCOM, INC.",,,QBJ,QBJ,DEXCOM G6 CONTINUOUS GLUCOSE MONITORING SYSTEM,CONTINUOUS GLUCOSE MONITOR,K0554,Ther cgm receiver/monitor,cgm_receiver,medium
3004753838-2020-038800,Malfunction,2020-04-22,2020-04-28,"DEXCOM, INC.",,,QBJ,QBJ,DEXCOM G6 CONTINUOUS GLUCOSE MONITORING SYSTEM,CONTINUOUS GLUCOSE MONITOR,K0553,Ther cgm supply allowance,cgm_supply,medium
3004753838-2020-038800,Malfunction,2020-04-22,2020-04-28,"DEXCOM, INC.",,,QBJ,QBJ,DEXCOM G6 CONTINUOUS GLUCOSE MONITORING SYSTEM,CONTINUOUS GLUCOSE MONITOR,K0554,Ther cgm receiver/monitor,cgm_receiver,medium
3004753838-2020-038801,Malfunction,2020-04-22,2020-04-28,"DEXCOM, INC.",,,QBJ,QBJ,DEXCOM G6 CONTINUOUS GLUCOSE MONITORING SYSTEM,CONTINUOUS GLUCOSE MONITOR,K0553,Ther cgm supply allowance,cgm_supply,medium
3004753838-2020-038801,Malfunction,2020-04-22,2020-04-28,"DEXCOM, INC.",,,QBJ,QBJ,DEXCOM G6 CONTINUOUS GLUCOSE MONITORING SYSTEM,CONTINUOUS GLUCOSE MONITOR,K0554,Ther cgm receiver/monitor,cgm_receiver,medium
3004753838-2020-038802,Malfunction,2020-04-23,2020-04-28,"DEXCOM, INC.",,,QBJ,QBJ,DEXCOM G6 CONTINUOUS GLUCOSE MONITORING SYSTEM,CONTINUOUS GLUCOSE MONITOR,K0553,Ther cgm supply allowance,cgm_supply,medium
3004753838-2020-038802,Malfunction,2020-04-23,2020-04-28,"DEXCOM, INC.",,,QBJ,QBJ,DEXCOM G6 CONTINUOUS GLUCOSE MONITORING SYSTEM,CONTINUOUS GLUCOSE MONITOR,K0554,Ther cgm receiver/monitor,cgm_receiver,medium
3004753838-2020-038805,Malfunction,2020-04-18,2020-04-27,"DEXCOM, INC.",,,QBJ,QBJ,DEXCOM G6 CONTINUOUS GLUCOSE MONITORING SYSTEM,CONTINUOUS GLUCOSE MONITOR,K0553,Ther cgm supply allowance,cgm_supply,medium
3004753838-2020-038805,Malfunction,2020-04-18,2020-04-27,"DEXCOM, INC.",,,QBJ,QBJ,DEXCOM G6 CONTINUOUS GLUCOSE MONITORING SYSTEM,CONTINUOUS GLUCOSE MONITOR,K0554,Ther cgm receiver/monitor,cgm_receiver,medium
3004753838-2020-038806,Malfunction,2020-04-05,2020-04-27,"DEXCOM, INC.",,,QBJ,QBJ,DEXCOM G6 CONTINUOUS GLUCOSE MONITORING SYSTEM,CONTINUOUS GLUCOSE MONITOR,K0553,Ther cgm supply allowance,cgm_supply,medium
3004753838-2020-038806,Malfunction,2020-04-05,2020-04-27,"DEXCOM, INC.",,,QBJ,QBJ,DEXCOM G6 CONTINUOUS GLUCOSE MONITORING SYSTEM,CONTINUOUS GLUCOSE MONITOR,K0554,Ther cgm receiver/monitor,cgm_receiver,medium
3004753838-2020-038807,Malfunction,2020-04-05,2020-04-27,"DEXCOM, INC.",,,QBJ,QBJ,DEXCOM G6 CONTINUOUS GLUCOSE MONITORING SYSTEM,CONTINUOUS GLUCOSE MONITOR,K0553,Ther cgm supply allowance,cgm_supply,medium
3004753838-2020-038807,Malfunction,2020-04-05,2020-04-27,"DEXCOM, INC.",,,QBJ,QBJ,DEXCOM G6 CONTINUOUS GLUCOSE MONITORING SYSTEM,CONTINUOUS GLUCOSE MONITOR,K0554,Ther cgm receiver/monitor,cgm_receiver,medium
3004753838-2020-038808,Injury,2020-02-19,2020-04-27,"DEXCOM, INC.",,,QBJ,QBJ,DEXCOM G6 CONTINUOUS GLUCOSE MONITORING SYSTEM,CONTINUOUS GLUCOSE MONITOR,K0553,Ther cgm supply allowance,cgm_supply,medium
3004753838-2020-038808,Injury,2020-02-19,2020-04-27,"DEXCOM, INC.",,,QBJ,QBJ,DEXCOM G6 CONTINUOUS GLUCOSE MONITORING SYSTEM,CONTINUOUS GLUCOSE MONITOR,K0554,Ther cgm receiver/monitor,cgm_receiver,medium
3004753838-2020-038809,Malfunction,2020-04-19,2020-04-27,"DEXCOM, INC.",,,QBJ,QBJ,DEXCOM G6 CONTINUOUS GLUCOSE MONITORING SYSTEM,CONTINUOUS GLUCOSE MONITOR,K0553,Ther cgm supply allowance,cgm_supply,medium
3004753838-2020-038809,Malfunction,2020-04-19,2020-04-27,"DEXCOM, INC.",,,QBJ,QBJ,DEXCOM G6 CONTINUOUS GLUCOSE MONITORING SYSTEM,CONTINUOUS GLUCOSE MONITOR,K0554,Ther cgm receiver/monitor,cgm_receiver,medium
3004753838-2020-038810,Malfunction,2020-04-18,2020-04-27,"DEXCOM, INC.",,,QBJ,QBJ,DEXCOM G6 CONTINUOUS GLUCOSE MONITORING SYSTEM,CONTINUOUS GLUCOSE MONITOR,K0553,Ther cgm supply allowance,cgm_supply,medium
3004753838-2020-038810,Malfunction,2020-04-18,2020-04-27,"DEXCOM, INC.",,,QBJ,QBJ,DEXCOM G6 CONTINUOUS GLUCOSE MONITORING SYSTEM,CONTINUOUS GLUCOSE MONITOR,K0554,Ther cgm receiver/monitor,cgm_receiver,medium
3004753838-2020-038812,Malfunction,2020-03-08,2020-04-27,"DEXCOM, INC.",,,QBJ,QBJ,DEXCOM G6 CONTINUOUS GLUCOSE MONITORING SYSTEM,CONTINUOUS GLUCOSE MONITOR,K0553,Ther cgm supply allowance,cgm_supply,medium
3004753838-2020-038812,Malfunction,2020-03-08,2020-04-27,"DEXCOM, INC.",,,QBJ,QBJ,DEXCOM G6 CONTINUOUS GLUCOSE MONITORING SYSTEM,CONTINUOUS GLUCOSE MONITOR,K0554,Ther cgm receiver/monitor,cgm_receiver,medium
3004753838-2020-038814,Malfunction,2020-04-08,2020-04-27,"DEXCOM, INC.",,,QBJ,QBJ,DEXCOM G6 CONTINUOUS GLUCOSE MONITORING SYSTEM,CONTINUOUS GLUCOSE MONITOR,K0553,Ther cgm supply allowance,cgm_supply,medium
3004753838-2020-038814,Malfunction,2020-04-08,2020-04-27,"DEXCOM, INC.",,,QBJ,QBJ,DEXCOM G6 CONTINUOUS GLUCOSE MONITORING SYSTEM,CONTINUOUS GLUCOSE MONITOR,K0554,Ther cgm receiver/monitor,cgm_receiver,medium
3004753838-2020-038815,Malfunction,2020-04-20,2020-04-27,"DEXCOM, INC.",,,QBJ,QBJ,DEXCOM G6 CONTINUOUS GLUCOSE MONITORING SYSTEM,CONTINUOUS GLUCOSE MONITOR,K0553,Ther cgm supply allowance,cgm_supply,medium
3004753838-2020-038815,Malfunction,2020-04-20,2020-04-27,"DEXCOM, INC.",,,QBJ,QBJ,DEXCOM G6 CONTINUOUS GLUCOSE MONITORING SYSTEM,CONTINUOUS GLUCOSE MONITOR,K0554,Ther cgm receiver/monitor,cgm_receiver,medium
3004753838-2020-038816,Malfunction,2020-04-07,2020-04-27,"DEXCOM, INC.",,,QBJ,QBJ,DEXCOM G6 CONTINUOUS GLUCOSE MONITORING SYSTEM,CONTINUOUS GLUCOSE MONITOR,K0553,Ther cgm supply allowance,cgm_supply,medium
3004753838-2020-038816,Malfunction,2020-04-07,2020-04-27,"DEXCOM, INC.",,,QBJ,QBJ,DEXCOM G6 CONTINUOUS GLUCOSE MONITORING SYSTEM,CONTINUOUS GLUCOSE MONITOR,K0554,Ther cgm receiver/monitor,cgm_receiver,medium
3004753838-2020-038817,Malfunction,2020-04-19,2020-04-27,"DEXCOM, INC.",,,QBJ,QBJ,DEXCOM G6 CONTINUOUS GLUCOSE MONITORING SYSTEM,CONTINUOUS GLUCOSE MONITOR,K0553,Ther cgm supply allowance,cgm_supply,medium
3004753838-2020-038817,Malfunction,2020-04-19,2020-04-27,"DEXCOM, INC.",,,QBJ,QBJ,DEXCOM G6 CONTINUOUS GLUCOSE MONITORING SYSTEM,CONTINUOUS GLUCOSE MONITOR,K0554,Ther cgm receiver/monitor,cgm_receiver,medium
3004753838-2020-038818,Malfunction,2020-04-01,2020-04-27,"DEXCOM, INC.",,,QBJ,QBJ,DEXCOM G6 CONTINUOUS GLUCOSE MONITORING SYSTEM,CONTINUOUS GLUCOSE MONITOR,K0553,Ther cgm supply allowance,cgm_supply,medium
3004753838-2020-038818,Malfunction,2020-04-01,2020-04-27,"DEXCOM, INC.",,,QBJ,QBJ,DEXCOM G6 CONTINUOUS GLUCOSE MONITORING SYSTEM,CONTINUOUS GLUCOSE MONITOR,K0554,Ther cgm receiver/monitor,cgm_receiver,medium
3004753838-2020-038819,Malfunction,2020-04-12,2020-04-28,"DEXCOM, INC.",,,QBJ,QBJ,DEXCOM G6 CONTINUOUS GLUCOSE MONITORING SYSTEM,CONTINUOUS GLUCOSE MONITOR,K0553,Ther cgm supply allowance,cgm_supply,medium
3004753838-2020-038819,Malfunction,2020-04-12,2020-04-28,"DEXCOM, INC.",,,QBJ,QBJ,DEXCOM G6 CONTINUOUS GLUCOSE MONITORING SYSTEM,CONTINUOUS GLUCOSE MONITOR,K0554,Ther cgm receiver/monitor,cgm_receiver,medium
3004753838-2020-038820,Malfunction,2020-04-07,2020-04-27,"DEXCOM, INC.",,,QBJ,QBJ,DEXCOM G6 CONTINUOUS GLUCOSE MONITORING SYSTEM,CONTINUOUS GLUCOSE MONITOR,K0553,Ther cgm supply allowance,cgm_supply,medium
3004753838-2020-038820,Malfunction,2020-04-07,2020-04-27,"DEXCOM, INC.",,,QBJ,QBJ,DEXCOM G6 CONTINUOUS GLUCOSE MONITORING SYSTEM,CONTINUOUS GLUCOSE MONITOR,K0554,Ther cgm receiver/monitor,cgm_receiver,medium
3004753838-2020-038821,Malfunction,2020-04-07,2020-04-27,"DEXCOM, INC.",,,QBJ,QBJ,DEXCOM G6 CONTINUOUS GLUCOSE MONITORING SYSTEM,CONTINUOUS GLUCOSE MONITOR,K0553,Ther cgm supply allowance,cgm_supply,medium
3004753838-2020-038821,Malfunction,2020-04-07,2020-04-27,"DEXCOM, INC.",,,QBJ,QBJ,DEXCOM G6 CONTINUOUS GLUCOSE MONITORING SYSTEM,CONTINUOUS GLUCOSE MONITOR,K0554,Ther cgm receiver/monitor,cgm_receiver,medium
3004753838-2020-038823,Injury,2020-03-28,2020-04-27,"DEXCOM, INC.",,,QBJ,QBJ,DEXCOM G6 CONTINUOUS GLUCOSE MONITORING SYSTEM,CONTINUOUS GLUCOSE MONITOR,K0553,Ther cgm supply allowance,cgm_supply,medium
3004753838-2020-038823,Injury,2020-03-28,2020-04-27,"DEXCOM, INC.",,,QBJ,QBJ,DEXCOM G6 CONTINUOUS GLUCOSE MONITORING SYSTEM,CONTINUOUS GLUCOSE MONITOR,K0554,Ther cgm receiver/monitor,cgm_receiver,medium
3004753838-2020-038825,Malfunction,2020-04-08,2020-04-27,"DEXCOM, INC.",,,QBJ,QBJ,DEXCOM G6 CONTINUOUS GLUCOSE MONITORING SYSTEM,CONTINUOUS GLUCOSE MONITOR,K0553,Ther cgm supply allowance,cgm_supply,medium
3004753838-2020-038825,Malfunction,2020-04-08,2020-04-27,"DEXCOM, INC.",,,QBJ,QBJ,DEXCOM G6 CONTINUOUS GLUCOSE MONITORING SYSTEM,CONTINUOUS GLUCOSE MONITOR,K0554,Ther cgm receiver/monitor,cgm_receiver,medium
3004753838-2020-038826,Malfunction,2020-04-08,2020-04-27,"DEXCOM, INC.",,,QBJ,QBJ,DEXCOM G6 CONTINUOUS GLUCOSE MONITORING SYSTEM,CONTINUOUS GLUCOSE MONITOR,K0553,Ther cgm supply allowance,cgm_supply,medium
3004753838-2020-038826,Malfunction,2020-04-08,2020-04-27,"DEXCOM, INC.",,,QBJ,QBJ,DEXCOM G6 CONTINUOUS GLUCOSE MONITORING SYSTEM,CONTINUOUS GLUCOSE MONITOR,K0554,Ther cgm receiver/monitor,cgm_receiver,medium
3004753838-2020-038830,Malfunction,2020-04-20,2020-04-27,"DEXCOM, INC.",,,QBJ,QBJ,DEXCOM G6 CONTINUOUS GLUCOSE MONITORING SYSTEM,CONTINUOUS GLUCOSE MONITOR,K0553,Ther cgm supply allowance,cgm_supply,medium
3004753838-2020-038830,Malfunction,2020-04-20,2020-04-27,"DEXCOM, INC.",,,QBJ,QBJ,DEXCOM G6 CONTINUOUS GLUCOSE MONITORING SYSTEM,CONTINUOUS GLUCOSE MONITOR,K0554,Ther cgm receiver/monitor,cgm_receiver,medium
3004753838-2020-038831,Malfunction,2020-04-08,2020-04-27,"DEXCOM, INC.",,,QBJ,QBJ,DEXCOM G6 CONTINUOUS GLUCOSE MONITORING SYSTEM,CONTINUOUS GLUCOSE MONITOR,K0553,Ther cgm supply allowance,cgm_supply,medium
3004753838-2020-038831,Malfunction,2020-04-08,2020-04-27,"DEXCOM, INC.",,,QBJ,QBJ,DEXCOM G6 CONTINUOUS GLUCOSE MONITORING SYSTEM,CONTINUOUS GLUCOSE MONITOR,K0554,Ther cgm receiver/monitor,cgm_receiver,medium
3004753838-2020-038834,Malfunction,2020-03-31,2020-04-27,"DEXCOM, INC.",,,QBJ,QBJ,DEXCOM G6 CONTINUOUS GLUCOSE MONITORING SYSTEM,CONTINUOUS GLUCOSE MONITOR,K0553,Ther cgm supply allowance,cgm_supply,medium
3004753838-2020-038834,Malfunction,2020-03-31,2020-04-27,"DEXCOM, INC.",,,QBJ,QBJ,DEXCOM G6 CONTINUOUS GLUCOSE MONITORING SYSTEM,CONTINUOUS GLUCOSE MONITOR,K0554,Ther cgm receiver/monitor,cgm_receiver,medium
3004753838-2020-038835,Malfunction,2020-04-05,2020-04-27,"DEXCOM, INC.",,,QBJ,QBJ,DEXCOM G6 CONTINUOUS GLUCOSE MONITORING SYSTEM,CONTINUOUS GLUCOSE MONITOR,K0553,Ther cgm supply allowance,cgm_supply,medium
3004753838-2020-038835,Malfunction,2020-04-05,2020-04-27,"DEXCOM, INC.",,,QBJ,QBJ,DEXCOM G6 CONTINUOUS GLUCOSE MONITORING SYSTEM,CONTINUOUS GLUCOSE MONITOR,K0554,Ther cgm receiver/monitor,cgm_receiver,medium
3004753838-2020-038836,Malfunction,2020-04-07,2020-04-27,"DEXCOM, INC.",,,QBJ,QBJ,DEXCOM G6 CONTINUOUS GLUCOSE MONITORING SYSTEM,CONTINUOUS GLUCOSE MONITOR,K0553,Ther cgm supply allowance,cgm_supply,medium
3004753838-2020-038836,Malfunction,2020-04-07,2020-04-27,"DEXCOM, INC.",,,QBJ,QBJ,DEXCOM G6 CONTINUOUS GLUCOSE MONITORING SYSTEM,CONTINUOUS GLUCOSE MONITOR,K0554,Ther cgm receiver/monitor,cgm_receiver,medium
3004753838-2020-038837,Malfunction,2020-03-30,2020-04-27,"DEXCOM, INC.",,,QBJ,QBJ,DEXCOM G6 CONTINUOUS GLUCOSE MONITORING SYSTEM,CONTINUOUS GLUCOSE MONITOR,K0553,Ther cgm supply allowance,cgm_supply,medium
3004753838-2020-038837,Malfunction,2020-03-30,2020-04-27,"DEXCOM, INC.",,,QBJ,QBJ,DEXCOM G6 CONTINUOUS GLUCOSE MONITORING SYSTEM,CONTINUOUS GLUCOSE MONITOR,K0554,Ther cgm receiver/monitor,cgm_receiver,medium
3004753838-2020-038838,Malfunction,2020-04-03,2020-04-27,"DEXCOM, INC.",,,QBJ,QBJ,DEXCOM G6 CONTINUOUS GLUCOSE MONITORING SYSTEM,CONTINUOUS GLUCOSE MONITOR,K0553,Ther cgm supply allowance,cgm_supply,medium
3004753838-2020-038838,Malfunction,2020-04-03,2020-04-27,"DEXCOM, INC.",,,QBJ,QBJ,DEXCOM G6 CONTINUOUS GLUCOSE MONITORING SYSTEM,CONTINUOUS GLUCOSE MONITOR,K0554,Ther cgm receiver/monitor,cgm_receiver,medium
3004753838-2020-038839,Malfunction,2020-04-03,2020-04-27,"DEXCOM, INC.",,,QBJ,QBJ,DEXCOM G6 CONTINUOUS GLUCOSE MONITORING SYSTEM,CONTINUOUS GLUCOSE MONITOR,K0553,Ther cgm supply allowance,cgm_supply,medium
3004753838-2020-038839,Malfunction,2020-04-03,2020-04-27,"DEXCOM, INC.",,,QBJ,QBJ,DEXCOM G6 CONTINUOUS GLUCOSE MONITORING SYSTEM,CONTINUOUS GLUCOSE MONITOR,K0554,Ther cgm receiver/monitor,cgm_receiver,medium
3004753838-2020-038840,Malfunction,2020-03-17,2020-04-27,"DEXCOM, INC.",,,QBJ,QBJ,DEXCOM G6 CONTINUOUS GLUCOSE MONITORING SYSTEM,CONTINUOUS GLUCOSE MONITOR,K0553,Ther cgm supply allowance,cgm_supply,medium
3004753838-2020-038840,Malfunction,2020-03-17,2020-04-27,"DEXCOM, INC.",,,QBJ,QBJ,DEXCOM G6 CONTINUOUS GLUCOSE MONITORING SYSTEM,CONTINUOUS GLUCOSE MONITOR,K0554,Ther cgm receiver/monitor,cgm_receiver,medium
3004753838-2020-038841,Malfunction,2020-03-27,2020-04-27,"DEXCOM, INC.",,,QBJ,QBJ,DEXCOM G6 CONTINUOUS GLUCOSE MONITORING SYSTEM,CONTINUOUS GLUCOSE MONITOR,K0553,Ther cgm supply allowance,cgm_supply,medium
3004753838-2020-038841,Malfunction,2020-03-27,2020-04-27,"DEXCOM, INC.",,,QBJ,QBJ,DEXCOM G6 CONTINUOUS GLUCOSE MONITORING SYSTEM,CONTINUOUS GLUCOSE MONITOR,K0554,Ther cgm receiver/monitor,cgm_receiver,medium
3004753838-2020-038842,Malfunction,2020-04-03,2020-04-27,"DEXCOM, INC.",,,QBJ,QBJ,DEXCOM G6 CONTINUOUS GLUCOSE MONITORING SYSTEM,CONTINUOUS GLUCOSE MONITOR,K0553,Ther cgm supply allowance,cgm_supply,medium
3004753838-2020-038842,Malfunction,2020-04-03,2020-04-27,"DEXCOM, INC.",,,QBJ,QBJ,DEXCOM G6 CONTINUOUS GLUCOSE MONITORING SYSTEM,CONTINUOUS GLUCOSE MONITOR,K0554,Ther cgm receiver/monitor,cgm_receiver,medium
3004753838-2020-038843,Malfunction,2020-04-20,2020-04-29,"DEXCOM, INC.",,,QBJ,QBJ,DEXCOM G6 CONTINUOUS GLUCOSE MONITORING SYSTEM,CONTINUOUS GLUCOSE MONITOR,K0553,Ther cgm supply allowance,cgm_supply,medium
3004753838-2020-038843,Malfunction,2020-04-20,2020-04-29,"DEXCOM, INC.",,,QBJ,QBJ,DEXCOM G6 CONTINUOUS GLUCOSE MONITORING SYSTEM,CONTINUOUS GLUCOSE MONITOR,K0554,Ther cgm receiver/monitor,cgm_receiver,medium
3004753838-2020-038844,Malfunction,2020-04-20,2020-04-27,"DEXCOM, INC.",,,QBJ,QBJ,DEXCOM G6 CONTINUOUS GLUCOSE MONITORING SYSTEM,CONTINUOUS GLUCOSE MONITOR,K0553,Ther cgm supply allowance,cgm_supply,medium
3004753838-2020-038844,Malfunction,2020-04-20,2020-04-27,"DEXCOM, INC.",,,QBJ,QBJ,DEXCOM G6 CONTINUOUS GLUCOSE MONITORING SYSTEM,CONTINUOUS GLUCOSE MONITOR,K0554,Ther cgm receiver/monitor,cgm_receiver,medium
3004753838-2020-038845,Malfunction,2020-04-08,2020-04-27,"DEXCOM, INC.",,,QBJ,QBJ,DEXCOM G6 CONTINUOUS GLUCOSE MONITORING SYSTEM,CONTINUOUS GLUCOSE MONITOR,K0553,Ther cgm supply allowance,cgm_supply,medium
3004753838-2020-038845,Malfunction,2020-04-08,2020-04-27,"DEXCOM, INC.",,,QBJ,QBJ,DEXCOM G6 CONTINUOUS GLUCOSE MONITORING SYSTEM,CONTINUOUS GLUCOSE MONITOR,K0554,Ther cgm receiver/monitor,cgm_receiver,medium
3004753838-2020-038846,Malfunction,2020-04-05,2020-04-27,"DEXCOM, INC.",,,QBJ,QBJ,DEXCOM G6 CONTINUOUS GLUCOSE MONITORING SYSTEM,CONTINUOUS GLUCOSE MONITOR,K0553,Ther cgm supply allowance,cgm_supply,medium
3004753838-2020-038846,Malfunction,2020-04-05,2020-04-27,"DEXCOM, INC.",,,QBJ,QBJ,DEXCOM G6 CONTINUOUS GLUCOSE MONITORING SYSTEM,CONTINUOUS GLUCOSE MONITOR,K0554,Ther cgm receiver/monitor,cgm_receiver,medium
3004753838-2020-038847,Malfunction,2020-04-08,2020-04-27,"DEXCOM, INC.",,,QBJ,QBJ,DEXCOM G6 CONTINUOUS GLUCOSE MONITORING SYSTEM,CONTINUOUS GLUCOSE MONITOR,K0553,Ther cgm supply allowance,cgm_supply,medium
3004753838-2020-038847,Malfunction,2020-04-08,2020-04-27,"DEXCOM, INC.",,,QBJ,QBJ,DEXCOM G6 CONTINUOUS GLUCOSE MONITORING SYSTEM,CONTINUOUS GLUCOSE MONITOR,K0554,Ther cgm receiver/monitor,cgm_receiver,medium
3004753838-2020-038849,Malfunction,2020-04-03,2020-04-27,"DEXCOM, INC.",,,QBJ,QBJ,DEXCOM G6 CONTINUOUS GLUCOSE MONITORING SYSTEM,CONTINUOUS GLUCOSE MONITOR,K0553,Ther cgm supply allowance,cgm_supply,medium
3004753838-2020-038849,Malfunction,2020-04-03,2020-04-27,"DEXCOM, INC.",,,QBJ,QBJ,DEXCOM G6 CONTINUOUS GLUCOSE MONITORING SYSTEM,CONTINUOUS GLUCOSE MONITOR,K0554,Ther cgm receiver/monitor,cgm_receiver,medium
3004753838-2020-038851,Malfunction,2020-04-02,2020-04-27,"DEXCOM, INC.",,,QBJ,QBJ,DEXCOM G6 CONTINUOUS GLUCOSE MONITORING SYSTEM,CONTINUOUS GLUCOSE MONITOR,K0553,Ther cgm supply allowance,cgm_supply,medium
3004753838-2020-038851,Malfunction,2020-04-02,2020-04-27,"DEXCOM, INC.",,,QBJ,QBJ,DEXCOM G6 CONTINUOUS GLUCOSE MONITORING SYSTEM,CONTINUOUS GLUCOSE MONITOR,K0554,Ther cgm receiver/monitor,cgm_receiver,medium
3004753838-2020-038852,Malfunction,2020-03-24,2020-04-27,"DEXCOM, INC.",,,QBJ,QBJ,DEXCOM G6 CONTINUOUS GLUCOSE MONITORING SYSTEM,CONTINUOUS GLUCOSE MONITOR,K0553,Ther cgm supply allowance,cgm_supply,medium
3004753838-2020-038852,Malfunction,2020-03-24,2020-04-27,"DEXCOM, INC.",,,QBJ,QBJ,DEXCOM G6 CONTINUOUS GLUCOSE MONITORING SYSTEM,CONTINUOUS GLUCOSE MONITOR,K0554,Ther cgm receiver/monitor,cgm_receiver,medium
3004753838-2020-038853,Malfunction,2020-04-03,2020-04-27,"DEXCOM, INC.",,,QBJ,QBJ,DEXCOM G6 CONTINUOUS GLUCOSE MONITORING SYSTEM,CONTINUOUS GLUCOSE MONITOR,K0553,Ther cgm supply allowance,cgm_supply,medium
3004753838-2020-038853,Malfunction,2020-04-03,2020-04-27,"DEXCOM, INC.",,,QBJ,QBJ,DEXCOM G6 CONTINUOUS GLUCOSE MONITORING SYSTEM,CONTINUOUS GLUCOSE MONITOR,K0554,Ther cgm receiver/monitor,cgm_receiver,medium
3004753838-2020-038854,Malfunction,2020-04-03,2020-04-27,"DEXCOM, INC.",,,QBJ,QBJ,DEXCOM G6 CONTINUOUS GLUCOSE MONITORING SYSTEM,CONTINUOUS GLUCOSE MONITOR,K0553,Ther cgm supply allowance,cgm_supply,medium
3004753838-2020-038854,Malfunction,2020-04-03,2020-04-27,"DEXCOM, INC.",,,QBJ,QBJ,DEXCOM G6 CONTINUOUS GLUCOSE MONITORING SYSTEM,CONTINUOUS GLUCOSE MONITOR,K0554,Ther cgm receiver/monitor,cgm_receiver,medium
3004753838-2020-038856,Malfunction,2020-04-05,2020-04-27,"DEXCOM, INC.",,,QBJ,QBJ,DEXCOM G6 CONTINUOUS GLUCOSE MONITORING SYSTEM,CONTINUOUS GLUCOSE MONITOR,K0553,Ther cgm supply allowance,cgm_supply,medium
3004753838-2020-038856,Malfunction,2020-04-05,2020-04-27,"DEXCOM, INC.",,,QBJ,QBJ,DEXCOM G6 CONTINUOUS GLUCOSE MONITORING SYSTEM,CONTINUOUS GLUCOSE MONITOR,K0554,Ther cgm receiver/monitor,cgm_receiver,medium
3004753838-2020-038857,Malfunction,2020-04-13,2020-04-28,"DEXCOM, INC.",,,QBJ,QBJ,DEXCOM G6 CONTINUOUS GLUCOSE MONITORING SYSTEM,CONTINUOUS GLUCOSE MONITOR,K0553,Ther cgm supply allowance,cgm_supply,medium
3004753838-2020-038857,Malfunction,2020-04-13,2020-04-28,"DEXCOM, INC.",,,QBJ,QBJ,DEXCOM G6 CONTINUOUS GLUCOSE MONITORING SYSTEM,CONTINUOUS GLUCOSE MONITOR,K0554,Ther cgm receiver/monitor,cgm_receiver,medium
3004753838-2020-038858,Malfunction,2020-04-11,2020-04-28,"DEXCOM, INC.",,,QBJ,QBJ,DEXCOM G6 CONTINUOUS GLUCOSE MONITORING SYSTEM,CONTINUOUS GLUCOSE MONITOR,K0553,Ther cgm supply allowance,cgm_supply,medium
3004753838-2020-038858,Malfunction,2020-04-11,2020-04-28,"DEXCOM, INC.",,,QBJ,QBJ,DEXCOM G6 CONTINUOUS GLUCOSE MONITORING SYSTEM,CONTINUOUS GLUCOSE MONITOR,K0554,Ther cgm receiver/monitor,cgm_receiver,medium
3004753838-2020-038859,Malfunction,2020-04-13,2020-04-28,"DEXCOM, INC.",,,QBJ,QBJ,DEXCOM G6 CONTINUOUS GLUCOSE MONITORING SYSTEM,CONTINUOUS GLUCOSE MONITOR,K0553,Ther cgm supply allowance,cgm_supply,medium
3004753838-2020-038859,Malfunction,2020-04-13,2020-04-28,"DEXCOM, INC.",,,QBJ,QBJ,DEXCOM G6 CONTINUOUS GLUCOSE MONITORING SYSTEM,CONTINUOUS GLUCOSE MONITOR,K0554,Ther cgm receiver/monitor,cgm_receiver,medium
3004753838-2020-038860,Malfunction,2020-02-20,2020-04-27,"DEXCOM, INC.",,,QBJ,QBJ,DEXCOM G6 CONTINUOUS GLUCOSE MONITORING SYSTEM,CONTINUOUS GLUCOSE MONITOR,K0553,Ther cgm supply allowance,cgm_supply,medium
3004753838-2020-038860,Malfunction,2020-02-20,2020-04-27,"DEXCOM, INC.",,,QBJ,QBJ,DEXCOM G6 CONTINUOUS GLUCOSE MONITORING SYSTEM,CONTINUOUS GLUCOSE MONITOR,K0554,Ther cgm receiver/monitor,cgm_receiver,medium
3004753838-2020-038861,Injury,2020-04-15,2020-04-27,"DEXCOM, INC.",,,QBJ,QBJ,DEXCOM G6 CONTINUOUS GLUCOSE MONITORING SYSTEM,CONTINUOUS GLUCOSE MONITOR,K0553,Ther cgm supply allowance,cgm_supply,medium
3004753838-2020-038861,Injury,2020-04-15,2020-04-27,"DEXCOM, INC.",,,QBJ,QBJ,DEXCOM G6 CONTINUOUS GLUCOSE MONITORING SYSTEM,CONTINUOUS GLUCOSE MONITOR,K0554,Ther cgm receiver/monitor,cgm_receiver,medium
3004753838-2020-038863,Malfunction,2020-03-29,2020-04-27,"DEXCOM, INC.",,,QBJ,QBJ,DEXCOM G6 CONTINUOUS GLUCOSE MONITORING SYSTEM,CONTINUOUS GLUCOSE MONITOR,K0553,Ther cgm supply allowance,cgm_supply,medium
3004753838-2020-038863,Malfunction,2020-03-29,2020-04-27,"DEXCOM, INC.",,,QBJ,QBJ,DEXCOM G6 CONTINUOUS GLUCOSE MONITORING SYSTEM,CONTINUOUS GLUCOSE MONITOR,K0554,Ther cgm receiver/monitor,cgm_receiver,medium
3004753838-2020-038864,Malfunction,2020-04-14,2020-04-28,"DEXCOM, INC.",,,QBJ,QBJ,DEXCOM G6 CONTINUOUS GLUCOSE MONITORING SYSTEM,CONTINUOUS GLUCOSE MONITOR,K0553,Ther cgm supply allowance,cgm_supply,medium
3004753838-2020-038864,Malfunction,2020-04-14,2020-04-28,"DEXCOM, INC.",,,QBJ,QBJ,DEXCOM G6 CONTINUOUS GLUCOSE MONITORING SYSTEM,CONTINUOUS GLUCOSE MONITOR,K0554,Ther cgm receiver/monitor,cgm_receiver,medium
3004753838-2020-038865,Malfunction,2020-04-07,2020-04-27,"DEXCOM, INC.",,,QBJ,QBJ,DEXCOM G6 CONTINUOUS GLUCOSE MONITORING SYSTEM,CONTINUOUS GLUCOSE MONITOR,K0553,Ther cgm supply allowance,cgm_supply,medium
3004753838-2020-038865,Malfunction,2020-04-07,2020-04-27,"DEXCOM, INC.",,,QBJ,QBJ,DEXCOM G6 CONTINUOUS GLUCOSE MONITORING SYSTEM,CONTINUOUS GLUCOSE MONITOR,K0554,Ther cgm receiver/monitor,cgm_receiver,medium
3004753838-2020-038866,Malfunction,2020-04-04,2020-04-27,"DEXCOM, INC.",,,QBJ,QBJ,DEXCOM G6 CONTINUOUS GLUCOSE MONITORING SYSTEM,CONTINUOUS GLUCOSE MONITOR,K0553,Ther cgm supply allowance,cgm_supply,medium
3004753838-2020-038866,Malfunction,2020-04-04,2020-04-27,"DEXCOM, INC.",,,QBJ,QBJ,DEXCOM G6 CONTINUOUS GLUCOSE MONITORING SYSTEM,CONTINUOUS GLUCOSE MONITOR,K0554,Ther cgm receiver/monitor,cgm_receiver,medium
3004753838-2020-038867,Malfunction,2020-04-14,2020-04-28,"DEXCOM, INC.",,,QBJ,QBJ,DEXCOM G6 CONTINUOUS GLUCOSE MONITORING SYSTEM,CONTINUOUS GLUCOSE MONITOR,K0553,Ther cgm supply allowance,cgm_supply,medium
3004753838-2020-038867,Malfunction,2020-04-14,2020-04-28,"DEXCOM, INC.",,,QBJ,QBJ,DEXCOM G6 CONTINUOUS GLUCOSE MONITORING SYSTEM,CONTINUOUS GLUCOSE MONITOR,K0554,Ther cgm receiver/monitor,cgm_receiver,medium
3004753838-2020-038872,Malfunction,2020-04-13,2020-04-28,"DEXCOM, INC.",,,QBJ,QBJ,DEXCOM G6 CONTINUOUS GLUCOSE MONITORING SYSTEM,CONTINUOUS GLUCOSE MONITOR,K0553,Ther cgm supply allowance,cgm_supply,medium
3004753838-2020-038872,Malfunction,2020-04-13,2020-04-28,"DEXCOM, INC.",,,QBJ,QBJ,DEXCOM G6 CONTINUOUS GLUCOSE MONITORING SYSTEM,CONTINUOUS GLUCOSE MONITOR,K0554,Ther cgm receiver/monitor,cgm_receiver,medium
3004753838-2020-038873,Malfunction,2020-03-31,2020-04-27,"DEXCOM, INC.",,,QBJ,QBJ,DEXCOM G6 CONTINUOUS GLUCOSE MONITORING SYSTEM,CONTINUOUS GLUCOSE MONITOR,K0553,Ther cgm supply allowance,cgm_supply,medium
3004753838-2020-038873,Malfunction,2020-03-31,2020-04-27,"DEXCOM, INC.",,,QBJ,QBJ,DEXCOM G6 CONTINUOUS GLUCOSE MONITORING SYSTEM,CONTINUOUS GLUCOSE MONITOR,K0554,Ther cgm receiver/monitor,cgm_receiver,medium
3004753838-2020-038875,Malfunction,2020-03-26,2020-04-28,"DEXCOM, INC.",,,QBJ,QBJ,DEXCOM G6 CONTINUOUS GLUCOSE MONITORING SYSTEM,CONTINUOUS GLUCOSE MONITOR,K0553,Ther cgm supply allowance,cgm_supply,medium
3004753838-2020-038875,Malfunction,2020-03-26,2020-04-28,"DEXCOM, INC.",,,QBJ,QBJ,DEXCOM G6 CONTINUOUS GLUCOSE MONITORING SYSTEM,CONTINUOUS GLUCOSE MONITOR,K0554,Ther cgm receiver/monitor,cgm_receiver,medium
3004753838-2020-038876,Malfunction,2020-04-01,2020-04-27,"DEXCOM, INC.",,,QBJ,QBJ,DEXCOM G6 CONTINUOUS GLUCOSE MONITORING SYSTEM,CONTINUOUS GLUCOSE MONITOR,K0553,Ther cgm supply allowance,cgm_supply,medium
3004753838-2020-038876,Malfunction,2020-04-01,2020-04-27,"DEXCOM, INC.",,,QBJ,QBJ,DEXCOM G6 CONTINUOUS GLUCOSE MONITORING SYSTEM,CONTINUOUS GLUCOSE MONITOR,K0554,Ther cgm receiver/monitor,cgm_receiver,medium
3004753838-2020-038877,Malfunction,2020-04-07,2020-04-27,"DEXCOM, INC.",,,QBJ,QBJ,DEXCOM G6 CONTINUOUS GLUCOSE MONITORING SYSTEM,CONTINUOUS GLUCOSE MONITOR,K0553,Ther cgm supply allowance,cgm_supply,medium
3004753838-2020-038877,Malfunction,2020-04-07,2020-04-27,"DEXCOM, INC.",,,QBJ,QBJ,DEXCOM G6 CONTINUOUS GLUCOSE MONITORING SYSTEM,CONTINUOUS GLUCOSE MONITOR,K0554,Ther cgm receiver/monitor,cgm_receiver,medium
3004753838-2020-038878,Malfunction,2020-04-14,2020-04-28,"DEXCOM, INC.",,,QBJ,QBJ,DEXCOM G6 CONTINUOUS GLUCOSE MONITORING SYSTEM,CONTINUOUS GLUCOSE MONITOR,K0553,Ther cgm supply allowance,cgm_supply,medium
3004753838-2020-038878,Malfunction,2020-04-14,2020-04-28,"DEXCOM, INC.",,,QBJ,QBJ,DEXCOM G6 CONTINUOUS GLUCOSE MONITORING SYSTEM,CONTINUOUS GLUCOSE MONITOR,K0554,Ther cgm receiver/monitor,cgm_receiver,medium
3004753838-2020-038880,Malfunction,2020-04-18,2020-04-27,"DEXCOM, INC.",,,QBJ,QBJ,DEXCOM G6 CONTINUOUS GLUCOSE MONITORING SYSTEM,CONTINUOUS GLUCOSE MONITOR,K0553,Ther cgm supply allowance,cgm_supply,medium
3004753838-2020-038880,Malfunction,2020-04-18,2020-04-27,"DEXCOM, INC.",,,QBJ,QBJ,DEXCOM G6 CONTINUOUS GLUCOSE MONITORING SYSTEM,CONTINUOUS GLUCOSE MONITOR,K0554,Ther cgm receiver/monitor,cgm_receiver,medium
3004753838-2020-038882,Malfunction,2020-04-04,2020-04-28,"DEXCOM, INC.",,,QBJ,QBJ,DEXCOM G6 CONTINUOUS GLUCOSE MONITORING SYSTEM,CONTINUOUS GLUCOSE MONITOR,K0553,Ther cgm supply allowance,cgm_supply,medium
3004753838-2020-038882,Malfunction,2020-04-04,2020-04-28,"DEXCOM, INC.",,,QBJ,QBJ,DEXCOM G6 CONTINUOUS GLUCOSE MONITORING SYSTEM,CONTINUOUS GLUCOSE MONITOR,K0554,Ther cgm receiver/monitor,cgm_receiver,medium
3004753838-2020-038884,Malfunction,2020-04-05,2020-04-27,"DEXCOM, INC.",,,QBJ,QBJ,DEXCOM G6 CONTINUOUS GLUCOSE MONITORING SYSTEM,CONTINUOUS GLUCOSE MONITOR,K0553,Ther cgm supply allowance,cgm_supply,medium
3004753838-2020-038884,Malfunction,2020-04-05,2020-04-27,"DEXCOM, INC.",,,QBJ,QBJ,DEXCOM G6 CONTINUOUS GLUCOSE MONITORING SYSTEM,CONTINUOUS GLUCOSE MONITOR,K0554,Ther cgm receiver/monitor,cgm_receiver,medium
3004753838-2020-038885,Malfunction,2020-03-09,2020-04-27,"DEXCOM, INC.",,,QBJ,QBJ,DEXCOM G6 CONTINUOUS GLUCOSE MONITORING SYSTEM,CONTINUOUS GLUCOSE MONITOR,K0553,Ther cgm supply allowance,cgm_supply,medium
3004753838-2020-038885,Malfunction,2020-03-09,2020-04-27,"DEXCOM, INC.",,,QBJ,QBJ,DEXCOM G6 CONTINUOUS GLUCOSE MONITORING SYSTEM,CONTINUOUS GLUCOSE MONITOR,K0554,Ther cgm receiver/monitor,cgm_receiver,medium
3004753838-2020-038886,Malfunction,2020-03-29,2020-04-27,"DEXCOM, INC.",,,QBJ,QBJ,DEXCOM G6 CONTINUOUS GLUCOSE MONITORING SYSTEM,CONTINUOUS GLUCOSE MONITOR,K0553,Ther cgm supply allowance,cgm_supply,medium
3004753838-2020-038886,Malfunction,2020-03-29,2020-04-27,"DEXCOM, INC.",,,QBJ,QBJ,DEXCOM G6 CONTINUOUS GLUCOSE MONITORING SYSTEM,CONTINUOUS GLUCOSE MONITOR,K0554,Ther cgm receiver/monitor,cgm_receiver,medium
3004753838-2020-038887,Malfunction,2020-04-05,2020-04-27,"DEXCOM, INC.",,,QBJ,QBJ,DEXCOM G6 CONTINUOUS GLUCOSE MONITORING SYSTEM,CONTINUOUS GLUCOSE MONITOR,K0553,Ther cgm supply allowance,cgm_supply,medium
3004753838-2020-038887,Malfunction,2020-04-05,2020-04-27,"DEXCOM, INC.",,,QBJ,QBJ,DEXCOM G6 CONTINUOUS GLUCOSE MONITORING SYSTEM,CONTINUOUS GLUCOSE MONITOR,K0554,Ther cgm receiver/monitor,cgm_receiver,medium
3004753838-2020-038888,Malfunction,2020-03-31,2020-04-27,"DEXCOM, INC.",,,QBJ,QBJ,DEXCOM G6 CONTINUOUS GLUCOSE MONITORING SYSTEM,CONTINUOUS GLUCOSE MONITOR,K0553,Ther cgm supply allowance,cgm_supply,medium
3004753838-2020-038888,Malfunction,2020-03-31,2020-04-27,"DEXCOM, INC.",,,QBJ,QBJ,DEXCOM G6 CONTINUOUS GLUCOSE MONITORING SYSTEM,CONTINUOUS GLUCOSE MONITOR,K0554,Ther cgm receiver/monitor,cgm_receiver,medium
3004753838-2020-038890,Malfunction,2020-04-14,2020-04-28,"DEXCOM, INC.",,,QBJ,QBJ,DEXCOM G6 CONTINUOUS GLUCOSE MONITORING SYSTEM,CONTINUOUS GLUCOSE MONITOR,K0553,Ther cgm supply allowance,cgm_supply,medium
3004753838-2020-038890,Malfunction,2020-04-14,2020-04-28,"DEXCOM, INC.",,,QBJ,QBJ,DEXCOM G6 CONTINUOUS GLUCOSE MONITORING SYSTEM,CONTINUOUS GLUCOSE MONITOR,K0554,Ther cgm receiver/monitor,cgm_receiver,medium
3004753838-2020-038891,Malfunction,2020-03-12,2020-04-27,"DEXCOM, INC.",,,QBJ,QBJ,DEXCOM G6 CONTINUOUS GLUCOSE MONITORING SYSTEM,CONTINUOUS GLUCOSE MONITOR,K0553,Ther cgm supply allowance,cgm_supply,medium
3004753838-2020-038891,Malfunction,2020-03-12,2020-04-27,"DEXCOM, INC.",,,QBJ,QBJ,DEXCOM G6 CONTINUOUS GLUCOSE MONITORING SYSTEM,CONTINUOUS GLUCOSE MONITOR,K0554,Ther cgm receiver/monitor,cgm_receiver,medium
3004753838-2020-038892,Malfunction,2020-04-05,2020-04-27,"DEXCOM, INC.",,,QBJ,QBJ,DEXCOM G6 CONTINUOUS GLUCOSE MONITORING SYSTEM,CONTINUOUS GLUCOSE MONITOR,K0553,Ther cgm supply allowance,cgm_supply,medium
3004753838-2020-038892,Malfunction,2020-04-05,2020-04-27,"DEXCOM, INC.",,,QBJ,QBJ,DEXCOM G6 CONTINUOUS GLUCOSE MONITORING SYSTEM,CONTINUOUS GLUCOSE MONITOR,K0554,Ther cgm receiver/monitor,cgm_receiver,medium
3004753838-2020-038893,Malfunction,2020-04-20,2020-04-27,"DEXCOM, INC.",,,QBJ,QBJ,DEXCOM G6 CONTINUOUS GLUCOSE MONITORING SYSTEM,CONTINUOUS GLUCOSE MONITOR,K0553,Ther cgm supply allowance,cgm_supply,medium
3004753838-2020-038893,Malfunction,2020-04-20,2020-04-27,"DEXCOM, INC.",,,QBJ,QBJ,DEXCOM G6 CONTINUOUS GLUCOSE MONITORING SYSTEM,CONTINUOUS GLUCOSE MONITOR,K0554,Ther cgm receiver/monitor,cgm_receiver,medium
3004753838-2020-038894,Malfunction,2020-04-07,2020-04-27,"DEXCOM, INC.",,,QBJ,QBJ,DEXCOM G6 CONTINUOUS GLUCOSE MONITORING SYSTEM,CONTINUOUS GLUCOSE MONITOR,K0553,Ther cgm supply allowance,cgm_supply,medium
3004753838-2020-038894,Malfunction,2020-04-07,2020-04-27,"DEXCOM, INC.",,,QBJ,QBJ,DEXCOM G6 CONTINUOUS GLUCOSE MONITORING SYSTEM,CONTINUOUS GLUCOSE MONITOR,K0554,Ther cgm receiver/monitor,cgm_receiver,medium
3004753838-2020-038896,Malfunction,2020-04-07,2020-04-28,"DEXCOM, INC.",,,QBJ,QBJ,DEXCOM G6 CONTINUOUS GLUCOSE MONITORING SYSTEM,CONTINUOUS GLUCOSE MONITOR,K0553,Ther cgm supply allowance,cgm_supply,medium
3004753838-2020-038896,Malfunction,2020-04-07,2020-04-28,"DEXCOM, INC.",,,QBJ,QBJ,DEXCOM G6 CONTINUOUS GLUCOSE MONITORING SYSTEM,CONTINUOUS GLUCOSE MONITOR,K0554,Ther cgm receiver/monitor,cgm_receiver,medium
3004753838-2020-038897,Malfunction,2020-04-07,2020-04-27,"DEXCOM, INC.",,,QBJ,QBJ,DEXCOM G6 CONTINUOUS GLUCOSE MONITORING SYSTEM,CONTINUOUS GLUCOSE MONITOR,K0553,Ther cgm supply allowance,cgm_supply,medium
3004753838-2020-038897,Malfunction,2020-04-07,2020-04-27,"DEXCOM, INC.",,,QBJ,QBJ,DEXCOM G6 CONTINUOUS GLUCOSE MONITORING SYSTEM,CONTINUOUS GLUCOSE MONITOR,K0554,Ther cgm receiver/monitor,cgm_receiver,medium
3004753838-2020-038899,Malfunction,2020-03-31,2020-04-27,"DEXCOM, INC.",,,QBJ,QBJ,DEXCOM G6 CONTINUOUS GLUCOSE MONITORING SYSTEM,CONTINUOUS GLUCOSE MONITOR,K0553,Ther cgm supply allowance,cgm_supply,medium
3004753838-2020-038899,Malfunction,2020-03-31,2020-04-27,"DEXCOM, INC.",,,QBJ,QBJ,DEXCOM G6 CONTINUOUS GLUCOSE MONITORING SYSTEM,CONTINUOUS GLUCOSE MONITOR,K0554,Ther cgm receiver/monitor,cgm_receiver,medium
3004753838-2020-038900,Malfunction,2020-04-02,2020-04-27,"DEXCOM, INC.",,,QBJ,QBJ,DEXCOM G6 CONTINUOUS GLUCOSE MONITORING SYSTEM,CONTINUOUS GLUCOSE MONITOR,K0553,Ther cgm supply allowance,cgm_supply,medium
3004753838-2020-038900,Malfunction,2020-04-02,2020-04-27,"DEXCOM, INC.",,,QBJ,QBJ,DEXCOM G6 CONTINUOUS GLUCOSE MONITORING SYSTEM,CONTINUOUS GLUCOSE MONITOR,K0554,Ther cgm receiver/monitor,cgm_receiver,medium
3004753838-2020-038902,Malfunction,2020-03-22,2020-04-27,"DEXCOM, INC.",,,QBJ,QBJ,DEXCOM G6 CONTINUOUS GLUCOSE MONITORING SYSTEM,CONTINUOUS GLUCOSE MONITOR,K0553,Ther cgm supply allowance,cgm_supply,medium
3004753838-2020-038902,Malfunction,2020-03-22,2020-04-27,"DEXCOM, INC.",,,QBJ,QBJ,DEXCOM G6 CONTINUOUS GLUCOSE MONITORING SYSTEM,CONTINUOUS GLUCOSE MONITOR,K0554,Ther cgm receiver/monitor,cgm_receiver,medium
3004753838-2020-038903,Malfunction,2020-04-02,2020-04-27,"DEXCOM, INC.",,,QBJ,QBJ,DEXCOM G6 CONTINUOUS GLUCOSE MONITORING SYSTEM,CONTINUOUS GLUCOSE MONITOR,K0553,Ther cgm supply allowance,cgm_supply,medium
3004753838-2020-038903,Malfunction,2020-04-02,2020-04-27,"DEXCOM, INC.",,,QBJ,QBJ,DEXCOM G6 CONTINUOUS GLUCOSE MONITORING SYSTEM,CONTINUOUS GLUCOSE MONITOR,K0554,Ther cgm receiver/monitor,cgm_receiver,medium
3004753838-2020-038904,Malfunction,2020-04-14,2020-04-28,"DEXCOM, INC.",,,QBJ,QBJ,DEXCOM G6 CONTINUOUS GLUCOSE MONITORING SYSTEM,CONTINUOUS GLUCOSE MONITOR,K0553,Ther cgm supply allowance,cgm_supply,medium
3004753838-2020-038904,Malfunction,2020-04-14,2020-04-28,"DEXCOM, INC.",,,QBJ,QBJ,DEXCOM G6 CONTINUOUS GLUCOSE MONITORING SYSTEM,CONTINUOUS GLUCOSE MONITOR,K0554,Ther cgm receiver/monitor,cgm_receiver,medium
3004753838-2020-038905,Malfunction,2020-04-01,2020-04-27,"DEXCOM, INC.",,,QBJ,QBJ,DEXCOM G6 CONTINUOUS GLUCOSE MONITORING SYSTEM,CONTINUOUS GLUCOSE MONITOR,K0553,Ther cgm supply allowance,cgm_supply,medium
3004753838-2020-038905,Malfunction,2020-04-01,2020-04-27,"DEXCOM, INC.",,,QBJ,QBJ,DEXCOM G6 CONTINUOUS GLUCOSE MONITORING SYSTEM,CONTINUOUS GLUCOSE MONITOR,K0554,Ther cgm receiver/monitor,cgm_receiver,medium
3004753838-2020-038906,Malfunction,2020-03-30,2020-04-27,"DEXCOM, INC.",,,QBJ,QBJ,DEXCOM G6 CONTINUOUS GLUCOSE MONITORING SYSTEM,CONTINUOUS GLUCOSE MONITOR,K0553,Ther cgm supply allowance,cgm_supply,medium
3004753838-2020-038906,Malfunction,2020-03-30,2020-04-27,"DEXCOM, INC.",,,QBJ,QBJ,DEXCOM G6 CONTINUOUS GLUCOSE MONITORING SYSTEM,CONTINUOUS GLUCOSE MONITOR,K0554,Ther cgm receiver/monitor,cgm_receiver,medium
3004753838-2020-038907,Malfunction,2020-04-02,2020-04-27,"DEXCOM, INC.",,,QBJ,QBJ,DEXCOM G6 CONTINUOUS GLUCOSE MONITORING SYSTEM,CONTINUOUS GLUCOSE MONITOR,K0553,Ther cgm supply allowance,cgm_supply,medium
3004753838-2020-038907,Malfunction,2020-04-02,2020-04-27,"DEXCOM, INC.",,,QBJ,QBJ,DEXCOM G6 CONTINUOUS GLUCOSE MONITORING SYSTEM,CONTINUOUS GLUCOSE MONITOR,K0554,Ther cgm receiver/monitor,cgm_receiver,medium
3004753838-2020-038911,Malfunction,2020-04-08,2020-04-27,"DEXCOM, INC.",,,QBJ,QBJ,DEXCOM G6 CONTINUOUS GLUCOSE MONITORING SYSTEM,CONTINUOUS GLUCOSE MONITOR,K0553,Ther cgm supply allowance,cgm_supply,medium
3004753838-2020-038911,Malfunction,2020-04-08,2020-04-27,"DEXCOM, INC.",,,QBJ,QBJ,DEXCOM G6 CONTINUOUS GLUCOSE MONITORING SYSTEM,CONTINUOUS GLUCOSE MONITOR,K0554,Ther cgm receiver/monitor,cgm_receiver,medium
3004753838-2020-038914,Malfunction,2020-04-08,2020-04-27,"DEXCOM, INC.",,,QBJ,QBJ,DEXCOM G6 CONTINUOUS GLUCOSE MONITORING SYSTEM,CONTINUOUS GLUCOSE MONITOR,K0553,Ther cgm supply allowance,cgm_supply,medium
3004753838-2020-038914,Malfunction,2020-04-08,2020-04-27,"DEXCOM, INC.",,,QBJ,QBJ,DEXCOM G6 CONTINUOUS GLUCOSE MONITORING SYSTEM,CONTINUOUS GLUCOSE MONITOR,K0554,Ther cgm receiver/monitor,cgm_receiver,medium
3004753838-2020-038915,Malfunction,2020-04-20,2020-04-27,"DEXCOM, INC.",,,QBJ,QBJ,DEXCOM G6 CONTINUOUS GLUCOSE MONITORING SYSTEM,CONTINUOUS GLUCOSE MONITOR,K0553,Ther cgm supply allowance,cgm_supply,medium
3004753838-2020-038915,Malfunction,2020-04-20,2020-04-27,"DEXCOM, INC.",,,QBJ,QBJ,DEXCOM G6 CONTINUOUS GLUCOSE MONITORING SYSTEM,CONTINUOUS GLUCOSE MONITOR,K0554,Ther cgm receiver/monitor,cgm_receiver,medium
3004753838-2020-038916,Malfunction,2020-04-08,2020-04-27,"DEXCOM, INC.",,,QBJ,QBJ,DEXCOM G6 CONTINUOUS GLUCOSE MONITORING SYSTEM,CONTINUOUS GLUCOSE MONITOR,K0553,Ther cgm supply allowance,cgm_supply,medium
3004753838-2020-038916,Malfunction,2020-04-08,2020-04-27,"DEXCOM, INC.",,,QBJ,QBJ,DEXCOM G6 CONTINUOUS GLUCOSE MONITORING SYSTEM,CONTINUOUS GLUCOSE MONITOR,K0554,Ther cgm receiver/monitor,cgm_receiver,medium
3004753838-2020-038919,Malfunction,2020-04-04,2020-04-27,"DEXCOM, INC.",,,QBJ,QBJ,DEXCOM G6 CONTINUOUS GLUCOSE MONITORING SYSTEM,CONTINUOUS GLUCOSE MONITOR,K0553,Ther cgm supply allowance,cgm_supply,medium
3004753838-2020-038919,Malfunction,2020-04-04,2020-04-27,"DEXCOM, INC.",,,QBJ,QBJ,DEXCOM G6 CONTINUOUS GLUCOSE MONITORING SYSTEM,CONTINUOUS GLUCOSE MONITOR,K0554,Ther cgm receiver/monitor,cgm_receiver,medium
3004753838-2020-038920,Malfunction,2020-04-05,2020-04-27,"DEXCOM, INC.",,,QBJ,QBJ,DEXCOM G6 CONTINUOUS GLUCOSE MONITORING SYSTEM,CONTINUOUS GLUCOSE MONITOR,K0553,Ther cgm supply allowance,cgm_supply,medium
3004753838-2020-038920,Malfunction,2020-04-05,2020-04-27,"DEXCOM, INC.",,,QBJ,QBJ,DEXCOM G6 CONTINUOUS GLUCOSE MONITORING SYSTEM,CONTINUOUS GLUCOSE MONITOR,K0554,Ther cgm receiver/monitor,cgm_receiver,medium
3004753838-2020-038921,Malfunction,2020-04-06,2020-04-27,"DEXCOM, INC.",,,QBJ,QBJ,DEXCOM G6 CONTINUOUS GLUCOSE MONITORING SYSTEM,CONTINUOUS GLUCOSE MONITOR,K0553,Ther cgm supply allowance,cgm_supply,medium
3004753838-2020-038921,Malfunction,2020-04-06,2020-04-27,"DEXCOM, INC.",,,QBJ,QBJ,DEXCOM G6 CONTINUOUS GLUCOSE MONITORING SYSTEM,CONTINUOUS GLUCOSE MONITOR,K0554,Ther cgm receiver/monitor,cgm_receiver,medium
3004753838-2020-038923,Malfunction,2020-04-06,2020-04-27,"DEXCOM, INC.",,,QBJ,QBJ,DEXCOM G6 CONTINUOUS GLUCOSE MONITORING SYSTEM,CONTINUOUS GLUCOSE MONITOR,K0553,Ther cgm supply allowance,cgm_supply,medium
3004753838-2020-038923,Malfunction,2020-04-06,2020-04-27,"DEXCOM, INC.",,,QBJ,QBJ,DEXCOM G6 CONTINUOUS GLUCOSE MONITORING SYSTEM,CONTINUOUS GLUCOSE MONITOR,K0554,Ther cgm receiver/monitor,cgm_receiver,medium
3004753838-2020-038924,Malfunction,2020-04-05,2020-04-27,"DEXCOM, INC.",,,QBJ,QBJ,DEXCOM G6 CONTINUOUS GLUCOSE MONITORING SYSTEM,CONTINUOUS GLUCOSE MONITOR,K0553,Ther cgm supply allowance,cgm_supply,medium
3004753838-2020-038924,Malfunction,2020-04-05,2020-04-27,"DEXCOM, INC.",,,QBJ,QBJ,DEXCOM G6 CONTINUOUS GLUCOSE MONITORING SYSTEM,CONTINUOUS GLUCOSE MONITOR,K0554,Ther cgm receiver/monitor,cgm_receiver,medium
3004753838-2020-038925,Malfunction,2020-04-02,2020-04-27,"DEXCOM, INC.",,,QBJ,QBJ,DEXCOM G6 CONTINUOUS GLUCOSE MONITORING SYSTEM,CONTINUOUS GLUCOSE MONITOR,K0553,Ther cgm supply allowance,cgm_supply,medium
3004753838-2020-038925,Malfunction,2020-04-02,2020-04-27,"DEXCOM, INC.",,,QBJ,QBJ,DEXCOM G6 CONTINUOUS GLUCOSE MONITORING SYSTEM,CONTINUOUS GLUCOSE MONITOR,K0554,Ther cgm receiver/monitor,cgm_receiver,medium
3004753838-2020-038928,Malfunction,2020-04-14,2020-04-27,"DEXCOM, INC.",,,QBJ,QBJ,DEXCOM G6 CONTINUOUS GLUCOSE MONITORING SYSTEM,CONTINUOUS GLUCOSE MONITOR,K0553,Ther cgm supply allowance,cgm_supply,medium
3004753838-2020-038928,Malfunction,2020-04-14,2020-04-27,"DEXCOM, INC.",,,QBJ,QBJ,DEXCOM G6 CONTINUOUS GLUCOSE MONITORING SYSTEM,CONTINUOUS GLUCOSE MONITOR,K0554,Ther cgm receiver/monitor,cgm_receiver,medium
3004753838-2020-038929,Malfunction,2020-04-02,2020-04-27,"DEXCOM, INC.",,,QBJ,QBJ,DEXCOM G6 CONTINUOUS GLUCOSE MONITORING SYSTEM,CONTINUOUS GLUCOSE MONITOR,K0553,Ther cgm supply allowance,cgm_supply,medium
3004753838-2020-038929,Malfunction,2020-04-02,2020-04-27,"DEXCOM, INC.",,,QBJ,QBJ,DEXCOM G6 CONTINUOUS GLUCOSE MONITORING SYSTEM,CONTINUOUS GLUCOSE MONITOR,K0554,Ther cgm receiver/monitor,cgm_receiver,medium
3004753838-2020-038931,Malfunction,2020-03-30,2020-04-27,"DEXCOM, INC.",,,QBJ,QBJ,DEXCOM G6 CONTINUOUS GLUCOSE MONITORING SYSTEM,CONTINUOUS GLUCOSE MONITOR,K0553,Ther cgm supply allowance,cgm_supply,medium
3004753838-2020-038931,Malfunction,2020-03-30,2020-04-27,"DEXCOM, INC.",,,QBJ,QBJ,DEXCOM G6 CONTINUOUS GLUCOSE MONITORING SYSTEM,CONTINUOUS GLUCOSE MONITOR,K0554,Ther cgm receiver/monitor,cgm_receiver,medium
3004753838-2020-038932,Malfunction,2020-04-03,2020-04-27,"DEXCOM, INC.",,,QBJ,QBJ,DEXCOM G6 CONTINUOUS GLUCOSE MONITORING SYSTEM,CONTINUOUS GLUCOSE MONITOR,K0553,Ther cgm supply allowance,cgm_supply,medium
3004753838-2020-038932,Malfunction,2020-04-03,2020-04-27,"DEXCOM, INC.",,,QBJ,QBJ,DEXCOM G6 CONTINUOUS GLUCOSE MONITORING SYSTEM,CONTINUOUS GLUCOSE MONITOR,K0554,Ther cgm receiver/monitor,cgm_receiver,medium
3004753838-2020-038933,Malfunction,2020-03-20,2020-04-27,"DEXCOM, INC.",,,QBJ,QBJ,DEXCOM G6 CONTINUOUS GLUCOSE MONITORING SYSTEM,CONTINUOUS GLUCOSE MONITOR,K0553,Ther cgm supply allowance,cgm_supply,medium
3004753838-2020-038933,Malfunction,2020-03-20,2020-04-27,"DEXCOM, INC.",,,QBJ,QBJ,DEXCOM G6 CONTINUOUS GLUCOSE MONITORING SYSTEM,CONTINUOUS GLUCOSE MONITOR,K0554,Ther cgm receiver/monitor,cgm_receiver,medium
3004753838-2020-038934,Malfunction,2020-04-08,2020-04-27,"DEXCOM, INC.",,,QBJ,QBJ,DEXCOM G6 CONTINUOUS GLUCOSE MONITORING SYSTEM,CONTINUOUS GLUCOSE MONITOR,K0553,Ther cgm supply allowance,cgm_supply,medium
3004753838-2020-038934,Malfunction,2020-04-08,2020-04-27,"DEXCOM, INC.",,,QBJ,QBJ,DEXCOM G6 CONTINUOUS GLUCOSE MONITORING SYSTEM,CONTINUOUS GLUCOSE MONITOR,K0554,Ther cgm receiver/monitor,cgm_receiver,medium
3004753838-2020-038935,Malfunction,2020-04-04,2020-04-27,"DEXCOM, INC.",,,QBJ,QBJ,DEXCOM G6 CONTINUOUS GLUCOSE MONITORING SYSTEM,CONTINUOUS GLUCOSE MONITOR,K0553,Ther cgm supply allowance,cgm_supply,medium
3004753838-2020-038935,Malfunction,2020-04-04,2020-04-27,"DEXCOM, INC.",,,QBJ,QBJ,DEXCOM G6 CONTINUOUS GLUCOSE MONITORING SYSTEM,CONTINUOUS GLUCOSE MONITOR,K0554,Ther cgm receiver/monitor,cgm_receiver,medium
3004753838-2020-038939,Malfunction,2020-04-03,2020-04-27,"DEXCOM, INC.",,,QBJ,QBJ,DEXCOM G6 CONTINUOUS GLUCOSE MONITORING SYSTEM,CONTINUOUS GLUCOSE MONITOR,K0553,Ther cgm supply allowance,cgm_supply,medium
3004753838-2020-038939,Malfunction,2020-04-03,2020-04-27,"DEXCOM, INC.",,,QBJ,QBJ,DEXCOM G6 CONTINUOUS GLUCOSE MONITORING SYSTEM,CONTINUOUS GLUCOSE MONITOR,K0554,Ther cgm receiver/monitor,cgm_receiver,medium
3004753838-2020-038940,Malfunction,2020-04-08,2020-04-27,"DEXCOM, INC.",,,QBJ,QBJ,DEXCOM G6 CONTINUOUS GLUCOSE MONITORING SYSTEM,CONTINUOUS GLUCOSE MONITOR,K0553,Ther cgm supply allowance,cgm_supply,medium
3004753838-2020-038940,Malfunction,2020-04-08,2020-04-27,"DEXCOM, INC.",,,QBJ,QBJ,DEXCOM G6 CONTINUOUS GLUCOSE MONITORING SYSTEM,CONTINUOUS GLUCOSE MONITOR,K0554,Ther cgm receiver/monitor,cgm_receiver,medium
3004753838-2020-038942,Malfunction,2020-04-03,2020-04-27,"DEXCOM, INC.",,,QBJ,QBJ,DEXCOM G6 CONTINUOUS GLUCOSE MONITORING SYSTEM,CONTINUOUS GLUCOSE MONITOR,K0553,Ther cgm supply allowance,cgm_supply,medium
3004753838-2020-038942,Malfunction,2020-04-03,2020-04-27,"DEXCOM, INC.",,,QBJ,QBJ,DEXCOM G6 CONTINUOUS GLUCOSE MONITORING SYSTEM,CONTINUOUS GLUCOSE MONITOR,K0554,Ther cgm receiver/monitor,cgm_receiver,medium
3004753838-2020-038944,Malfunction,2020-04-10,2020-04-28,"DEXCOM, INC.",,,QBJ,QBJ,DEXCOM G6 CONTINUOUS GLUCOSE MONITORING SYSTEM,CONTINUOUS GLUCOSE MONITOR,K0553,Ther cgm supply allowance,cgm_supply,medium
3004753838-2020-038944,Malfunction,2020-04-10,2020-04-28,"DEXCOM, INC.",,,QBJ,QBJ,DEXCOM G6 CONTINUOUS GLUCOSE MONITORING SYSTEM,CONTINUOUS GLUCOSE MONITOR,K0554,Ther cgm receiver/monitor,cgm_receiver,medium
3004753838-2020-038945,Malfunction,2020-03-31,2020-04-27,"DEXCOM, INC.",,,QBJ,QBJ,DEXCOM G6 CONTINUOUS GLUCOSE MONITORING SYSTEM,CONTINUOUS GLUCOSE MONITOR,K0553,Ther cgm supply allowance,cgm_supply,medium
3004753838-2020-038945,Malfunction,2020-03-31,2020-04-27,"DEXCOM, INC.",,,QBJ,QBJ,DEXCOM G6 CONTINUOUS GLUCOSE MONITORING SYSTEM,CONTINUOUS GLUCOSE MONITOR,K0554,Ther cgm receiver/monitor,cgm_receiver,medium
3004753838-2020-038946,Malfunction,2020-04-08,2020-04-27,"DEXCOM, INC.",,,QBJ,QBJ,DEXCOM G6 CONTINUOUS GLUCOSE MONITORING SYSTEM,CONTINUOUS GLUCOSE MONITOR,K0553,Ther cgm supply allowance,cgm_supply,medium
3004753838-2020-038946,Malfunction,2020-04-08,2020-04-27,"DEXCOM, INC.",,,QBJ,QBJ,DEXCOM G6 CONTINUOUS GLUCOSE MONITORING SYSTEM,CONTINUOUS GLUCOSE MONITOR,K0554,Ther cgm receiver/monitor,cgm_receiver,medium
3004753838-2020-038948,Malfunction,2020-04-10,2020-04-28,"DEXCOM, INC.",,,QBJ,QBJ,DEXCOM G6 CONTINUOUS GLUCOSE MONITORING SYSTEM,CONTINUOUS GLUCOSE MONITOR,K0553,Ther cgm supply allowance,cgm_supply,medium
3004753838-2020-038948,Malfunction,2020-04-10,2020-04-28,"DEXCOM, INC.",,,QBJ,QBJ,DEXCOM G6 CONTINUOUS GLUCOSE MONITORING SYSTEM,CONTINUOUS GLUCOSE MONITOR,K0554,Ther cgm receiver/monitor,cgm_receiver,medium
3004753838-2020-038949,Malfunction,2020-04-03,2020-04-27,"DEXCOM, INC.",,,QBJ,QBJ,DEXCOM G6 CONTINUOUS GLUCOSE MONITORING SYSTEM,CONTINUOUS GLUCOSE MONITOR,K0553,Ther cgm supply allowance,cgm_supply,medium
3004753838-2020-038949,Malfunction,2020-04-03,2020-04-27,"DEXCOM, INC.",,,QBJ,QBJ,DEXCOM G6 CONTINUOUS GLUCOSE MONITORING SYSTEM,CONTINUOUS GLUCOSE MONITOR,K0554,Ther cgm receiver/monitor,cgm_receiver,medium
3004753838-2020-038950,Malfunction,2020-04-12,2020-04-28,"DEXCOM, INC.",,,QBJ,QBJ,DEXCOM G6 CONTINUOUS GLUCOSE MONITORING SYSTEM,CONTINUOUS GLUCOSE MONITOR,K0553,Ther cgm supply allowance,cgm_supply,medium
3004753838-2020-038950,Malfunction,2020-04-12,2020-04-28,"DEXCOM, INC.",,,QBJ,QBJ,DEXCOM G6 CONTINUOUS GLUCOSE MONITORING SYSTEM,CONTINUOUS GLUCOSE MONITOR,K0554,Ther cgm receiver/monitor,cgm_receiver,medium
3004753838-2020-038952,Malfunction,2020-04-08,2020-04-27,"DEXCOM, INC.",,,QBJ,QBJ,DEXCOM G6 CONTINUOUS GLUCOSE MONITORING SYSTEM,CONTINUOUS GLUCOSE MONITOR,K0553,Ther cgm supply allowance,cgm_supply,medium
3004753838-2020-038952,Malfunction,2020-04-08,2020-04-27,"DEXCOM, INC.",,,QBJ,QBJ,DEXCOM G6 CONTINUOUS GLUCOSE MONITORING SYSTEM,CONTINUOUS GLUCOSE MONITOR,K0554,Ther cgm receiver/monitor,cgm_receiver,medium
3004753838-2020-038954,Malfunction,2020-04-11,2020-04-28,"DEXCOM, INC.",,,QBJ,QBJ,DEXCOM G6 CONTINUOUS GLUCOSE MONITORING SYSTEM,CONTINUOUS GLUCOSE MONITOR,K0553,Ther cgm supply allowance,cgm_supply,medium
3004753838-2020-038954,Malfunction,2020-04-11,2020-04-28,"DEXCOM, INC.",,,QBJ,QBJ,DEXCOM G6 CONTINUOUS GLUCOSE MONITORING SYSTEM,CONTINUOUS GLUCOSE MONITOR,K0554,Ther cgm receiver/monitor,cgm_receiver,medium
3004753838-2020-038955,Malfunction,2020-04-05,2020-04-27,"DEXCOM, INC.",,,QBJ,QBJ,DEXCOM G6 CONTINUOUS GLUCOSE MONITORING SYSTEM,CONTINUOUS GLUCOSE MONITOR,K0553,Ther cgm supply allowance,cgm_supply,medium
3004753838-2020-038955,Malfunction,2020-04-05,2020-04-27,"DEXCOM, INC.",,,QBJ,QBJ,DEXCOM G6 CONTINUOUS GLUCOSE MONITORING SYSTEM,CONTINUOUS GLUCOSE MONITOR,K0554,Ther cgm receiver/monitor,cgm_receiver,medium
3004753838-2020-038957,Malfunction,2020-04-08,2020-04-27,"DEXCOM, INC.",,,QBJ,QBJ,DEXCOM G6 CONTINUOUS GLUCOSE MONITORING SYSTEM,CONTINUOUS GLUCOSE MONITOR,K0553,Ther cgm supply allowance,cgm_supply,medium
3004753838-2020-038957,Malfunction,2020-04-08,2020-04-27,"DEXCOM, INC.",,,QBJ,QBJ,DEXCOM G6 CONTINUOUS GLUCOSE MONITORING SYSTEM,CONTINUOUS GLUCOSE MONITOR,K0554,Ther cgm receiver/monitor,cgm_receiver,medium
3004753838-2020-038958,Malfunction,2020-04-13,2020-04-28,"DEXCOM, INC.",,,QBJ,QBJ,DEXCOM G6 CONTINUOUS GLUCOSE MONITORING SYSTEM,CONTINUOUS GLUCOSE MONITOR,K0553,Ther cgm supply allowance,cgm_supply,medium
3004753838-2020-038958,Malfunction,2020-04-13,2020-04-28,"DEXCOM, INC.",,,QBJ,QBJ,DEXCOM G6 CONTINUOUS GLUCOSE MONITORING SYSTEM,CONTINUOUS GLUCOSE MONITOR,K0554,Ther cgm receiver/monitor,cgm_receiver,medium
3004753838-2020-038959,Malfunction,2020-04-13,2020-04-28,"DEXCOM, INC.",,,QBJ,QBJ,DEXCOM G6 CONTINUOUS GLUCOSE MONITORING SYSTEM,CONTINUOUS GLUCOSE MONITOR,K0553,Ther cgm supply allowance,cgm_supply,medium
3004753838-2020-038959,Malfunction,2020-04-13,2020-04-28,"DEXCOM, INC.",,,QBJ,QBJ,DEXCOM G6 CONTINUOUS GLUCOSE MONITORING SYSTEM,CONTINUOUS GLUCOSE MONITOR,K0554,Ther cgm receiver/monitor,cgm_receiver,medium
3004753838-2020-038960,Malfunction,2020-04-08,2020-04-27,"DEXCOM, INC.",,,QBJ,QBJ,DEXCOM G6 CONTINUOUS GLUCOSE MONITORING SYSTEM,CONTINUOUS GLUCOSE MONITOR,K0553,Ther cgm supply allowance,cgm_supply,medium
3004753838-2020-038960,Malfunction,2020-04-08,2020-04-27,"DEXCOM, INC.",,,QBJ,QBJ,DEXCOM G6 CONTINUOUS GLUCOSE MONITORING SYSTEM,CONTINUOUS GLUCOSE MONITOR,K0554,Ther cgm receiver/monitor,cgm_receiver,medium
3004753838-2020-038962,Malfunction,2020-04-05,2020-04-27,"DEXCOM, INC.",,,QBJ,QBJ,DEXCOM G6 CONTINUOUS GLUCOSE MONITORING SYSTEM,CONTINUOUS GLUCOSE MONITOR,K0553,Ther cgm supply allowance,cgm_supply,medium
3004753838-2020-038962,Malfunction,2020-04-05,2020-04-27,"DEXCOM, INC.",,,QBJ,QBJ,DEXCOM G6 CONTINUOUS GLUCOSE MONITORING SYSTEM,CONTINUOUS GLUCOSE MONITOR,K0554,Ther cgm receiver/monitor,cgm_receiver,medium
3004753838-2020-038963,Malfunction,2020-04-05,2020-04-27,"DEXCOM, INC.",,,QBJ,QBJ,DEXCOM G6 CONTINUOUS GLUCOSE MONITORING SYSTEM,CONTINUOUS GLUCOSE MONITOR,K0553,Ther cgm supply allowance,cgm_supply,medium
3004753838-2020-038963,Malfunction,2020-04-05,2020-04-27,"DEXCOM, INC.",,,QBJ,QBJ,DEXCOM G6 CONTINUOUS GLUCOSE MONITORING SYSTEM,CONTINUOUS GLUCOSE MONITOR,K0554,Ther cgm receiver/monitor,cgm_receiver,medium
3004753838-2020-038964,Malfunction,2020-03-30,2020-04-27,"DEXCOM, INC.",,,QBJ,QBJ,DEXCOM G6 CONTINUOUS GLUCOSE MONITORING SYSTEM,CONTINUOUS GLUCOSE MONITOR,K0553,Ther cgm supply allowance,cgm_supply,medium
3004753838-2020-038964,Malfunction,2020-03-30,2020-04-27,"DEXCOM, INC.",,,QBJ,QBJ,DEXCOM G6 CONTINUOUS GLUCOSE MONITORING SYSTEM,CONTINUOUS GLUCOSE MONITOR,K0554,Ther cgm receiver/monitor,cgm_receiver,medium
3004753838-2020-038965,Malfunction,2020-04-06,2020-04-27,"DEXCOM, INC.",,,QBJ,QBJ,DEXCOM G6 CONTINUOUS GLUCOSE MONITORING SYSTEM,CONTINUOUS GLUCOSE MONITOR,K0553,Ther cgm supply allowance,cgm_supply,medium
3004753838-2020-038965,Malfunction,2020-04-06,2020-04-27,"DEXCOM, INC.",,,QBJ,QBJ,DEXCOM G6 CONTINUOUS GLUCOSE MONITORING SYSTEM,CONTINUOUS GLUCOSE MONITOR,K0554,Ther cgm receiver/monitor,cgm_receiver,medium
3004753838-2020-038966,Malfunction,2020-04-13,2020-04-28,"DEXCOM, INC.",,,QBJ,QBJ,DEXCOM G6 CONTINUOUS GLUCOSE MONITORING SYSTEM,CONTINUOUS GLUCOSE MONITOR,K0553,Ther cgm supply allowance,cgm_supply,medium
3004753838-2020-038966,Malfunction,2020-04-13,2020-04-28,"DEXCOM, INC.",,,QBJ,QBJ,DEXCOM G6 CONTINUOUS GLUCOSE MONITORING SYSTEM,CONTINUOUS GLUCOSE MONITOR,K0554,Ther cgm receiver/monitor,cgm_receiver,medium
3004753838-2020-038967,Malfunction,2020-04-13,2020-04-28,"DEXCOM, INC.",,,QBJ,QBJ,DEXCOM G6 CONTINUOUS GLUCOSE MONITORING SYSTEM,CONTINUOUS GLUCOSE MONITOR,K0553,Ther cgm supply allowance,cgm_supply,medium
3004753838-2020-038967,Malfunction,2020-04-13,2020-04-28,"DEXCOM, INC.",,,QBJ,QBJ,DEXCOM G6 CONTINUOUS GLUCOSE MONITORING SYSTEM,CONTINUOUS GLUCOSE MONITOR,K0554,Ther cgm receiver/monitor,cgm_receiver,medium
3004753838-2020-038968,Malfunction,2020-04-05,2020-04-27,"DEXCOM, INC.",,,QBJ,QBJ,DEXCOM G6 CONTINUOUS GLUCOSE MONITORING SYSTEM,CONTINUOUS GLUCOSE MONITOR,K0553,Ther cgm supply allowance,cgm_supply,medium
3004753838-2020-038968,Malfunction,2020-04-05,2020-04-27,"DEXCOM, INC.",,,QBJ,QBJ,DEXCOM G6 CONTINUOUS GLUCOSE MONITORING SYSTEM,CONTINUOUS GLUCOSE MONITOR,K0554,Ther cgm receiver/monitor,cgm_receiver,medium
3004753838-2020-038969,Malfunction,2020-04-13,2020-04-28,"DEXCOM, INC.",,,QBJ,QBJ,DEXCOM G6 CONTINUOUS GLUCOSE MONITORING SYSTEM,CONTINUOUS GLUCOSE MONITOR,K0553,Ther cgm supply allowance,cgm_supply,medium
3004753838-2020-038969,Malfunction,2020-04-13,2020-04-28,"DEXCOM, INC.",,,QBJ,QBJ,DEXCOM G6 CONTINUOUS GLUCOSE MONITORING SYSTEM,CONTINUOUS GLUCOSE MONITOR,K0554,Ther cgm receiver/monitor,cgm_receiver,medium
3004753838-2020-038970,Malfunction,2020-03-30,2020-04-27,"DEXCOM, INC.",,,QBJ,QBJ,DEXCOM G6 CONTINUOUS GLUCOSE MONITORING SYSTEM,CONTINUOUS GLUCOSE MONITOR,K0553,Ther cgm supply allowance,cgm_supply,medium
3004753838-2020-038970,Malfunction,2020-03-30,2020-04-27,"DEXCOM, INC.",,,QBJ,QBJ,DEXCOM G6 CONTINUOUS GLUCOSE MONITORING SYSTEM,CONTINUOUS GLUCOSE MONITOR,K0554,Ther cgm receiver/monitor,cgm_receiver,medium
3004753838-2020-038971,Malfunction,2020-03-31,2020-04-28,"DEXCOM, INC.",,,QBJ,QBJ,DEXCOM G6 CONTINUOUS GLUCOSE MONITORING SYSTEM,CONTINUOUS GLUCOSE MONITOR,K0553,Ther cgm supply allowance,cgm_supply,medium
3004753838-2020-038971,Malfunction,2020-03-31,2020-04-28,"DEXCOM, INC.",,,QBJ,QBJ,DEXCOM G6 CONTINUOUS GLUCOSE MONITORING SYSTEM,CONTINUOUS GLUCOSE MONITOR,K0554,Ther cgm receiver/monitor,cgm_receiver,medium
3004753838-2020-038973,Malfunction,2020-04-14,2020-04-28,"DEXCOM, INC.",,,QBJ,QBJ,DEXCOM G6 CONTINUOUS GLUCOSE MONITORING SYSTEM,CONTINUOUS GLUCOSE MONITOR,K0553,Ther cgm supply allowance,cgm_supply,medium
3004753838-2020-038973,Malfunction,2020-04-14,2020-04-28,"DEXCOM, INC.",,,QBJ,QBJ,DEXCOM G6 CONTINUOUS GLUCOSE MONITORING SYSTEM,CONTINUOUS GLUCOSE MONITOR,K0554,Ther cgm receiver/monitor,cgm_receiver,medium
3004753838-2020-038974,Malfunction,2020-03-18,2020-04-27,"DEXCOM, INC.",,,QBJ,QBJ,DEXCOM G6 CONTINUOUS GLUCOSE MONITORING SYSTEM,CONTINUOUS GLUCOSE MONITOR,K0553,Ther cgm supply allowance,cgm_supply,medium
3004753838-2020-038974,Malfunction,2020-03-18,2020-04-27,"DEXCOM, INC.",,,QBJ,QBJ,DEXCOM G6 CONTINUOUS GLUCOSE MONITORING SYSTEM,CONTINUOUS GLUCOSE MONITOR,K0554,Ther cgm receiver/monitor,cgm_receiver,medium
3004753838-2020-038975,Malfunction,2020-04-08,2020-04-27,"DEXCOM, INC.",,,QBJ,QBJ,DEXCOM G6 CONTINUOUS GLUCOSE MONITORING SYSTEM,CONTINUOUS GLUCOSE MONITOR,K0553,Ther cgm supply allowance,cgm_supply,medium
3004753838-2020-038975,Malfunction,2020-04-08,2020-04-27,"DEXCOM, INC.",,,QBJ,QBJ,DEXCOM G6 CONTINUOUS GLUCOSE MONITORING SYSTEM,CONTINUOUS GLUCOSE MONITOR,K0554,Ther cgm receiver/monitor,cgm_receiver,medium
3004753838-2020-038976,Malfunction,2020-04-05,2020-04-27,"DEXCOM, INC.",,,QBJ,QBJ,DEXCOM G6 CONTINUOUS GLUCOSE MONITORING SYSTEM,CONTINUOUS GLUCOSE MONITOR,K0553,Ther cgm supply allowance,cgm_supply,medium
3004753838-2020-038976,Malfunction,2020-04-05,2020-04-27,"DEXCOM, INC.",,,QBJ,QBJ,DEXCOM G6 CONTINUOUS GLUCOSE MONITORING SYSTEM,CONTINUOUS GLUCOSE MONITOR,K0554,Ther cgm receiver/monitor,cgm_receiver,medium
3004753838-2020-038977,Malfunction,2020-03-23,2020-04-27,"DEXCOM, INC.",,,QBJ,QBJ,DEXCOM G6 CONTINUOUS GLUCOSE MONITORING SYSTEM,CONTINUOUS GLUCOSE MONITOR,K0553,Ther cgm supply allowance,cgm_supply,medium
3004753838-2020-038977,Malfunction,2020-03-23,2020-04-27,"DEXCOM, INC.",,,QBJ,QBJ,DEXCOM G6 CONTINUOUS GLUCOSE MONITORING SYSTEM,CONTINUOUS GLUCOSE MONITOR,K0554,Ther cgm receiver/monitor,cgm_receiver,medium
3004753838-2020-038978,Malfunction,2020-04-15,2020-04-28,"DEXCOM, INC.",,,QBJ,QBJ,DEXCOM G6 CONTINUOUS GLUCOSE MONITORING SYSTEM,CONTINUOUS GLUCOSE MONITOR,K0553,Ther cgm supply allowance,cgm_supply,medium
3004753838-2020-038978,Malfunction,2020-04-15,2020-04-28,"DEXCOM, INC.",,,QBJ,QBJ,DEXCOM G6 CONTINUOUS GLUCOSE MONITORING SYSTEM,CONTINUOUS GLUCOSE MONITOR,K0554,Ther cgm receiver/monitor,cgm_receiver,medium
3004753838-2020-038979,Malfunction,2020-04-01,2020-04-27,"DEXCOM, INC.",,,QBJ,QBJ,DEXCOM G6 CONTINUOUS GLUCOSE MONITORING SYSTEM,CONTINUOUS GLUCOSE MONITOR,K0553,Ther cgm supply allowance,cgm_supply,medium
3004753838-2020-038979,Malfunction,2020-04-01,2020-04-27,"DEXCOM, INC.",,,QBJ,QBJ,DEXCOM G6 CONTINUOUS GLUCOSE MONITORING SYSTEM,CONTINUOUS GLUCOSE MONITOR,K0554,Ther cgm receiver/monitor,cgm_receiver,medium
3004753838-2020-038981,Malfunction,2020-04-07,2020-04-27,"DEXCOM, INC.",,,QBJ,QBJ,DEXCOM G6 CONTINUOUS GLUCOSE MONITORING SYSTEM,CONTINUOUS GLUCOSE MONITOR,K0553,Ther cgm supply allowance,cgm_supply,medium
3004753838-2020-038981,Malfunction,2020-04-07,2020-04-27,"DEXCOM, INC.",,,QBJ,QBJ,DEXCOM G6 CONTINUOUS GLUCOSE MONITORING SYSTEM,CONTINUOUS GLUCOSE MONITOR,K0554,Ther cgm receiver/monitor,cgm_receiver,medium
3004753838-2020-038982,Malfunction,2020-04-07,2020-04-27,"DEXCOM, INC.",,,QBJ,QBJ,DEXCOM G6 CONTINUOUS GLUCOSE MONITORING SYSTEM,CONTINUOUS GLUCOSE MONITOR,K0553,Ther cgm supply allowance,cgm_supply,medium
3004753838-2020-038982,Malfunction,2020-04-07,2020-04-27,"DEXCOM, INC.",,,QBJ,QBJ,DEXCOM G6 CONTINUOUS GLUCOSE MONITORING SYSTEM,CONTINUOUS GLUCOSE MONITOR,K0554,Ther cgm receiver/monitor,cgm_receiver,medium
3004753838-2020-038983,Malfunction,2020-04-03,2020-04-27,"DEXCOM, INC.",,,QBJ,QBJ,DEXCOM G6 CONTINUOUS GLUCOSE MONITORING SYSTEM,CONTINUOUS GLUCOSE MONITOR,K0553,Ther cgm supply allowance,cgm_supply,medium
3004753838-2020-038983,Malfunction,2020-04-03,2020-04-27,"DEXCOM, INC.",,,QBJ,QBJ,DEXCOM G6 CONTINUOUS GLUCOSE MONITORING SYSTEM,CONTINUOUS GLUCOSE MONITOR,K0554,Ther cgm receiver/monitor,cgm_receiver,medium
3004753838-2020-038984,Malfunction,2020-04-06,2020-04-27,"DEXCOM, INC.",,,QBJ,QBJ,DEXCOM G6 CONTINUOUS GLUCOSE MONITORING SYSTEM,CONTINUOUS GLUCOSE MONITOR,K0553,Ther cgm supply allowance,cgm_supply,medium
3004753838-2020-038984,Malfunction,2020-04-06,2020-04-27,"DEXCOM, INC.",,,QBJ,QBJ,DEXCOM G6 CONTINUOUS GLUCOSE MONITORING SYSTEM,CONTINUOUS GLUCOSE MONITOR,K0554,Ther cgm receiver/monitor,cgm_receiver,medium
3004753838-2020-038985,Malfunction,2020-04-07,2020-04-27,"DEXCOM, INC.",,,QBJ,QBJ,DEXCOM G6 CONTINUOUS GLUCOSE MONITORING SYSTEM,CONTINUOUS GLUCOSE MONITOR,K0553,Ther cgm supply allowance,cgm_supply,medium
3004753838-2020-038985,Malfunction,2020-04-07,2020-04-27,"DEXCOM, INC.",,,QBJ,QBJ,DEXCOM G6 CONTINUOUS GLUCOSE MONITORING SYSTEM,CONTINUOUS GLUCOSE MONITOR,K0554,Ther cgm receiver/monitor,cgm_receiver,medium
3004753838-2020-038986,Malfunction,2020-04-06,2020-04-27,"DEXCOM, INC.",,,QBJ,QBJ,DEXCOM G6 CONTINUOUS GLUCOSE MONITORING SYSTEM,CONTINUOUS GLUCOSE MONITOR,K0553,Ther cgm supply allowance,cgm_supply,medium
3004753838-2020-038986,Malfunction,2020-04-06,2020-04-27,"DEXCOM, INC.",,,QBJ,QBJ,DEXCOM G6 CONTINUOUS GLUCOSE MONITORING SYSTEM,CONTINUOUS GLUCOSE MONITOR,K0554,Ther cgm receiver/monitor,cgm_receiver,medium
3004753838-2020-038988,Malfunction,2020-03-31,2020-04-27,"DEXCOM, INC.",,,QBJ,QBJ,DEXCOM G6 CONTINUOUS GLUCOSE MONITORING SYSTEM,CONTINUOUS GLUCOSE MONITOR,K0553,Ther cgm supply allowance,cgm_supply,medium
3004753838-2020-038988,Malfunction,2020-03-31,2020-04-27,"DEXCOM, INC.",,,QBJ,QBJ,DEXCOM G6 CONTINUOUS GLUCOSE MONITORING SYSTEM,CONTINUOUS GLUCOSE MONITOR,K0554,Ther cgm receiver/monitor,cgm_receiver,medium
3004753838-2020-038989,Malfunction,2020-04-16,2020-04-28,"DEXCOM, INC.",,,QBJ,QBJ,DEXCOM G6 CONTINUOUS GLUCOSE MONITORING SYSTEM,CONTINUOUS GLUCOSE MONITOR,K0553,Ther cgm supply allowance,cgm_supply,medium
3004753838-2020-038989,Malfunction,2020-04-16,2020-04-28,"DEXCOM, INC.",,,QBJ,QBJ,DEXCOM G6 CONTINUOUS GLUCOSE MONITORING SYSTEM,CONTINUOUS GLUCOSE MONITOR,K0554,Ther cgm receiver/monitor,cgm_receiver,medium
3004753838-2020-038990,Malfunction,2020-04-15,2020-04-28,"DEXCOM, INC.",,,QBJ,QBJ,DEXCOM G6 CONTINUOUS GLUCOSE MONITORING SYSTEM,CONTINUOUS GLUCOSE MONITOR,K0553,Ther cgm supply allowance,cgm_supply,medium
3004753838-2020-038990,Malfunction,2020-04-15,2020-04-28,"DEXCOM, INC.",,,QBJ,QBJ,DEXCOM G6 CONTINUOUS GLUCOSE MONITORING SYSTEM,CONTINUOUS GLUCOSE MONITOR,K0554,Ther cgm receiver/monitor,cgm_receiver,medium
3004753838-2020-038991,Malfunction,2020-04-02,2020-04-27,"DEXCOM, INC.",,,QBJ,QBJ,DEXCOM G6 CONTINUOUS GLUCOSE MONITORING SYSTEM,CONTINUOUS GLUCOSE MONITOR,K0553,Ther cgm supply allowance,cgm_supply,medium
3004753838-2020-038991,Malfunction,2020-04-02,2020-04-27,"DEXCOM, INC.",,,QBJ,QBJ,DEXCOM G6 CONTINUOUS GLUCOSE MONITORING SYSTEM,CONTINUOUS GLUCOSE MONITOR,K0554,Ther cgm receiver/monitor,cgm_receiver,medium
3004753838-2020-038992,Malfunction,2020-04-05,2020-04-27,"DEXCOM, INC.",,,QBJ,QBJ,DEXCOM G6 CONTINUOUS GLUCOSE MONITORING SYSTEM,CONTINUOUS GLUCOSE MONITOR,K0553,Ther cgm supply allowance,cgm_supply,medium
3004753838-2020-038992,Malfunction,2020-04-05,2020-04-27,"DEXCOM, INC.",,,QBJ,QBJ,DEXCOM G6 CONTINUOUS GLUCOSE MONITORING SYSTEM,CONTINUOUS GLUCOSE MONITOR,K0554,Ther cgm receiver/monitor,cgm_receiver,medium
3004753838-2020-038993,Malfunction,2020-02-21,2020-04-27,"DEXCOM, INC.",,,QBJ,QBJ,DEXCOM G6 CONTINUOUS GLUCOSE MONITORING SYSTEM,CONTINUOUS GLUCOSE MONITOR,K0553,Ther cgm supply allowance,cgm_supply,medium
3004753838-2020-038993,Malfunction,2020-02-21,2020-04-27,"DEXCOM, INC.",,,QBJ,QBJ,DEXCOM G6 CONTINUOUS GLUCOSE MONITORING SYSTEM,CONTINUOUS GLUCOSE MONITOR,K0554,Ther cgm receiver/monitor,cgm_receiver,medium
3004753838-2020-038994,Malfunction,2020-03-27,2020-04-27,"DEXCOM, INC.",,,QBJ,QBJ,DEXCOM G6 CONTINUOUS GLUCOSE MONITORING SYSTEM,CONTINUOUS GLUCOSE MONITOR,K0553,Ther cgm supply allowance,cgm_supply,medium
3004753838-2020-038994,Malfunction,2020-03-27,2020-04-27,"DEXCOM, INC.",,,QBJ,QBJ,DEXCOM G6 CONTINUOUS GLUCOSE MONITORING SYSTEM,CONTINUOUS GLUCOSE MONITOR,K0554,Ther cgm receiver/monitor,cgm_receiver,medium
3004753838-2020-038995,Malfunction,2020-04-02,2020-04-27,"DEXCOM, INC.",,,QBJ,QBJ,DEXCOM G6 CONTINUOUS GLUCOSE MONITORING SYSTEM,CONTINUOUS GLUCOSE MONITOR,K0553,Ther cgm supply allowance,cgm_supply,medium
3004753838-2020-038995,Malfunction,2020-04-02,2020-04-27,"DEXCOM, INC.",,,QBJ,QBJ,DEXCOM G6 CONTINUOUS GLUCOSE MONITORING SYSTEM,CONTINUOUS GLUCOSE MONITOR,K0554,Ther cgm receiver/monitor,cgm_receiver,medium
3004753838-2020-038996,Malfunction,2020-04-17,2020-04-27,"DEXCOM, INC.",,,QBJ,QBJ,DEXCOM G6 CONTINUOUS GLUCOSE MONITORING SYSTEM,CONTINUOUS GLUCOSE MONITOR,K0553,Ther cgm supply allowance,cgm_supply,medium
3004753838-2020-038996,Malfunction,2020-04-17,2020-04-27,"DEXCOM, INC.",,,QBJ,QBJ,DEXCOM G6 CONTINUOUS GLUCOSE MONITORING SYSTEM,CONTINUOUS GLUCOSE MONITOR,K0554,Ther cgm receiver/monitor,cgm_receiver,medium
3004753838-2020-038997,Malfunction,2020-04-08,2020-04-27,"DEXCOM, INC.",,,QBJ,QBJ,DEXCOM G6 CONTINUOUS GLUCOSE MONITORING SYSTEM,CONTINUOUS GLUCOSE MONITOR,K0553,Ther cgm supply allowance,cgm_supply,medium
3004753838-2020-038997,Malfunction,2020-04-08,2020-04-27,"DEXCOM, INC.",,,QBJ,QBJ,DEXCOM G6 CONTINUOUS GLUCOSE MONITORING SYSTEM,CONTINUOUS GLUCOSE MONITOR,K0554,Ther cgm receiver/monitor,cgm_receiver,medium
3004753838-2020-038998,Malfunction,2020-03-20,2020-04-28,"DEXCOM, INC.",,,QBJ,QBJ,DEXCOM G6 CONTINUOUS GLUCOSE MONITORING SYSTEM,CONTINUOUS GLUCOSE MONITOR,K0553,Ther cgm supply allowance,cgm_supply,medium
3004753838-2020-038998,Malfunction,2020-03-20,2020-04-28,"DEXCOM, INC.",,,QBJ,QBJ,DEXCOM G6 CONTINUOUS GLUCOSE MONITORING SYSTEM,CONTINUOUS GLUCOSE MONITOR,K0554,Ther cgm receiver/monitor,cgm_receiver,medium
3004753838-2020-038999,Malfunction,2020-04-08,2020-04-27,"DEXCOM, INC.",,,QBJ,QBJ,DEXCOM G6 CONTINUOUS GLUCOSE MONITORING SYSTEM,CONTINUOUS GLUCOSE MONITOR,K0553,Ther cgm supply allowance,cgm_supply,medium
3004753838-2020-038999,Malfunction,2020-04-08,2020-04-27,"DEXCOM, INC.",,,QBJ,QBJ,DEXCOM G6 CONTINUOUS GLUCOSE MONITORING SYSTEM,CONTINUOUS GLUCOSE MONITOR,K0554,Ther cgm receiver/monitor,cgm_receiver,medium
3004753838-2020-039000,Malfunction,2020-03-20,2020-04-27,"DEXCOM, INC.",,,QBJ,QBJ,DEXCOM G6 CONTINUOUS GLUCOSE MONITORING SYSTEM,CONTINUOUS GLUCOSE MONITOR,K0553,Ther cgm supply allowance,cgm_supply,medium
3004753838-2020-039000,Malfunction,2020-03-20,2020-04-27,"DEXCOM, INC.",,,QBJ,QBJ,DEXCOM G6 CONTINUOUS GLUCOSE MONITORING SYSTEM,CONTINUOUS GLUCOSE MONITOR,K0554,Ther cgm receiver/monitor,cgm_receiver,medium
3004753838-2020-039002,Malfunction,2020-04-12,2020-04-28,"DEXCOM, INC.",,,QBJ,QBJ,DEXCOM G6 CONTINUOUS GLUCOSE MONITORING SYSTEM,CONTINUOUS GLUCOSE MONITOR,K0553,Ther cgm supply allowance,cgm_supply,medium
3004753838-2020-039002,Malfunction,2020-04-12,2020-04-28,"DEXCOM, INC.",,,QBJ,QBJ,DEXCOM G6 CONTINUOUS GLUCOSE MONITORING SYSTEM,CONTINUOUS GLUCOSE MONITOR,K0554,Ther cgm receiver/monitor,cgm_receiver,medium
3004753838-2020-039004,Malfunction,2020-04-24,2020-04-27,"DEXCOM, INC.",,,QBJ,QBJ,DEXCOM G6 CONTINUOUS GLUCOSE MONITORING SYSTEM,CONTINUOUS GLUCOSE MONITOR,K0553,Ther cgm supply allowance,cgm_supply,medium
3004753838-2020-039004,Malfunction,2020-04-24,2020-04-27,"DEXCOM, INC.",,,QBJ,QBJ,DEXCOM G6 CONTINUOUS GLUCOSE MONITORING SYSTEM,CONTINUOUS GLUCOSE MONITOR,K0554,Ther cgm receiver/monitor,cgm_receiver,medium
3004753838-2020-039005,Malfunction,2020-04-08,2020-04-28,"DEXCOM, INC.",,,QBJ,QBJ,DEXCOM G6 CONTINUOUS GLUCOSE MONITORING SYSTEM,CONTINUOUS GLUCOSE MONITOR,K0553,Ther cgm supply allowance,cgm_supply,medium
3004753838-2020-039005,Malfunction,2020-04-08,2020-04-28,"DEXCOM, INC.",,,QBJ,QBJ,DEXCOM G6 CONTINUOUS GLUCOSE MONITORING SYSTEM,CONTINUOUS GLUCOSE MONITOR,K0554,Ther cgm receiver/monitor,cgm_receiver,medium
3004753838-2020-039006,Injury,2020-03-15,2020-04-27,"DEXCOM, INC.",,,QBJ,QBJ,DEXCOM G6 CONTINUOUS GLUCOSE MONITORING SYSTEM,CONTINUOUS GLUCOSE MONITOR,K0553,Ther cgm supply allowance,cgm_supply,medium
3004753838-2020-039006,Injury,2020-03-15,2020-04-27,"DEXCOM, INC.",,,QBJ,QBJ,DEXCOM G6 CONTINUOUS GLUCOSE MONITORING SYSTEM,CONTINUOUS GLUCOSE MONITOR,K0554,Ther cgm receiver/monitor,cgm_receiver,medium
3004753838-2020-039007,Malfunction,2020-04-13,2020-04-28,"DEXCOM, INC.",,,QBJ,QBJ,DEXCOM G6 CONTINUOUS GLUCOSE MONITORING SYSTEM,CONTINUOUS GLUCOSE MONITOR,K0553,Ther cgm supply allowance,cgm_supply,medium
3004753838-2020-039007,Malfunction,2020-04-13,2020-04-28,"DEXCOM, INC.",,,QBJ,QBJ,DEXCOM G6 CONTINUOUS GLUCOSE MONITORING SYSTEM,CONTINUOUS GLUCOSE MONITOR,K0554,Ther cgm receiver/monitor,cgm_receiver,medium
3004753838-2020-039008,Malfunction,2020-03-31,2020-04-28,"DEXCOM, INC.",,,QBJ,QBJ,DEXCOM G6 CONTINUOUS GLUCOSE MONITORING SYSTEM,CONTINUOUS GLUCOSE MONITOR,K0553,Ther cgm supply allowance,cgm_supply,medium
3004753838-2020-039008,Malfunction,2020-03-31,2020-04-28,"DEXCOM, INC.",,,QBJ,QBJ,DEXCOM G6 CONTINUOUS GLUCOSE MONITORING SYSTEM,CONTINUOUS GLUCOSE MONITOR,K0554,Ther cgm receiver/monitor,cgm_receiver,medium
3004753838-2020-039009,Malfunction,2020-04-04,2020-04-27,"DEXCOM, INC.",,,QBJ,QBJ,DEXCOM G6 CONTINUOUS GLUCOSE MONITORING SYSTEM,CONTINUOUS GLUCOSE MONITOR,K0553,Ther cgm supply allowance,cgm_supply,medium
3004753838-2020-039009,Malfunction,2020-04-04,2020-04-27,"DEXCOM, INC.",,,QBJ,QBJ,DEXCOM G6 CONTINUOUS GLUCOSE MONITORING SYSTEM,CONTINUOUS GLUCOSE MONITOR,K0554,Ther cgm receiver/monitor,cgm_receiver,medium
3004753838-2020-039010,Malfunction,2020-04-20,2020-04-27,"DEXCOM, INC.",,,QBJ,QBJ,DEXCOM G6 CONTINUOUS GLUCOSE MONITORING SYSTEM,CONTINUOUS GLUCOSE MONITOR,K0553,Ther cgm supply allowance,cgm_supply,medium
3004753838-2020-039010,Malfunction,2020-04-20,2020-04-27,"DEXCOM, INC.",,,QBJ,QBJ,DEXCOM G6 CONTINUOUS GLUCOSE MONITORING SYSTEM,CONTINUOUS GLUCOSE MONITOR,K0554,Ther cgm receiver/monitor,cgm_receiver,medium
3004753838-2020-039011,Malfunction,2020-04-04,2020-04-28,"DEXCOM, INC.",,,QBJ,QBJ,DEXCOM G6 CONTINUOUS GLUCOSE MONITORING SYSTEM,CONTINUOUS GLUCOSE MONITOR,K0553,Ther cgm supply allowance,cgm_supply,medium
3004753838-2020-039011,Malfunction,2020-04-04,2020-04-28,"DEXCOM, INC.",,,QBJ,QBJ,DEXCOM G6 CONTINUOUS GLUCOSE MONITORING SYSTEM,CONTINUOUS GLUCOSE MONITOR,K0554,Ther cgm receiver/monitor,cgm_receiver,medium
3004753838-2020-039012,Malfunction,2020-04-03,2020-04-27,"DEXCOM, INC.",,,QBJ,QBJ,DEXCOM G6 CONTINUOUS GLUCOSE MONITORING SYSTEM,CONTINUOUS GLUCOSE MONITOR,K0553,Ther cgm supply allowance,cgm_supply,medium
3004753838-2020-039012,Malfunction,2020-04-03,2020-04-27,"DEXCOM, INC.",,,QBJ,QBJ,DEXCOM G6 CONTINUOUS GLUCOSE MONITORING SYSTEM,CONTINUOUS GLUCOSE MONITOR,K0554,Ther cgm receiver/monitor,cgm_receiver,medium
3004753838-2020-039013,Malfunction,2020-04-13,2020-04-28,"DEXCOM, INC.",,,QBJ,QBJ,DEXCOM G6 CONTINUOUS GLUCOSE MONITORING SYSTEM,CONTINUOUS GLUCOSE MONITOR,K0553,Ther cgm supply allowance,cgm_supply,medium
3004753838-2020-039013,Malfunction,2020-04-13,2020-04-28,"DEXCOM, INC.",,,QBJ,QBJ,DEXCOM G6 CONTINUOUS GLUCOSE MONITORING SYSTEM,CONTINUOUS GLUCOSE MONITOR,K0554,Ther cgm receiver/monitor,cgm_receiver,medium
3004753838-2020-039014,Malfunction,2020-04-23,2020-04-27,"DEXCOM, INC.",,,QBJ,QBJ,DEXCOM G6 CONTINUOUS GLUCOSE MONITORING SYSTEM,CONTINUOUS GLUCOSE MONITOR,K0553,Ther cgm supply allowance,cgm_supply,medium
3004753838-2020-039014,Malfunction,2020-04-23,2020-04-27,"DEXCOM, INC.",,,QBJ,QBJ,DEXCOM G6 CONTINUOUS GLUCOSE MONITORING SYSTEM,CONTINUOUS GLUCOSE MONITOR,K0554,Ther cgm receiver/monitor,cgm_receiver,medium
3004753838-2020-039015,Malfunction,2020-04-08,2020-04-27,"DEXCOM, INC.",,,QBJ,QBJ,DEXCOM G6 CONTINUOUS GLUCOSE MONITORING SYSTEM,CONTINUOUS GLUCOSE MONITOR,K0553,Ther cgm supply allowance,cgm_supply,medium
3004753838-2020-039015,Malfunction,2020-04-08,2020-04-27,"DEXCOM, INC.",,,QBJ,QBJ,DEXCOM G6 CONTINUOUS GLUCOSE MONITORING SYSTEM,CONTINUOUS GLUCOSE MONITOR,K0554,Ther cgm receiver/monitor,cgm_receiver,medium
3004753838-2020-039016,Malfunction,2020-04-16,2020-04-28,"DEXCOM, INC.",,,QBJ,QBJ,DEXCOM G6 CONTINUOUS GLUCOSE MONITORING SYSTEM,CONTINUOUS GLUCOSE MONITOR,K0553,Ther cgm supply allowance,cgm_supply,medium
3004753838-2020-039016,Malfunction,2020-04-16,2020-04-28,"DEXCOM, INC.",,,QBJ,QBJ,DEXCOM G6 CONTINUOUS GLUCOSE MONITORING SYSTEM,CONTINUOUS GLUCOSE MONITOR,K0554,Ther cgm receiver/monitor,cgm_receiver,medium
3004753838-2020-039017,Malfunction,2020-04-06,2020-04-28,"DEXCOM, INC.",,,QBJ,QBJ,DEXCOM G6 CONTINUOUS GLUCOSE MONITORING SYSTEM,CONTINUOUS GLUCOSE MONITOR,K0553,Ther cgm supply allowance,cgm_supply,medium
3004753838-2020-039017,Malfunction,2020-04-06,2020-04-28,"DEXCOM, INC.",,,QBJ,QBJ,DEXCOM G6 CONTINUOUS GLUCOSE MONITORING SYSTEM,CONTINUOUS GLUCOSE MONITOR,K0554,Ther cgm receiver/monitor,cgm_receiver,medium
3004753838-2020-039019,Malfunction,2020-04-05,2020-04-28,"DEXCOM, INC.",,,QBJ,QBJ,DEXCOM G6 CONTINUOUS GLUCOSE MONITORING SYSTEM,CONTINUOUS GLUCOSE MONITOR,K0553,Ther cgm supply allowance,cgm_supply,medium
3004753838-2020-039019,Malfunction,2020-04-05,2020-04-28,"DEXCOM, INC.",,,QBJ,QBJ,DEXCOM G6 CONTINUOUS GLUCOSE MONITORING SYSTEM,CONTINUOUS GLUCOSE MONITOR,K0554,Ther cgm receiver/monitor,cgm_receiver,medium
3004753838-2020-039020,Malfunction,2020-04-08,2020-04-27,"DEXCOM, INC.",,,QBJ,QBJ,DEXCOM G6 CONTINUOUS GLUCOSE MONITORING SYSTEM,CONTINUOUS GLUCOSE MONITOR,K0553,Ther cgm supply allowance,cgm_supply,medium
3004753838-2020-039020,Malfunction,2020-04-08,2020-04-27,"DEXCOM, INC.",,,QBJ,QBJ,DEXCOM G6 CONTINUOUS GLUCOSE MONITORING SYSTEM,CONTINUOUS GLUCOSE MONITOR,K0554,Ther cgm receiver/monitor,cgm_receiver,medium
3004753838-2020-039024,Malfunction,2020-04-05,2020-04-28,"DEXCOM, INC.",,,QBJ,QBJ,DEXCOM G6 CONTINUOUS GLUCOSE MONITORING SYSTEM,CONTINUOUS GLUCOSE MONITOR,K0553,Ther cgm supply allowance,cgm_supply,medium
3004753838-2020-039024,Malfunction,2020-04-05,2020-04-28,"DEXCOM, INC.",,,QBJ,QBJ,DEXCOM G6 CONTINUOUS GLUCOSE MONITORING SYSTEM,CONTINUOUS GLUCOSE MONITOR,K0554,Ther cgm receiver/monitor,cgm_receiver,medium
3004753838-2020-039026,Malfunction,2020-04-13,2020-04-28,"DEXCOM, INC.",,,QBJ,QBJ,DEXCOM G6 CONTINUOUS GLUCOSE MONITORING SYSTEM,CONTINUOUS GLUCOSE MONITOR,K0553,Ther cgm supply allowance,cgm_supply,medium
3004753838-2020-039026,Malfunction,2020-04-13,2020-04-28,"DEXCOM, INC.",,,QBJ,QBJ,DEXCOM G6 CONTINUOUS GLUCOSE MONITORING SYSTEM,CONTINUOUS GLUCOSE MONITOR,K0554,Ther cgm receiver/monitor,cgm_receiver,medium
3004753838-2020-039028,Malfunction,2020-04-20,2020-04-27,"DEXCOM, INC.",,,QBJ,QBJ,DEXCOM G6 CONTINUOUS GLUCOSE MONITORING SYSTEM,CONTINUOUS GLUCOSE MONITOR,K0553,Ther cgm supply allowance,cgm_supply,medium
3004753838-2020-039028,Malfunction,2020-04-20,2020-04-27,"DEXCOM, INC.",,,QBJ,QBJ,DEXCOM G6 CONTINUOUS GLUCOSE MONITORING SYSTEM,CONTINUOUS GLUCOSE MONITOR,K0554,Ther cgm receiver/monitor,cgm_receiver,medium
3004753838-2020-039030,Malfunction,2020-04-09,2020-04-28,"DEXCOM, INC.",,,QBJ,QBJ,DEXCOM G6 CONTINUOUS GLUCOSE MONITORING SYSTEM,CONTINUOUS GLUCOSE MONITOR,K0553,Ther cgm supply allowance,cgm_supply,medium
3004753838-2020-039030,Malfunction,2020-04-09,2020-04-28,"DEXCOM, INC.",,,QBJ,QBJ,DEXCOM G6 CONTINUOUS GLUCOSE MONITORING SYSTEM,CONTINUOUS GLUCOSE MONITOR,K0554,Ther cgm receiver/monitor,cgm_receiver,medium
3004753838-2020-039031,Malfunction,2020-04-16,2020-04-28,"DEXCOM, INC.",,,QBJ,QBJ,DEXCOM G6 CONTINUOUS GLUCOSE MONITORING SYSTEM,CONTINUOUS GLUCOSE MONITOR,K0553,Ther cgm supply allowance,cgm_supply,medium
3004753838-2020-039031,Malfunction,2020-04-16,2020-04-28,"DEXCOM, INC.",,,QBJ,QBJ,DEXCOM G6 CONTINUOUS GLUCOSE MONITORING SYSTEM,CONTINUOUS GLUCOSE MONITOR,K0554,Ther cgm receiver/monitor,cgm_receiver,medium
3004753838-2020-039032,Malfunction,2020-04-15,2020-04-28,"DEXCOM, INC.",,,QBJ,QBJ,DEXCOM G6 CONTINUOUS GLUCOSE MONITORING SYSTEM,CONTINUOUS GLUCOSE MONITOR,K0553,Ther cgm supply allowance,cgm_supply,medium
3004753838-2020-039032,Malfunction,2020-04-15,2020-04-28,"DEXCOM, INC.",,,QBJ,QBJ,DEXCOM G6 CONTINUOUS GLUCOSE MONITORING SYSTEM,CONTINUOUS GLUCOSE MONITOR,K0554,Ther cgm receiver/monitor,cgm_receiver,medium
3004753838-2020-039033,Malfunction,2020-04-03,2020-04-27,"DEXCOM, INC.",,,QBJ,QBJ,DEXCOM G6 CONTINUOUS GLUCOSE MONITORING SYSTEM,CONTINUOUS GLUCOSE MONITOR,K0553,Ther cgm supply allowance,cgm_supply,medium
3004753838-2020-039033,Malfunction,2020-04-03,2020-04-27,"DEXCOM, INC.",,,QBJ,QBJ,DEXCOM G6 CONTINUOUS GLUCOSE MONITORING SYSTEM,CONTINUOUS GLUCOSE MONITOR,K0554,Ther cgm receiver/monitor,cgm_receiver,medium
3004753838-2020-039037,Malfunction,2020-04-04,2020-04-27,"DEXCOM, INC.",,,QBJ,QBJ,DEXCOM G6 CONTINUOUS GLUCOSE MONITORING SYSTEM,CONTINUOUS GLUCOSE MONITOR,K0553,Ther cgm supply allowance,cgm_supply,medium
3004753838-2020-039037,Malfunction,2020-04-04,2020-04-27,"DEXCOM, INC.",,,QBJ,QBJ,DEXCOM G6 CONTINUOUS GLUCOSE MONITORING SYSTEM,CONTINUOUS GLUCOSE MONITOR,K0554,Ther cgm receiver/monitor,cgm_receiver,medium
3004753838-2020-039038,Malfunction,2020-04-13,2020-04-28,"DEXCOM, INC.",,,QBJ,QBJ,DEXCOM G6 CONTINUOUS GLUCOSE MONITORING SYSTEM,CONTINUOUS GLUCOSE MONITOR,K0553,Ther cgm supply allowance,cgm_supply,medium
3004753838-2020-039038,Malfunction,2020-04-13,2020-04-28,"DEXCOM, INC.",,,QBJ,QBJ,DEXCOM G6 CONTINUOUS GLUCOSE MONITORING SYSTEM,CONTINUOUS GLUCOSE MONITOR,K0554,Ther cgm receiver/monitor,cgm_receiver,medium
3004753838-2020-039041,Malfunction,2020-04-14,2020-04-27,"DEXCOM, INC.",,,QBJ,QBJ,DEXCOM G6 CONTINUOUS GLUCOSE MONITORING SYSTEM,CONTINUOUS GLUCOSE MONITOR,K0553,Ther cgm supply allowance,cgm_supply,medium
3004753838-2020-039041,Malfunction,2020-04-14,2020-04-27,"DEXCOM, INC.",,,QBJ,QBJ,DEXCOM G6 CONTINUOUS GLUCOSE MONITORING SYSTEM,CONTINUOUS GLUCOSE MONITOR,K0554,Ther cgm receiver/monitor,cgm_receiver,medium
3004753838-2020-039043,Malfunction,2020-04-18,2020-04-28,"DEXCOM, INC.",,,QBJ,QBJ,DEXCOM G6 CONTINUOUS GLUCOSE MONITORING SYSTEM,CONTINUOUS GLUCOSE MONITOR,K0553,Ther cgm supply allowance,cgm_supply,medium
3004753838-2020-039043,Malfunction,2020-04-18,2020-04-28,"DEXCOM, INC.",,,QBJ,QBJ,DEXCOM G6 CONTINUOUS GLUCOSE MONITORING SYSTEM,CONTINUOUS GLUCOSE MONITOR,K0554,Ther cgm receiver/monitor,cgm_receiver,medium
3004753838-2020-039044,Malfunction,2020-04-15,2020-04-28,"DEXCOM, INC.",,,QBJ,QBJ,DEXCOM G6 CONTINUOUS GLUCOSE MONITORING SYSTEM,CONTINUOUS GLUCOSE MONITOR,K0553,Ther cgm supply allowance,cgm_supply,medium
3004753838-2020-039044,Malfunction,2020-04-15,2020-04-28,"DEXCOM, INC.",,,QBJ,QBJ,DEXCOM G6 CONTINUOUS GLUCOSE MONITORING SYSTEM,CONTINUOUS GLUCOSE MONITOR,K0554,Ther cgm receiver/monitor,cgm_receiver,medium
3004753838-2020-039046,Malfunction,2020-04-18,2020-04-28,"DEXCOM, INC.",,,QBJ,QBJ,DEXCOM G6 CONTINUOUS GLUCOSE MONITORING SYSTEM,CONTINUOUS GLUCOSE MONITOR,K0553,Ther cgm supply allowance,cgm_supply,medium
3004753838-2020-039046,Malfunction,2020-04-18,2020-04-28,"DEXCOM, INC.",,,QBJ,QBJ,DEXCOM G6 CONTINUOUS GLUCOSE MONITORING SYSTEM,CONTINUOUS GLUCOSE MONITOR,K0554,Ther cgm receiver/monitor,cgm_receiver,medium
3004753838-2020-039048,Malfunction,2020-04-17,2020-04-28,"DEXCOM, INC.",,,QBJ,QBJ,DEXCOM G6 CONTINUOUS GLUCOSE MONITORING SYSTEM,CONTINUOUS GLUCOSE MONITOR,K0553,Ther cgm supply allowance,cgm_supply,medium
3004753838-2020-039048,Malfunction,2020-04-17,2020-04-28,"DEXCOM, INC.",,,QBJ,QBJ,DEXCOM G6 CONTINUOUS GLUCOSE MONITORING SYSTEM,CONTINUOUS GLUCOSE MONITOR,K0554,Ther cgm receiver/monitor,cgm_receiver,medium
3004753838-2020-039049,Malfunction,2020-04-12,2020-04-27,"DEXCOM, INC.",,,QBJ,QBJ,DEXCOM G6 CONTINUOUS GLUCOSE MONITORING SYSTEM,CONTINUOUS GLUCOSE MONITOR,K0553,Ther cgm supply allowance,cgm_supply,medium
3004753838-2020-039049,Malfunction,2020-04-12,2020-04-27,"DEXCOM, INC.",,,QBJ,QBJ,DEXCOM G6 CONTINUOUS GLUCOSE MONITORING SYSTEM,CONTINUOUS GLUCOSE MONITOR,K0554,Ther cgm receiver/monitor,cgm_receiver,medium
3004753838-2020-039050,Malfunction,2020-04-14,2020-04-28,"DEXCOM, INC.",,,QBJ,QBJ,DEXCOM G6 CONTINUOUS GLUCOSE MONITORING SYSTEM,CONTINUOUS GLUCOSE MONITOR,K0553,Ther cgm supply allowance,cgm_supply,medium
3004753838-2020-039050,Malfunction,2020-04-14,2020-04-28,"DEXCOM, INC.",,,QBJ,QBJ,DEXCOM G6 CONTINUOUS GLUCOSE MONITORING SYSTEM,CONTINUOUS GLUCOSE MONITOR,K0554,Ther cgm receiver/monitor,cgm_receiver,medium
3004753838-2020-039054,Malfunction,2020-03-29,2020-04-28,"DEXCOM, INC.",,,QBJ,QBJ,DEXCOM G6 CONTINUOUS GLUCOSE MONITORING SYSTEM,CONTINUOUS GLUCOSE MONITOR,K0553,Ther cgm supply allowance,cgm_supply,medium
3004753838-2020-039054,Malfunction,2020-03-29,2020-04-28,"DEXCOM, INC.",,,QBJ,QBJ,DEXCOM G6 CONTINUOUS GLUCOSE MONITORING SYSTEM,CONTINUOUS GLUCOSE MONITOR,K0554,Ther cgm receiver/monitor,cgm_receiver,medium
3004753838-2020-039056,Malfunction,2020-04-06,2020-04-27,"DEXCOM, INC.",,,QBJ,QBJ,DEXCOM G6 CONTINUOUS GLUCOSE MONITORING SYSTEM,CONTINUOUS GLUCOSE MONITOR,K0553,Ther cgm supply allowance,cgm_supply,medium
3004753838-2020-039056,Malfunction,2020-04-06,2020-04-27,"DEXCOM, INC.",,,QBJ,QBJ,DEXCOM G6 CONTINUOUS GLUCOSE MONITORING SYSTEM,CONTINUOUS GLUCOSE MONITOR,K0554,Ther cgm receiver/monitor,cgm_receiver,medium
3004753838-2020-039057,Malfunction,2020-04-14,2020-04-28,"DEXCOM, INC.",,,QBJ,QBJ,DEXCOM G6 CONTINUOUS GLUCOSE MONITORING SYSTEM,CONTINUOUS GLUCOSE MONITOR,K0553,Ther cgm supply allowance,cgm_supply,medium
3004753838-2020-039057,Malfunction,2020-04-14,2020-04-28,"DEXCOM, INC.",,,QBJ,QBJ,DEXCOM G6 CONTINUOUS GLUCOSE MONITORING SYSTEM,CONTINUOUS GLUCOSE MONITOR,K0554,Ther cgm receiver/monitor,cgm_receiver,medium
3004753838-2020-039058,Malfunction,2020-04-14,2020-04-28,"DEXCOM, INC.",,,QBJ,QBJ,DEXCOM G6 CONTINUOUS GLUCOSE MONITORING SYSTEM,CONTINUOUS GLUCOSE MONITOR,K0553,Ther cgm supply allowance,cgm_supply,medium
3004753838-2020-039058,Malfunction,2020-04-14,2020-04-28,"DEXCOM, INC.",,,QBJ,QBJ,DEXCOM G6 CONTINUOUS GLUCOSE MONITORING SYSTEM,CONTINUOUS GLUCOSE MONITOR,K0554,Ther cgm receiver/monitor,cgm_receiver,medium
3004753838-2020-039061,Malfunction,2020-04-19,2020-04-28,"DEXCOM, INC.",,,QBJ,QBJ,DEXCOM G6 CONTINUOUS GLUCOSE MONITORING SYSTEM,CONTINUOUS GLUCOSE MONITOR,K0553,Ther cgm supply allowance,cgm_supply,medium
3004753838-2020-039061,Malfunction,2020-04-19,2020-04-28,"DEXCOM, INC.",,,QBJ,QBJ,DEXCOM G6 CONTINUOUS GLUCOSE MONITORING SYSTEM,CONTINUOUS GLUCOSE MONITOR,K0554,Ther cgm receiver/monitor,cgm_receiver,medium
3004753838-2020-039062,Malfunction,2020-04-04,2020-04-27,"DEXCOM, INC.",,,QBJ,QBJ,DEXCOM G6 CONTINUOUS GLUCOSE MONITORING SYSTEM,CONTINUOUS GLUCOSE MONITOR,K0553,Ther cgm supply allowance,cgm_supply,medium
3004753838-2020-039062,Malfunction,2020-04-04,2020-04-27,"DEXCOM, INC.",,,QBJ,QBJ,DEXCOM G6 CONTINUOUS GLUCOSE MONITORING SYSTEM,CONTINUOUS GLUCOSE MONITOR,K0554,Ther cgm receiver/monitor,cgm_receiver,medium
3004753838-2020-039065,Malfunction,2020-04-08,2020-04-27,"DEXCOM, INC.",,,QBJ,QBJ,DEXCOM G6 CONTINUOUS GLUCOSE MONITORING SYSTEM,CONTINUOUS GLUCOSE MONITOR,K0553,Ther cgm supply allowance,cgm_supply,medium
3004753838-2020-039065,Malfunction,2020-04-08,2020-04-27,"DEXCOM, INC.",,,QBJ,QBJ,DEXCOM G6 CONTINUOUS GLUCOSE MONITORING SYSTEM,CONTINUOUS GLUCOSE MONITOR,K0554,Ther cgm receiver/monitor,cgm_receiver,medium
3004753838-2020-039067,Malfunction,2020-04-07,2020-04-27,"DEXCOM, INC.",,,QBJ,QBJ,DEXCOM G6 CONTINUOUS GLUCOSE MONITORING SYSTEM,CONTINUOUS GLUCOSE MONITOR,K0553,Ther cgm supply allowance,cgm_supply,medium
3004753838-2020-039067,Malfunction,2020-04-07,2020-04-27,"DEXCOM, INC.",,,QBJ,QBJ,DEXCOM G6 CONTINUOUS GLUCOSE MONITORING SYSTEM,CONTINUOUS GLUCOSE MONITOR,K0554,Ther cgm receiver/monitor,cgm_receiver,medium
3004753838-2020-039068,Malfunction,2020-04-04,2020-04-27,"DEXCOM, INC.",,,QBJ,QBJ,DEXCOM G6 CONTINUOUS GLUCOSE MONITORING SYSTEM,CONTINUOUS GLUCOSE MONITOR,K0553,Ther cgm supply allowance,cgm_supply,medium
3004753838-2020-039068,Malfunction,2020-04-04,2020-04-27,"DEXCOM, INC.",,,QBJ,QBJ,DEXCOM G6 CONTINUOUS GLUCOSE MONITORING SYSTEM,CONTINUOUS GLUCOSE MONITOR,K0554,Ther cgm receiver/monitor,cgm_receiver,medium
3004753838-2020-039069,Malfunction,2020-04-05,2020-04-27,"DEXCOM, INC.",,,QBJ,QBJ,DEXCOM G6 CONTINUOUS GLUCOSE MONITORING SYSTEM,CONTINUOUS GLUCOSE MONITOR,K0553,Ther cgm supply allowance,cgm_supply,medium
3004753838-2020-039069,Malfunction,2020-04-05,2020-04-27,"DEXCOM, INC.",,,QBJ,QBJ,DEXCOM G6 CONTINUOUS GLUCOSE MONITORING SYSTEM,CONTINUOUS GLUCOSE MONITOR,K0554,Ther cgm receiver/monitor,cgm_receiver,medium
3004753838-2020-039072,Malfunction,2020-04-13,2020-04-28,"DEXCOM, INC.",,,QBJ,QBJ,DEXCOM G6 CONTINUOUS GLUCOSE MONITORING SYSTEM,CONTINUOUS GLUCOSE MONITOR,K0553,Ther cgm supply allowance,cgm_supply,medium
3004753838-2020-039072,Malfunction,2020-04-13,2020-04-28,"DEXCOM, INC.",,,QBJ,QBJ,DEXCOM G6 CONTINUOUS GLUCOSE MONITORING SYSTEM,CONTINUOUS GLUCOSE MONITOR,K0554,Ther cgm receiver/monitor,cgm_receiver,medium
3004753838-2020-039073,Malfunction,2020-04-07,2020-04-27,"DEXCOM, INC.",,,QBJ,QBJ,DEXCOM G6 CONTINUOUS GLUCOSE MONITORING SYSTEM,CONTINUOUS GLUCOSE MONITOR,K0553,Ther cgm supply allowance,cgm_supply,medium
3004753838-2020-039073,Malfunction,2020-04-07,2020-04-27,"DEXCOM, INC.",,,QBJ,QBJ,DEXCOM G6 CONTINUOUS GLUCOSE MONITORING SYSTEM,CONTINUOUS GLUCOSE MONITOR,K0554,Ther cgm receiver/monitor,cgm_receiver,medium
3004753838-2020-039075,Malfunction,2020-04-15,2020-04-28,"DEXCOM, INC.",,,QBJ,QBJ,DEXCOM G6 CONTINUOUS GLUCOSE MONITORING SYSTEM,CONTINUOUS GLUCOSE MONITOR,K0553,Ther cgm supply allowance,cgm_supply,medium
3004753838-2020-039075,Malfunction,2020-04-15,2020-04-28,"DEXCOM, INC.",,,QBJ,QBJ,DEXCOM G6 CONTINUOUS GLUCOSE MONITORING SYSTEM,CONTINUOUS GLUCOSE MONITOR,K0554,Ther cgm receiver/monitor,cgm_receiver,medium
3004753838-2020-039076,Malfunction,2020-04-16,2020-04-28,"DEXCOM, INC.",,,QBJ,QBJ,DEXCOM G6 CONTINUOUS GLUCOSE MONITORING SYSTEM,CONTINUOUS GLUCOSE MONITOR,K0553,Ther cgm supply allowance,cgm_supply,medium
3004753838-2020-039076,Malfunction,2020-04-16,2020-04-28,"DEXCOM, INC.",,,QBJ,QBJ,DEXCOM G6 CONTINUOUS GLUCOSE MONITORING SYSTEM,CONTINUOUS GLUCOSE MONITOR,K0554,Ther cgm receiver/monitor,cgm_receiver,medium
3004753838-2020-039077,Malfunction,2020-04-12,2020-04-27,"DEXCOM, INC.",,,QBJ,QBJ,DEXCOM G6 CONTINUOUS GLUCOSE MONITORING SYSTEM,CONTINUOUS GLUCOSE MONITOR,K0553,Ther cgm supply allowance,cgm_supply,medium
3004753838-2020-039077,Malfunction,2020-04-12,2020-04-27,"DEXCOM, INC.",,,QBJ,QBJ,DEXCOM G6 CONTINUOUS GLUCOSE MONITORING SYSTEM,CONTINUOUS GLUCOSE MONITOR,K0554,Ther cgm receiver/monitor,cgm_receiver,medium
3004753838-2020-039078,Malfunction,2020-04-04,2020-04-27,"DEXCOM, INC.",,,QBJ,QBJ,DEXCOM G6 CONTINUOUS GLUCOSE MONITORING SYSTEM,CONTINUOUS GLUCOSE MONITOR,K0553,Ther cgm supply allowance,cgm_supply,medium
3004753838-2020-039078,Malfunction,2020-04-04,2020-04-27,"DEXCOM, INC.",,,QBJ,QBJ,DEXCOM G6 CONTINUOUS GLUCOSE MONITORING SYSTEM,CONTINUOUS GLUCOSE MONITOR,K0554,Ther cgm receiver/monitor,cgm_receiver,medium
3004753838-2020-039080,Malfunction,2020-04-04,2020-04-27,"DEXCOM, INC.",,,QBJ,QBJ,DEXCOM G6 CONTINUOUS GLUCOSE MONITORING SYSTEM,CONTINUOUS GLUCOSE MONITOR,K0553,Ther cgm supply allowance,cgm_supply,medium
3004753838-2020-039080,Malfunction,2020-04-04,2020-04-27,"DEXCOM, INC.",,,QBJ,QBJ,DEXCOM G6 CONTINUOUS GLUCOSE MONITORING SYSTEM,CONTINUOUS GLUCOSE MONITOR,K0554,Ther cgm receiver/monitor,cgm_receiver,medium
3004753838-2020-039082,Malfunction,2020-04-18,2020-04-28,"DEXCOM, INC.",,,QBJ,QBJ,DEXCOM G6 CONTINUOUS GLUCOSE MONITORING SYSTEM,CONTINUOUS GLUCOSE MONITOR,K0553,Ther cgm supply allowance,cgm_supply,medium
3004753838-2020-039082,Malfunction,2020-04-18,2020-04-28,"DEXCOM, INC.",,,QBJ,QBJ,DEXCOM G6 CONTINUOUS GLUCOSE MONITORING SYSTEM,CONTINUOUS GLUCOSE MONITOR,K0554,Ther cgm receiver/monitor,cgm_receiver,medium
3004753838-2020-039083,Malfunction,2020-04-04,2020-04-27,"DEXCOM, INC.",,,QBJ,QBJ,DEXCOM G6 CONTINUOUS GLUCOSE MONITORING SYSTEM,CONTINUOUS GLUCOSE MONITOR,K0553,Ther cgm supply allowance,cgm_supply,medium
3004753838-2020-039083,Malfunction,2020-04-04,2020-04-27,"DEXCOM, INC.",,,QBJ,QBJ,DEXCOM G6 CONTINUOUS GLUCOSE MONITORING SYSTEM,CONTINUOUS GLUCOSE MONITOR,K0554,Ther cgm receiver/monitor,cgm_receiver,medium
3004753838-2020-039084,Malfunction,2020-03-18,2020-04-27,"DEXCOM, INC.",,,QBJ,QBJ,DEXCOM G6 CONTINUOUS GLUCOSE MONITORING SYSTEM,CONTINUOUS GLUCOSE MONITOR,K0553,Ther cgm supply allowance,cgm_supply,medium
3004753838-2020-039084,Malfunction,2020-03-18,2020-04-27,"DEXCOM, INC.",,,QBJ,QBJ,DEXCOM G6 CONTINUOUS GLUCOSE MONITORING SYSTEM,CONTINUOUS GLUCOSE MONITOR,K0554,Ther cgm receiver/monitor,cgm_receiver,medium
3004753838-2020-039085,Malfunction,2020-04-17,2020-04-28,"DEXCOM, INC.",,,QBJ,QBJ,DEXCOM G6 CONTINUOUS GLUCOSE MONITORING SYSTEM,CONTINUOUS GLUCOSE MONITOR,K0553,Ther cgm supply allowance,cgm_supply,medium
3004753838-2020-039085,Malfunction,2020-04-17,2020-04-28,"DEXCOM, INC.",,,QBJ,QBJ,DEXCOM G6 CONTINUOUS GLUCOSE MONITORING SYSTEM,CONTINUOUS GLUCOSE MONITOR,K0554,Ther cgm receiver/monitor,cgm_receiver,medium
3004753838-2020-039086,Malfunction,2020-04-12,2020-04-28,"DEXCOM, INC.",,,QBJ,QBJ,DEXCOM G6 CONTINUOUS GLUCOSE MONITORING SYSTEM,CONTINUOUS GLUCOSE MONITOR,K0553,Ther cgm supply allowance,cgm_supply,medium
3004753838-2020-039086,Malfunction,2020-04-12,2020-04-28,"DEXCOM, INC.",,,QBJ,QBJ,DEXCOM G6 CONTINUOUS GLUCOSE MONITORING SYSTEM,CONTINUOUS GLUCOSE MONITOR,K0554,Ther cgm receiver/monitor,cgm_receiver,medium
3004753838-2020-039087,Malfunction,2020-04-18,2020-04-27,"DEXCOM, INC.",,,QBJ,QBJ,DEXCOM G6 CONTINUOUS GLUCOSE MONITORING SYSTEM,CONTINUOUS GLUCOSE MONITOR,K0553,Ther cgm supply allowance,cgm_supply,medium
3004753838-2020-039087,Malfunction,2020-04-18,2020-04-27,"DEXCOM, INC.",,,QBJ,QBJ,DEXCOM G6 CONTINUOUS GLUCOSE MONITORING SYSTEM,CONTINUOUS GLUCOSE MONITOR,K0554,Ther cgm receiver/monitor,cgm_receiver,medium
3004753838-2020-039088,Malfunction,2020-04-15,2020-04-28,"DEXCOM, INC.",,,QBJ,QBJ,DEXCOM G6 CONTINUOUS GLUCOSE MONITORING SYSTEM,CONTINUOUS GLUCOSE MONITOR,K0553,Ther cgm supply allowance,cgm_supply,medium
3004753838-2020-039088,Malfunction,2020-04-15,2020-04-28,"DEXCOM, INC.",,,QBJ,QBJ,DEXCOM G6 CONTINUOUS GLUCOSE MONITORING SYSTEM,CONTINUOUS GLUCOSE MONITOR,K0554,Ther cgm receiver/monitor,cgm_receiver,medium
3004753838-2020-039089,Malfunction,2020-04-04,2020-04-27,"DEXCOM, INC.",,,QBJ,QBJ,DEXCOM G6 CONTINUOUS GLUCOSE MONITORING SYSTEM,CONTINUOUS GLUCOSE MONITOR,K0553,Ther cgm supply allowance,cgm_supply,medium
3004753838-2020-039089,Malfunction,2020-04-04,2020-04-27,"DEXCOM, INC.",,,QBJ,QBJ,DEXCOM G6 CONTINUOUS GLUCOSE MONITORING SYSTEM,CONTINUOUS GLUCOSE MONITOR,K0554,Ther cgm receiver/monitor,cgm_receiver,medium
3004753838-2020-039090,Malfunction,2020-04-19,2020-04-28,"DEXCOM, INC.",,,QBJ,QBJ,DEXCOM G6 CONTINUOUS GLUCOSE MONITORING SYSTEM,CONTINUOUS GLUCOSE MONITOR,K0553,Ther cgm supply allowance,cgm_supply,medium
3004753838-2020-039090,Malfunction,2020-04-19,2020-04-28,"DEXCOM, INC.",,,QBJ,QBJ,DEXCOM G6 CONTINUOUS GLUCOSE MONITORING SYSTEM,CONTINUOUS GLUCOSE MONITOR,K0554,Ther cgm receiver/monitor,cgm_receiver,medium
3004753838-2020-039091,Malfunction,2020-04-13,2020-04-28,"DEXCOM, INC.",,,QBJ,QBJ,DEXCOM G6 CONTINUOUS GLUCOSE MONITORING SYSTEM,CONTINUOUS GLUCOSE MONITOR,K0553,Ther cgm supply allowance,cgm_supply,medium
3004753838-2020-039091,Malfunction,2020-04-13,2020-04-28,"DEXCOM, INC.",,,QBJ,QBJ,DEXCOM G6 CONTINUOUS GLUCOSE MONITORING SYSTEM,CONTINUOUS GLUCOSE MONITOR,K0554,Ther cgm receiver/monitor,cgm_receiver,medium
3004753838-2020-039092,Malfunction,2020-04-07,2020-04-27,"DEXCOM, INC.",,,QBJ,QBJ,DEXCOM G6 CONTINUOUS GLUCOSE MONITORING SYSTEM,CONTINUOUS GLUCOSE MONITOR,K0553,Ther cgm supply allowance,cgm_supply,medium
3004753838-2020-039092,Malfunction,2020-04-07,2020-04-27,"DEXCOM, INC.",,,QBJ,QBJ,DEXCOM G6 CONTINUOUS GLUCOSE MONITORING SYSTEM,CONTINUOUS GLUCOSE MONITOR,K0554,Ther cgm receiver/monitor,cgm_receiver,medium
3004753838-2020-039093,Malfunction,2020-03-21,2020-04-27,"DEXCOM, INC.",,,QBJ,QBJ,DEXCOM G6 CONTINUOUS GLUCOSE MONITORING SYSTEM,CONTINUOUS GLUCOSE MONITOR,K0553,Ther cgm supply allowance,cgm_supply,medium
3004753838-2020-039093,Malfunction,2020-03-21,2020-04-27,"DEXCOM, INC.",,,QBJ,QBJ,DEXCOM G6 CONTINUOUS GLUCOSE MONITORING SYSTEM,CONTINUOUS GLUCOSE MONITOR,K0554,Ther cgm receiver/monitor,cgm_receiver,medium
3004753838-2020-039094,Malfunction,2020-04-16,2020-04-28,"DEXCOM, INC.",,,QBJ,QBJ,DEXCOM G6 CONTINUOUS GLUCOSE MONITORING SYSTEM,CONTINUOUS GLUCOSE MONITOR,K0553,Ther cgm supply allowance,cgm_supply,medium
3004753838-2020-039094,Malfunction,2020-04-16,2020-04-28,"DEXCOM, INC.",,,QBJ,QBJ,DEXCOM G6 CONTINUOUS GLUCOSE MONITORING SYSTEM,CONTINUOUS GLUCOSE MONITOR,K0554,Ther cgm receiver/monitor,cgm_receiver,medium
3004753838-2020-039096,Malfunction,2020-04-20,2020-04-28,"DEXCOM, INC.",,,QBJ,QBJ,DEXCOM G6 CONTINUOUS GLUCOSE MONITORING SYSTEM,CONTINUOUS GLUCOSE MONITOR,K0553,Ther cgm supply allowance,cgm_supply,medium
3004753838-2020-039096,Malfunction,2020-04-20,2020-04-28,"DEXCOM, INC.",,,QBJ,QBJ,DEXCOM G6 CONTINUOUS GLUCOSE MONITORING SYSTEM,CONTINUOUS GLUCOSE MONITOR,K0554,Ther cgm receiver/monitor,cgm_receiver,medium
3004753838-2020-039097,Malfunction,2020-04-19,2020-04-27,"DEXCOM, INC.",,,QBJ,QBJ,DEXCOM G6 CONTINUOUS GLUCOSE MONITORING SYSTEM,CONTINUOUS GLUCOSE MONITOR,K0553,Ther cgm supply allowance,cgm_supply,medium
3004753838-2020-039097,Malfunction,2020-04-19,2020-04-27,"DEXCOM, INC.",,,QBJ,QBJ,DEXCOM G6 CONTINUOUS GLUCOSE MONITORING SYSTEM,CONTINUOUS GLUCOSE MONITOR,K0554,Ther cgm receiver/monitor,cgm_receiver,medium
3004753838-2020-039098,Malfunction,2020-04-08,2020-04-27,"DEXCOM, INC.",,,QBJ,QBJ,DEXCOM G6 CONTINUOUS GLUCOSE MONITORING SYSTEM,CONTINUOUS GLUCOSE MONITOR,K0553,Ther cgm supply allowance,cgm_supply,medium
3004753838-2020-039098,Malfunction,2020-04-08,2020-04-27,"DEXCOM, INC.",,,QBJ,QBJ,DEXCOM G6 CONTINUOUS GLUCOSE MONITORING SYSTEM,CONTINUOUS GLUCOSE MONITOR,K0554,Ther cgm receiver/monitor,cgm_receiver,medium
3004753838-2020-039100,Malfunction,2020-04-17,2020-04-28,"DEXCOM, INC.",,,QBJ,QBJ,DEXCOM G6 CONTINUOUS GLUCOSE MONITORING SYSTEM,CONTINUOUS GLUCOSE MONITOR,K0553,Ther cgm supply allowance,cgm_supply,medium
3004753838-2020-039100,Malfunction,2020-04-17,2020-04-28,"DEXCOM, INC.",,,QBJ,QBJ,DEXCOM G6 CONTINUOUS GLUCOSE MONITORING SYSTEM,CONTINUOUS GLUCOSE MONITOR,K0554,Ther cgm receiver/monitor,cgm_receiver,medium
3004753838-2020-039101,Malfunction,2020-04-20,2020-04-27,"DEXCOM, INC.",,,QBJ,QBJ,DEXCOM G6 CONTINUOUS GLUCOSE MONITORING SYSTEM,CONTINUOUS GLUCOSE MONITOR,K0553,Ther cgm supply allowance,cgm_supply,medium
3004753838-2020-039101,Malfunction,2020-04-20,2020-04-27,"DEXCOM, INC.",,,QBJ,QBJ,DEXCOM G6 CONTINUOUS GLUCOSE MONITORING SYSTEM,CONTINUOUS GLUCOSE MONITOR,K0554,Ther cgm receiver/monitor,cgm_receiver,medium
3004753838-2020-039102,Malfunction,2020-04-13,2020-04-28,"DEXCOM, INC.",,,QBJ,QBJ,DEXCOM G6 CONTINUOUS GLUCOSE MONITORING SYSTEM,CONTINUOUS GLUCOSE MONITOR,K0553,Ther cgm supply allowance,cgm_supply,medium
3004753838-2020-039102,Malfunction,2020-04-13,2020-04-28,"DEXCOM, INC.",,,QBJ,QBJ,DEXCOM G6 CONTINUOUS GLUCOSE MONITORING SYSTEM,CONTINUOUS GLUCOSE MONITOR,K0554,Ther cgm receiver/monitor,cgm_receiver,medium
3004753838-2020-039103,Malfunction,2020-04-20,2020-04-27,"DEXCOM, INC.",,,QBJ,QBJ,DEXCOM G6 CONTINUOUS GLUCOSE MONITORING SYSTEM,CONTINUOUS GLUCOSE MONITOR,K0553,Ther cgm supply allowance,cgm_supply,medium
3004753838-2020-039103,Malfunction,2020-04-20,2020-04-27,"DEXCOM, INC.",,,QBJ,QBJ,DEXCOM G6 CONTINUOUS GLUCOSE MONITORING SYSTEM,CONTINUOUS GLUCOSE MONITOR,K0554,Ther cgm receiver/monitor,cgm_receiver,medium
3004753838-2020-039104,Malfunction,2020-04-13,2020-04-28,"DEXCOM, INC.",,,QBJ,QBJ,DEXCOM G6 CONTINUOUS GLUCOSE MONITORING SYSTEM,CONTINUOUS GLUCOSE MONITOR,K0553,Ther cgm supply allowance,cgm_supply,medium
3004753838-2020-039104,Malfunction,2020-04-13,2020-04-28,"DEXCOM, INC.",,,QBJ,QBJ,DEXCOM G6 CONTINUOUS GLUCOSE MONITORING SYSTEM,CONTINUOUS GLUCOSE MONITOR,K0554,Ther cgm receiver/monitor,cgm_receiver,medium
3004753838-2020-039105,Malfunction,2020-04-19,2020-04-27,"DEXCOM, INC.",,,QBJ,QBJ,DEXCOM G6 CONTINUOUS GLUCOSE MONITORING SYSTEM,CONTINUOUS GLUCOSE MONITOR,K0553,Ther cgm supply allowance,cgm_supply,medium
3004753838-2020-039105,Malfunction,2020-04-19,2020-04-27,"DEXCOM, INC.",,,QBJ,QBJ,DEXCOM G6 CONTINUOUS GLUCOSE MONITORING SYSTEM,CONTINUOUS GLUCOSE MONITOR,K0554,Ther cgm receiver/monitor,cgm_receiver,medium
3004753838-2020-039106,Malfunction,2020-04-05,2020-04-27,"DEXCOM, INC.",,,QBJ,QBJ,DEXCOM G6 CONTINUOUS GLUCOSE MONITORING SYSTEM,CONTINUOUS GLUCOSE MONITOR,K0553,Ther cgm supply allowance,cgm_supply,medium
3004753838-2020-039106,Malfunction,2020-04-05,2020-04-27,"DEXCOM, INC.",,,QBJ,QBJ,DEXCOM G6 CONTINUOUS GLUCOSE MONITORING SYSTEM,CONTINUOUS GLUCOSE MONITOR,K0554,Ther cgm receiver/monitor,cgm_receiver,medium
3004753838-2020-039108,Malfunction,2020-04-04,2020-04-27,"DEXCOM, INC.",,,QBJ,QBJ,DEXCOM G6 CONTINUOUS GLUCOSE MONITORING SYSTEM,CONTINUOUS GLUCOSE MONITOR,K0553,Ther cgm supply allowance,cgm_supply,medium
3004753838-2020-039108,Malfunction,2020-04-04,2020-04-27,"DEXCOM, INC.",,,QBJ,QBJ,DEXCOM G6 CONTINUOUS GLUCOSE MONITORING SYSTEM,CONTINUOUS GLUCOSE MONITOR,K0554,Ther cgm receiver/monitor,cgm_receiver,medium
3004753838-2020-039109,Malfunction,2020-04-16,2020-04-28,"DEXCOM, INC.",,,QBJ,QBJ,DEXCOM G6 CONTINUOUS GLUCOSE MONITORING SYSTEM,CONTINUOUS GLUCOSE MONITOR,K0553,Ther cgm supply allowance,cgm_supply,medium
3004753838-2020-039109,Malfunction,2020-04-16,2020-04-28,"DEXCOM, INC.",,,QBJ,QBJ,DEXCOM G6 CONTINUOUS GLUCOSE MONITORING SYSTEM,CONTINUOUS GLUCOSE MONITOR,K0554,Ther cgm receiver/monitor,cgm_receiver,medium
3004753838-2020-039110,Malfunction,2020-04-19,2020-04-28,"DEXCOM, INC.",,,QBJ,QBJ,DEXCOM G6 CONTINUOUS GLUCOSE MONITORING SYSTEM,CONTINUOUS GLUCOSE MONITOR,K0553,Ther cgm supply allowance,cgm_supply,medium
3004753838-2020-039110,Malfunction,2020-04-19,2020-04-28,"DEXCOM, INC.",,,QBJ,QBJ,DEXCOM G6 CONTINUOUS GLUCOSE MONITORING SYSTEM,CONTINUOUS GLUCOSE MONITOR,K0554,Ther cgm receiver/monitor,cgm_receiver,medium
3004753838-2020-039112,Malfunction,2020-04-18,2020-04-28,"DEXCOM, INC.",,,QBJ,QBJ,DEXCOM G6 CONTINUOUS GLUCOSE MONITORING SYSTEM,CONTINUOUS GLUCOSE MONITOR,K0553,Ther cgm supply allowance,cgm_supply,medium
3004753838-2020-039112,Malfunction,2020-04-18,2020-04-28,"DEXCOM, INC.",,,QBJ,QBJ,DEXCOM G6 CONTINUOUS GLUCOSE MONITORING SYSTEM,CONTINUOUS GLUCOSE MONITOR,K0554,Ther cgm receiver/monitor,cgm_receiver,medium
3004753838-2020-039113,Malfunction,2020-04-07,2020-04-27,"DEXCOM, INC.",,,QBJ,QBJ,DEXCOM G6 CONTINUOUS GLUCOSE MONITORING SYSTEM,CONTINUOUS GLUCOSE MONITOR,K0553,Ther cgm supply allowance,cgm_supply,medium
3004753838-2020-039113,Malfunction,2020-04-07,2020-04-27,"DEXCOM, INC.",,,QBJ,QBJ,DEXCOM G6 CONTINUOUS GLUCOSE MONITORING SYSTEM,CONTINUOUS GLUCOSE MONITOR,K0554,Ther cgm receiver/monitor,cgm_receiver,medium
3004753838-2020-039114,Malfunction,2020-04-17,2020-04-28,"DEXCOM, INC.",,,QBJ,QBJ,DEXCOM G6 CONTINUOUS GLUCOSE MONITORING SYSTEM,CONTINUOUS GLUCOSE MONITOR,K0553,Ther cgm supply allowance,cgm_supply,medium
3004753838-2020-039114,Malfunction,2020-04-17,2020-04-28,"DEXCOM, INC.",,,QBJ,QBJ,DEXCOM G6 CONTINUOUS GLUCOSE MONITORING SYSTEM,CONTINUOUS GLUCOSE MONITOR,K0554,Ther cgm receiver/monitor,cgm_receiver,medium
3004753838-2020-039115,Malfunction,2020-04-17,2020-04-28,"DEXCOM, INC.",,,QBJ,QBJ,DEXCOM G6 CONTINUOUS GLUCOSE MONITORING SYSTEM,CONTINUOUS GLUCOSE MONITOR,K0553,Ther cgm supply allowance,cgm_supply,medium
3004753838-2020-039115,Malfunction,2020-04-17,2020-04-28,"DEXCOM, INC.",,,QBJ,QBJ,DEXCOM G6 CONTINUOUS GLUCOSE MONITORING SYSTEM,CONTINUOUS GLUCOSE MONITOR,K0554,Ther cgm receiver/monitor,cgm_receiver,medium
3004753838-2020-039116,Malfunction,2020-04-13,2020-04-28,"DEXCOM, INC.",,,QBJ,QBJ,DEXCOM G6 CONTINUOUS GLUCOSE MONITORING SYSTEM,CONTINUOUS GLUCOSE MONITOR,K0553,Ther cgm supply allowance,cgm_supply,medium
3004753838-2020-039116,Malfunction,2020-04-13,2020-04-28,"DEXCOM, INC.",,,QBJ,QBJ,DEXCOM G6 CONTINUOUS GLUCOSE MONITORING SYSTEM,CONTINUOUS GLUCOSE MONITOR,K0554,Ther cgm receiver/monitor,cgm_receiver,medium
3004753838-2020-039117,Malfunction,2020-04-20,2020-04-28,"DEXCOM, INC.",,,QBJ,QBJ,DEXCOM G6 CONTINUOUS GLUCOSE MONITORING SYSTEM,CONTINUOUS GLUCOSE MONITOR,K0553,Ther cgm supply allowance,cgm_supply,medium
3004753838-2020-039117,Malfunction,2020-04-20,2020-04-28,"DEXCOM, INC.",,,QBJ,QBJ,DEXCOM G6 CONTINUOUS GLUCOSE MONITORING SYSTEM,CONTINUOUS GLUCOSE MONITOR,K0554,Ther cgm receiver/monitor,cgm_receiver,medium
3004753838-2020-039118,Malfunction,2020-04-05,2020-04-27,"DEXCOM, INC.",,,QBJ,QBJ,DEXCOM G6 CONTINUOUS GLUCOSE MONITORING SYSTEM,CONTINUOUS GLUCOSE MONITOR,K0553,Ther cgm supply allowance,cgm_supply,medium
3004753838-2020-039118,Malfunction,2020-04-05,2020-04-27,"DEXCOM, INC.",,,QBJ,QBJ,DEXCOM G6 CONTINUOUS GLUCOSE MONITORING SYSTEM,CONTINUOUS GLUCOSE MONITOR,K0554,Ther cgm receiver/monitor,cgm_receiver,medium
3004753838-2020-039119,Malfunction,2020-04-16,2020-04-28,"DEXCOM, INC.",,,QBJ,QBJ,DEXCOM G6 CONTINUOUS GLUCOSE MONITORING SYSTEM,CONTINUOUS GLUCOSE MONITOR,K0553,Ther cgm supply allowance,cgm_supply,medium
3004753838-2020-039119,Malfunction,2020-04-16,2020-04-28,"DEXCOM, INC.",,,QBJ,QBJ,DEXCOM G6 CONTINUOUS GLUCOSE MONITORING SYSTEM,CONTINUOUS GLUCOSE MONITOR,K0554,Ther cgm receiver/monitor,cgm_receiver,medium
3004753838-2020-039120,Malfunction,2020-04-04,2020-04-27,"DEXCOM, INC.",,,QBJ,QBJ,DEXCOM G6 CONTINUOUS GLUCOSE MONITORING SYSTEM,CONTINUOUS GLUCOSE MONITOR,K0553,Ther cgm supply allowance,cgm_supply,medium
3004753838-2020-039120,Malfunction,2020-04-04,2020-04-27,"DEXCOM, INC.",,,QBJ,QBJ,DEXCOM G6 CONTINUOUS GLUCOSE MONITORING SYSTEM,CONTINUOUS GLUCOSE MONITOR,K0554,Ther cgm receiver/monitor,cgm_receiver,medium
3004753838-2020-039121,Malfunction,2020-04-08,2020-04-27,"DEXCOM, INC.",,,QBJ,QBJ,DEXCOM G6 CONTINUOUS GLUCOSE MONITORING SYSTEM,CONTINUOUS GLUCOSE MONITOR,K0553,Ther cgm supply allowance,cgm_supply,medium
3004753838-2020-039121,Malfunction,2020-04-08,2020-04-27,"DEXCOM, INC.",,,QBJ,QBJ,DEXCOM G6 CONTINUOUS GLUCOSE MONITORING SYSTEM,CONTINUOUS GLUCOSE MONITOR,K0554,Ther cgm receiver/monitor,cgm_receiver,medium
3004753838-2020-039123,Malfunction,2020-04-08,2020-04-27,"DEXCOM, INC.",,,QBJ,QBJ,DEXCOM G6 CONTINUOUS GLUCOSE MONITORING SYSTEM,CONTINUOUS GLUCOSE MONITOR,K0553,Ther cgm supply allowance,cgm_supply,medium
3004753838-2020-039123,Malfunction,2020-04-08,2020-04-27,"DEXCOM, INC.",,,QBJ,QBJ,DEXCOM G6 CONTINUOUS GLUCOSE MONITORING SYSTEM,CONTINUOUS GLUCOSE MONITOR,K0554,Ther cgm receiver/monitor,cgm_receiver,medium
3004753838-2020-039124,Malfunction,2020-04-14,2020-04-28,"DEXCOM, INC.",,,QBJ,QBJ,DEXCOM G6 CONTINUOUS GLUCOSE MONITORING SYSTEM,CONTINUOUS GLUCOSE MONITOR,K0553,Ther cgm supply allowance,cgm_supply,medium
3004753838-2020-039124,Malfunction,2020-04-14,2020-04-28,"DEXCOM, INC.",,,QBJ,QBJ,DEXCOM G6 CONTINUOUS GLUCOSE MONITORING SYSTEM,CONTINUOUS GLUCOSE MONITOR,K0554,Ther cgm receiver/monitor,cgm_receiver,medium
3004753838-2020-039125,Malfunction,2020-04-03,2020-04-27,"DEXCOM, INC.",,,QBJ,QBJ,DEXCOM G6 CONTINUOUS GLUCOSE MONITORING SYSTEM,CONTINUOUS GLUCOSE MONITOR,K0553,Ther cgm supply allowance,cgm_supply,medium
3004753838-2020-039125,Malfunction,2020-04-03,2020-04-27,"DEXCOM, INC.",,,QBJ,QBJ,DEXCOM G6 CONTINUOUS GLUCOSE MONITORING SYSTEM,CONTINUOUS GLUCOSE MONITOR,K0554,Ther cgm receiver/monitor,cgm_receiver,medium
3004753838-2020-039126,Malfunction,2020-04-17,2020-04-28,"DEXCOM, INC.",,,QBJ,QBJ,DEXCOM G6 CONTINUOUS GLUCOSE MONITORING SYSTEM,CONTINUOUS GLUCOSE MONITOR,K0553,Ther cgm supply allowance,cgm_supply,medium
3004753838-2020-039126,Malfunction,2020-04-17,2020-04-28,"DEXCOM, INC.",,,QBJ,QBJ,DEXCOM G6 CONTINUOUS GLUCOSE MONITORING SYSTEM,CONTINUOUS GLUCOSE MONITOR,K0554,Ther cgm receiver/monitor,cgm_receiver,medium
3004753838-2020-039127,Malfunction,2020-04-04,2020-04-27,"DEXCOM, INC.",,,QBJ,QBJ,DEXCOM G6 CONTINUOUS GLUCOSE MONITORING SYSTEM,CONTINUOUS GLUCOSE MONITOR,K0553,Ther cgm supply allowance,cgm_supply,medium
3004753838-2020-039127,Malfunction,2020-04-04,2020-04-27,"DEXCOM, INC.",,,QBJ,QBJ,DEXCOM G6 CONTINUOUS GLUCOSE MONITORING SYSTEM,CONTINUOUS GLUCOSE MONITOR,K0554,Ther cgm receiver/monitor,cgm_receiver,medium
3004753838-2020-039128,Malfunction,2020-04-04,2020-04-27,"DEXCOM, INC.",,,QBJ,QBJ,DEXCOM G6 CONTINUOUS GLUCOSE MONITORING SYSTEM,CONTINUOUS GLUCOSE MONITOR,K0553,Ther cgm supply allowance,cgm_supply,medium
3004753838-2020-039128,Malfunction,2020-04-04,2020-04-27,"DEXCOM, INC.",,,QBJ,QBJ,DEXCOM G6 CONTINUOUS GLUCOSE MONITORING SYSTEM,CONTINUOUS GLUCOSE MONITOR,K0554,Ther cgm receiver/monitor,cgm_receiver,medium
3004753838-2020-039129,Malfunction,2020-04-07,2020-04-27,"DEXCOM, INC.",,,QBJ,QBJ,DEXCOM G6 CONTINUOUS GLUCOSE MONITORING SYSTEM,CONTINUOUS GLUCOSE MONITOR,K0553,Ther cgm supply allowance,cgm_supply,medium
3004753838-2020-039129,Malfunction,2020-04-07,2020-04-27,"DEXCOM, INC.",,,QBJ,QBJ,DEXCOM G6 CONTINUOUS GLUCOSE MONITORING SYSTEM,CONTINUOUS GLUCOSE MONITOR,K0554,Ther cgm receiver/monitor,cgm_receiver,medium
3004753838-2020-039130,Malfunction,2020-04-12,2020-04-28,"DEXCOM, INC.",,,QBJ,QBJ,DEXCOM G6 CONTINUOUS GLUCOSE MONITORING SYSTEM,CONTINUOUS GLUCOSE MONITOR,K0553,Ther cgm supply allowance,cgm_supply,medium
3004753838-2020-039130,Malfunction,2020-04-12,2020-04-28,"DEXCOM, INC.",,,QBJ,QBJ,DEXCOM G6 CONTINUOUS GLUCOSE MONITORING SYSTEM,CONTINUOUS GLUCOSE MONITOR,K0554,Ther cgm receiver/monitor,cgm_receiver,medium
3004753838-2020-039132,Malfunction,2020-04-22,2020-04-27,"DEXCOM, INC.",,,QBJ,QBJ,DEXCOM G6 CONTINUOUS GLUCOSE MONITORING SYSTEM,CONTINUOUS GLUCOSE MONITOR,K0553,Ther cgm supply allowance,cgm_supply,medium
3004753838-2020-039132,Malfunction,2020-04-22,2020-04-27,"DEXCOM, INC.",,,QBJ,QBJ,DEXCOM G6 CONTINUOUS GLUCOSE MONITORING SYSTEM,CONTINUOUS GLUCOSE MONITOR,K0554,Ther cgm receiver/monitor,cgm_receiver,medium
3004753838-2020-039133,Malfunction,2020-04-04,2020-04-27,"DEXCOM, INC.",,,QBJ,QBJ,DEXCOM G6 CONTINUOUS GLUCOSE MONITORING SYSTEM,CONTINUOUS GLUCOSE MONITOR,K0553,Ther cgm supply allowance,cgm_supply,medium
3004753838-2020-039133,Malfunction,2020-04-04,2020-04-27,"DEXCOM, INC.",,,QBJ,QBJ,DEXCOM G6 CONTINUOUS GLUCOSE MONITORING SYSTEM,CONTINUOUS GLUCOSE MONITOR,K0554,Ther cgm receiver/monitor,cgm_receiver,medium
3004753838-2020-039134,Malfunction,2020-04-03,2020-04-27,"DEXCOM, INC.",,,QBJ,QBJ,DEXCOM G6 CONTINUOUS GLUCOSE MONITORING SYSTEM,CONTINUOUS GLUCOSE MONITOR,K0553,Ther cgm supply allowance,cgm_supply,medium
3004753838-2020-039134,Malfunction,2020-04-03,2020-04-27,"DEXCOM, INC.",,,QBJ,QBJ,DEXCOM G6 CONTINUOUS GLUCOSE MONITORING SYSTEM,CONTINUOUS GLUCOSE MONITOR,K0554,Ther cgm receiver/monitor,cgm_receiver,medium
3004753838-2020-039135,Malfunction,2020-04-05,2020-04-27,"DEXCOM, INC.",,,QBJ,QBJ,DEXCOM G6 CONTINUOUS GLUCOSE MONITORING SYSTEM,CONTINUOUS GLUCOSE MONITOR,K0553,Ther cgm supply allowance,cgm_supply,medium
3004753838-2020-039135,Malfunction,2020-04-05,2020-04-27,"DEXCOM, INC.",,,QBJ,QBJ,DEXCOM G6 CONTINUOUS GLUCOSE MONITORING SYSTEM,CONTINUOUS GLUCOSE MONITOR,K0554,Ther cgm receiver/monitor,cgm_receiver,medium
3004753838-2020-039136,Malfunction,2020-04-17,2020-04-28,"DEXCOM, INC.",,,QBJ,QBJ,DEXCOM G6 CONTINUOUS GLUCOSE MONITORING SYSTEM,CONTINUOUS GLUCOSE MONITOR,K0553,Ther cgm supply allowance,cgm_supply,medium
3004753838-2020-039136,Malfunction,2020-04-17,2020-04-28,"DEXCOM, INC.",,,QBJ,QBJ,DEXCOM G6 CONTINUOUS GLUCOSE MONITORING SYSTEM,CONTINUOUS GLUCOSE MONITOR,K0554,Ther cgm receiver/monitor,cgm_receiver,medium
3004753838-2020-039138,Malfunction,2020-04-04,2020-04-27,"DEXCOM, INC.",,,QBJ,QBJ,DEXCOM G6 CONTINUOUS GLUCOSE MONITORING SYSTEM,CONTINUOUS GLUCOSE MONITOR,K0553,Ther cgm supply allowance,cgm_supply,medium
3004753838-2020-039138,Malfunction,2020-04-04,2020-04-27,"DEXCOM, INC.",,,QBJ,QBJ,DEXCOM G6 CONTINUOUS GLUCOSE MONITORING SYSTEM,CONTINUOUS GLUCOSE MONITOR,K0554,Ther cgm receiver/monitor,cgm_receiver,medium
3004753838-2020-039140,Malfunction,2020-04-01,2020-04-28,"DEXCOM, INC.",,,QBJ,QBJ,DEXCOM G6 CONTINUOUS GLUCOSE MONITORING SYSTEM,CONTINUOUS GLUCOSE MONITOR,K0553,Ther cgm supply allowance,cgm_supply,medium
3004753838-2020-039140,Malfunction,2020-04-01,2020-04-28,"DEXCOM, INC.",,,QBJ,QBJ,DEXCOM G6 CONTINUOUS GLUCOSE MONITORING SYSTEM,CONTINUOUS GLUCOSE MONITOR,K0554,Ther cgm receiver/monitor,cgm_receiver,medium
3004753838-2020-039141,Malfunction,2020-03-29,2020-04-27,"DEXCOM, INC.",,,QBJ,QBJ,DEXCOM G6 CONTINUOUS GLUCOSE MONITORING SYSTEM,CONTINUOUS GLUCOSE MONITOR,K0553,Ther cgm supply allowance,cgm_supply,medium
3004753838-2020-039141,Malfunction,2020-03-29,2020-04-27,"DEXCOM, INC.",,,QBJ,QBJ,DEXCOM G6 CONTINUOUS GLUCOSE MONITORING SYSTEM,CONTINUOUS GLUCOSE MONITOR,K0554,Ther cgm receiver/monitor,cgm_receiver,medium
3004753838-2020-039142,Malfunction,2020-04-17,2020-04-28,"DEXCOM, INC.",,,QBJ,QBJ,DEXCOM G6 CONTINUOUS GLUCOSE MONITORING SYSTEM,CONTINUOUS GLUCOSE MONITOR,K0553,Ther cgm supply allowance,cgm_supply,medium
3004753838-2020-039142,Malfunction,2020-04-17,2020-04-28,"DEXCOM, INC.",,,QBJ,QBJ,DEXCOM G6 CONTINUOUS GLUCOSE MONITORING SYSTEM,CONTINUOUS GLUCOSE MONITOR,K0554,Ther cgm receiver/monitor,cgm_receiver,medium
3004753838-2020-039143,Malfunction,2020-04-07,2020-04-27,"DEXCOM, INC.",,,QBJ,QBJ,DEXCOM G6 CONTINUOUS GLUCOSE MONITORING SYSTEM,CONTINUOUS GLUCOSE MONITOR,K0553,Ther cgm supply allowance,cgm_supply,medium
3004753838-2020-039143,Malfunction,2020-04-07,2020-04-27,"DEXCOM, INC.",,,QBJ,QBJ,DEXCOM G6 CONTINUOUS GLUCOSE MONITORING SYSTEM,CONTINUOUS GLUCOSE MONITOR,K0554,Ther cgm receiver/monitor,cgm_receiver,medium
3004753838-2020-039144,Malfunction,2020-04-04,2020-04-27,"DEXCOM, INC.",,,QBJ,QBJ,DEXCOM G6 CONTINUOUS GLUCOSE MONITORING SYSTEM,CONTINUOUS GLUCOSE MONITOR,K0553,Ther cgm supply allowance,cgm_supply,medium
3004753838-2020-039144,Malfunction,2020-04-04,2020-04-27,"DEXCOM, INC.",,,QBJ,QBJ,DEXCOM G6 CONTINUOUS GLUCOSE MONITORING SYSTEM,CONTINUOUS GLUCOSE MONITOR,K0554,Ther cgm receiver/monitor,cgm_receiver,medium
3004753838-2020-039145,Malfunction,2020-04-08,2020-04-27,"DEXCOM, INC.",,,QBJ,QBJ,DEXCOM G6 CONTINUOUS GLUCOSE MONITORING SYSTEM,CONTINUOUS GLUCOSE MONITOR,K0553,Ther cgm supply allowance,cgm_supply,medium
3004753838-2020-039145,Malfunction,2020-04-08,2020-04-27,"DEXCOM, INC.",,,QBJ,QBJ,DEXCOM G6 CONTINUOUS GLUCOSE MONITORING SYSTEM,CONTINUOUS GLUCOSE MONITOR,K0554,Ther cgm receiver/monitor,cgm_receiver,medium
3004753838-2020-039146,Malfunction,2020-04-03,2020-04-27,"DEXCOM, INC.",,,QBJ,QBJ,DEXCOM G6 CONTINUOUS GLUCOSE MONITORING SYSTEM,CONTINUOUS GLUCOSE MONITOR,K0553,Ther cgm supply allowance,cgm_supply,medium
3004753838-2020-039146,Malfunction,2020-04-03,2020-04-27,"DEXCOM, INC.",,,QBJ,QBJ,DEXCOM G6 CONTINUOUS GLUCOSE MONITORING SYSTEM,CONTINUOUS GLUCOSE MONITOR,K0554,Ther cgm receiver/monitor,cgm_receiver,medium
3004753838-2020-039150,Malfunction,2020-04-14,2020-04-28,"DEXCOM, INC.",,,QBJ,QBJ,DEXCOM G6 CONTINUOUS GLUCOSE MONITORING SYSTEM,CONTINUOUS GLUCOSE MONITOR,K0553,Ther cgm supply allowance,cgm_supply,medium
3004753838-2020-039150,Malfunction,2020-04-14,2020-04-28,"DEXCOM, INC.",,,QBJ,QBJ,DEXCOM G6 CONTINUOUS GLUCOSE MONITORING SYSTEM,CONTINUOUS GLUCOSE MONITOR,K0554,Ther cgm receiver/monitor,cgm_receiver,medium
3004753838-2020-039151,Malfunction,2020-03-17,2020-04-28,"DEXCOM, INC.",,,QBJ,QBJ,DEXCOM G6 CONTINUOUS GLUCOSE MONITORING SYSTEM,CONTINUOUS GLUCOSE MONITOR,K0553,Ther cgm supply allowance,cgm_supply,medium
3004753838-2020-039151,Malfunction,2020-03-17,2020-04-28,"DEXCOM, INC.",,,QBJ,QBJ,DEXCOM G6 CONTINUOUS GLUCOSE MONITORING SYSTEM,CONTINUOUS GLUCOSE MONITOR,K0554,Ther cgm receiver/monitor,cgm_receiver,medium
3004753838-2020-039152,Malfunction,2020-04-15,2020-04-28,"DEXCOM, INC.",,,QBJ,QBJ,DEXCOM G6 CONTINUOUS GLUCOSE MONITORING SYSTEM,CONTINUOUS GLUCOSE MONITOR,K0553,Ther cgm supply allowance,cgm_supply,medium
3004753838-2020-039152,Malfunction,2020-04-15,2020-04-28,"DEXCOM, INC.",,,QBJ,QBJ,DEXCOM G6 CONTINUOUS GLUCOSE MONITORING SYSTEM,CONTINUOUS GLUCOSE MONITOR,K0554,Ther cgm receiver/monitor,cgm_receiver,medium
3004753838-2020-039153,Malfunction,2020-04-16,2020-04-28,"DEXCOM, INC.",,,QBJ,QBJ,DEXCOM G6 CONTINUOUS GLUCOSE MONITORING SYSTEM,CONTINUOUS GLUCOSE MONITOR,K0553,Ther cgm supply allowance,cgm_supply,medium
3004753838-2020-039153,Malfunction,2020-04-16,2020-04-28,"DEXCOM, INC.",,,QBJ,QBJ,DEXCOM G6 CONTINUOUS GLUCOSE MONITORING SYSTEM,CONTINUOUS GLUCOSE MONITOR,K0554,Ther cgm receiver/monitor,cgm_receiver,medium
3004753838-2020-039154,Malfunction,2020-03-17,2020-04-28,"DEXCOM, INC.",,,QBJ,QBJ,DEXCOM G6 CONTINUOUS GLUCOSE MONITORING SYSTEM,CONTINUOUS GLUCOSE MONITOR,K0553,Ther cgm supply allowance,cgm_supply,medium
3004753838-2020-039154,Malfunction,2020-03-17,2020-04-28,"DEXCOM, INC.",,,QBJ,QBJ,DEXCOM G6 CONTINUOUS GLUCOSE MONITORING SYSTEM,CONTINUOUS GLUCOSE MONITOR,K0554,Ther cgm receiver/monitor,cgm_receiver,medium
3004753838-2020-039156,Malfunction,2020-04-11,2020-04-28,"DEXCOM, INC.",,,QBJ,QBJ,DEXCOM G6 CONTINUOUS GLUCOSE MONITORING SYSTEM,CONTINUOUS GLUCOSE MONITOR,K0553,Ther cgm supply allowance,cgm_supply,medium
3004753838-2020-039156,Malfunction,2020-04-11,2020-04-28,"DEXCOM, INC.",,,QBJ,QBJ,DEXCOM G6 CONTINUOUS GLUCOSE MONITORING SYSTEM,CONTINUOUS GLUCOSE MONITOR,K0554,Ther cgm receiver/monitor,cgm_receiver,medium
3004753838-2020-039157,Malfunction,2020-03-23,2020-04-28,"DEXCOM, INC.",,,QBJ,QBJ,DEXCOM G6 CONTINUOUS GLUCOSE MONITORING SYSTEM,CONTINUOUS GLUCOSE MONITOR,K0553,Ther cgm supply allowance,cgm_supply,medium
3004753838-2020-039157,Malfunction,2020-03-23,2020-04-28,"DEXCOM, INC.",,,QBJ,QBJ,DEXCOM G6 CONTINUOUS GLUCOSE MONITORING SYSTEM,CONTINUOUS GLUCOSE MONITOR,K0554,Ther cgm receiver/monitor,cgm_receiver,medium
3004753838-2020-039158,Malfunction,2020-04-04,2020-04-27,"DEXCOM, INC.",,,QBJ,QBJ,DEXCOM G6 CONTINUOUS GLUCOSE MONITORING SYSTEM,CONTINUOUS GLUCOSE MONITOR,K0553,Ther cgm supply allowance,cgm_supply,medium
3004753838-2020-039158,Malfunction,2020-04-04,2020-04-27,"DEXCOM, INC.",,,QBJ,QBJ,DEXCOM G6 CONTINUOUS GLUCOSE MONITORING SYSTEM,CONTINUOUS GLUCOSE MONITOR,K0554,Ther cgm receiver/monitor,cgm_receiver,medium
3004753838-2020-039159,Malfunction,2020-04-03,2020-04-27,"DEXCOM, INC.",,,QBJ,QBJ,DEXCOM G6 CONTINUOUS GLUCOSE MONITORING SYSTEM,CONTINUOUS GLUCOSE MONITOR,K0553,Ther cgm supply allowance,cgm_supply,medium
3004753838-2020-039159,Malfunction,2020-04-03,2020-04-27,"DEXCOM, INC.",,,QBJ,QBJ,DEXCOM G6 CONTINUOUS GLUCOSE MONITORING SYSTEM,CONTINUOUS GLUCOSE MONITOR,K0554,Ther cgm receiver/monitor,cgm_receiver,medium
3004753838-2020-039160,Malfunction,2020-04-18,2020-04-28,"DEXCOM, INC.",,,QBJ,QBJ,DEXCOM G6 CONTINUOUS GLUCOSE MONITORING SYSTEM,CONTINUOUS GLUCOSE MONITOR,K0553,Ther cgm supply allowance,cgm_supply,medium
3004753838-2020-039160,Malfunction,2020-04-18,2020-04-28,"DEXCOM, INC.",,,QBJ,QBJ,DEXCOM G6 CONTINUOUS GLUCOSE MONITORING SYSTEM,CONTINUOUS GLUCOSE MONITOR,K0554,Ther cgm receiver/monitor,cgm_receiver,medium
3004753838-2020-039161,Malfunction,2020-04-13,2020-04-28,"DEXCOM, INC.",,,QBJ,QBJ,DEXCOM G6 CONTINUOUS GLUCOSE MONITORING SYSTEM,CONTINUOUS GLUCOSE MONITOR,K0553,Ther cgm supply allowance,cgm_supply,medium
3004753838-2020-039161,Malfunction,2020-04-13,2020-04-28,"DEXCOM, INC.",,,QBJ,QBJ,DEXCOM G6 CONTINUOUS GLUCOSE MONITORING SYSTEM,CONTINUOUS GLUCOSE MONITOR,K0554,Ther cgm receiver/monitor,cgm_receiver,medium
3004753838-2020-039162,Malfunction,2020-03-19,2020-04-27,"DEXCOM, INC.",,,QBJ,QBJ,DEXCOM G6 CONTINUOUS GLUCOSE MONITORING SYSTEM,CONTINUOUS GLUCOSE MONITOR,K0553,Ther cgm supply allowance,cgm_supply,medium
3004753838-2020-039162,Malfunction,2020-03-19,2020-04-27,"DEXCOM, INC.",,,QBJ,QBJ,DEXCOM G6 CONTINUOUS GLUCOSE MONITORING SYSTEM,CONTINUOUS GLUCOSE MONITOR,K0554,Ther cgm receiver/monitor,cgm_receiver,medium
3004753838-2020-039163,Malfunction,2020-04-03,2020-04-27,"DEXCOM, INC.",,,QBJ,QBJ,DEXCOM G6 CONTINUOUS GLUCOSE MONITORING SYSTEM,CONTINUOUS GLUCOSE MONITOR,K0553,Ther cgm supply allowance,cgm_supply,medium
3004753838-2020-039163,Malfunction,2020-04-03,2020-04-27,"DEXCOM, INC.",,,QBJ,QBJ,DEXCOM G6 CONTINUOUS GLUCOSE MONITORING SYSTEM,CONTINUOUS GLUCOSE MONITOR,K0554,Ther cgm receiver/monitor,cgm_receiver,medium
3004753838-2020-039164,Malfunction,2020-04-20,2020-04-28,"DEXCOM, INC.",,,QBJ,QBJ,DEXCOM G6 CONTINUOUS GLUCOSE MONITORING SYSTEM,CONTINUOUS GLUCOSE MONITOR,K0553,Ther cgm supply allowance,cgm_supply,medium
3004753838-2020-039164,Malfunction,2020-04-20,2020-04-28,"DEXCOM, INC.",,,QBJ,QBJ,DEXCOM G6 CONTINUOUS GLUCOSE MONITORING SYSTEM,CONTINUOUS GLUCOSE MONITOR,K0554,Ther cgm receiver/monitor,cgm_receiver,medium
3004753838-2020-039165,Malfunction,2020-04-18,2020-04-28,"DEXCOM, INC.",,,QBJ,QBJ,DEXCOM G6 CONTINUOUS GLUCOSE MONITORING SYSTEM,CONTINUOUS GLUCOSE MONITOR,K0553,Ther cgm supply allowance,cgm_supply,medium
3004753838-2020-039165,Malfunction,2020-04-18,2020-04-28,"DEXCOM, INC.",,,QBJ,QBJ,DEXCOM G6 CONTINUOUS GLUCOSE MONITORING SYSTEM,CONTINUOUS GLUCOSE MONITOR,K0554,Ther cgm receiver/monitor,cgm_receiver,medium
3004753838-2020-039166,Malfunction,2020-04-14,2020-04-28,"DEXCOM, INC.",,,QBJ,QBJ,DEXCOM G6 CONTINUOUS GLUCOSE MONITORING SYSTEM,CONTINUOUS GLUCOSE MONITOR,K0553,Ther cgm supply allowance,cgm_supply,medium
3004753838-2020-039166,Malfunction,2020-04-14,2020-04-28,"DEXCOM, INC.",,,QBJ,QBJ,DEXCOM G6 CONTINUOUS GLUCOSE MONITORING SYSTEM,CONTINUOUS GLUCOSE MONITOR,K0554,Ther cgm receiver/monitor,cgm_receiver,medium
3004753838-2020-039167,Malfunction,2020-04-04,2020-04-27,"DEXCOM, INC.",,,QBJ,QBJ,DEXCOM G6 CONTINUOUS GLUCOSE MONITORING SYSTEM,CONTINUOUS GLUCOSE MONITOR,K0553,Ther cgm supply allowance,cgm_supply,medium
3004753838-2020-039167,Malfunction,2020-04-04,2020-04-27,"DEXCOM, INC.",,,QBJ,QBJ,DEXCOM G6 CONTINUOUS GLUCOSE MONITORING SYSTEM,CONTINUOUS GLUCOSE MONITOR,K0554,Ther cgm receiver/monitor,cgm_receiver,medium
3004753838-2020-039168,Malfunction,2020-04-08,2020-04-27,"DEXCOM, INC.",,,QBJ,QBJ,DEXCOM G6 CONTINUOUS GLUCOSE MONITORING SYSTEM,CONTINUOUS GLUCOSE MONITOR,K0553,Ther cgm supply allowance,cgm_supply,medium
3004753838-2020-039168,Malfunction,2020-04-08,2020-04-27,"DEXCOM, INC.",,,QBJ,QBJ,DEXCOM G6 CONTINUOUS GLUCOSE MONITORING SYSTEM,CONTINUOUS GLUCOSE MONITOR,K0554,Ther cgm receiver/monitor,cgm_receiver,medium
3004753838-2020-039169,Malfunction,2020-04-06,2020-04-27,"DEXCOM, INC.",,,QBJ,QBJ,DEXCOM G6 CONTINUOUS GLUCOSE MONITORING SYSTEM,CONTINUOUS GLUCOSE MONITOR,K0553,Ther cgm supply allowance,cgm_supply,medium
3004753838-2020-039169,Malfunction,2020-04-06,2020-04-27,"DEXCOM, INC.",,,QBJ,QBJ,DEXCOM G6 CONTINUOUS GLUCOSE MONITORING SYSTEM,CONTINUOUS GLUCOSE MONITOR,K0554,Ther cgm receiver/monitor,cgm_receiver,medium
3004753838-2020-039170,Malfunction,2020-04-08,2020-04-27,"DEXCOM, INC.",,,QBJ,QBJ,DEXCOM G6 CONTINUOUS GLUCOSE MONITORING SYSTEM,CONTINUOUS GLUCOSE MONITOR,K0553,Ther cgm supply allowance,cgm_supply,medium
3004753838-2020-039170,Malfunction,2020-04-08,2020-04-27,"DEXCOM, INC.",,,QBJ,QBJ,DEXCOM G6 CONTINUOUS GLUCOSE MONITORING SYSTEM,CONTINUOUS GLUCOSE MONITOR,K0554,Ther cgm receiver/monitor,cgm_receiver,medium
3004753838-2020-039171,Malfunction,2020-04-07,2020-04-27,"DEXCOM, INC.",,,QBJ,QBJ,DEXCOM G6 CONTINUOUS GLUCOSE MONITORING SYSTEM,CONTINUOUS GLUCOSE MONITOR,K0553,Ther cgm supply allowance,cgm_supply,medium
3004753838-2020-039171,Malfunction,2020-04-07,2020-04-27,"DEXCOM, INC.",,,QBJ,QBJ,DEXCOM G6 CONTINUOUS GLUCOSE MONITORING SYSTEM,CONTINUOUS GLUCOSE MONITOR,K0554,Ther cgm receiver/monitor,cgm_receiver,medium
3004753838-2020-039172,Malfunction,2020-04-18,2020-04-28,"DEXCOM, INC.",,,QBJ,QBJ,DEXCOM G6 CONTINUOUS GLUCOSE MONITORING SYSTEM,CONTINUOUS GLUCOSE MONITOR,K0553,Ther cgm supply allowance,cgm_supply,medium
3004753838-2020-039172,Malfunction,2020-04-18,2020-04-28,"DEXCOM, INC.",,,QBJ,QBJ,DEXCOM G6 CONTINUOUS GLUCOSE MONITORING SYSTEM,CONTINUOUS GLUCOSE MONITOR,K0554,Ther cgm receiver/monitor,cgm_receiver,medium
3004753838-2020-039173,Malfunction,2020-04-14,2020-04-28,"DEXCOM, INC.",,,QBJ,QBJ,DEXCOM G6 CONTINUOUS GLUCOSE MONITORING SYSTEM,CONTINUOUS GLUCOSE MONITOR,K0553,Ther cgm supply allowance,cgm_supply,medium
3004753838-2020-039173,Malfunction,2020-04-14,2020-04-28,"DEXCOM, INC.",,,QBJ,QBJ,DEXCOM G6 CONTINUOUS GLUCOSE MONITORING SYSTEM,CONTINUOUS GLUCOSE MONITOR,K0554,Ther cgm receiver/monitor,cgm_receiver,medium
3004753838-2020-039174,Malfunction,2020-04-20,2020-04-28,"DEXCOM, INC.",,,QBJ,QBJ,DEXCOM G6 CONTINUOUS GLUCOSE MONITORING SYSTEM,CONTINUOUS GLUCOSE MONITOR,K0553,Ther cgm supply allowance,cgm_supply,medium
3004753838-2020-039174,Malfunction,2020-04-20,2020-04-28,"DEXCOM, INC.",,,QBJ,QBJ,DEXCOM G6 CONTINUOUS GLUCOSE MONITORING SYSTEM,CONTINUOUS GLUCOSE MONITOR,K0554,Ther cgm receiver/monitor,cgm_receiver,medium
3004753838-2020-039175,Malfunction,2020-04-15,2020-04-27,"DEXCOM, INC.",,,QBJ,QBJ,DEXCOM G6 CONTINUOUS GLUCOSE MONITORING SYSTEM,CONTINUOUS GLUCOSE MONITOR,K0553,Ther cgm supply allowance,cgm_supply,medium
3004753838-2020-039175,Malfunction,2020-04-15,2020-04-27,"DEXCOM, INC.",,,QBJ,QBJ,DEXCOM G6 CONTINUOUS GLUCOSE MONITORING SYSTEM,CONTINUOUS GLUCOSE MONITOR,K0554,Ther cgm receiver/monitor,cgm_receiver,medium
3004753838-2020-039177,Malfunction,2020-04-16,2020-04-27,"DEXCOM, INC.",,,QBJ,QBJ,DEXCOM G6 CONTINUOUS GLUCOSE MONITORING SYSTEM,CONTINUOUS GLUCOSE MONITOR,K0553,Ther cgm supply allowance,cgm_supply,medium
3004753838-2020-039177,Malfunction,2020-04-16,2020-04-27,"DEXCOM, INC.",,,QBJ,QBJ,DEXCOM G6 CONTINUOUS GLUCOSE MONITORING SYSTEM,CONTINUOUS GLUCOSE MONITOR,K0554,Ther cgm receiver/monitor,cgm_receiver,medium
3004753838-2020-039179,Malfunction,2020-03-18,2020-04-28,"DEXCOM, INC.",,,QBJ,QBJ,DEXCOM G6 CONTINUOUS GLUCOSE MONITORING SYSTEM,CONTINUOUS GLUCOSE MONITOR,K0553,Ther cgm supply allowance,cgm_supply,medium
3004753838-2020-039179,Malfunction,2020-03-18,2020-04-28,"DEXCOM, INC.",,,QBJ,QBJ,DEXCOM G6 CONTINUOUS GLUCOSE MONITORING SYSTEM,CONTINUOUS GLUCOSE MONITOR,K0554,Ther cgm receiver/monitor,cgm_receiver,medium
3004753838-2020-039180,Malfunction,2020-04-09,2020-04-27,"DEXCOM, INC.",,,QBJ,QBJ,DEXCOM G6 CONTINUOUS GLUCOSE MONITORING SYSTEM,CONTINUOUS GLUCOSE MONITOR,K0553,Ther cgm supply allowance,cgm_supply,medium
3004753838-2020-039180,Malfunction,2020-04-09,2020-04-27,"DEXCOM, INC.",,,QBJ,QBJ,DEXCOM G6 CONTINUOUS GLUCOSE MONITORING SYSTEM,CONTINUOUS GLUCOSE MONITOR,K0554,Ther cgm receiver/monitor,cgm_receiver,medium
3004753838-2020-039183,Malfunction,2020-01-26,2020-04-27,"DEXCOM, INC.",,,QBJ,QBJ,DEXCOM G6 CONTINUOUS GLUCOSE MONITORING SYSTEM,CONTINUOUS GLUCOSE MONITOR,K0553,Ther cgm supply allowance,cgm_supply,medium
3004753838-2020-039183,Malfunction,2020-01-26,2020-04-27,"DEXCOM, INC.",,,QBJ,QBJ,DEXCOM G6 CONTINUOUS GLUCOSE MONITORING SYSTEM,CONTINUOUS GLUCOSE MONITOR,K0554,Ther cgm receiver/monitor,cgm_receiver,medium
3004753838-2020-039185,Malfunction,2020-04-04,2020-04-27,"DEXCOM, INC.",,,QBJ,QBJ,DEXCOM G6 CONTINUOUS GLUCOSE MONITORING SYSTEM,CONTINUOUS GLUCOSE MONITOR,K0553,Ther cgm supply allowance,cgm_supply,medium
3004753838-2020-039185,Malfunction,2020-04-04,2020-04-27,"DEXCOM, INC.",,,QBJ,QBJ,DEXCOM G6 CONTINUOUS GLUCOSE MONITORING SYSTEM,CONTINUOUS GLUCOSE MONITOR,K0554,Ther cgm receiver/monitor,cgm_receiver,medium
3004753838-2020-039187,Malfunction,2020-04-05,2020-04-28,"DEXCOM, INC.",,,QBJ,QBJ,DEXCOM G6 CONTINUOUS GLUCOSE MONITORING SYSTEM,CONTINUOUS GLUCOSE MONITOR,K0553,Ther cgm supply allowance,cgm_supply,medium
3004753838-2020-039187,Malfunction,2020-04-05,2020-04-28,"DEXCOM, INC.",,,QBJ,QBJ,DEXCOM G6 CONTINUOUS GLUCOSE MONITORING SYSTEM,CONTINUOUS GLUCOSE MONITOR,K0554,Ther cgm receiver/monitor,cgm_receiver,medium
3004753838-2020-039188,Malfunction,2020-04-15,2020-04-27,"DEXCOM, INC.",,,QBJ,QBJ,DEXCOM G6 CONTINUOUS GLUCOSE MONITORING SYSTEM,CONTINUOUS GLUCOSE MONITOR,K0553,Ther cgm supply allowance,cgm_supply,medium
3004753838-2020-039188,Malfunction,2020-04-15,2020-04-27,"DEXCOM, INC.",,,QBJ,QBJ,DEXCOM G6 CONTINUOUS GLUCOSE MONITORING SYSTEM,CONTINUOUS GLUCOSE MONITOR,K0554,Ther cgm receiver/monitor,cgm_receiver,medium
3004753838-2020-039190,Malfunction,2020-04-15,2020-04-28,"DEXCOM, INC.",,,QBJ,QBJ,DEXCOM G6 CONTINUOUS GLUCOSE MONITORING SYSTEM,CONTINUOUS GLUCOSE MONITOR,K0553,Ther cgm supply allowance,cgm_supply,medium
3004753838-2020-039190,Malfunction,2020-04-15,2020-04-28,"DEXCOM, INC.",,,QBJ,QBJ,DEXCOM G6 CONTINUOUS GLUCOSE MONITORING SYSTEM,CONTINUOUS GLUCOSE MONITOR,K0554,Ther cgm receiver/monitor,cgm_receiver,medium
3004753838-2020-039191,Malfunction,2020-04-04,2020-04-27,"DEXCOM, INC.",,,QBJ,QBJ,DEXCOM G6 CONTINUOUS GLUCOSE MONITORING SYSTEM,CONTINUOUS GLUCOSE MONITOR,K0553,Ther cgm supply allowance,cgm_supply,medium
3004753838-2020-039191,Malfunction,2020-04-04,2020-04-27,"DEXCOM, INC.",,,QBJ,QBJ,DEXCOM G6 CONTINUOUS GLUCOSE MONITORING SYSTEM,CONTINUOUS GLUCOSE MONITOR,K0554,Ther cgm receiver/monitor,cgm_receiver,medium
3004753838-2020-039192,Malfunction,2020-04-07,2020-04-28,"DEXCOM, INC.",,,QBJ,QBJ,DEXCOM G6 CONTINUOUS GLUCOSE MONITORING SYSTEM,CONTINUOUS GLUCOSE MONITOR,K0553,Ther cgm supply allowance,cgm_supply,medium
3004753838-2020-039192,Malfunction,2020-04-07,2020-04-28,"DEXCOM, INC.",,,QBJ,QBJ,DEXCOM G6 CONTINUOUS GLUCOSE MONITORING SYSTEM,CONTINUOUS GLUCOSE MONITOR,K0554,Ther cgm receiver/monitor,cgm_receiver,medium
3004753838-2020-039193,Malfunction,2020-04-08,2020-04-28,"DEXCOM, INC.",,,QBJ,QBJ,DEXCOM G6 CONTINUOUS GLUCOSE MONITORING SYSTEM,CONTINUOUS GLUCOSE MONITOR,K0553,Ther cgm supply allowance,cgm_supply,medium
3004753838-2020-039193,Malfunction,2020-04-08,2020-04-28,"DEXCOM, INC.",,,QBJ,QBJ,DEXCOM G6 CONTINUOUS GLUCOSE MONITORING SYSTEM,CONTINUOUS GLUCOSE MONITOR,K0554,Ther cgm receiver/monitor,cgm_receiver,medium
3004753838-2020-039194,Malfunction,2020-04-06,2020-04-28,"DEXCOM, INC.",,,QBJ,QBJ,DEXCOM G6 CONTINUOUS GLUCOSE MONITORING SYSTEM,CONTINUOUS GLUCOSE MONITOR,K0553,Ther cgm supply allowance,cgm_supply,medium
3004753838-2020-039194,Malfunction,2020-04-06,2020-04-28,"DEXCOM, INC.",,,QBJ,QBJ,DEXCOM G6 CONTINUOUS GLUCOSE MONITORING SYSTEM,CONTINUOUS GLUCOSE MONITOR,K0554,Ther cgm receiver/monitor,cgm_receiver,medium
3004753838-2020-039196,Malfunction,2020-04-03,2020-04-28,"DEXCOM, INC.",,,QBJ,QBJ,DEXCOM G6 CONTINUOUS GLUCOSE MONITORING SYSTEM,CONTINUOUS GLUCOSE MONITOR,K0553,Ther cgm supply allowance,cgm_supply,medium
3004753838-2020-039196,Malfunction,2020-04-03,2020-04-28,"DEXCOM, INC.",,,QBJ,QBJ,DEXCOM G6 CONTINUOUS GLUCOSE MONITORING SYSTEM,CONTINUOUS GLUCOSE MONITOR,K0554,Ther cgm receiver/monitor,cgm_receiver,medium
3004753838-2020-039197,Malfunction,2020-03-27,2020-04-27,"DEXCOM, INC.",,,QBJ,QBJ,DEXCOM G6 CONTINUOUS GLUCOSE MONITORING SYSTEM,CONTINUOUS GLUCOSE MONITOR,K0553,Ther cgm supply allowance,cgm_supply,medium
3004753838-2020-039197,Malfunction,2020-03-27,2020-04-27,"DEXCOM, INC.",,,QBJ,QBJ,DEXCOM G6 CONTINUOUS GLUCOSE MONITORING SYSTEM,CONTINUOUS GLUCOSE MONITOR,K0554,Ther cgm receiver/monitor,cgm_receiver,medium
3004753838-2020-039198,Malfunction,2020-04-22,2020-04-27,"DEXCOM, INC.",,,QBJ,QBJ,DEXCOM G6 CONTINUOUS GLUCOSE MONITORING SYSTEM,CONTINUOUS GLUCOSE MONITOR,K0553,Ther cgm supply allowance,cgm_supply,medium
3004753838-2020-039198,Malfunction,2020-04-22,2020-04-27,"DEXCOM, INC.",,,QBJ,QBJ,DEXCOM G6 CONTINUOUS GLUCOSE MONITORING SYSTEM,CONTINUOUS GLUCOSE MONITOR,K0554,Ther cgm receiver/monitor,cgm_receiver,medium
3004753838-2020-039199,Malfunction,2020-04-11,2020-04-27,"DEXCOM, INC.",,,QBJ,QBJ,DEXCOM G6 CONTINUOUS GLUCOSE MONITORING SYSTEM,CONTINUOUS GLUCOSE MONITOR,K0553,Ther cgm supply allowance,cgm_supply,medium
3004753838-2020-039199,Malfunction,2020-04-11,2020-04-27,"DEXCOM, INC.",,,QBJ,QBJ,DEXCOM G6 CONTINUOUS GLUCOSE MONITORING SYSTEM,CONTINUOUS GLUCOSE MONITOR,K0554,Ther cgm receiver/monitor,cgm_receiver,medium
3004753838-2020-039200,Malfunction,2020-04-08,2020-04-28,"DEXCOM, INC.",,,QBJ,QBJ,DEXCOM G6 CONTINUOUS GLUCOSE MONITORING SYSTEM,CONTINUOUS GLUCOSE MONITOR,K0553,Ther cgm supply allowance,cgm_supply,medium
3004753838-2020-039200,Malfunction,2020-04-08,2020-04-28,"DEXCOM, INC.",,,QBJ,QBJ,DEXCOM G6 CONTINUOUS GLUCOSE MONITORING SYSTEM,CONTINUOUS GLUCOSE MONITOR,K0554,Ther cgm receiver/monitor,cgm_receiver,medium
3004753838-2020-039201,Malfunction,2020-04-04,2020-04-27,"DEXCOM, INC.",,,QBJ,QBJ,DEXCOM G6 CONTINUOUS GLUCOSE MONITORING SYSTEM,CONTINUOUS GLUCOSE MONITOR,K0553,Ther cgm supply allowance,cgm_supply,medium
3004753838-2020-039201,Malfunction,2020-04-04,2020-04-27,"DEXCOM, INC.",,,QBJ,QBJ,DEXCOM G6 CONTINUOUS GLUCOSE MONITORING SYSTEM,CONTINUOUS GLUCOSE MONITOR,K0554,Ther cgm receiver/monitor,cgm_receiver,medium
3004753838-2020-039204,Malfunction,2020-03-30,2020-04-27,"DEXCOM, INC.",,,QBJ,QBJ,DEXCOM G6 CONTINUOUS GLUCOSE MONITORING SYSTEM,CONTINUOUS GLUCOSE MONITOR,K0553,Ther cgm supply allowance,cgm_supply,medium
3004753838-2020-039204,Malfunction,2020-03-30,2020-04-27,"DEXCOM, INC.",,,QBJ,QBJ,DEXCOM G6 CONTINUOUS GLUCOSE MONITORING SYSTEM,CONTINUOUS GLUCOSE MONITOR,K0554,Ther cgm receiver/monitor,cgm_receiver,medium
3004753838-2020-039205,Malfunction,2020-04-24,2020-04-27,"DEXCOM, INC.",,,QBJ,QBJ,DEXCOM G6 CONTINUOUS GLUCOSE MONITORING SYSTEM,CONTINUOUS GLUCOSE MONITOR,K0553,Ther cgm supply allowance,cgm_supply,medium
3004753838-2020-039205,Malfunction,2020-04-24,2020-04-27,"DEXCOM, INC.",,,QBJ,QBJ,DEXCOM G6 CONTINUOUS GLUCOSE MONITORING SYSTEM,CONTINUOUS GLUCOSE MONITOR,K0554,Ther cgm receiver/monitor,cgm_receiver,medium
3004753838-2020-039206,Malfunction,2020-04-04,2020-04-27,"DEXCOM, INC.",,,QBJ,QBJ,DEXCOM G6 CONTINUOUS GLUCOSE MONITORING SYSTEM,CONTINUOUS GLUCOSE MONITOR,K0553,Ther cgm supply allowance,cgm_supply,medium
3004753838-2020-039206,Malfunction,2020-04-04,2020-04-27,"DEXCOM, INC.",,,QBJ,QBJ,DEXCOM G6 CONTINUOUS GLUCOSE MONITORING SYSTEM,CONTINUOUS GLUCOSE MONITOR,K0554,Ther cgm receiver/monitor,cgm_receiver,medium
3004753838-2020-039207,Malfunction,2020-04-15,2020-04-27,"DEXCOM, INC.",,,QBJ,QBJ,DEXCOM G6 CONTINUOUS GLUCOSE MONITORING SYSTEM,CONTINUOUS GLUCOSE MONITOR,K0553,Ther cgm supply allowance,cgm_supply,medium
3004753838-2020-039207,Malfunction,2020-04-15,2020-04-27,"DEXCOM, INC.",,,QBJ,QBJ,DEXCOM G6 CONTINUOUS GLUCOSE MONITORING SYSTEM,CONTINUOUS GLUCOSE MONITOR,K0554,Ther cgm receiver/monitor,cgm_receiver,medium
3004753838-2020-039208,Malfunction,2020-04-04,2020-04-27,"DEXCOM, INC.",,,QBJ,QBJ,DEXCOM G6 CONTINUOUS GLUCOSE MONITORING SYSTEM,CONTINUOUS GLUCOSE MONITOR,K0553,Ther cgm supply allowance,cgm_supply,medium
3004753838-2020-039208,Malfunction,2020-04-04,2020-04-27,"DEXCOM, INC.",,,QBJ,QBJ,DEXCOM G6 CONTINUOUS GLUCOSE MONITORING SYSTEM,CONTINUOUS GLUCOSE MONITOR,K0554,Ther cgm receiver/monitor,cgm_receiver,medium
3004753838-2020-039210,Malfunction,2020-04-04,2020-04-27,"DEXCOM, INC.",,,QBJ,QBJ,DEXCOM G6 CONTINUOUS GLUCOSE MONITORING SYSTEM,CONTINUOUS GLUCOSE MONITOR,K0553,Ther cgm supply allowance,cgm_supply,medium
3004753838-2020-039210,Malfunction,2020-04-04,2020-04-27,"DEXCOM, INC.",,,QBJ,QBJ,DEXCOM G6 CONTINUOUS GLUCOSE MONITORING SYSTEM,CONTINUOUS GLUCOSE MONITOR,K0554,Ther cgm receiver/monitor,cgm_receiver,medium
3004753838-2020-039211,Malfunction,2020-04-03,2020-04-27,"DEXCOM, INC.",,,QBJ,QBJ,DEXCOM G6 CONTINUOUS GLUCOSE MONITORING SYSTEM,CONTINUOUS GLUCOSE MONITOR,K0553,Ther cgm supply allowance,cgm_supply,medium
3004753838-2020-039211,Malfunction,2020-04-03,2020-04-27,"DEXCOM, INC.",,,QBJ,QBJ,DEXCOM G6 CONTINUOUS GLUCOSE MONITORING SYSTEM,CONTINUOUS GLUCOSE MONITOR,K0554,Ther cgm receiver/monitor,cgm_receiver,medium
3004753838-2020-039214,Malfunction,2020-04-24,2020-04-27,"DEXCOM, INC.",,,QBJ,QBJ,DEXCOM G6 CONTINUOUS GLUCOSE MONITORING SYSTEM,CONTINUOUS GLUCOSE MONITOR,K0553,Ther cgm supply allowance,cgm_supply,medium
3004753838-2020-039214,Malfunction,2020-04-24,2020-04-27,"DEXCOM, INC.",,,QBJ,QBJ,DEXCOM G6 CONTINUOUS GLUCOSE MONITORING SYSTEM,CONTINUOUS GLUCOSE MONITOR,K0554,Ther cgm receiver/monitor,cgm_receiver,medium
3004753838-2020-039215,Malfunction,2020-04-04,2020-04-27,"DEXCOM, INC.",,,QBJ,QBJ,DEXCOM G6 CONTINUOUS GLUCOSE MONITORING SYSTEM,CONTINUOUS GLUCOSE MONITOR,K0553,Ther cgm supply allowance,cgm_supply,medium
3004753838-2020-039215,Malfunction,2020-04-04,2020-04-27,"DEXCOM, INC.",,,QBJ,QBJ,DEXCOM G6 CONTINUOUS GLUCOSE MONITORING SYSTEM,CONTINUOUS GLUCOSE MONITOR,K0554,Ther cgm receiver/monitor,cgm_receiver,medium
3004753838-2020-039216,Malfunction,2020-04-16,2020-04-27,"DEXCOM, INC.",,,QBJ,QBJ,DEXCOM G6 CONTINUOUS GLUCOSE MONITORING SYSTEM,CONTINUOUS GLUCOSE MONITOR,K0553,Ther cgm supply allowance,cgm_supply,medium
3004753838-2020-039216,Malfunction,2020-04-16,2020-04-27,"DEXCOM, INC.",,,QBJ,QBJ,DEXCOM G6 CONTINUOUS GLUCOSE MONITORING SYSTEM,CONTINUOUS GLUCOSE MONITOR,K0554,Ther cgm receiver/monitor,cgm_receiver,medium
3004753838-2020-039220,Malfunction,2020-04-24,2020-04-27,"DEXCOM, INC.",,,QBJ,QBJ,DEXCOM G6 CONTINUOUS GLUCOSE MONITORING SYSTEM,CONTINUOUS GLUCOSE MONITOR,K0553,Ther cgm supply allowance,cgm_supply,medium
3004753838-2020-039220,Malfunction,2020-04-24,2020-04-27,"DEXCOM, INC.",,,QBJ,QBJ,DEXCOM G6 CONTINUOUS GLUCOSE MONITORING SYSTEM,CONTINUOUS GLUCOSE MONITOR,K0554,Ther cgm receiver/monitor,cgm_receiver,medium
3004753838-2020-039222,Malfunction,2020-04-04,2020-04-27,"DEXCOM, INC.",,,QBJ,QBJ,DEXCOM G6 CONTINUOUS GLUCOSE MONITORING SYSTEM,CONTINUOUS GLUCOSE MONITOR,K0553,Ther cgm supply allowance,cgm_supply,medium
3004753838-2020-039222,Malfunction,2020-04-04,2020-04-27,"DEXCOM, INC.",,,QBJ,QBJ,DEXCOM G6 CONTINUOUS GLUCOSE MONITORING SYSTEM,CONTINUOUS GLUCOSE MONITOR,K0554,Ther cgm receiver/monitor,cgm_receiver,medium
3004753838-2020-039223,Malfunction,2020-04-04,2020-04-27,"DEXCOM, INC.",,,QBJ,QBJ,DEXCOM G6 CONTINUOUS GLUCOSE MONITORING SYSTEM,CONTINUOUS GLUCOSE MONITOR,K0553,Ther cgm supply allowance,cgm_supply,medium
3004753838-2020-039223,Malfunction,2020-04-04,2020-04-27,"DEXCOM, INC.",,,QBJ,QBJ,DEXCOM G6 CONTINUOUS GLUCOSE MONITORING SYSTEM,CONTINUOUS GLUCOSE MONITOR,K0554,Ther cgm receiver/monitor,cgm_receiver,medium
3004753838-2020-039224,Malfunction,2020-04-27,2020-04-27,"DEXCOM, INC.",,,QBJ,QBJ,DEXCOM G6 CONTINUOUS GLUCOSE MONITORING SYSTEM,CONTINUOUS GLUCOSE MONITOR,K0553,Ther cgm supply allowance,cgm_supply,medium
3004753838-2020-039224,Malfunction,2020-04-27,2020-04-27,"DEXCOM, INC.",,,QBJ,QBJ,DEXCOM G6 CONTINUOUS GLUCOSE MONITORING SYSTEM,CONTINUOUS GLUCOSE MONITOR,K0554,Ther cgm receiver/monitor,cgm_receiver,medium
3004753838-2020-039225,Malfunction,2020-04-04,2020-04-27,"DEXCOM, INC.",,,QBJ,QBJ,DEXCOM G6 CONTINUOUS GLUCOSE MONITORING SYSTEM,CONTINUOUS GLUCOSE MONITOR,K0553,Ther cgm supply allowance,cgm_supply,medium
3004753838-2020-039225,Malfunction,2020-04-04,2020-04-27,"DEXCOM, INC.",,,QBJ,QBJ,DEXCOM G6 CONTINUOUS GLUCOSE MONITORING SYSTEM,CONTINUOUS GLUCOSE MONITOR,K0554,Ther cgm receiver/monitor,cgm_receiver,medium
3004753838-2020-039226,Malfunction,2020-04-01,2020-04-27,"DEXCOM, INC.",,,QBJ,QBJ,DEXCOM G6 CONTINUOUS GLUCOSE MONITORING SYSTEM,CONTINUOUS GLUCOSE MONITOR,K0553,Ther cgm supply allowance,cgm_supply,medium
3004753838-2020-039226,Malfunction,2020-04-01,2020-04-27,"DEXCOM, INC.",,,QBJ,QBJ,DEXCOM G6 CONTINUOUS GLUCOSE MONITORING SYSTEM,CONTINUOUS GLUCOSE MONITOR,K0554,Ther cgm receiver/monitor,cgm_receiver,medium
3004753838-2020-039227,Malfunction,2020-04-08,2020-04-27,"DEXCOM, INC.",,,QBJ,QBJ,DEXCOM G6 CONTINUOUS GLUCOSE MONITORING SYSTEM,CONTINUOUS GLUCOSE MONITOR,K0553,Ther cgm supply allowance,cgm_supply,medium
3004753838-2020-039227,Malfunction,2020-04-08,2020-04-27,"DEXCOM, INC.",,,QBJ,QBJ,DEXCOM G6 CONTINUOUS GLUCOSE MONITORING SYSTEM,CONTINUOUS GLUCOSE MONITOR,K0554,Ther cgm receiver/monitor,cgm_receiver,medium
3004753838-2020-039228,Malfunction,2020-04-02,2020-04-27,"DEXCOM, INC.",,,QBJ,QBJ,DEXCOM G6 CONTINUOUS GLUCOSE MONITORING SYSTEM,CONTINUOUS GLUCOSE MONITOR,K0553,Ther cgm supply allowance,cgm_supply,medium
3004753838-2020-039228,Malfunction,2020-04-02,2020-04-27,"DEXCOM, INC.",,,QBJ,QBJ,DEXCOM G6 CONTINUOUS GLUCOSE MONITORING SYSTEM,CONTINUOUS GLUCOSE MONITOR,K0554,Ther cgm receiver/monitor,cgm_receiver,medium
3004753838-2020-039229,Malfunction,2020-04-08,2020-04-27,"DEXCOM, INC.",,,QBJ,QBJ,DEXCOM G6 CONTINUOUS GLUCOSE MONITORING SYSTEM,CONTINUOUS GLUCOSE MONITOR,K0553,Ther cgm supply allowance,cgm_supply,medium
3004753838-2020-039229,Malfunction,2020-04-08,2020-04-27,"DEXCOM, INC.",,,QBJ,QBJ,DEXCOM G6 CONTINUOUS GLUCOSE MONITORING SYSTEM,CONTINUOUS GLUCOSE MONITOR,K0554,Ther cgm receiver/monitor,cgm_receiver,medium
3004753838-2020-039230,Malfunction,2020-03-21,2020-04-27,"DEXCOM, INC.",,,QBJ,QBJ,DEXCOM G6 CONTINUOUS GLUCOSE MONITORING SYSTEM,CONTINUOUS GLUCOSE MONITOR,K0553,Ther cgm supply allowance,cgm_supply,medium
3004753838-2020-039230,Malfunction,2020-03-21,2020-04-27,"DEXCOM, INC.",,,QBJ,QBJ,DEXCOM G6 CONTINUOUS GLUCOSE MONITORING SYSTEM,CONTINUOUS GLUCOSE MONITOR,K0554,Ther cgm receiver/monitor,cgm_receiver,medium
3004753838-2020-039231,Malfunction,2020-04-26,2020-04-27,"DEXCOM, INC.",,,QBJ,QBJ,DEXCOM G6 CONTINUOUS GLUCOSE MONITORING SYSTEM,CONTINUOUS GLUCOSE MONITOR,K0553,Ther cgm supply allowance,cgm_supply,medium
3004753838-2020-039231,Malfunction,2020-04-26,2020-04-27,"DEXCOM, INC.",,,QBJ,QBJ,DEXCOM G6 CONTINUOUS GLUCOSE MONITORING SYSTEM,CONTINUOUS GLUCOSE MONITOR,K0554,Ther cgm receiver/monitor,cgm_receiver,medium
3004753838-2020-039232,Malfunction,2020-03-21,2020-04-27,"DEXCOM, INC.",,,QBJ,QBJ,DEXCOM G6 CONTINUOUS GLUCOSE MONITORING SYSTEM,CONTINUOUS GLUCOSE MONITOR,K0553,Ther cgm supply allowance,cgm_supply,medium
3004753838-2020-039232,Malfunction,2020-03-21,2020-04-27,"DEXCOM, INC.",,,QBJ,QBJ,DEXCOM G6 CONTINUOUS GLUCOSE MONITORING SYSTEM,CONTINUOUS GLUCOSE MONITOR,K0554,Ther cgm receiver/monitor,cgm_receiver,medium
3004753838-2020-039233,Malfunction,2020-03-28,2020-04-27,"DEXCOM, INC.",,,QBJ,QBJ,DEXCOM G6 CONTINUOUS GLUCOSE MONITORING SYSTEM,CONTINUOUS GLUCOSE MONITOR,K0553,Ther cgm supply allowance,cgm_supply,medium
3004753838-2020-039233,Malfunction,2020-03-28,2020-04-27,"DEXCOM, INC.",,,QBJ,QBJ,DEXCOM G6 CONTINUOUS GLUCOSE MONITORING SYSTEM,CONTINUOUS GLUCOSE MONITOR,K0554,Ther cgm receiver/monitor,cgm_receiver,medium
3004753838-2020-039234,Malfunction,2020-03-28,2020-04-27,"DEXCOM, INC.",,,QBJ,QBJ,DEXCOM G6 CONTINUOUS GLUCOSE MONITORING SYSTEM,CONTINUOUS GLUCOSE MONITOR,K0553,Ther cgm supply allowance,cgm_supply,medium
3004753838-2020-039234,Malfunction,2020-03-28,2020-04-27,"DEXCOM, INC.",,,QBJ,QBJ,DEXCOM G6 CONTINUOUS GLUCOSE MONITORING SYSTEM,CONTINUOUS GLUCOSE MONITOR,K0554,Ther cgm receiver/monitor,cgm_receiver,medium
3004753838-2020-039236,Malfunction,2020-04-07,2020-04-27,"DEXCOM, INC.",,,QBJ,QBJ,DEXCOM G6 CONTINUOUS GLUCOSE MONITORING SYSTEM,CONTINUOUS GLUCOSE MONITOR,K0553,Ther cgm supply allowance,cgm_supply,medium
3004753838-2020-039236,Malfunction,2020-04-07,2020-04-27,"DEXCOM, INC.",,,QBJ,QBJ,DEXCOM G6 CONTINUOUS GLUCOSE MONITORING SYSTEM,CONTINUOUS GLUCOSE MONITOR,K0554,Ther cgm receiver/monitor,cgm_receiver,medium
3004753838-2020-039237,Malfunction,2020-04-25,2020-04-27,"DEXCOM, INC.",,,QBJ,QBJ,DEXCOM G6 CONTINUOUS GLUCOSE MONITORING SYSTEM,CONTINUOUS GLUCOSE MONITOR,K0553,Ther cgm supply allowance,cgm_supply,medium
3004753838-2020-039237,Malfunction,2020-04-25,2020-04-27,"DEXCOM, INC.",,,QBJ,QBJ,DEXCOM G6 CONTINUOUS GLUCOSE MONITORING SYSTEM,CONTINUOUS GLUCOSE MONITOR,K0554,Ther cgm receiver/monitor,cgm_receiver,medium
3004753838-2020-039238,Malfunction,2020-04-03,2020-04-27,"DEXCOM, INC.",,,QBJ,QBJ,DEXCOM G6 CONTINUOUS GLUCOSE MONITORING SYSTEM,CONTINUOUS GLUCOSE MONITOR,K0553,Ther cgm supply allowance,cgm_supply,medium
3004753838-2020-039238,Malfunction,2020-04-03,2020-04-27,"DEXCOM, INC.",,,QBJ,QBJ,DEXCOM G6 CONTINUOUS GLUCOSE MONITORING SYSTEM,CONTINUOUS GLUCOSE MONITOR,K0554,Ther cgm receiver/monitor,cgm_receiver,medium
3004753838-2020-039240,Malfunction,2020-04-15,2020-04-27,"DEXCOM, INC.",,,QBJ,QBJ,DEXCOM G6 CONTINUOUS GLUCOSE MONITORING SYSTEM,CONTINUOUS GLUCOSE MONITOR,K0553,Ther cgm supply allowance,cgm_supply,medium
3004753838-2020-039240,Malfunction,2020-04-15,2020-04-27,"DEXCOM, INC.",,,QBJ,QBJ,DEXCOM G6 CONTINUOUS GLUCOSE MONITORING SYSTEM,CONTINUOUS GLUCOSE MONITOR,K0554,Ther cgm receiver/monitor,cgm_receiver,medium
3004753838-2020-039241,Malfunction,2020-04-20,2020-04-27,"DEXCOM, INC.",,,QBJ,QBJ,DEXCOM G6 CONTINUOUS GLUCOSE MONITORING SYSTEM,CONTINUOUS GLUCOSE MONITOR,K0553,Ther cgm supply allowance,cgm_supply,medium
3004753838-2020-039241,Malfunction,2020-04-20,2020-04-27,"DEXCOM, INC.",,,QBJ,QBJ,DEXCOM G6 CONTINUOUS GLUCOSE MONITORING SYSTEM,CONTINUOUS GLUCOSE MONITOR,K0554,Ther cgm receiver/monitor,cgm_receiver,medium
3004753838-2020-039242,Malfunction,2020-04-14,2020-04-27,"DEXCOM, INC.",,,QBJ,QBJ,DEXCOM G6 CONTINUOUS GLUCOSE MONITORING SYSTEM,CONTINUOUS GLUCOSE MONITOR,K0553,Ther cgm supply allowance,cgm_supply,medium
3004753838-2020-039242,Malfunction,2020-04-14,2020-04-27,"DEXCOM, INC.",,,QBJ,QBJ,DEXCOM G6 CONTINUOUS GLUCOSE MONITORING SYSTEM,CONTINUOUS GLUCOSE MONITOR,K0554,Ther cgm receiver/monitor,cgm_receiver,medium
3004753838-2020-039244,Malfunction,2020-04-16,2020-04-27,"DEXCOM, INC.",,,QBJ,QBJ,DEXCOM G6 CONTINUOUS GLUCOSE MONITORING SYSTEM,CONTINUOUS GLUCOSE MONITOR,K0553,Ther cgm supply allowance,cgm_supply,medium
3004753838-2020-039244,Malfunction,2020-04-16,2020-04-27,"DEXCOM, INC.",,,QBJ,QBJ,DEXCOM G6 CONTINUOUS GLUCOSE MONITORING SYSTEM,CONTINUOUS GLUCOSE MONITOR,K0554,Ther cgm receiver/monitor,cgm_receiver,medium
3004753838-2020-039246,Malfunction,2020-04-16,2020-04-27,"DEXCOM, INC.",,,QBJ,QBJ,DEXCOM G6 CONTINUOUS GLUCOSE MONITORING SYSTEM,CONTINUOUS GLUCOSE MONITOR,K0553,Ther cgm supply allowance,cgm_supply,medium
3004753838-2020-039246,Malfunction,2020-04-16,2020-04-27,"DEXCOM, INC.",,,QBJ,QBJ,DEXCOM G6 CONTINUOUS GLUCOSE MONITORING SYSTEM,CONTINUOUS GLUCOSE MONITOR,K0554,Ther cgm receiver/monitor,cgm_receiver,medium
3004753838-2020-039247,Malfunction,2020-04-22,2020-04-27,"DEXCOM, INC.",,,QBJ,QBJ,DEXCOM G6 CONTINUOUS GLUCOSE MONITORING SYSTEM,CONTINUOUS GLUCOSE MONITOR,K0553,Ther cgm supply allowance,cgm_supply,medium
3004753838-2020-039247,Malfunction,2020-04-22,2020-04-27,"DEXCOM, INC.",,,QBJ,QBJ,DEXCOM G6 CONTINUOUS GLUCOSE MONITORING SYSTEM,CONTINUOUS GLUCOSE MONITOR,K0554,Ther cgm receiver/monitor,cgm_receiver,medium
3004753838-2020-039249,Malfunction,2020-04-14,2020-04-27,"DEXCOM, INC.",,,QBJ,QBJ,DEXCOM G6 CONTINUOUS GLUCOSE MONITORING SYSTEM,CONTINUOUS GLUCOSE MONITOR,K0553,Ther cgm supply allowance,cgm_supply,medium
3004753838-2020-039249,Malfunction,2020-04-14,2020-04-27,"DEXCOM, INC.",,,QBJ,QBJ,DEXCOM G6 CONTINUOUS GLUCOSE MONITORING SYSTEM,CONTINUOUS GLUCOSE MONITOR,K0554,Ther cgm receiver/monitor,cgm_receiver,medium
3004753838-2020-039250,Malfunction,2020-04-22,2020-04-27,"DEXCOM, INC.",,,QBJ,QBJ,DEXCOM G6 CONTINUOUS GLUCOSE MONITORING SYSTEM,CONTINUOUS GLUCOSE MONITOR,K0553,Ther cgm supply allowance,cgm_supply,medium
3004753838-2020-039250,Malfunction,2020-04-22,2020-04-27,"DEXCOM, INC.",,,QBJ,QBJ,DEXCOM G6 CONTINUOUS GLUCOSE MONITORING SYSTEM,CONTINUOUS GLUCOSE MONITOR,K0554,Ther cgm receiver/monitor,cgm_receiver,medium
3004753838-2020-039251,Malfunction,2020-04-16,2020-04-27,"DEXCOM, INC.",,,QBJ,QBJ,DEXCOM G6 CONTINUOUS GLUCOSE MONITORING SYSTEM,CONTINUOUS GLUCOSE MONITOR,K0553,Ther cgm supply allowance,cgm_supply,medium
3004753838-2020-039251,Malfunction,2020-04-16,2020-04-27,"DEXCOM, INC.",,,QBJ,QBJ,DEXCOM G6 CONTINUOUS GLUCOSE MONITORING SYSTEM,CONTINUOUS GLUCOSE MONITOR,K0554,Ther cgm receiver/monitor,cgm_receiver,medium
3004753838-2020-039253,Malfunction,2020-04-15,2020-04-27,"DEXCOM, INC.",,,QBJ,QBJ,DEXCOM G6 CONTINUOUS GLUCOSE MONITORING SYSTEM,CONTINUOUS GLUCOSE MONITOR,K0553,Ther cgm supply allowance,cgm_supply,medium
3004753838-2020-039253,Malfunction,2020-04-15,2020-04-27,"DEXCOM, INC.",,,QBJ,QBJ,DEXCOM G6 CONTINUOUS GLUCOSE MONITORING SYSTEM,CONTINUOUS GLUCOSE MONITOR,K0554,Ther cgm receiver/monitor,cgm_receiver,medium
3004753838-2020-039255,Malfunction,2020-04-14,2020-04-27,"DEXCOM, INC.",,,QBJ,QBJ,DEXCOM G6 CONTINUOUS GLUCOSE MONITORING SYSTEM,CONTINUOUS GLUCOSE MONITOR,K0553,Ther cgm supply allowance,cgm_supply,medium
3004753838-2020-039255,Malfunction,2020-04-14,2020-04-27,"DEXCOM, INC.",,,QBJ,QBJ,DEXCOM G6 CONTINUOUS GLUCOSE MONITORING SYSTEM,CONTINUOUS GLUCOSE MONITOR,K0554,Ther cgm receiver/monitor,cgm_receiver,medium
3004753838-2020-039256,Malfunction,2020-04-02,2020-04-27,"DEXCOM, INC.",,,QBJ,QBJ,DEXCOM G6 CONTINUOUS GLUCOSE MONITORING SYSTEM,CONTINUOUS GLUCOSE MONITOR,K0553,Ther cgm supply allowance,cgm_supply,medium
3004753838-2020-039256,Malfunction,2020-04-02,2020-04-27,"DEXCOM, INC.",,,QBJ,QBJ,DEXCOM G6 CONTINUOUS GLUCOSE MONITORING SYSTEM,CONTINUOUS GLUCOSE MONITOR,K0554,Ther cgm receiver/monitor,cgm_receiver,medium
3004753838-2020-039257,Malfunction,2020-04-23,2020-04-27,"DEXCOM, INC.",,,QBJ,QBJ,DEXCOM G6 CONTINUOUS GLUCOSE MONITORING SYSTEM,CONTINUOUS GLUCOSE MONITOR,K0553,Ther cgm supply allowance,cgm_supply,medium
3004753838-2020-039257,Malfunction,2020-04-23,2020-04-27,"DEXCOM, INC.",,,QBJ,QBJ,DEXCOM G6 CONTINUOUS GLUCOSE MONITORING SYSTEM,CONTINUOUS GLUCOSE MONITOR,K0554,Ther cgm receiver/monitor,cgm_receiver,medium
3004753838-2020-039258,Malfunction,2020-04-15,2020-04-27,"DEXCOM, INC.",,,QBJ,QBJ,DEXCOM G6 CONTINUOUS GLUCOSE MONITORING SYSTEM,CONTINUOUS GLUCOSE MONITOR,K0553,Ther cgm supply allowance,cgm_supply,medium
3004753838-2020-039258,Malfunction,2020-04-15,2020-04-27,"DEXCOM, INC.",,,QBJ,QBJ,DEXCOM G6 CONTINUOUS GLUCOSE MONITORING SYSTEM,CONTINUOUS GLUCOSE MONITOR,K0554,Ther cgm receiver/monitor,cgm_receiver,medium
3004753838-2020-039259,Malfunction,2020-04-16,2020-04-27,"DEXCOM, INC.",,,QBJ,QBJ,DEXCOM G6 CONTINUOUS GLUCOSE MONITORING SYSTEM,CONTINUOUS GLUCOSE MONITOR,K0553,Ther cgm supply allowance,cgm_supply,medium
3004753838-2020-039259,Malfunction,2020-04-16,2020-04-27,"DEXCOM, INC.",,,QBJ,QBJ,DEXCOM G6 CONTINUOUS GLUCOSE MONITORING SYSTEM,CONTINUOUS GLUCOSE MONITOR,K0554,Ther cgm receiver/monitor,cgm_receiver,medium
3004753838-2020-039260,Malfunction,2020-04-23,2020-04-27,"DEXCOM, INC.",,,QBJ,QBJ,DEXCOM G6 CONTINUOUS GLUCOSE MONITORING SYSTEM,CONTINUOUS GLUCOSE MONITOR,K0553,Ther cgm supply allowance,cgm_supply,medium
3004753838-2020-039260,Malfunction,2020-04-23,2020-04-27,"DEXCOM, INC.",,,QBJ,QBJ,DEXCOM G6 CONTINUOUS GLUCOSE MONITORING SYSTEM,CONTINUOUS GLUCOSE MONITOR,K0554,Ther cgm receiver/monitor,cgm_receiver,medium
3004753838-2020-039261,Malfunction,2020-04-23,2020-04-27,"DEXCOM, INC.",,,QBJ,QBJ,DEXCOM G6 CONTINUOUS GLUCOSE MONITORING SYSTEM,CONTINUOUS GLUCOSE MONITOR,K0553,Ther cgm supply allowance,cgm_supply,medium
3004753838-2020-039261,Malfunction,2020-04-23,2020-04-27,"DEXCOM, INC.",,,QBJ,QBJ,DEXCOM G6 CONTINUOUS GLUCOSE MONITORING SYSTEM,CONTINUOUS GLUCOSE MONITOR,K0554,Ther cgm receiver/monitor,cgm_receiver,medium
3004753838-2020-039262,Malfunction,2020-03-26,2020-04-27,"DEXCOM, INC.",,,QBJ,QBJ,DEXCOM G6 CONTINUOUS GLUCOSE MONITORING SYSTEM,CONTINUOUS GLUCOSE MONITOR,K0553,Ther cgm supply allowance,cgm_supply,medium
3004753838-2020-039262,Malfunction,2020-03-26,2020-04-27,"DEXCOM, INC.",,,QBJ,QBJ,DEXCOM G6 CONTINUOUS GLUCOSE MONITORING SYSTEM,CONTINUOUS GLUCOSE MONITOR,K0554,Ther cgm receiver/monitor,cgm_receiver,medium
3004753838-2020-039263,Malfunction,2020-04-24,2020-04-27,"DEXCOM, INC.",,,QBJ,QBJ,DEXCOM G6 CONTINUOUS GLUCOSE MONITORING SYSTEM,CONTINUOUS GLUCOSE MONITOR,K0553,Ther cgm supply allowance,cgm_supply,medium
3004753838-2020-039263,Malfunction,2020-04-24,2020-04-27,"DEXCOM, INC.",,,QBJ,QBJ,DEXCOM G6 CONTINUOUS GLUCOSE MONITORING SYSTEM,CONTINUOUS GLUCOSE MONITOR,K0554,Ther cgm receiver/monitor,cgm_receiver,medium
3004753838-2020-039264,Malfunction,2020-03-24,2020-04-28,"DEXCOM, INC.",,,QBJ,QBJ,DEXCOM G6 CONTINUOUS GLUCOSE MONITORING SYSTEM,CONTINUOUS GLUCOSE MONITOR,K0553,Ther cgm supply allowance,cgm_supply,medium
3004753838-2020-039264,Malfunction,2020-03-24,2020-04-28,"DEXCOM, INC.",,,QBJ,QBJ,DEXCOM G6 CONTINUOUS GLUCOSE MONITORING SYSTEM,CONTINUOUS GLUCOSE MONITOR,K0554,Ther cgm receiver/monitor,cgm_receiver,medium
3004753838-2020-039265,Malfunction,2020-04-08,2020-04-28,"DEXCOM, INC.",,,QBJ,QBJ,DEXCOM G6 CONTINUOUS GLUCOSE MONITORING SYSTEM,CONTINUOUS GLUCOSE MONITOR,K0553,Ther cgm supply allowance,cgm_supply,medium
3004753838-2020-039265,Malfunction,2020-04-08,2020-04-28,"DEXCOM, INC.",,,QBJ,QBJ,DEXCOM G6 CONTINUOUS GLUCOSE MONITORING SYSTEM,CONTINUOUS GLUCOSE MONITOR,K0554,Ther cgm receiver/monitor,cgm_receiver,medium
3004753838-2020-039266,Malfunction,2020-04-05,2020-04-28,"DEXCOM, INC.",,,QBJ,QBJ,DEXCOM G6 CONTINUOUS GLUCOSE MONITORING SYSTEM,CONTINUOUS GLUCOSE MONITOR,K0553,Ther cgm supply allowance,cgm_supply,medium
3004753838-2020-039266,Malfunction,2020-04-05,2020-04-28,"DEXCOM, INC.",,,QBJ,QBJ,DEXCOM G6 CONTINUOUS GLUCOSE MONITORING SYSTEM,CONTINUOUS GLUCOSE MONITOR,K0554,Ther cgm receiver/monitor,cgm_receiver,medium
3004753838-2020-039267,Malfunction,2020-04-08,2020-04-28,"DEXCOM, INC.",,,QBJ,QBJ,DEXCOM G6 CONTINUOUS GLUCOSE MONITORING SYSTEM,CONTINUOUS GLUCOSE MONITOR,K0553,Ther cgm supply allowance,cgm_supply,medium
3004753838-2020-039267,Malfunction,2020-04-08,2020-04-28,"DEXCOM, INC.",,,QBJ,QBJ,DEXCOM G6 CONTINUOUS GLUCOSE MONITORING SYSTEM,CONTINUOUS GLUCOSE MONITOR,K0554,Ther cgm receiver/monitor,cgm_receiver,medium
3004753838-2020-039268,Malfunction,2020-04-05,2020-04-28,"DEXCOM, INC.",,,QBJ,QBJ,DEXCOM G6 CONTINUOUS GLUCOSE MONITORING SYSTEM,CONTINUOUS GLUCOSE MONITOR,K0553,Ther cgm supply allowance,cgm_supply,medium
3004753838-2020-039268,Malfunction,2020-04-05,2020-04-28,"DEXCOM, INC.",,,QBJ,QBJ,DEXCOM G6 CONTINUOUS GLUCOSE MONITORING SYSTEM,CONTINUOUS GLUCOSE MONITOR,K0554,Ther cgm receiver/monitor,cgm_receiver,medium
3004753838-2020-039270,Malfunction,2020-04-08,2020-04-28,"DEXCOM, INC.",,,QBJ,QBJ,DEXCOM G6 CONTINUOUS GLUCOSE MONITORING SYSTEM,CONTINUOUS GLUCOSE MONITOR,K0553,Ther cgm supply allowance,cgm_supply,medium
3004753838-2020-039270,Malfunction,2020-04-08,2020-04-28,"DEXCOM, INC.",,,QBJ,QBJ,DEXCOM G6 CONTINUOUS GLUCOSE MONITORING SYSTEM,CONTINUOUS GLUCOSE MONITOR,K0554,Ther cgm receiver/monitor,cgm_receiver,medium
3004753838-2020-039271,Malfunction,2020-04-05,2020-04-28,"DEXCOM, INC.",,,QBJ,QBJ,DEXCOM G6 CONTINUOUS GLUCOSE MONITORING SYSTEM,CONTINUOUS GLUCOSE MONITOR,K0553,Ther cgm supply allowance,cgm_supply,medium
3004753838-2020-039271,Malfunction,2020-04-05,2020-04-28,"DEXCOM, INC.",,,QBJ,QBJ,DEXCOM G6 CONTINUOUS GLUCOSE MONITORING SYSTEM,CONTINUOUS GLUCOSE MONITOR,K0554,Ther cgm receiver/monitor,cgm_receiver,medium
3004753838-2020-039272,Injury,2020-04-07,2020-04-28,"DEXCOM, INC.",,,QBJ,QBJ,DEXCOM G6 CONTINUOUS GLUCOSE MONITORING SYSTEM,CONTINUOUS GLUCOSE MONITOR,K0553,Ther cgm supply allowance,cgm_supply,medium
3004753838-2020-039272,Injury,2020-04-07,2020-04-28,"DEXCOM, INC.",,,QBJ,QBJ,DEXCOM G6 CONTINUOUS GLUCOSE MONITORING SYSTEM,CONTINUOUS GLUCOSE MONITOR,K0554,Ther cgm receiver/monitor,cgm_receiver,medium
3004753838-2020-039273,Malfunction,2020-04-06,2020-04-28,"DEXCOM, INC.",,,QBJ,QBJ,DEXCOM G6 CONTINUOUS GLUCOSE MONITORING SYSTEM,CONTINUOUS GLUCOSE MONITOR,K0553,Ther cgm supply allowance,cgm_supply,medium
3004753838-2020-039273,Malfunction,2020-04-06,2020-04-28,"DEXCOM, INC.",,,QBJ,QBJ,DEXCOM G6 CONTINUOUS GLUCOSE MONITORING SYSTEM,CONTINUOUS GLUCOSE MONITOR,K0554,Ther cgm receiver/monitor,cgm_receiver,medium
3004753838-2020-039275,Malfunction,2020-04-04,2020-04-28,"DEXCOM, INC.",,,QBJ,QBJ,DEXCOM G6 CONTINUOUS GLUCOSE MONITORING SYSTEM,CONTINUOUS GLUCOSE MONITOR,K0553,Ther cgm supply allowance,cgm_supply,medium
3004753838-2020-039275,Malfunction,2020-04-04,2020-04-28,"DEXCOM, INC.",,,QBJ,QBJ,DEXCOM G6 CONTINUOUS GLUCOSE MONITORING SYSTEM,CONTINUOUS GLUCOSE MONITOR,K0554,Ther cgm receiver/monitor,cgm_receiver,medium
3004753838-2020-039276,Malfunction,2020-04-11,2020-04-28,"DEXCOM, INC.",,,QBJ,QBJ,DEXCOM G6 CONTINUOUS GLUCOSE MONITORING SYSTEM,CONTINUOUS GLUCOSE MONITOR,K0553,Ther cgm supply allowance,cgm_supply,medium
3004753838-2020-039276,Malfunction,2020-04-11,2020-04-28,"DEXCOM, INC.",,,QBJ,QBJ,DEXCOM G6 CONTINUOUS GLUCOSE MONITORING SYSTEM,CONTINUOUS GLUCOSE MONITOR,K0554,Ther cgm receiver/monitor,cgm_receiver,medium
3004753838-2020-039277,Malfunction,2020-04-05,2020-04-28,"DEXCOM, INC.",,,QBJ,QBJ,DEXCOM G6 CONTINUOUS GLUCOSE MONITORING SYSTEM,CONTINUOUS GLUCOSE MONITOR,K0553,Ther cgm supply allowance,cgm_supply,medium
3004753838-2020-039277,Malfunction,2020-04-05,2020-04-28,"DEXCOM, INC.",,,QBJ,QBJ,DEXCOM G6 CONTINUOUS GLUCOSE MONITORING SYSTEM,CONTINUOUS GLUCOSE MONITOR,K0554,Ther cgm receiver/monitor,cgm_receiver,medium
3004753838-2020-039278,Malfunction,2020-04-05,2020-04-28,"DEXCOM, INC.",,,QBJ,QBJ,DEXCOM G6 CONTINUOUS GLUCOSE MONITORING SYSTEM,CONTINUOUS GLUCOSE MONITOR,K0553,Ther cgm supply allowance,cgm_supply,medium
3004753838-2020-039278,Malfunction,2020-04-05,2020-04-28,"DEXCOM, INC.",,,QBJ,QBJ,DEXCOM G6 CONTINUOUS GLUCOSE MONITORING SYSTEM,CONTINUOUS GLUCOSE MONITOR,K0554,Ther cgm receiver/monitor,cgm_receiver,medium
3004753838-2020-039279,Malfunction,2020-04-08,2020-04-28,"DEXCOM, INC.",,,QBJ,QBJ,DEXCOM G6 CONTINUOUS GLUCOSE MONITORING SYSTEM,CONTINUOUS GLUCOSE MONITOR,K0553,Ther cgm supply allowance,cgm_supply,medium
3004753838-2020-039279,Malfunction,2020-04-08,2020-04-28,"DEXCOM, INC.",,,QBJ,QBJ,DEXCOM G6 CONTINUOUS GLUCOSE MONITORING SYSTEM,CONTINUOUS GLUCOSE MONITOR,K0554,Ther cgm receiver/monitor,cgm_receiver,medium
3004753838-2020-039281,Malfunction,2020-03-27,2020-04-28,"DEXCOM, INC.",,,QBJ,QBJ,DEXCOM G6 CONTINUOUS GLUCOSE MONITORING SYSTEM,CONTINUOUS GLUCOSE MONITOR,K0553,Ther cgm supply allowance,cgm_supply,medium
3004753838-2020-039281,Malfunction,2020-03-27,2020-04-28,"DEXCOM, INC.",,,QBJ,QBJ,DEXCOM G6 CONTINUOUS GLUCOSE MONITORING SYSTEM,CONTINUOUS GLUCOSE MONITOR,K0554,Ther cgm receiver/monitor,cgm_receiver,medium
3004753838-2020-039284,Malfunction,2020-04-07,2020-04-28,"DEXCOM, INC.",,,QBJ,QBJ,DEXCOM G6 CONTINUOUS GLUCOSE MONITORING SYSTEM,CONTINUOUS GLUCOSE MONITOR,K0553,Ther cgm supply allowance,cgm_supply,medium
3004753838-2020-039284,Malfunction,2020-04-07,2020-04-28,"DEXCOM, INC.",,,QBJ,QBJ,DEXCOM G6 CONTINUOUS GLUCOSE MONITORING SYSTEM,CONTINUOUS GLUCOSE MONITOR,K0554,Ther cgm receiver/monitor,cgm_receiver,medium
3004753838-2020-039285,Injury,2020-03-30,2020-04-28,"DEXCOM, INC.",,,QBJ,QBJ,DEXCOM G6 CONTINUOUS GLUCOSE MONITORING SYSTEM,CONTINUOUS GLUCOSE MONITOR,K0553,Ther cgm supply allowance,cgm_supply,medium
3004753838-2020-039285,Injury,2020-03-30,2020-04-28,"DEXCOM, INC.",,,QBJ,QBJ,DEXCOM G6 CONTINUOUS GLUCOSE MONITORING SYSTEM,CONTINUOUS GLUCOSE MONITOR,K0554,Ther cgm receiver/monitor,cgm_receiver,medium
3004753838-2020-039295,Malfunction,2020-04-08,2020-04-28,"DEXCOM, INC.",,,QBJ,QBJ,DEXCOM G6 CONTINUOUS GLUCOSE MONITORING SYSTEM,CONTINUOUS GLUCOSE MONITOR,K0553,Ther cgm supply allowance,cgm_supply,medium
3004753838-2020-039295,Malfunction,2020-04-08,2020-04-28,"DEXCOM, INC.",,,QBJ,QBJ,DEXCOM G6 CONTINUOUS GLUCOSE MONITORING SYSTEM,CONTINUOUS GLUCOSE MONITOR,K0554,Ther cgm receiver/monitor,cgm_receiver,medium
3004753838-2020-039297,Malfunction,2020-04-06,2020-04-28,"DEXCOM, INC.",,,QBJ,QBJ,DEXCOM G6 CONTINUOUS GLUCOSE MONITORING SYSTEM,CONTINUOUS GLUCOSE MONITOR,K0553,Ther cgm supply allowance,cgm_supply,medium
3004753838-2020-039297,Malfunction,2020-04-06,2020-04-28,"DEXCOM, INC.",,,QBJ,QBJ,DEXCOM G6 CONTINUOUS GLUCOSE MONITORING SYSTEM,CONTINUOUS GLUCOSE MONITOR,K0554,Ther cgm receiver/monitor,cgm_receiver,medium
3004753838-2020-039301,Malfunction,2020-03-16,2020-04-28,"DEXCOM, INC.",,,QBJ,QBJ,DEXCOM G6 CONTINUOUS GLUCOSE MONITORING SYSTEM,CONTINUOUS GLUCOSE MONITOR,K0553,Ther cgm supply allowance,cgm_supply,medium
3004753838-2020-039301,Malfunction,2020-03-16,2020-04-28,"DEXCOM, INC.",,,QBJ,QBJ,DEXCOM G6 CONTINUOUS GLUCOSE MONITORING SYSTEM,CONTINUOUS GLUCOSE MONITOR,K0554,Ther cgm receiver/monitor,cgm_receiver,medium
3004753838-2020-039304,Malfunction,2020-04-07,2020-04-28,"DEXCOM, INC.",,,QBJ,QBJ,DEXCOM G6 CONTINUOUS GLUCOSE MONITORING SYSTEM,CONTINUOUS GLUCOSE MONITOR,K0553,Ther cgm supply allowance,cgm_supply,medium
3004753838-2020-039304,Malfunction,2020-04-07,2020-04-28,"DEXCOM, INC.",,,QBJ,QBJ,DEXCOM G6 CONTINUOUS GLUCOSE MONITORING SYSTEM,CONTINUOUS GLUCOSE MONITOR,K0554,Ther cgm receiver/monitor,cgm_receiver,medium
3004753838-2020-039305,Malfunction,2020-04-08,2020-04-28,"DEXCOM, INC.",,,QBJ,QBJ,DEXCOM G6 CONTINUOUS GLUCOSE MONITORING SYSTEM,CONTINUOUS GLUCOSE MONITOR,K0553,Ther cgm supply allowance,cgm_supply,medium
3004753838-2020-039305,Malfunction,2020-04-08,2020-04-28,"DEXCOM, INC.",,,QBJ,QBJ,DEXCOM G6 CONTINUOUS GLUCOSE MONITORING SYSTEM,CONTINUOUS GLUCOSE MONITOR,K0554,Ther cgm receiver/monitor,cgm_receiver,medium
3004753838-2020-039311,Malfunction,2020-04-03,2020-04-28,"DEXCOM, INC.",,,QBJ,QBJ,DEXCOM G6 CONTINUOUS GLUCOSE MONITORING SYSTEM,CONTINUOUS GLUCOSE MONITOR,K0553,Ther cgm supply allowance,cgm_supply,medium
3004753838-2020-039311,Malfunction,2020-04-03,2020-04-28,"DEXCOM, INC.",,,QBJ,QBJ,DEXCOM G6 CONTINUOUS GLUCOSE MONITORING SYSTEM,CONTINUOUS GLUCOSE MONITOR,K0554,Ther cgm receiver/monitor,cgm_receiver,medium
3004753838-2020-039317,Malfunction,2020-03-29,2020-04-28,"DEXCOM, INC.",,,QBJ,QBJ,DEXCOM G6 CONTINUOUS GLUCOSE MONITORING SYSTEM,CONTINUOUS GLUCOSE MONITOR,K0553,Ther cgm supply allowance,cgm_supply,medium
3004753838-2020-039317,Malfunction,2020-03-29,2020-04-28,"DEXCOM, INC.",,,QBJ,QBJ,DEXCOM G6 CONTINUOUS GLUCOSE MONITORING SYSTEM,CONTINUOUS GLUCOSE MONITOR,K0554,Ther cgm receiver/monitor,cgm_receiver,medium
3004753838-2020-039318,Malfunction,2020-04-06,2020-04-28,"DEXCOM, INC.",,,QBJ,QBJ,DEXCOM G6 CONTINUOUS GLUCOSE MONITORING SYSTEM,CONTINUOUS GLUCOSE MONITOR,K0553,Ther cgm supply allowance,cgm_supply,medium
3004753838-2020-039318,Malfunction,2020-04-06,2020-04-28,"DEXCOM, INC.",,,QBJ,QBJ,DEXCOM G6 CONTINUOUS GLUCOSE MONITORING SYSTEM,CONTINUOUS GLUCOSE MONITOR,K0554,Ther cgm receiver/monitor,cgm_receiver,medium
3004753838-2020-039321,Malfunction,2020-04-04,2020-04-28,"DEXCOM, INC.",,,QBJ,QBJ,DEXCOM G6 CONTINUOUS GLUCOSE MONITORING SYSTEM,CONTINUOUS GLUCOSE MONITOR,K0553,Ther cgm supply allowance,cgm_supply,medium
3004753838-2020-039321,Malfunction,2020-04-04,2020-04-28,"DEXCOM, INC.",,,QBJ,QBJ,DEXCOM G6 CONTINUOUS GLUCOSE MONITORING SYSTEM,CONTINUOUS GLUCOSE MONITOR,K0554,Ther cgm receiver/monitor,cgm_receiver,medium
3004753838-2020-039322,Malfunction,2020-04-06,2020-04-28,"DEXCOM, INC.",,,QBJ,QBJ,DEXCOM G6 CONTINUOUS GLUCOSE MONITORING SYSTEM,CONTINUOUS GLUCOSE MONITOR,K0553,Ther cgm supply allowance,cgm_supply,medium
3004753838-2020-039322,Malfunction,2020-04-06,2020-04-28,"DEXCOM, INC.",,,QBJ,QBJ,DEXCOM G6 CONTINUOUS GLUCOSE MONITORING SYSTEM,CONTINUOUS GLUCOSE MONITOR,K0554,Ther cgm receiver/monitor,cgm_receiver,medium
3004753838-2020-039324,Malfunction,2020-03-12,2020-04-28,"DEXCOM, INC.",,,QBJ,QBJ,DEXCOM G6 CONTINUOUS GLUCOSE MONITORING SYSTEM,CONTINUOUS GLUCOSE MONITOR,K0553,Ther cgm supply allowance,cgm_supply,medium
3004753838-2020-039324,Malfunction,2020-03-12,2020-04-28,"DEXCOM, INC.",,,QBJ,QBJ,DEXCOM G6 CONTINUOUS GLUCOSE MONITORING SYSTEM,CONTINUOUS GLUCOSE MONITOR,K0554,Ther cgm receiver/monitor,cgm_receiver,medium
3004753838-2020-039325,Malfunction,2020-04-06,2020-04-28,"DEXCOM, INC.",,,QBJ,QBJ,DEXCOM G6 CONTINUOUS GLUCOSE MONITORING SYSTEM,CONTINUOUS GLUCOSE MONITOR,K0553,Ther cgm supply allowance,cgm_supply,medium
3004753838-2020-039325,Malfunction,2020-04-06,2020-04-28,"DEXCOM, INC.",,,QBJ,QBJ,DEXCOM G6 CONTINUOUS GLUCOSE MONITORING SYSTEM,CONTINUOUS GLUCOSE MONITOR,K0554,Ther cgm receiver/monitor,cgm_receiver,medium
3004753838-2020-039326,Malfunction,2020-04-03,2020-04-28,"DEXCOM, INC.",,,QBJ,QBJ,DEXCOM G6 CONTINUOUS GLUCOSE MONITORING SYSTEM,CONTINUOUS GLUCOSE MONITOR,K0553,Ther cgm supply allowance,cgm_supply,medium
3004753838-2020-039326,Malfunction,2020-04-03,2020-04-28,"DEXCOM, INC.",,,QBJ,QBJ,DEXCOM G6 CONTINUOUS GLUCOSE MONITORING SYSTEM,CONTINUOUS GLUCOSE MONITOR,K0554,Ther cgm receiver/monitor,cgm_receiver,medium
3004753838-2020-039328,Malfunction,2020-03-15,2020-04-28,"DEXCOM, INC.",,,QBJ,QBJ,DEXCOM G6 CONTINUOUS GLUCOSE MONITORING SYSTEM,CONTINUOUS GLUCOSE MONITOR,K0553,Ther cgm supply allowance,cgm_supply,medium
3004753838-2020-039328,Malfunction,2020-03-15,2020-04-28,"DEXCOM, INC.",,,QBJ,QBJ,DEXCOM G6 CONTINUOUS GLUCOSE MONITORING SYSTEM,CONTINUOUS GLUCOSE MONITOR,K0554,Ther cgm receiver/monitor,cgm_receiver,medium
3004753838-2020-039332,Malfunction,2020-04-08,2020-04-28,"DEXCOM, INC.",,,QBJ,QBJ,DEXCOM G6 CONTINUOUS GLUCOSE MONITORING SYSTEM,CONTINUOUS GLUCOSE MONITOR,K0553,Ther cgm supply allowance,cgm_supply,medium
3004753838-2020-039332,Malfunction,2020-04-08,2020-04-28,"DEXCOM, INC.",,,QBJ,QBJ,DEXCOM G6 CONTINUOUS GLUCOSE MONITORING SYSTEM,CONTINUOUS GLUCOSE MONITOR,K0554,Ther cgm receiver/monitor,cgm_receiver,medium
3004753838-2020-039336,Malfunction,2020-04-06,2020-04-28,"DEXCOM, INC.",,,QBJ,QBJ,DEXCOM G6 CONTINUOUS GLUCOSE MONITORING SYSTEM,CONTINUOUS GLUCOSE MONITOR,K0553,Ther cgm supply allowance,cgm_supply,medium
3004753838-2020-039336,Malfunction,2020-04-06,2020-04-28,"DEXCOM, INC.",,,QBJ,QBJ,DEXCOM G6 CONTINUOUS GLUCOSE MONITORING SYSTEM,CONTINUOUS GLUCOSE MONITOR,K0554,Ther cgm receiver/monitor,cgm_receiver,medium
3004753838-2020-039339,Malfunction,2020-04-01,2020-04-28,"DEXCOM, INC.",,,QBJ,QBJ,DEXCOM G6 CONTINUOUS GLUCOSE MONITORING SYSTEM,CONTINUOUS GLUCOSE MONITOR,K0553,Ther cgm supply allowance,cgm_supply,medium
3004753838-2020-039339,Malfunction,2020-04-01,2020-04-28,"DEXCOM, INC.",,,QBJ,QBJ,DEXCOM G6 CONTINUOUS GLUCOSE MONITORING SYSTEM,CONTINUOUS GLUCOSE MONITOR,K0554,Ther cgm receiver/monitor,cgm_receiver,medium
3004753838-2020-039342,Malfunction,2020-04-05,2020-04-28,"DEXCOM, INC.",,,QBJ,QBJ,DEXCOM G6 CONTINUOUS GLUCOSE MONITORING SYSTEM,CONTINUOUS GLUCOSE MONITOR,K0553,Ther cgm supply allowance,cgm_supply,medium
3004753838-2020-039342,Malfunction,2020-04-05,2020-04-28,"DEXCOM, INC.",,,QBJ,QBJ,DEXCOM G6 CONTINUOUS GLUCOSE MONITORING SYSTEM,CONTINUOUS GLUCOSE MONITOR,K0554,Ther cgm receiver/monitor,cgm_receiver,medium
3004753838-2020-039343,Malfunction,2020-04-08,2020-04-28,"DEXCOM, INC.",,,QBJ,QBJ,DEXCOM G6 CONTINUOUS GLUCOSE MONITORING SYSTEM,CONTINUOUS GLUCOSE MONITOR,K0553,Ther cgm supply allowance,cgm_supply,medium
3004753838-2020-039343,Malfunction,2020-04-08,2020-04-28,"DEXCOM, INC.",,,QBJ,QBJ,DEXCOM G6 CONTINUOUS GLUCOSE MONITORING SYSTEM,CONTINUOUS GLUCOSE MONITOR,K0554,Ther cgm receiver/monitor,cgm_receiver,medium
3004753838-2020-039355,Malfunction,2020-04-04,2020-04-28,"DEXCOM, INC.",,,QBJ,QBJ,DEXCOM G6 CONTINUOUS GLUCOSE MONITORING SYSTEM,CONTINUOUS GLUCOSE MONITOR,K0553,Ther cgm supply allowance,cgm_supply,medium
3004753838-2020-039355,Malfunction,2020-04-04,2020-04-28,"DEXCOM, INC.",,,QBJ,QBJ,DEXCOM G6 CONTINUOUS GLUCOSE MONITORING SYSTEM,CONTINUOUS GLUCOSE MONITOR,K0554,Ther cgm receiver/monitor,cgm_receiver,medium
3004753838-2020-039356,Malfunction,2020-03-13,2020-04-28,"DEXCOM, INC.",,,QBJ,QBJ,DEXCOM G6 CONTINUOUS GLUCOSE MONITORING SYSTEM,CONTINUOUS GLUCOSE MONITOR,K0553,Ther cgm supply allowance,cgm_supply,medium
3004753838-2020-039356,Malfunction,2020-03-13,2020-04-28,"DEXCOM, INC.",,,QBJ,QBJ,DEXCOM G6 CONTINUOUS GLUCOSE MONITORING SYSTEM,CONTINUOUS GLUCOSE MONITOR,K0554,Ther cgm receiver/monitor,cgm_receiver,medium
3004753838-2020-039361,Malfunction,2020-04-07,2020-04-28,"DEXCOM, INC.",,,QBJ,QBJ,DEXCOM G6 CONTINUOUS GLUCOSE MONITORING SYSTEM,CONTINUOUS GLUCOSE MONITOR,K0553,Ther cgm supply allowance,cgm_supply,medium
3004753838-2020-039361,Malfunction,2020-04-07,2020-04-28,"DEXCOM, INC.",,,QBJ,QBJ,DEXCOM G6 CONTINUOUS GLUCOSE MONITORING SYSTEM,CONTINUOUS GLUCOSE MONITOR,K0554,Ther cgm receiver/monitor,cgm_receiver,medium
3004753838-2020-039366,Malfunction,2020-04-08,2020-04-28,"DEXCOM, INC.",,,QBJ,QBJ,DEXCOM G6 CONTINUOUS GLUCOSE MONITORING SYSTEM,CONTINUOUS GLUCOSE MONITOR,K0553,Ther cgm supply allowance,cgm_supply,medium
3004753838-2020-039366,Malfunction,2020-04-08,2020-04-28,"DEXCOM, INC.",,,QBJ,QBJ,DEXCOM G6 CONTINUOUS GLUCOSE MONITORING SYSTEM,CONTINUOUS GLUCOSE MONITOR,K0554,Ther cgm receiver/monitor,cgm_receiver,medium
3004753838-2020-039369,Malfunction,2020-04-07,2020-04-28,"DEXCOM, INC.",,,QBJ,QBJ,DEXCOM G6 CONTINUOUS GLUCOSE MONITORING SYSTEM,CONTINUOUS GLUCOSE MONITOR,K0553,Ther cgm supply allowance,cgm_supply,medium
3004753838-2020-039369,Malfunction,2020-04-07,2020-04-28,"DEXCOM, INC.",,,QBJ,QBJ,DEXCOM G6 CONTINUOUS GLUCOSE MONITORING SYSTEM,CONTINUOUS GLUCOSE MONITOR,K0554,Ther cgm receiver/monitor,cgm_receiver,medium
3004753838-2020-039370,Malfunction,2020-04-03,2020-04-28,"DEXCOM, INC.",,,QBJ,QBJ,DEXCOM G6 CONTINUOUS GLUCOSE MONITORING SYSTEM,CONTINUOUS GLUCOSE MONITOR,K0553,Ther cgm supply allowance,cgm_supply,medium
3004753838-2020-039370,Malfunction,2020-04-03,2020-04-28,"DEXCOM, INC.",,,QBJ,QBJ,DEXCOM G6 CONTINUOUS GLUCOSE MONITORING SYSTEM,CONTINUOUS GLUCOSE MONITOR,K0554,Ther cgm receiver/monitor,cgm_receiver,medium
3004753838-2020-039371,Malfunction,2020-04-05,2020-04-28,"DEXCOM, INC.",,,QBJ,QBJ,DEXCOM G6 CONTINUOUS GLUCOSE MONITORING SYSTEM,CONTINUOUS GLUCOSE MONITOR,K0553,Ther cgm supply allowance,cgm_supply,medium
3004753838-2020-039371,Malfunction,2020-04-05,2020-04-28,"DEXCOM, INC.",,,QBJ,QBJ,DEXCOM G6 CONTINUOUS GLUCOSE MONITORING SYSTEM,CONTINUOUS GLUCOSE MONITOR,K0554,Ther cgm receiver/monitor,cgm_receiver,medium
3004753838-2020-039373,Malfunction,2020-04-06,2020-04-28,"DEXCOM, INC.",,,QBJ,QBJ,DEXCOM G6 CONTINUOUS GLUCOSE MONITORING SYSTEM,CONTINUOUS GLUCOSE MONITOR,K0553,Ther cgm supply allowance,cgm_supply,medium
3004753838-2020-039373,Malfunction,2020-04-06,2020-04-28,"DEXCOM, INC.",,,QBJ,QBJ,DEXCOM G6 CONTINUOUS GLUCOSE MONITORING SYSTEM,CONTINUOUS GLUCOSE MONITOR,K0554,Ther cgm receiver/monitor,cgm_receiver,medium
3004753838-2020-039376,Malfunction,2020-04-08,2020-04-28,"DEXCOM, INC.",,,QBJ,QBJ,DEXCOM G6 CONTINUOUS GLUCOSE MONITORING SYSTEM,CONTINUOUS GLUCOSE MONITOR,K0553,Ther cgm supply allowance,cgm_supply,medium
3004753838-2020-039376,Malfunction,2020-04-08,2020-04-28,"DEXCOM, INC.",,,QBJ,QBJ,DEXCOM G6 CONTINUOUS GLUCOSE MONITORING SYSTEM,CONTINUOUS GLUCOSE MONITOR,K0554,Ther cgm receiver/monitor,cgm_receiver,medium
3004753838-2020-039378,Malfunction,2020-04-04,2020-04-28,"DEXCOM, INC.",,,QBJ,QBJ,DEXCOM G6 CONTINUOUS GLUCOSE MONITORING SYSTEM,CONTINUOUS GLUCOSE MONITOR,K0553,Ther cgm supply allowance,cgm_supply,medium
3004753838-2020-039378,Malfunction,2020-04-04,2020-04-28,"DEXCOM, INC.",,,QBJ,QBJ,DEXCOM G6 CONTINUOUS GLUCOSE MONITORING SYSTEM,CONTINUOUS GLUCOSE MONITOR,K0554,Ther cgm receiver/monitor,cgm_receiver,medium
3004753838-2020-039382,Malfunction,2020-04-05,2020-04-28,"DEXCOM, INC.",,,QBJ,QBJ,DEXCOM G6 CONTINUOUS GLUCOSE MONITORING SYSTEM,CONTINUOUS GLUCOSE MONITOR,K0553,Ther cgm supply allowance,cgm_supply,medium
3004753838-2020-039382,Malfunction,2020-04-05,2020-04-28,"DEXCOM, INC.",,,QBJ,QBJ,DEXCOM G6 CONTINUOUS GLUCOSE MONITORING SYSTEM,CONTINUOUS GLUCOSE MONITOR,K0554,Ther cgm receiver/monitor,cgm_receiver,medium
3004753838-2020-039387,Malfunction,2020-04-23,2020-04-28,"DEXCOM, INC.",,,QBJ,QBJ,DEXCOM G6 CONTINUOUS GLUCOSE MONITORING SYSTEM,CONTINUOUS GLUCOSE MONITOR,K0553,Ther cgm supply allowance,cgm_supply,medium
3004753838-2020-039387,Malfunction,2020-04-23,2020-04-28,"DEXCOM, INC.",,,QBJ,QBJ,DEXCOM G6 CONTINUOUS GLUCOSE MONITORING SYSTEM,CONTINUOUS GLUCOSE MONITOR,K0554,Ther cgm receiver/monitor,cgm_receiver,medium
3004753838-2020-039388,Malfunction,2020-04-01,2020-04-28,"DEXCOM, INC.",,,QBJ,QBJ,DEXCOM G6 CONTINUOUS GLUCOSE MONITORING SYSTEM,CONTINUOUS GLUCOSE MONITOR,K0553,Ther cgm supply allowance,cgm_supply,medium
3004753838-2020-039388,Malfunction,2020-04-01,2020-04-28,"DEXCOM, INC.",,,QBJ,QBJ,DEXCOM G6 CONTINUOUS GLUCOSE MONITORING SYSTEM,CONTINUOUS GLUCOSE MONITOR,K0554,Ther cgm receiver/monitor,cgm_receiver,medium
3004753838-2020-039396,Malfunction,2020-03-28,2020-04-28,"DEXCOM, INC.",,,QBJ,QBJ,DEXCOM G6 CONTINUOUS GLUCOSE MONITORING SYSTEM,CONTINUOUS GLUCOSE MONITOR,K0553,Ther cgm supply allowance,cgm_supply,medium
3004753838-2020-039396,Malfunction,2020-03-28,2020-04-28,"DEXCOM, INC.",,,QBJ,QBJ,DEXCOM G6 CONTINUOUS GLUCOSE MONITORING SYSTEM,CONTINUOUS GLUCOSE MONITOR,K0554,Ther cgm receiver/monitor,cgm_receiver,medium
3004753838-2020-039398,Malfunction,2020-04-09,2020-04-28,"DEXCOM, INC.",,,QBJ,QBJ,DEXCOM G6 CONTINUOUS GLUCOSE MONITORING SYSTEM,CONTINUOUS GLUCOSE MONITOR,K0553,Ther cgm supply allowance,cgm_supply,medium
3004753838-2020-039398,Malfunction,2020-04-09,2020-04-28,"DEXCOM, INC.",,,QBJ,QBJ,DEXCOM G6 CONTINUOUS GLUCOSE MONITORING SYSTEM,CONTINUOUS GLUCOSE MONITOR,K0554,Ther cgm receiver/monitor,cgm_receiver,medium
3004753838-2020-039401,Injury,2020-04-01,2020-04-28,"DEXCOM, INC.",,,QBJ,QBJ,DEXCOM G6 CONTINUOUS GLUCOSE MONITORING SYSTEM,CONTINUOUS GLUCOSE MONITOR,K0553,Ther cgm supply allowance,cgm_supply,medium
3004753838-2020-039401,Injury,2020-04-01,2020-04-28,"DEXCOM, INC.",,,QBJ,QBJ,DEXCOM G6 CONTINUOUS GLUCOSE MONITORING SYSTEM,CONTINUOUS GLUCOSE MONITOR,K0554,Ther cgm receiver/monitor,cgm_receiver,medium
3004753838-2020-039408,Malfunction,2020-04-28,2020-04-28,"DEXCOM, INC.",,,QBJ,QBJ,DEXCOM G6 CONTINUOUS GLUCOSE MONITORING SYSTEM,CONTINUOUS GLUCOSE MONITOR,K0553,Ther cgm supply allowance,cgm_supply,medium
3004753838-2020-039408,Malfunction,2020-04-28,2020-04-28,"DEXCOM, INC.",,,QBJ,QBJ,DEXCOM G6 CONTINUOUS GLUCOSE MONITORING SYSTEM,CONTINUOUS GLUCOSE MONITOR,K0554,Ther cgm receiver/monitor,cgm_receiver,medium
3004753838-2020-039409,Malfunction,2020-04-05,2020-04-28,"DEXCOM, INC.",,,QBJ,QBJ,DEXCOM G6 CONTINUOUS GLUCOSE MONITORING SYSTEM,CONTINUOUS GLUCOSE MONITOR,K0553,Ther cgm supply allowance,cgm_supply,medium
3004753838-2020-039409,Malfunction,2020-04-05,2020-04-28,"DEXCOM, INC.",,,QBJ,QBJ,DEXCOM G6 CONTINUOUS GLUCOSE MONITORING SYSTEM,CONTINUOUS GLUCOSE MONITOR,K0554,Ther cgm receiver/monitor,cgm_receiver,medium
3004753838-2020-039410,Malfunction,2020-04-07,2020-04-28,"DEXCOM, INC.",,,QBJ,QBJ,DEXCOM G6 CONTINUOUS GLUCOSE MONITORING SYSTEM,CONTINUOUS GLUCOSE MONITOR,K0553,Ther cgm supply allowance,cgm_supply,medium
3004753838-2020-039410,Malfunction,2020-04-07,2020-04-28,"DEXCOM, INC.",,,QBJ,QBJ,DEXCOM G6 CONTINUOUS GLUCOSE MONITORING SYSTEM,CONTINUOUS GLUCOSE MONITOR,K0554,Ther cgm receiver/monitor,cgm_receiver,medium
3004753838-2020-039411,Malfunction,2020-04-07,2020-04-28,"DEXCOM, INC.",,,QBJ,QBJ,DEXCOM G6 CONTINUOUS GLUCOSE MONITORING SYSTEM,CONTINUOUS GLUCOSE MONITOR,K0553,Ther cgm supply allowance,cgm_supply,medium
3004753838-2020-039411,Malfunction,2020-04-07,2020-04-28,"DEXCOM, INC.",,,QBJ,QBJ,DEXCOM G6 CONTINUOUS GLUCOSE MONITORING SYSTEM,CONTINUOUS GLUCOSE MONITOR,K0554,Ther cgm receiver/monitor,cgm_receiver,medium
3004753838-2020-039412,Malfunction,2020-04-03,2020-04-28,"DEXCOM, INC.",,,QBJ,QBJ,DEXCOM G6 CONTINUOUS GLUCOSE MONITORING SYSTEM,CONTINUOUS GLUCOSE MONITOR,K0553,Ther cgm supply allowance,cgm_supply,medium
3004753838-2020-039412,Malfunction,2020-04-03,2020-04-28,"DEXCOM, INC.",,,QBJ,QBJ,DEXCOM G6 CONTINUOUS GLUCOSE MONITORING SYSTEM,CONTINUOUS GLUCOSE MONITOR,K0554,Ther cgm receiver/monitor,cgm_receiver,medium
3004753838-2020-039413,Malfunction,2020-04-05,2020-04-28,"DEXCOM, INC.",,,QBJ,QBJ,DEXCOM G6 CONTINUOUS GLUCOSE MONITORING SYSTEM,CONTINUOUS GLUCOSE MONITOR,K0553,Ther cgm supply allowance,cgm_supply,medium
3004753838-2020-039413,Malfunction,2020-04-05,2020-04-28,"DEXCOM, INC.",,,QBJ,QBJ,DEXCOM G6 CONTINUOUS GLUCOSE MONITORING SYSTEM,CONTINUOUS GLUCOSE MONITOR,K0554,Ther cgm receiver/monitor,cgm_receiver,medium
3004753838-2020-039414,Malfunction,2020-04-01,2020-04-28,"DEXCOM, INC.",,,QBJ,QBJ,DEXCOM G6 CONTINUOUS GLUCOSE MONITORING SYSTEM,CONTINUOUS GLUCOSE MONITOR,K0553,Ther cgm supply allowance,cgm_supply,medium
3004753838-2020-039414,Malfunction,2020-04-01,2020-04-28,"DEXCOM, INC.",,,QBJ,QBJ,DEXCOM G6 CONTINUOUS GLUCOSE MONITORING SYSTEM,CONTINUOUS GLUCOSE MONITOR,K0554,Ther cgm receiver/monitor,cgm_receiver,medium
3004753838-2020-039415,Malfunction,2020-04-08,2020-04-28,"DEXCOM, INC.",,,QBJ,QBJ,DEXCOM G6 CONTINUOUS GLUCOSE MONITORING SYSTEM,CONTINUOUS GLUCOSE MONITOR,K0553,Ther cgm supply allowance,cgm_supply,medium
3004753838-2020-039415,Malfunction,2020-04-08,2020-04-28,"DEXCOM, INC.",,,QBJ,QBJ,DEXCOM G6 CONTINUOUS GLUCOSE MONITORING SYSTEM,CONTINUOUS GLUCOSE MONITOR,K0554,Ther cgm receiver/monitor,cgm_receiver,medium
3004753838-2020-039417,Malfunction,2020-04-08,2020-04-28,"DEXCOM, INC.",,,QBJ,QBJ,DEXCOM G6 CONTINUOUS GLUCOSE MONITORING SYSTEM,CONTINUOUS GLUCOSE MONITOR,K0553,Ther cgm supply allowance,cgm_supply,medium
3004753838-2020-039417,Malfunction,2020-04-08,2020-04-28,"DEXCOM, INC.",,,QBJ,QBJ,DEXCOM G6 CONTINUOUS GLUCOSE MONITORING SYSTEM,CONTINUOUS GLUCOSE MONITOR,K0554,Ther cgm receiver/monitor,cgm_receiver,medium
3004753838-2020-039418,Malfunction,2020-04-06,2020-04-28,"DEXCOM, INC.",,,QBJ,QBJ,DEXCOM G6 CONTINUOUS GLUCOSE MONITORING SYSTEM,CONTINUOUS GLUCOSE MONITOR,K0553,Ther cgm supply allowance,cgm_supply,medium
3004753838-2020-039418,Malfunction,2020-04-06,2020-04-28,"DEXCOM, INC.",,,QBJ,QBJ,DEXCOM G6 CONTINUOUS GLUCOSE MONITORING SYSTEM,CONTINUOUS GLUCOSE MONITOR,K0554,Ther cgm receiver/monitor,cgm_receiver,medium
3004753838-2020-039420,Malfunction,2020-04-08,2020-04-28,"DEXCOM, INC.",,,QBJ,QBJ,DEXCOM G6 CONTINUOUS GLUCOSE MONITORING SYSTEM,CONTINUOUS GLUCOSE MONITOR,K0553,Ther cgm supply allowance,cgm_supply,medium
3004753838-2020-039420,Malfunction,2020-04-08,2020-04-28,"DEXCOM, INC.",,,QBJ,QBJ,DEXCOM G6 CONTINUOUS GLUCOSE MONITORING SYSTEM,CONTINUOUS GLUCOSE MONITOR,K0554,Ther cgm receiver/monitor,cgm_receiver,medium
3004753838-2020-039421,Malfunction,2020-04-09,2020-04-28,"DEXCOM, INC.",,,QBJ,QBJ,DEXCOM G6 CONTINUOUS GLUCOSE MONITORING SYSTEM,CONTINUOUS GLUCOSE MONITOR,K0553,Ther cgm supply allowance,cgm_supply,medium
3004753838-2020-039421,Malfunction,2020-04-09,2020-04-28,"DEXCOM, INC.",,,QBJ,QBJ,DEXCOM G6 CONTINUOUS GLUCOSE MONITORING SYSTEM,CONTINUOUS GLUCOSE MONITOR,K0554,Ther cgm receiver/monitor,cgm_receiver,medium
3004753838-2020-039425,Malfunction,2020-03-13,2020-04-28,"DEXCOM, INC.",,,QBJ,QBJ,DEXCOM G6 CONTINUOUS GLUCOSE MONITORING SYSTEM,CONTINUOUS GLUCOSE MONITOR,K0553,Ther cgm supply allowance,cgm_supply,medium
3004753838-2020-039425,Malfunction,2020-03-13,2020-04-28,"DEXCOM, INC.",,,QBJ,QBJ,DEXCOM G6 CONTINUOUS GLUCOSE MONITORING SYSTEM,CONTINUOUS GLUCOSE MONITOR,K0554,Ther cgm receiver/monitor,cgm_receiver,medium
3004753838-2020-039426,Malfunction,2020-04-27,2020-04-28,"DEXCOM, INC.",,,QBJ,QBJ,DEXCOM G6 CONTINUOUS GLUCOSE MONITORING SYSTEM,CONTINUOUS GLUCOSE MONITOR,K0553,Ther cgm supply allowance,cgm_supply,medium
3004753838-2020-039426,Malfunction,2020-04-27,2020-04-28,"DEXCOM, INC.",,,QBJ,QBJ,DEXCOM G6 CONTINUOUS GLUCOSE MONITORING SYSTEM,CONTINUOUS GLUCOSE MONITOR,K0554,Ther cgm receiver/monitor,cgm_receiver,medium
3004753838-2020-039432,Malfunction,2020-04-02,2020-04-28,"DEXCOM, INC.",,,QBJ,QBJ,DEXCOM G6 CONTINUOUS GLUCOSE MONITORING SYSTEM,CONTINUOUS GLUCOSE MONITOR,K0553,Ther cgm supply allowance,cgm_supply,medium
3004753838-2020-039432,Malfunction,2020-04-02,2020-04-28,"DEXCOM, INC.",,,QBJ,QBJ,DEXCOM G6 CONTINUOUS GLUCOSE MONITORING SYSTEM,CONTINUOUS GLUCOSE MONITOR,K0554,Ther cgm receiver/monitor,cgm_receiver,medium
3004753838-2020-039439,Malfunction,2020-04-27,2020-04-28,"DEXCOM, INC.",,,QBJ,QBJ,DEXCOM G6 CONTINUOUS GLUCOSE MONITORING SYSTEM,CONTINUOUS GLUCOSE MONITOR,K0553,Ther cgm supply allowance,cgm_supply,medium
3004753838-2020-039439,Malfunction,2020-04-27,2020-04-28,"DEXCOM, INC.",,,QBJ,QBJ,DEXCOM G6 CONTINUOUS GLUCOSE MONITORING SYSTEM,CONTINUOUS GLUCOSE MONITOR,K0554,Ther cgm receiver/monitor,cgm_receiver,medium
3004753838-2020-039440,Malfunction,2020-04-05,2020-04-28,"DEXCOM, INC.",,,QBJ,QBJ,DEXCOM G6 CONTINUOUS GLUCOSE MONITORING SYSTEM,CONTINUOUS GLUCOSE MONITOR,K0553,Ther cgm supply allowance,cgm_supply,medium
3004753838-2020-039440,Malfunction,2020-04-05,2020-04-28,"DEXCOM, INC.",,,QBJ,QBJ,DEXCOM G6 CONTINUOUS GLUCOSE MONITORING SYSTEM,CONTINUOUS GLUCOSE MONITOR,K0554,Ther cgm receiver/monitor,cgm_receiver,medium
3004753838-2020-039442,Malfunction,2020-04-04,2020-04-28,"DEXCOM, INC.",,,QBJ,QBJ,DEXCOM G6 CONTINUOUS GLUCOSE MONITORING SYSTEM,CONTINUOUS GLUCOSE MONITOR,K0553,Ther cgm supply allowance,cgm_supply,medium
3004753838-2020-039442,Malfunction,2020-04-04,2020-04-28,"DEXCOM, INC.",,,QBJ,QBJ,DEXCOM G6 CONTINUOUS GLUCOSE MONITORING SYSTEM,CONTINUOUS GLUCOSE MONITOR,K0554,Ther cgm receiver/monitor,cgm_receiver,medium
3004753838-2020-039443,Malfunction,2020-04-04,2020-04-28,"DEXCOM, INC.",,,QBJ,QBJ,DEXCOM G6 CONTINUOUS GLUCOSE MONITORING SYSTEM,CONTINUOUS GLUCOSE MONITOR,K0553,Ther cgm supply allowance,cgm_supply,medium
3004753838-2020-039443,Malfunction,2020-04-04,2020-04-28,"DEXCOM, INC.",,,QBJ,QBJ,DEXCOM G6 CONTINUOUS GLUCOSE MONITORING SYSTEM,CONTINUOUS GLUCOSE MONITOR,K0554,Ther cgm receiver/monitor,cgm_receiver,medium
3004753838-2020-039446,Malfunction,2020-04-10,2020-04-28,"DEXCOM, INC.",,,QBJ,QBJ,DEXCOM G6 CONTINUOUS GLUCOSE MONITORING SYSTEM,CONTINUOUS GLUCOSE MONITOR,K0553,Ther cgm supply allowance,cgm_supply,medium
3004753838-2020-039446,Malfunction,2020-04-10,2020-04-28,"DEXCOM, INC.",,,QBJ,QBJ,DEXCOM G6 CONTINUOUS GLUCOSE MONITORING SYSTEM,CONTINUOUS GLUCOSE MONITOR,K0554,Ther cgm receiver/monitor,cgm_receiver,medium
3004753838-2020-039447,Malfunction,2020-04-22,2020-04-28,"DEXCOM, INC.",,,QBJ,QBJ,DEXCOM G6 CONTINUOUS GLUCOSE MONITORING SYSTEM,CONTINUOUS GLUCOSE MONITOR,K0553,Ther cgm supply allowance,cgm_supply,medium
3004753838-2020-039447,Malfunction,2020-04-22,2020-04-28,"DEXCOM, INC.",,,QBJ,QBJ,DEXCOM G6 CONTINUOUS GLUCOSE MONITORING SYSTEM,CONTINUOUS GLUCOSE MONITOR,K0554,Ther cgm receiver/monitor,cgm_receiver,medium
3004753838-2020-039448,Malfunction,2020-04-09,2020-04-28,"DEXCOM, INC.",,,QBJ,QBJ,DEXCOM G6 CONTINUOUS GLUCOSE MONITORING SYSTEM,CONTINUOUS GLUCOSE MONITOR,K0553,Ther cgm supply allowance,cgm_supply,medium
3004753838-2020-039448,Malfunction,2020-04-09,2020-04-28,"DEXCOM, INC.",,,QBJ,QBJ,DEXCOM G6 CONTINUOUS GLUCOSE MONITORING SYSTEM,CONTINUOUS GLUCOSE MONITOR,K0554,Ther cgm receiver/monitor,cgm_receiver,medium
3004753838-2020-039450,Malfunction,2020-04-07,2020-04-28,"DEXCOM, INC.",,,QBJ,QBJ,DEXCOM G6 CONTINUOUS GLUCOSE MONITORING SYSTEM,CONTINUOUS GLUCOSE MONITOR,K0553,Ther cgm supply allowance,cgm_supply,medium
3004753838-2020-039450,Malfunction,2020-04-07,2020-04-28,"DEXCOM, INC.",,,QBJ,QBJ,DEXCOM G6 CONTINUOUS GLUCOSE MONITORING SYSTEM,CONTINUOUS GLUCOSE MONITOR,K0554,Ther cgm receiver/monitor,cgm_receiver,medium
3004753838-2020-039452,Malfunction,2020-04-03,2020-04-28,"DEXCOM, INC.",,,QBJ,QBJ,DEXCOM G6 CONTINUOUS GLUCOSE MONITORING SYSTEM,CONTINUOUS GLUCOSE MONITOR,K0553,Ther cgm supply allowance,cgm_supply,medium
3004753838-2020-039452,Malfunction,2020-04-03,2020-04-28,"DEXCOM, INC.",,,QBJ,QBJ,DEXCOM G6 CONTINUOUS GLUCOSE MONITORING SYSTEM,CONTINUOUS GLUCOSE MONITOR,K0554,Ther cgm receiver/monitor,cgm_receiver,medium
3004753838-2020-039453,Injury,2020-04-04,2020-04-28,"DEXCOM, INC.",,,QBJ,QBJ,DEXCOM G6 CONTINUOUS GLUCOSE MONITORING SYSTEM,CONTINUOUS GLUCOSE MONITOR,K0553,Ther cgm supply allowance,cgm_supply,medium
3004753838-2020-039453,Injury,2020-04-04,2020-04-28,"DEXCOM, INC.",,,QBJ,QBJ,DEXCOM G6 CONTINUOUS GLUCOSE MONITORING SYSTEM,CONTINUOUS GLUCOSE MONITOR,K0554,Ther cgm receiver/monitor,cgm_receiver,medium
3004753838-2020-039454,Malfunction,2020-04-05,2020-04-28,"DEXCOM, INC.",,,QBJ,QBJ,DEXCOM G6 CONTINUOUS GLUCOSE MONITORING SYSTEM,CONTINUOUS GLUCOSE MONITOR,K0553,Ther cgm supply allowance,cgm_supply,medium
3004753838-2020-039454,Malfunction,2020-04-05,2020-04-28,"DEXCOM, INC.",,,QBJ,QBJ,DEXCOM G6 CONTINUOUS GLUCOSE MONITORING SYSTEM,CONTINUOUS GLUCOSE MONITOR,K0554,Ther cgm receiver/monitor,cgm_receiver,medium
3004753838-2020-039457,Malfunction,2020-04-06,2020-04-28,"DEXCOM, INC.",,,QBJ,QBJ,DEXCOM G6 CONTINUOUS GLUCOSE MONITORING SYSTEM,CONTINUOUS GLUCOSE MONITOR,K0553,Ther cgm supply allowance,cgm_supply,medium
3004753838-2020-039457,Malfunction,2020-04-06,2020-04-28,"DEXCOM, INC.",,,QBJ,QBJ,DEXCOM G6 CONTINUOUS GLUCOSE MONITORING SYSTEM,CONTINUOUS GLUCOSE MONITOR,K0554,Ther cgm receiver/monitor,cgm_receiver,medium
3004753838-2020-039459,Malfunction,2020-04-04,2020-04-28,"DEXCOM, INC.",,,QBJ,QBJ,DEXCOM G6 CONTINUOUS GLUCOSE MONITORING SYSTEM,CONTINUOUS GLUCOSE MONITOR,K0553,Ther cgm supply allowance,cgm_supply,medium
3004753838-2020-039459,Malfunction,2020-04-04,2020-04-28,"DEXCOM, INC.",,,QBJ,QBJ,DEXCOM G6 CONTINUOUS GLUCOSE MONITORING SYSTEM,CONTINUOUS GLUCOSE MONITOR,K0554,Ther cgm receiver/monitor,cgm_receiver,medium
3004753838-2020-039460,Malfunction,2020-03-30,2020-04-28,"DEXCOM, INC.",,,QBJ,QBJ,DEXCOM G6 CONTINUOUS GLUCOSE MONITORING SYSTEM,CONTINUOUS GLUCOSE MONITOR,K0553,Ther cgm supply allowance,cgm_supply,medium
3004753838-2020-039460,Malfunction,2020-03-30,2020-04-28,"DEXCOM, INC.",,,QBJ,QBJ,DEXCOM G6 CONTINUOUS GLUCOSE MONITORING SYSTEM,CONTINUOUS GLUCOSE MONITOR,K0554,Ther cgm receiver/monitor,cgm_receiver,medium
3004753838-2020-039463,Malfunction,2020-04-10,2020-04-28,"DEXCOM, INC.",,,QBJ,QBJ,DEXCOM G6 CONTINUOUS GLUCOSE MONITORING SYSTEM,CONTINUOUS GLUCOSE MONITOR,K0553,Ther cgm supply allowance,cgm_supply,medium
3004753838-2020-039463,Malfunction,2020-04-10,2020-04-28,"DEXCOM, INC.",,,QBJ,QBJ,DEXCOM G6 CONTINUOUS GLUCOSE MONITORING SYSTEM,CONTINUOUS GLUCOSE MONITOR,K0554,Ther cgm receiver/monitor,cgm_receiver,medium
3004753838-2020-039464,Malfunction,2020-04-09,2020-04-28,"DEXCOM, INC.",,,QBJ,QBJ,DEXCOM G6 CONTINUOUS GLUCOSE MONITORING SYSTEM,CONTINUOUS GLUCOSE MONITOR,K0553,Ther cgm supply allowance,cgm_supply,medium
3004753838-2020-039464,Malfunction,2020-04-09,2020-04-28,"DEXCOM, INC.",,,QBJ,QBJ,DEXCOM G6 CONTINUOUS GLUCOSE MONITORING SYSTEM,CONTINUOUS GLUCOSE MONITOR,K0554,Ther cgm receiver/monitor,cgm_receiver,medium
3004753838-2020-039467,Malfunction,2020-03-28,2020-04-28,"DEXCOM, INC.",,,QBJ,QBJ,DEXCOM G6 CONTINUOUS GLUCOSE MONITORING SYSTEM,CONTINUOUS GLUCOSE MONITOR,K0553,Ther cgm supply allowance,cgm_supply,medium
3004753838-2020-039467,Malfunction,2020-03-28,2020-04-28,"DEXCOM, INC.",,,QBJ,QBJ,DEXCOM G6 CONTINUOUS GLUCOSE MONITORING SYSTEM,CONTINUOUS GLUCOSE MONITOR,K0554,Ther cgm receiver/monitor,cgm_receiver,medium
3004753838-2020-039468,Malfunction,2020-04-09,2020-04-28,"DEXCOM, INC.",,,QBJ,QBJ,DEXCOM G6 CONTINUOUS GLUCOSE MONITORING SYSTEM,CONTINUOUS GLUCOSE MONITOR,K0553,Ther cgm supply allowance,cgm_supply,medium
3004753838-2020-039468,Malfunction,2020-04-09,2020-04-28,"DEXCOM, INC.",,,QBJ,QBJ,DEXCOM G6 CONTINUOUS GLUCOSE MONITORING SYSTEM,CONTINUOUS GLUCOSE MONITOR,K0554,Ther cgm receiver/monitor,cgm_receiver,medium
3004753838-2020-039469,Malfunction,2020-04-09,2020-04-28,"DEXCOM, INC.",,,QBJ,QBJ,DEXCOM G6 CONTINUOUS GLUCOSE MONITORING SYSTEM,CONTINUOUS GLUCOSE MONITOR,K0553,Ther cgm supply allowance,cgm_supply,medium
3004753838-2020-039469,Malfunction,2020-04-09,2020-04-28,"DEXCOM, INC.",,,QBJ,QBJ,DEXCOM G6 CONTINUOUS GLUCOSE MONITORING SYSTEM,CONTINUOUS GLUCOSE MONITOR,K0554,Ther cgm receiver/monitor,cgm_receiver,medium
3004753838-2020-039472,Malfunction,2020-04-04,2020-04-28,"DEXCOM, INC.",,,QBJ,QBJ,DEXCOM G6 CONTINUOUS GLUCOSE MONITORING SYSTEM,CONTINUOUS GLUCOSE MONITOR,K0553,Ther cgm supply allowance,cgm_supply,medium
3004753838-2020-039472,Malfunction,2020-04-04,2020-04-28,"DEXCOM, INC.",,,QBJ,QBJ,DEXCOM G6 CONTINUOUS GLUCOSE MONITORING SYSTEM,CONTINUOUS GLUCOSE MONITOR,K0554,Ther cgm receiver/monitor,cgm_receiver,medium
3004753838-2020-039474,Malfunction,2020-04-01,2020-04-28,"DEXCOM, INC.",,,QBJ,QBJ,DEXCOM G6 CONTINUOUS GLUCOSE MONITORING SYSTEM,CONTINUOUS GLUCOSE MONITOR,K0553,Ther cgm supply allowance,cgm_supply,medium
3004753838-2020-039474,Malfunction,2020-04-01,2020-04-28,"DEXCOM, INC.",,,QBJ,QBJ,DEXCOM G6 CONTINUOUS GLUCOSE MONITORING SYSTEM,CONTINUOUS GLUCOSE MONITOR,K0554,Ther cgm receiver/monitor,cgm_receiver,medium
3004753838-2020-039478,Malfunction,2020-04-06,2020-04-28,"DEXCOM, INC.",,,QBJ,QBJ,DEXCOM G6 CONTINUOUS GLUCOSE MONITORING SYSTEM,CONTINUOUS GLUCOSE MONITOR,K0553,Ther cgm supply allowance,cgm_supply,medium
3004753838-2020-039478,Malfunction,2020-04-06,2020-04-28,"DEXCOM, INC.",,,QBJ,QBJ,DEXCOM G6 CONTINUOUS GLUCOSE MONITORING SYSTEM,CONTINUOUS GLUCOSE MONITOR,K0554,Ther cgm receiver/monitor,cgm_receiver,medium
3004753838-2020-039479,Malfunction,2020-04-10,2020-04-28,"DEXCOM, INC.",,,QBJ,QBJ,DEXCOM G6 CONTINUOUS GLUCOSE MONITORING SYSTEM,CONTINUOUS GLUCOSE MONITOR,K0553,Ther cgm supply allowance,cgm_supply,medium
3004753838-2020-039479,Malfunction,2020-04-10,2020-04-28,"DEXCOM, INC.",,,QBJ,QBJ,DEXCOM G6 CONTINUOUS GLUCOSE MONITORING SYSTEM,CONTINUOUS GLUCOSE MONITOR,K0554,Ther cgm receiver/monitor,cgm_receiver,medium
3004753838-2020-039480,Malfunction,2020-04-09,2020-04-28,"DEXCOM, INC.",,,QBJ,QBJ,DEXCOM G6 CONTINUOUS GLUCOSE MONITORING SYSTEM,CONTINUOUS GLUCOSE MONITOR,K0553,Ther cgm supply allowance,cgm_supply,medium
3004753838-2020-039480,Malfunction,2020-04-09,2020-04-28,"DEXCOM, INC.",,,QBJ,QBJ,DEXCOM G6 CONTINUOUS GLUCOSE MONITORING SYSTEM,CONTINUOUS GLUCOSE MONITOR,K0554,Ther cgm receiver/monitor,cgm_receiver,medium
3004753838-2020-039481,Malfunction,2020-04-22,2020-04-28,"DEXCOM, INC.",,,QBJ,QBJ,DEXCOM G6 CONTINUOUS GLUCOSE MONITORING SYSTEM,CONTINUOUS GLUCOSE MONITOR,K0553,Ther cgm supply allowance,cgm_supply,medium
3004753838-2020-039481,Malfunction,2020-04-22,2020-04-28,"DEXCOM, INC.",,,QBJ,QBJ,DEXCOM G6 CONTINUOUS GLUCOSE MONITORING SYSTEM,CONTINUOUS GLUCOSE MONITOR,K0554,Ther cgm receiver/monitor,cgm_receiver,medium
3004753838-2020-039482,Malfunction,2020-03-16,2020-04-28,"DEXCOM, INC.",,,QBJ,QBJ,DEXCOM G6 CONTINUOUS GLUCOSE MONITORING SYSTEM,CONTINUOUS GLUCOSE MONITOR,K0553,Ther cgm supply allowance,cgm_supply,medium
3004753838-2020-039482,Malfunction,2020-03-16,2020-04-28,"DEXCOM, INC.",,,QBJ,QBJ,DEXCOM G6 CONTINUOUS GLUCOSE MONITORING SYSTEM,CONTINUOUS GLUCOSE MONITOR,K0554,Ther cgm receiver/monitor,cgm_receiver,medium
3004753838-2020-039483,Malfunction,2020-04-06,2020-04-28,"DEXCOM, INC.",,,QBJ,QBJ,DEXCOM G6 CONTINUOUS GLUCOSE MONITORING SYSTEM,CONTINUOUS GLUCOSE MONITOR,K0553,Ther cgm supply allowance,cgm_supply,medium
3004753838-2020-039483,Malfunction,2020-04-06,2020-04-28,"DEXCOM, INC.",,,QBJ,QBJ,DEXCOM G6 CONTINUOUS GLUCOSE MONITORING SYSTEM,CONTINUOUS GLUCOSE MONITOR,K0554,Ther cgm receiver/monitor,cgm_receiver,medium
3004753838-2020-039484,Malfunction,2020-04-08,2020-04-28,"DEXCOM, INC.",,,QBJ,QBJ,DEXCOM G6 CONTINUOUS GLUCOSE MONITORING SYSTEM,CONTINUOUS GLUCOSE MONITOR,K0553,Ther cgm supply allowance,cgm_supply,medium
3004753838-2020-039484,Malfunction,2020-04-08,2020-04-28,"DEXCOM, INC.",,,QBJ,QBJ,DEXCOM G6 CONTINUOUS GLUCOSE MONITORING SYSTEM,CONTINUOUS GLUCOSE MONITOR,K0554,Ther cgm receiver/monitor,cgm_receiver,medium
3004753838-2020-039485,Malfunction,2020-04-02,2020-04-28,"DEXCOM, INC.",,,QBJ,QBJ,DEXCOM G6 CONTINUOUS GLUCOSE MONITORING SYSTEM,CONTINUOUS GLUCOSE MONITOR,K0553,Ther cgm supply allowance,cgm_supply,medium
3004753838-2020-039485,Malfunction,2020-04-02,2020-04-28,"DEXCOM, INC.",,,QBJ,QBJ,DEXCOM G6 CONTINUOUS GLUCOSE MONITORING SYSTEM,CONTINUOUS GLUCOSE MONITOR,K0554,Ther cgm receiver/monitor,cgm_receiver,medium
3004753838-2020-039486,Malfunction,2020-04-10,2020-04-28,"DEXCOM, INC.",,,QBJ,QBJ,DEXCOM G6 CONTINUOUS GLUCOSE MONITORING SYSTEM,CONTINUOUS GLUCOSE MONITOR,K0553,Ther cgm supply allowance,cgm_supply,medium
3004753838-2020-039486,Malfunction,2020-04-10,2020-04-28,"DEXCOM, INC.",,,QBJ,QBJ,DEXCOM G6 CONTINUOUS GLUCOSE MONITORING SYSTEM,CONTINUOUS GLUCOSE MONITOR,K0554,Ther cgm receiver/monitor,cgm_receiver,medium
3004753838-2020-039487,Malfunction,2020-04-09,2020-04-28,"DEXCOM, INC.",,,QBJ,QBJ,DEXCOM G6 CONTINUOUS GLUCOSE MONITORING SYSTEM,CONTINUOUS GLUCOSE MONITOR,K0553,Ther cgm supply allowance,cgm_supply,medium
3004753838-2020-039487,Malfunction,2020-04-09,2020-04-28,"DEXCOM, INC.",,,QBJ,QBJ,DEXCOM G6 CONTINUOUS GLUCOSE MONITORING SYSTEM,CONTINUOUS GLUCOSE MONITOR,K0554,Ther cgm receiver/monitor,cgm_receiver,medium
3004753838-2020-039488,Malfunction,2020-04-09,2020-04-28,"DEXCOM, INC.",,,QBJ,QBJ,DEXCOM G6 CONTINUOUS GLUCOSE MONITORING SYSTEM,CONTINUOUS GLUCOSE MONITOR,K0553,Ther cgm supply allowance,cgm_supply,medium
3004753838-2020-039488,Malfunction,2020-04-09,2020-04-28,"DEXCOM, INC.",,,QBJ,QBJ,DEXCOM G6 CONTINUOUS GLUCOSE MONITORING SYSTEM,CONTINUOUS GLUCOSE MONITOR,K0554,Ther cgm receiver/monitor,cgm_receiver,medium
3004753838-2020-039489,Malfunction,2020-04-02,2020-04-28,"DEXCOM, INC.",,,QBJ,QBJ,DEXCOM G6 CONTINUOUS GLUCOSE MONITORING SYSTEM,CONTINUOUS GLUCOSE MONITOR,K0553,Ther cgm supply allowance,cgm_supply,medium
3004753838-2020-039489,Malfunction,2020-04-02,2020-04-28,"DEXCOM, INC.",,,QBJ,QBJ,DEXCOM G6 CONTINUOUS GLUCOSE MONITORING SYSTEM,CONTINUOUS GLUCOSE MONITOR,K0554,Ther cgm receiver/monitor,cgm_receiver,medium
3004753838-2020-039490,Malfunction,2020-04-10,2020-04-28,"DEXCOM, INC.",,,QBJ,QBJ,DEXCOM G6 CONTINUOUS GLUCOSE MONITORING SYSTEM,CONTINUOUS GLUCOSE MONITOR,K0553,Ther cgm supply allowance,cgm_supply,medium
3004753838-2020-039490,Malfunction,2020-04-10,2020-04-28,"DEXCOM, INC.",,,QBJ,QBJ,DEXCOM G6 CONTINUOUS GLUCOSE MONITORING SYSTEM,CONTINUOUS GLUCOSE MONITOR,K0554,Ther cgm receiver/monitor,cgm_receiver,medium
3004753838-2020-039492,Malfunction,2020-04-04,2020-04-28,"DEXCOM, INC.",,,QBJ,QBJ,DEXCOM G6 CONTINUOUS GLUCOSE MONITORING SYSTEM,CONTINUOUS GLUCOSE MONITOR,K0553,Ther cgm supply allowance,cgm_supply,medium
3004753838-2020-039492,Malfunction,2020-04-04,2020-04-28,"DEXCOM, INC.",,,QBJ,QBJ,DEXCOM G6 CONTINUOUS GLUCOSE MONITORING SYSTEM,CONTINUOUS GLUCOSE MONITOR,K0554,Ther cgm receiver/monitor,cgm_receiver,medium
3004753838-2020-039493,Malfunction,2020-04-09,2020-04-28,"DEXCOM, INC.",,,QBJ,QBJ,DEXCOM G6 CONTINUOUS GLUCOSE MONITORING SYSTEM,CONTINUOUS GLUCOSE MONITOR,K0553,Ther cgm supply allowance,cgm_supply,medium
3004753838-2020-039493,Malfunction,2020-04-09,2020-04-28,"DEXCOM, INC.",,,QBJ,QBJ,DEXCOM G6 CONTINUOUS GLUCOSE MONITORING SYSTEM,CONTINUOUS GLUCOSE MONITOR,K0554,Ther cgm receiver/monitor,cgm_receiver,medium
3004753838-2020-039494,Malfunction,2020-04-07,2020-04-28,"DEXCOM, INC.",,,QBJ,QBJ,DEXCOM G6 CONTINUOUS GLUCOSE MONITORING SYSTEM,CONTINUOUS GLUCOSE MONITOR,K0553,Ther cgm supply allowance,cgm_supply,medium
3004753838-2020-039494,Malfunction,2020-04-07,2020-04-28,"DEXCOM, INC.",,,QBJ,QBJ,DEXCOM G6 CONTINUOUS GLUCOSE MONITORING SYSTEM,CONTINUOUS GLUCOSE MONITOR,K0554,Ther cgm receiver/monitor,cgm_receiver,medium
3004753838-2020-039495,Malfunction,2020-03-20,2020-04-28,"DEXCOM, INC.",,,QBJ,QBJ,DEXCOM G6 CONTINUOUS GLUCOSE MONITORING SYSTEM,CONTINUOUS GLUCOSE MONITOR,K0553,Ther cgm supply allowance,cgm_supply,medium
3004753838-2020-039495,Malfunction,2020-03-20,2020-04-28,"DEXCOM, INC.",,,QBJ,QBJ,DEXCOM G6 CONTINUOUS GLUCOSE MONITORING SYSTEM,CONTINUOUS GLUCOSE MONITOR,K0554,Ther cgm receiver/monitor,cgm_receiver,medium
3004753838-2020-039496,Malfunction,2020-04-09,2020-04-28,"DEXCOM, INC.",,,QBJ,QBJ,DEXCOM G6 CONTINUOUS GLUCOSE MONITORING SYSTEM,CONTINUOUS GLUCOSE MONITOR,K0553,Ther cgm supply allowance,cgm_supply,medium
3004753838-2020-039496,Malfunction,2020-04-09,2020-04-28,"DEXCOM, INC.",,,QBJ,QBJ,DEXCOM G6 CONTINUOUS GLUCOSE MONITORING SYSTEM,CONTINUOUS GLUCOSE MONITOR,K0554,Ther cgm receiver/monitor,cgm_receiver,medium
3004753838-2020-039498,Malfunction,2020-04-10,2020-04-28,"DEXCOM, INC.",,,QBJ,QBJ,DEXCOM G6 CONTINUOUS GLUCOSE MONITORING SYSTEM,CONTINUOUS GLUCOSE MONITOR,K0553,Ther cgm supply allowance,cgm_supply,medium
3004753838-2020-039498,Malfunction,2020-04-10,2020-04-28,"DEXCOM, INC.",,,QBJ,QBJ,DEXCOM G6 CONTINUOUS GLUCOSE MONITORING SYSTEM,CONTINUOUS GLUCOSE MONITOR,K0554,Ther cgm receiver/monitor,cgm_receiver,medium
3004753838-2020-039499,Malfunction,2020-04-09,2020-04-28,"DEXCOM, INC.",,,QBJ,QBJ,DEXCOM G6 CONTINUOUS GLUCOSE MONITORING SYSTEM,CONTINUOUS GLUCOSE MONITOR,K0553,Ther cgm supply allowance,cgm_supply,medium
3004753838-2020-039499,Malfunction,2020-04-09,2020-04-28,"DEXCOM, INC.",,,QBJ,QBJ,DEXCOM G6 CONTINUOUS GLUCOSE MONITORING SYSTEM,CONTINUOUS GLUCOSE MONITOR,K0554,Ther cgm receiver/monitor,cgm_receiver,medium
3004753838-2020-039501,Malfunction,2020-04-09,2020-04-28,"DEXCOM, INC.",,,QBJ,QBJ,DEXCOM G6 CONTINUOUS GLUCOSE MONITORING SYSTEM,CONTINUOUS GLUCOSE MONITOR,K0553,Ther cgm supply allowance,cgm_supply,medium
3004753838-2020-039501,Malfunction,2020-04-09,2020-04-28,"DEXCOM, INC.",,,QBJ,QBJ,DEXCOM G6 CONTINUOUS GLUCOSE MONITORING SYSTEM,CONTINUOUS GLUCOSE MONITOR,K0554,Ther cgm receiver/monitor,cgm_receiver,medium
3004753838-2020-039502,Malfunction,2020-04-10,2020-04-28,"DEXCOM, INC.",,,QBJ,QBJ,DEXCOM G6 CONTINUOUS GLUCOSE MONITORING SYSTEM,CONTINUOUS GLUCOSE MONITOR,K0553,Ther cgm supply allowance,cgm_supply,medium
3004753838-2020-039502,Malfunction,2020-04-10,2020-04-28,"DEXCOM, INC.",,,QBJ,QBJ,DEXCOM G6 CONTINUOUS GLUCOSE MONITORING SYSTEM,CONTINUOUS GLUCOSE MONITOR,K0554,Ther cgm receiver/monitor,cgm_receiver,medium
3004753838-2020-039503,Malfunction,2020-04-10,2020-04-28,"DEXCOM, INC.",,,QBJ,QBJ,DEXCOM G6 CONTINUOUS GLUCOSE MONITORING SYSTEM,CONTINUOUS GLUCOSE MONITOR,K0553,Ther cgm supply allowance,cgm_supply,medium
3004753838-2020-039503,Malfunction,2020-04-10,2020-04-28,"DEXCOM, INC.",,,QBJ,QBJ,DEXCOM G6 CONTINUOUS GLUCOSE MONITORING SYSTEM,CONTINUOUS GLUCOSE MONITOR,K0554,Ther cgm receiver/monitor,cgm_receiver,medium
3004753838-2020-039504,Malfunction,2020-04-05,2020-04-28,"DEXCOM, INC.",,,QBJ,QBJ,DEXCOM G6 CONTINUOUS GLUCOSE MONITORING SYSTEM,CONTINUOUS GLUCOSE MONITOR,K0553,Ther cgm supply allowance,cgm_supply,medium
3004753838-2020-039504,Malfunction,2020-04-05,2020-04-28,"DEXCOM, INC.",,,QBJ,QBJ,DEXCOM G6 CONTINUOUS GLUCOSE MONITORING SYSTEM,CONTINUOUS GLUCOSE MONITOR,K0554,Ther cgm receiver/monitor,cgm_receiver,medium
3004753838-2020-039505,Malfunction,2020-04-03,2020-04-28,"DEXCOM, INC.",,,QBJ,QBJ,DEXCOM G6 CONTINUOUS GLUCOSE MONITORING SYSTEM,CONTINUOUS GLUCOSE MONITOR,K0553,Ther cgm supply allowance,cgm_supply,medium
3004753838-2020-039505,Malfunction,2020-04-03,2020-04-28,"DEXCOM, INC.",,,QBJ,QBJ,DEXCOM G6 CONTINUOUS GLUCOSE MONITORING SYSTEM,CONTINUOUS GLUCOSE MONITOR,K0554,Ther cgm receiver/monitor,cgm_receiver,medium
3004753838-2020-039506,Malfunction,2020-01-31,2020-04-28,"DEXCOM, INC.",,,QBJ,QBJ,DEXCOM G6 CONTINUOUS GLUCOSE MONITORING SYSTEM,CONTINUOUS GLUCOSE MONITOR,K0553,Ther cgm supply allowance,cgm_supply,medium
3004753838-2020-039506,Malfunction,2020-01-31,2020-04-28,"DEXCOM, INC.",,,QBJ,QBJ,DEXCOM G6 CONTINUOUS GLUCOSE MONITORING SYSTEM,CONTINUOUS GLUCOSE MONITOR,K0554,Ther cgm receiver/monitor,cgm_receiver,medium
3004753838-2020-039507,Malfunction,2020-04-17,2020-04-28,"DEXCOM, INC.",,,QBJ,QBJ,DEXCOM G6 CONTINUOUS GLUCOSE MONITORING SYSTEM,CONTINUOUS GLUCOSE MONITOR,K0553,Ther cgm supply allowance,cgm_supply,medium
3004753838-2020-039507,Malfunction,2020-04-17,2020-04-28,"DEXCOM, INC.",,,QBJ,QBJ,DEXCOM G6 CONTINUOUS GLUCOSE MONITORING SYSTEM,CONTINUOUS GLUCOSE MONITOR,K0554,Ther cgm receiver/monitor,cgm_receiver,medium
3004753838-2020-039508,Malfunction,2020-04-08,2020-04-28,"DEXCOM, INC.",,,QBJ,QBJ,DEXCOM G6 CONTINUOUS GLUCOSE MONITORING SYSTEM,CONTINUOUS GLUCOSE MONITOR,K0553,Ther cgm supply allowance,cgm_supply,medium
3004753838-2020-039508,Malfunction,2020-04-08,2020-04-28,"DEXCOM, INC.",,,QBJ,QBJ,DEXCOM G6 CONTINUOUS GLUCOSE MONITORING SYSTEM,CONTINUOUS GLUCOSE MONITOR,K0554,Ther cgm receiver/monitor,cgm_receiver,medium
3004753838-2020-039509,Malfunction,2020-04-09,2020-04-28,"DEXCOM, INC.",,,QBJ,QBJ,DEXCOM G6 CONTINUOUS GLUCOSE MONITORING SYSTEM,CONTINUOUS GLUCOSE MONITOR,K0553,Ther cgm supply allowance,cgm_supply,medium
3004753838-2020-039509,Malfunction,2020-04-09,2020-04-28,"DEXCOM, INC.",,,QBJ,QBJ,DEXCOM G6 CONTINUOUS GLUCOSE MONITORING SYSTEM,CONTINUOUS GLUCOSE MONITOR,K0554,Ther cgm receiver/monitor,cgm_receiver,medium
3004753838-2020-039516,Malfunction,2020-04-10,2020-04-28,"DEXCOM, INC.",,,QBJ,QBJ,DEXCOM G6 CONTINUOUS GLUCOSE MONITORING SYSTEM,CONTINUOUS GLUCOSE MONITOR,K0553,Ther cgm supply allowance,cgm_supply,medium
3004753838-2020-039516,Malfunction,2020-04-10,2020-04-28,"DEXCOM, INC.",,,QBJ,QBJ,DEXCOM G6 CONTINUOUS GLUCOSE MONITORING SYSTEM,CONTINUOUS GLUCOSE MONITOR,K0554,Ther cgm receiver/monitor,cgm_receiver,medium
3004753838-2020-039517,Malfunction,2020-04-09,2020-04-28,"DEXCOM, INC.",,,QBJ,QBJ,DEXCOM G6 CONTINUOUS GLUCOSE MONITORING SYSTEM,CONTINUOUS GLUCOSE MONITOR,K0553,Ther cgm supply allowance,cgm_supply,medium
3004753838-2020-039517,Malfunction,2020-04-09,2020-04-28,"DEXCOM, INC.",,,QBJ,QBJ,DEXCOM G6 CONTINUOUS GLUCOSE MONITORING SYSTEM,CONTINUOUS GLUCOSE MONITOR,K0554,Ther cgm receiver/monitor,cgm_receiver,medium
3004753838-2020-039518,Malfunction,2020-04-10,2020-04-28,"DEXCOM, INC.",,,QBJ,QBJ,DEXCOM G6 CONTINUOUS GLUCOSE MONITORING SYSTEM,CONTINUOUS GLUCOSE MONITOR,K0553,Ther cgm supply allowance,cgm_supply,medium
3004753838-2020-039518,Malfunction,2020-04-10,2020-04-28,"DEXCOM, INC.",,,QBJ,QBJ,DEXCOM G6 CONTINUOUS GLUCOSE MONITORING SYSTEM,CONTINUOUS GLUCOSE MONITOR,K0554,Ther cgm receiver/monitor,cgm_receiver,medium
3004753838-2020-039519,Malfunction,2020-04-02,2020-04-28,"DEXCOM, INC.",,,QBJ,QBJ,DEXCOM G6 CONTINUOUS GLUCOSE MONITORING SYSTEM,CONTINUOUS GLUCOSE MONITOR,K0553,Ther cgm supply allowance,cgm_supply,medium
3004753838-2020-039519,Malfunction,2020-04-02,2020-04-28,"DEXCOM, INC.",,,QBJ,QBJ,DEXCOM G6 CONTINUOUS GLUCOSE MONITORING SYSTEM,CONTINUOUS GLUCOSE MONITOR,K0554,Ther cgm receiver/monitor,cgm_receiver,medium
3004753838-2020-039522,Malfunction,2020-04-09,2020-04-28,"DEXCOM, INC.",,,QBJ,QBJ,DEXCOM G6 CONTINUOUS GLUCOSE MONITORING SYSTEM,CONTINUOUS GLUCOSE MONITOR,K0553,Ther cgm supply allowance,cgm_supply,medium
3004753838-2020-039522,Malfunction,2020-04-09,2020-04-28,"DEXCOM, INC.",,,QBJ,QBJ,DEXCOM G6 CONTINUOUS GLUCOSE MONITORING SYSTEM,CONTINUOUS GLUCOSE MONITOR,K0554,Ther cgm receiver/monitor,cgm_receiver,medium
3004753838-2020-039529,Malfunction,2020-04-24,2020-04-28,"DEXCOM, INC.",,,QBJ,QBJ,DEXCOM G6 CONTINUOUS GLUCOSE MONITORING SYSTEM,CONTINUOUS GLUCOSE MONITOR,K0553,Ther cgm supply allowance,cgm_supply,medium
3004753838-2020-039529,Malfunction,2020-04-24,2020-04-28,"DEXCOM, INC.",,,QBJ,QBJ,DEXCOM G6 CONTINUOUS GLUCOSE MONITORING SYSTEM,CONTINUOUS GLUCOSE MONITOR,K0554,Ther cgm receiver/monitor,cgm_receiver,medium
3004753838-2020-039531,Malfunction,2020-04-02,2020-04-28,"DEXCOM, INC.",,,QBJ,QBJ,DEXCOM G6 CONTINUOUS GLUCOSE MONITORING SYSTEM,CONTINUOUS GLUCOSE MONITOR,K0553,Ther cgm supply allowance,cgm_supply,medium
3004753838-2020-039531,Malfunction,2020-04-02,2020-04-28,"DEXCOM, INC.",,,QBJ,QBJ,DEXCOM G6 CONTINUOUS GLUCOSE MONITORING SYSTEM,CONTINUOUS GLUCOSE MONITOR,K0554,Ther cgm receiver/monitor,cgm_receiver,medium
3004753838-2020-039534,Malfunction,2020-04-24,2020-04-28,"DEXCOM, INC.",,,QBJ,QBJ,DEXCOM G6 CONTINUOUS GLUCOSE MONITORING SYSTEM,CONTINUOUS GLUCOSE MONITOR,K0553,Ther cgm supply allowance,cgm_supply,medium
3004753838-2020-039534,Malfunction,2020-04-24,2020-04-28,"DEXCOM, INC.",,,QBJ,QBJ,DEXCOM G6 CONTINUOUS GLUCOSE MONITORING SYSTEM,CONTINUOUS GLUCOSE MONITOR,K0554,Ther cgm receiver/monitor,cgm_receiver,medium
3004753838-2020-039535,Malfunction,2020-04-02,2020-04-28,"DEXCOM, INC.",,,QBJ,QBJ,DEXCOM G6 CONTINUOUS GLUCOSE MONITORING SYSTEM,CONTINUOUS GLUCOSE MONITOR,K0553,Ther cgm supply allowance,cgm_supply,medium
3004753838-2020-039535,Malfunction,2020-04-02,2020-04-28,"DEXCOM, INC.",,,QBJ,QBJ,DEXCOM G6 CONTINUOUS GLUCOSE MONITORING SYSTEM,CONTINUOUS GLUCOSE MONITOR,K0554,Ther cgm receiver/monitor,cgm_receiver,medium
3004753838-2020-039537,Malfunction,2020-04-10,2020-04-28,"DEXCOM, INC.",,,QBJ,QBJ,DEXCOM G6 CONTINUOUS GLUCOSE MONITORING SYSTEM,CONTINUOUS GLUCOSE MONITOR,K0553,Ther cgm supply allowance,cgm_supply,medium
3004753838-2020-039537,Malfunction,2020-04-10,2020-04-28,"DEXCOM, INC.",,,QBJ,QBJ,DEXCOM G6 CONTINUOUS GLUCOSE MONITORING SYSTEM,CONTINUOUS GLUCOSE MONITOR,K0554,Ther cgm receiver/monitor,cgm_receiver,medium
3004753838-2020-039538,Malfunction,2020-04-24,2020-04-28,"DEXCOM, INC.",,,QBJ,QBJ,DEXCOM G6 CONTINUOUS GLUCOSE MONITORING SYSTEM,CONTINUOUS GLUCOSE MONITOR,K0553,Ther cgm supply allowance,cgm_supply,medium
3004753838-2020-039538,Malfunction,2020-04-24,2020-04-28,"DEXCOM, INC.",,,QBJ,QBJ,DEXCOM G6 CONTINUOUS GLUCOSE MONITORING SYSTEM,CONTINUOUS GLUCOSE MONITOR,K0554,Ther cgm receiver/monitor,cgm_receiver,medium
3004753838-2020-039542,Malfunction,2020-04-25,2020-04-28,"DEXCOM, INC.",,,QBJ,QBJ,DEXCOM G6 CONTINUOUS GLUCOSE MONITORING SYSTEM,CONTINUOUS GLUCOSE MONITOR,K0553,Ther cgm supply allowance,cgm_supply,medium
3004753838-2020-039542,Malfunction,2020-04-25,2020-04-28,"DEXCOM, INC.",,,QBJ,QBJ,DEXCOM G6 CONTINUOUS GLUCOSE MONITORING SYSTEM,CONTINUOUS GLUCOSE MONITOR,K0554,Ther cgm receiver/monitor,cgm_receiver,medium
3004753838-2020-039543,Malfunction,2019-12-29,2020-04-28,"DEXCOM, INC.",,,QBJ,QBJ,DEXCOM G6 CONTINUOUS GLUCOSE MONITORING SYSTEM,CONTINUOUS GLUCOSE MONITOR,K0553,Ther cgm supply allowance,cgm_supply,medium
3004753838-2020-039543,Malfunction,2019-12-29,2020-04-28,"DEXCOM, INC.",,,QBJ,QBJ,DEXCOM G6 CONTINUOUS GLUCOSE MONITORING SYSTEM,CONTINUOUS GLUCOSE MONITOR,K0554,Ther cgm receiver/monitor,cgm_receiver,medium
3004753838-2020-039546,Malfunction,2020-04-02,2020-04-28,"DEXCOM, INC.",,,QBJ,QBJ,DEXCOM G6 CONTINUOUS GLUCOSE MONITORING SYSTEM,CONTINUOUS GLUCOSE MONITOR,K0553,Ther cgm supply allowance,cgm_supply,medium
3004753838-2020-039546,Malfunction,2020-04-02,2020-04-28,"DEXCOM, INC.",,,QBJ,QBJ,DEXCOM G6 CONTINUOUS GLUCOSE MONITORING SYSTEM,CONTINUOUS GLUCOSE MONITOR,K0554,Ther cgm receiver/monitor,cgm_receiver,medium
3004753838-2020-039547,Malfunction,2020-04-24,2020-04-28,"DEXCOM, INC.",,,QBJ,QBJ,DEXCOM G6 CONTINUOUS GLUCOSE MONITORING SYSTEM,CONTINUOUS GLUCOSE MONITOR,K0553,Ther cgm supply allowance,cgm_supply,medium
3004753838-2020-039547,Malfunction,2020-04-24,2020-04-28,"DEXCOM, INC.",,,QBJ,QBJ,DEXCOM G6 CONTINUOUS GLUCOSE MONITORING SYSTEM,CONTINUOUS GLUCOSE MONITOR,K0554,Ther cgm receiver/monitor,cgm_receiver,medium
3004753838-2020-039550,Malfunction,2020-03-30,2020-04-28,"DEXCOM, INC.",,,QBJ,QBJ,DEXCOM G6 CONTINUOUS GLUCOSE MONITORING SYSTEM,CONTINUOUS GLUCOSE MONITOR,K0553,Ther cgm supply allowance,cgm_supply,medium
3004753838-2020-039550,Malfunction,2020-03-30,2020-04-28,"DEXCOM, INC.",,,QBJ,QBJ,DEXCOM G6 CONTINUOUS GLUCOSE MONITORING SYSTEM,CONTINUOUS GLUCOSE MONITOR,K0554,Ther cgm receiver/monitor,cgm_receiver,medium
3004753838-2020-039552,Malfunction,2019-12-26,2020-04-28,"DEXCOM, INC.",,,QBJ,QBJ,DEXCOM G6 CONTINUOUS GLUCOSE MONITORING SYSTEM,CONTINUOUS GLUCOSE MONITOR,K0553,Ther cgm supply allowance,cgm_supply,medium
3004753838-2020-039552,Malfunction,2019-12-26,2020-04-28,"DEXCOM, INC.",,,QBJ,QBJ,DEXCOM G6 CONTINUOUS GLUCOSE MONITORING SYSTEM,CONTINUOUS GLUCOSE MONITOR,K0554,Ther cgm receiver/monitor,cgm_receiver,medium
3004753838-2020-039554,Malfunction,2020-04-01,2020-04-28,"DEXCOM, INC.",,,QBJ,QBJ,DEXCOM G6 CONTINUOUS GLUCOSE MONITORING SYSTEM,CONTINUOUS GLUCOSE MONITOR,K0553,Ther cgm supply allowance,cgm_supply,medium
3004753838-2020-039554,Malfunction,2020-04-01,2020-04-28,"DEXCOM, INC.",,,QBJ,QBJ,DEXCOM G6 CONTINUOUS GLUCOSE MONITORING SYSTEM,CONTINUOUS GLUCOSE MONITOR,K0554,Ther cgm receiver/monitor,cgm_receiver,medium
3004753838-2020-039558,Malfunction,2020-03-29,2020-04-28,"DEXCOM, INC.",,,QBJ,QBJ,DEXCOM G6 CONTINUOUS GLUCOSE MONITORING SYSTEM,CONTINUOUS GLUCOSE MONITOR,K0553,Ther cgm supply allowance,cgm_supply,medium
3004753838-2020-039558,Malfunction,2020-03-29,2020-04-28,"DEXCOM, INC.",,,QBJ,QBJ,DEXCOM G6 CONTINUOUS GLUCOSE MONITORING SYSTEM,CONTINUOUS GLUCOSE MONITOR,K0554,Ther cgm receiver/monitor,cgm_receiver,medium
3004753838-2020-039560,Malfunction,2020-04-07,2020-04-28,"DEXCOM, INC.",,,QBJ,QBJ,DEXCOM G6 CONTINUOUS GLUCOSE MONITORING SYSTEM,CONTINUOUS GLUCOSE MONITOR,K0553,Ther cgm supply allowance,cgm_supply,medium
3004753838-2020-039560,Malfunction,2020-04-07,2020-04-28,"DEXCOM, INC.",,,QBJ,QBJ,DEXCOM G6 CONTINUOUS GLUCOSE MONITORING SYSTEM,CONTINUOUS GLUCOSE MONITOR,K0554,Ther cgm receiver/monitor,cgm_receiver,medium
3004753838-2020-039562,Malfunction,2020-03-25,2020-04-28,"DEXCOM, INC.",,,QBJ,QBJ,DEXCOM G6 CONTINUOUS GLUCOSE MONITORING SYSTEM,CONTINUOUS GLUCOSE MONITOR,K0553,Ther cgm supply allowance,cgm_supply,medium
3004753838-2020-039562,Malfunction,2020-03-25,2020-04-28,"DEXCOM, INC.",,,QBJ,QBJ,DEXCOM G6 CONTINUOUS GLUCOSE MONITORING SYSTEM,CONTINUOUS GLUCOSE MONITOR,K0554,Ther cgm receiver/monitor,cgm_receiver,medium
3004753838-2020-039565,Malfunction,2020-03-14,2020-04-28,"DEXCOM, INC.",,,QBJ,QBJ,DEXCOM G6 CONTINUOUS GLUCOSE MONITORING SYSTEM,CONTINUOUS GLUCOSE MONITOR,K0553,Ther cgm supply allowance,cgm_supply,medium
3004753838-2020-039565,Malfunction,2020-03-14,2020-04-28,"DEXCOM, INC.",,,QBJ,QBJ,DEXCOM G6 CONTINUOUS GLUCOSE MONITORING SYSTEM,CONTINUOUS GLUCOSE MONITOR,K0554,Ther cgm receiver/monitor,cgm_receiver,medium
3004753838-2020-039569,Malfunction,2020-03-27,2020-04-28,"DEXCOM, INC.",,,QBJ,QBJ,DEXCOM G6 CONTINUOUS GLUCOSE MONITORING SYSTEM,CONTINUOUS GLUCOSE MONITOR,K0553,Ther cgm supply allowance,cgm_supply,medium
3004753838-2020-039569,Malfunction,2020-03-27,2020-04-28,"DEXCOM, INC.",,,QBJ,QBJ,DEXCOM G6 CONTINUOUS GLUCOSE MONITORING SYSTEM,CONTINUOUS GLUCOSE MONITOR,K0554,Ther cgm receiver/monitor,cgm_receiver,medium
3004753838-2020-039574,Malfunction,2020-04-02,2020-04-28,"DEXCOM, INC.",,,QBJ,QBJ,DEXCOM G6 CONTINUOUS GLUCOSE MONITORING SYSTEM,CONTINUOUS GLUCOSE MONITOR,K0553,Ther cgm supply allowance,cgm_supply,medium
3004753838-2020-039574,Malfunction,2020-04-02,2020-04-28,"DEXCOM, INC.",,,QBJ,QBJ,DEXCOM G6 CONTINUOUS GLUCOSE MONITORING SYSTEM,CONTINUOUS GLUCOSE MONITOR,K0554,Ther cgm receiver/monitor,cgm_receiver,medium
3004753838-2020-039577,Malfunction,2020-04-08,2020-04-28,"DEXCOM, INC.",,,QBJ,QBJ,DEXCOM G6 CONTINUOUS GLUCOSE MONITORING SYSTEM,CONTINUOUS GLUCOSE MONITOR,K0553,Ther cgm supply allowance,cgm_supply,medium
3004753838-2020-039577,Malfunction,2020-04-08,2020-04-28,"DEXCOM, INC.",,,QBJ,QBJ,DEXCOM G6 CONTINUOUS GLUCOSE MONITORING SYSTEM,CONTINUOUS GLUCOSE MONITOR,K0554,Ther cgm receiver/monitor,cgm_receiver,medium
3004753838-2020-039579,Malfunction,2020-04-07,2020-04-28,"DEXCOM, INC.",,,QBJ,QBJ,DEXCOM G6 CONTINUOUS GLUCOSE MONITORING SYSTEM,CONTINUOUS GLUCOSE MONITOR,K0553,Ther cgm supply allowance,cgm_supply,medium
3004753838-2020-039579,Malfunction,2020-04-07,2020-04-28,"DEXCOM, INC.",,,QBJ,QBJ,DEXCOM G6 CONTINUOUS GLUCOSE MONITORING SYSTEM,CONTINUOUS GLUCOSE MONITOR,K0554,Ther cgm receiver/monitor,cgm_receiver,medium
3004753838-2020-039580,Malfunction,2020-04-02,2020-04-28,"DEXCOM, INC.",,,QBJ,QBJ,DEXCOM G6 CONTINUOUS GLUCOSE MONITORING SYSTEM,CONTINUOUS GLUCOSE MONITOR,K0553,Ther cgm supply allowance,cgm_supply,medium
3004753838-2020-039580,Malfunction,2020-04-02,2020-04-28,"DEXCOM, INC.",,,QBJ,QBJ,DEXCOM G6 CONTINUOUS GLUCOSE MONITORING SYSTEM,CONTINUOUS GLUCOSE MONITOR,K0554,Ther cgm receiver/monitor,cgm_receiver,medium
3004753838-2020-039586,Malfunction,2020-04-02,2020-04-28,"DEXCOM, INC.",,,QBJ,QBJ,DEXCOM G6 CONTINUOUS GLUCOSE MONITORING SYSTEM,CONTINUOUS GLUCOSE MONITOR,K0553,Ther cgm supply allowance,cgm_supply,medium
3004753838-2020-039586,Malfunction,2020-04-02,2020-04-28,"DEXCOM, INC.",,,QBJ,QBJ,DEXCOM G6 CONTINUOUS GLUCOSE MONITORING SYSTEM,CONTINUOUS GLUCOSE MONITOR,K0554,Ther cgm receiver/monitor,cgm_receiver,medium
3004753838-2020-039589,Malfunction,2020-04-02,2020-04-28,"DEXCOM, INC.",,,QBJ,QBJ,DEXCOM G6 CONTINUOUS GLUCOSE MONITORING SYSTEM,CONTINUOUS GLUCOSE MONITOR,K0553,Ther cgm supply allowance,cgm_supply,medium
3004753838-2020-039589,Malfunction,2020-04-02,2020-04-28,"DEXCOM, INC.",,,QBJ,QBJ,DEXCOM G6 CONTINUOUS GLUCOSE MONITORING SYSTEM,CONTINUOUS GLUCOSE MONITOR,K0554,Ther cgm receiver/monitor,cgm_receiver,medium
3004753838-2020-039591,Malfunction,2020-04-02,2020-04-28,"DEXCOM, INC.",,,QBJ,QBJ,DEXCOM G6 CONTINUOUS GLUCOSE MONITORING SYSTEM,CONTINUOUS GLUCOSE MONITOR,K0553,Ther cgm supply allowance,cgm_supply,medium
3004753838-2020-039591,Malfunction,2020-04-02,2020-04-28,"DEXCOM, INC.",,,QBJ,QBJ,DEXCOM G6 CONTINUOUS GLUCOSE MONITORING SYSTEM,CONTINUOUS GLUCOSE MONITOR,K0554,Ther cgm receiver/monitor,cgm_receiver,medium
3004753838-2020-039592,Malfunction,2020-04-08,2020-04-28,"DEXCOM, INC.",,,QBJ,QBJ,DEXCOM G6 CONTINUOUS GLUCOSE MONITORING SYSTEM,CONTINUOUS GLUCOSE MONITOR,K0553,Ther cgm supply allowance,cgm_supply,medium
3004753838-2020-039592,Malfunction,2020-04-08,2020-04-28,"DEXCOM, INC.",,,QBJ,QBJ,DEXCOM G6 CONTINUOUS GLUCOSE MONITORING SYSTEM,CONTINUOUS GLUCOSE MONITOR,K0554,Ther cgm receiver/monitor,cgm_receiver,medium
3004753838-2020-039597,Malfunction,2020-04-09,2020-04-28,"DEXCOM, INC.",,,QBJ,QBJ,DEXCOM G6 CONTINUOUS GLUCOSE MONITORING SYSTEM,CONTINUOUS GLUCOSE MONITOR,K0553,Ther cgm supply allowance,cgm_supply,medium
3004753838-2020-039597,Malfunction,2020-04-09,2020-04-28,"DEXCOM, INC.",,,QBJ,QBJ,DEXCOM G6 CONTINUOUS GLUCOSE MONITORING SYSTEM,CONTINUOUS GLUCOSE MONITOR,K0554,Ther cgm receiver/monitor,cgm_receiver,medium
3004753838-2020-039599,Malfunction,2020-04-07,2020-04-28,"DEXCOM, INC.",,,QBJ,QBJ,DEXCOM G6 CONTINUOUS GLUCOSE MONITORING SYSTEM,CONTINUOUS GLUCOSE MONITOR,K0553,Ther cgm supply allowance,cgm_supply,medium
3004753838-2020-039599,Malfunction,2020-04-07,2020-04-28,"DEXCOM, INC.",,,QBJ,QBJ,DEXCOM G6 CONTINUOUS GLUCOSE MONITORING SYSTEM,CONTINUOUS GLUCOSE MONITOR,K0554,Ther cgm receiver/monitor,cgm_receiver,medium
3004753838-2020-039603,Malfunction,2020-04-09,2020-04-28,"DEXCOM, INC.",,,QBJ,QBJ,DEXCOM G6 CONTINUOUS GLUCOSE MONITORING SYSTEM,CONTINUOUS GLUCOSE MONITOR,K0553,Ther cgm supply allowance,cgm_supply,medium
3004753838-2020-039603,Malfunction,2020-04-09,2020-04-28,"DEXCOM, INC.",,,QBJ,QBJ,DEXCOM G6 CONTINUOUS GLUCOSE MONITORING SYSTEM,CONTINUOUS GLUCOSE MONITOR,K0554,Ther cgm receiver/monitor,cgm_receiver,medium
3004753838-2020-039605,Malfunction,2020-01-20,2020-04-28,"DEXCOM, INC.",,,QBJ,QBJ,DEXCOM G6 CONTINUOUS GLUCOSE MONITORING SYSTEM,CONTINUOUS GLUCOSE MONITOR,K0553,Ther cgm supply allowance,cgm_supply,medium
3004753838-2020-039605,Malfunction,2020-01-20,2020-04-28,"DEXCOM, INC.",,,QBJ,QBJ,DEXCOM G6 CONTINUOUS GLUCOSE MONITORING SYSTEM,CONTINUOUS GLUCOSE MONITOR,K0554,Ther cgm receiver/monitor,cgm_receiver,medium
3004753838-2020-039608,Malfunction,2020-03-23,2020-04-28,"DEXCOM, INC.",,,QBJ,QBJ,DEXCOM G6 CONTINUOUS GLUCOSE MONITORING SYSTEM,CONTINUOUS GLUCOSE MONITOR,K0553,Ther cgm supply allowance,cgm_supply,medium
3004753838-2020-039608,Malfunction,2020-03-23,2020-04-28,"DEXCOM, INC.",,,QBJ,QBJ,DEXCOM G6 CONTINUOUS GLUCOSE MONITORING SYSTEM,CONTINUOUS GLUCOSE MONITOR,K0554,Ther cgm receiver/monitor,cgm_receiver,medium
3004753838-2020-039610,Malfunction,2020-04-08,2020-04-28,"DEXCOM, INC.",,,QBJ,QBJ,DEXCOM G6 CONTINUOUS GLUCOSE MONITORING SYSTEM,CONTINUOUS GLUCOSE MONITOR,K0553,Ther cgm supply allowance,cgm_supply,medium
3004753838-2020-039610,Malfunction,2020-04-08,2020-04-28,"DEXCOM, INC.",,,QBJ,QBJ,DEXCOM G6 CONTINUOUS GLUCOSE MONITORING SYSTEM,CONTINUOUS GLUCOSE MONITOR,K0554,Ther cgm receiver/monitor,cgm_receiver,medium
3004753838-2020-039613,Malfunction,2020-04-03,2020-04-28,"DEXCOM, INC.",,,QBJ,QBJ,DEXCOM G6 CONTINUOUS GLUCOSE MONITORING SYSTEM,CONTINUOUS GLUCOSE MONITOR,K0553,Ther cgm supply allowance,cgm_supply,medium
3004753838-2020-039613,Malfunction,2020-04-03,2020-04-28,"DEXCOM, INC.",,,QBJ,QBJ,DEXCOM G6 CONTINUOUS GLUCOSE MONITORING SYSTEM,CONTINUOUS GLUCOSE MONITOR,K0554,Ther cgm receiver/monitor,cgm_receiver,medium
3004753838-2020-039617,Malfunction,2020-04-03,2020-04-28,"DEXCOM, INC.",,,QBJ,QBJ,DEXCOM G6 CONTINUOUS GLUCOSE MONITORING SYSTEM,CONTINUOUS GLUCOSE MONITOR,K0553,Ther cgm supply allowance,cgm_supply,medium
3004753838-2020-039617,Malfunction,2020-04-03,2020-04-28,"DEXCOM, INC.",,,QBJ,QBJ,DEXCOM G6 CONTINUOUS GLUCOSE MONITORING SYSTEM,CONTINUOUS GLUCOSE MONITOR,K0554,Ther cgm receiver/monitor,cgm_receiver,medium
3004753838-2020-039619,Malfunction,2020-04-07,2020-04-28,"DEXCOM, INC.",,,QBJ,QBJ,DEXCOM G6 CONTINUOUS GLUCOSE MONITORING SYSTEM,CONTINUOUS GLUCOSE MONITOR,K0553,Ther cgm supply allowance,cgm_supply,medium
3004753838-2020-039619,Malfunction,2020-04-07,2020-04-28,"DEXCOM, INC.",,,QBJ,QBJ,DEXCOM G6 CONTINUOUS GLUCOSE MONITORING SYSTEM,CONTINUOUS GLUCOSE MONITOR,K0554,Ther cgm receiver/monitor,cgm_receiver,medium
