report_number,date_of_event,event_type,manufacturer_name,facility_state,patient_outcomes,product_code,brand_name,hcpcs_code,hcpcs_desc,device_category,bridge_confidence,n_cms_hosp_in_state,n_cms_measures_in_state
1314492-2020-01421,,Malfunction,BAXTER HEALTHCARE CORPORATION,,,FRN,SPECTRUM INFUSION PUMP,C1753,"Cath, intravas ultrasound",ivus_catheter,medium,0,0
2016493-2020-00571,,Malfunction,CAREFUSION,,,FRN,ALARIS® PUMP MODULE,C1753,"Cath, intravas ultrasound",ivus_catheter,medium,0,0
2016493-2020-00570,,Malfunction,CAREFUSION,,,FRN,ALARIS® PUMP MODULE,C1753,"Cath, intravas ultrasound",ivus_catheter,medium,0,0
9612164-2020-01702,,Injury,MEDTRONIC IRELAND,,,DQY,RELIANT BALLOON,C1725,"Cath, translumin non-laser",atherectomy_catheter,high,0,0
2016493-2020-00570,,Malfunction,CAREFUSION,,,FRN,ALARIS® PUMP MODULE,C1751,"Cath, inf, per/cent/midline",central_venous_catheter,high,0,0
3012307300-2020-03460,,Malfunction,"SMITHS MEDICAL ASD, INC.",,,FRN,CADD SOLIS VIP PUMP,C1753,"Cath, intravas ultrasound",ivus_catheter,medium,0,0
3012307300-2020-03460,,Malfunction,"SMITHS MEDICAL ASD, INC.",,,FRN,CADD SOLIS VIP PUMP,C1751,"Cath, inf, per/cent/midline",central_venous_catheter,high,0,0
3012307300-2020-03462,,Malfunction,"SMITHS MEDICAL ASD, INC.",,,FRN,CADD SOLIS VIP PUMP,C1753,"Cath, intravas ultrasound",ivus_catheter,medium,0,0
3012307300-2020-03462,,Malfunction,"SMITHS MEDICAL ASD, INC.",,,FRN,CADD SOLIS VIP PUMP,C1751,"Cath, inf, per/cent/midline",central_venous_catheter,high,0,0
3012307300-2020-03449,,Malfunction,ST PAUL,,,FRN,CADD SOLIS VIP PUMP,C1751,"Cath, inf, per/cent/midline",central_venous_catheter,high,0,0
3012307300-2020-03449,,Malfunction,ST PAUL,,,FRN,CADD SOLIS VIP PUMP,C1753,"Cath, intravas ultrasound",ivus_catheter,medium,0,0
2183502-2007-00397,,Malfunction,"SMITHS MEDICAL MD, INC.",,,FRN,MEDFUSION 3500 SYRINGE INFUSION PUMP,C1753,"Cath, intravas ultrasound",ivus_catheter,medium,0,0
2183502-2007-00397,,Malfunction,"SMITHS MEDICAL MD, INC.",,,FRN,MEDFUSION 3500 SYRINGE INFUSION PUMP,C1751,"Cath, inf, per/cent/midline",central_venous_catheter,high,0,0
2182207-2020-00166,,Malfunction,MEDTRONIC NEUROMODULATION,,,MHY,NEUROMODULATION DEVICE,L8679,Imp neurosti pls gn any type,neurostim_implant,medium,0,0
1416980-2020-02429,,Malfunction,BAXTER HEALTHCARE CORPORATION,,,FRN,INTERMATE,C1753,"Cath, intravas ultrasound",ivus_catheter,medium,0,0
3012307300-2020-03458,,Malfunction,"SMITHS MEDICAL ASD, INC.",,,FRN,CADD SOLIS VIP PUMP,C1751,"Cath, inf, per/cent/midline",central_venous_catheter,high,0,0
3012307300-2020-03458,,Malfunction,"SMITHS MEDICAL ASD, INC.",,,FRN,CADD SOLIS VIP PUMP,C1753,"Cath, intravas ultrasound",ivus_catheter,medium,0,0
1416980-2020-02429,,Malfunction,BAXTER HEALTHCARE CORPORATION,,,FRN,INTERMATE,C1751,"Cath, inf, per/cent/midline",central_venous_catheter,high,0,0
3012307300-2020-03453,,Malfunction,ST PAUL,,,FRN,MEDFUSION,C1753,"Cath, intravas ultrasound",ivus_catheter,medium,0,0
3012307300-2020-03453,,Malfunction,ST PAUL,,,FRN,MEDFUSION,C1751,"Cath, inf, per/cent/midline",central_venous_catheter,high,0,0
3012307300-2020-03461,,Malfunction,"SMITHS MEDICAL ASD, INC.",,,FRN,CADD SOLIS VIP PUMP,C1753,"Cath, intravas ultrasound",ivus_catheter,medium,0,0
2182207-2020-00166,,Malfunction,MEDTRONIC NEUROMODULATION,,,MHY,NEUROMODULATION DEVICE,L8680,Implt neurostim elctr each,neurostim_electrode,medium,0,0
3012307300-2020-03448,,Malfunction,"SMITHS MEDICAL ASD, INC.",,,FRN,CADD LEGACY PLUS PUMP,C1751,"Cath, inf, per/cent/midline",central_venous_catheter,high,0,0
3012307300-2020-03461,,Malfunction,"SMITHS MEDICAL ASD, INC.",,,FRN,CADD SOLIS VIP PUMP,C1751,"Cath, inf, per/cent/midline",central_venous_catheter,high,0,0
2134265-2008-00443,,Malfunction,BOSTON SCIENTIFIC,,,MAF,LIBERTE' MONORAIL CORONARY STENT DELIVERY SYSTEM,C1876,"Stent, non-coa/non-cov w/del",bare_metal_stent,high,0,0
2134265-2008-00443,,Malfunction,BOSTON SCIENTIFIC,,,MAF,LIBERTE' MONORAIL CORONARY STENT DELIVERY SYSTEM,C1877,"Stent, non-coat/cov w/o del",bare_metal_stent,high,0,0
3012307300-2020-03457,,Malfunction,ST PAUL,,,FRN,MEDFUSION,C1753,"Cath, intravas ultrasound",ivus_catheter,medium,0,0
3012307300-2020-03457,,Malfunction,ST PAUL,,,FRN,MEDFUSION,C1751,"Cath, inf, per/cent/midline",central_venous_catheter,high,0,0
3012307300-2020-03448,,Malfunction,"SMITHS MEDICAL ASD, INC.",,,FRN,CADD LEGACY PLUS PUMP,C1753,"Cath, intravas ultrasound",ivus_catheter,medium,0,0
3012307300-2020-03447,,Malfunction,ST PAUL,,,FRN,MEDFUSION,C1751,"Cath, inf, per/cent/midline",central_venous_catheter,high,0,0
3012307300-2020-03447,,Malfunction,ST PAUL,,,FRN,MEDFUSION,C1753,"Cath, intravas ultrasound",ivus_catheter,medium,0,0
1119421-2008-00082,,Malfunction,"ALCON RESEARCH, LTD. / HUNTINGTON",,,HQL,ACRYSOF TORIC,V2630,Anter chamber intraocul lens,iol_anterior_chamber,high,0,0
1119421-2008-00082,,Malfunction,"ALCON RESEARCH, LTD. / HUNTINGTON",,,HQL,ACRYSOF TORIC,V2632,Post chmbr intraocular lens,iol_posterior_chamber,high,0,0
1314492-2020-01413,,Malfunction,BAXTER HEALTHCARE CORPORATION,,,FRN,SPECTRUM INFUSION PUMP,C1753,"Cath, intravas ultrasound",ivus_catheter,medium,0,0
1314492-2020-01413,,Malfunction,BAXTER HEALTHCARE CORPORATION,,,FRN,SPECTRUM INFUSION PUMP,C1751,"Cath, inf, per/cent/midline",central_venous_catheter,high,0,0
3012307300-2020-03383,,Malfunction,ST PAUL,,,FRN,CADD MS3 PUMP,C1753,"Cath, intravas ultrasound",ivus_catheter,medium,0,0
3012307300-2020-03383,,Malfunction,ST PAUL,,,FRN,CADD MS3 PUMP,C1751,"Cath, inf, per/cent/midline",central_venous_catheter,high,0,0
1314492-2020-01427,,Malfunction,BAXTER HEALTHCARE CORPORATION,,,FRN,SPECTRUM INFUSION PUMP,C1751,"Cath, inf, per/cent/midline",central_venous_catheter,high,0,0
1314492-2020-01427,,Malfunction,BAXTER HEALTHCARE CORPORATION,,,FRN,SPECTRUM INFUSION PUMP,C1753,"Cath, intravas ultrasound",ivus_catheter,medium,0,0
2648035-2020-00391,,Injury,"JOHNSON & JOHNSON SURGICAL VISION, INC.",,,HQL,TECNIS ITEC PRELOADED 1-PIECE IOL,V2632,Post chmbr intraocular lens,iol_posterior_chamber,high,0,0
2648035-2020-00391,,Injury,"JOHNSON & JOHNSON SURGICAL VISION, INC.",,,HQL,TECNIS ITEC PRELOADED 1-PIECE IOL,V2630,Anter chamber intraocul lens,iol_anterior_chamber,high,0,0
3012307300-2020-03464,,Malfunction,"SMITHS MEDICAL ASD, INC.",,,FRN,CADD SOLIS VIP PUMP,C1753,"Cath, intravas ultrasound",ivus_catheter,medium,0,0
3012307300-2020-03464,,Malfunction,"SMITHS MEDICAL ASD, INC.",,,FRN,CADD SOLIS VIP PUMP,C1751,"Cath, inf, per/cent/midline",central_venous_catheter,high,0,0
1314492-2020-01414,,Malfunction,BAXTER HEALTHCARE CORPORATION,,,FRN,SPECTRUM INFUSION PUMP,C1753,"Cath, intravas ultrasound",ivus_catheter,medium,0,0
1314492-2020-01414,,Malfunction,BAXTER HEALTHCARE CORPORATION,,,FRN,SPECTRUM INFUSION PUMP,C1751,"Cath, inf, per/cent/midline",central_venous_catheter,high,0,0
3012307300-2020-03379,,Malfunction,"SMITHS MEDICAL ASD, INC.",,,FRN,MEDFUSION,C1753,"Cath, intravas ultrasound",ivus_catheter,medium,0,0
3012307300-2020-03379,,Malfunction,"SMITHS MEDICAL ASD, INC.",,,FRN,MEDFUSION,C1751,"Cath, inf, per/cent/midline",central_venous_catheter,high,0,0
3012307300-2020-03445,,Malfunction,"SMITHS MEDICAL ASD, INC.",,,FRN,CADD SOLIS VIP PUMP,C1751,"Cath, inf, per/cent/midline",central_venous_catheter,high,0,0
3012307300-2020-03445,,Malfunction,"SMITHS MEDICAL ASD, INC.",,,FRN,CADD SOLIS VIP PUMP,C1753,"Cath, intravas ultrasound",ivus_catheter,medium,0,0
3012307300-2020-03380,,Malfunction,ST PAUL,,,FRN,CADD LEGACY PUMP,C1753,"Cath, intravas ultrasound",ivus_catheter,medium,0,0
3012307300-2020-03380,,Malfunction,ST PAUL,,,FRN,CADD LEGACY PUMP,C1751,"Cath, inf, per/cent/midline",central_venous_catheter,high,0,0
3011393376-2020-01564,,Malfunction,"ROCHE DIABETES CARE, INC.",,,KZH,ACCU-CHEK  LINKASSIST,C1741,Anchor/screw bone absorb,bone_anchor_absorbable,high,0,0
2648035-2020-00396,,Malfunction,"JOHNSON & JOHNSON SURGICAL VISION, INC.",,,HQL,TECNIS CL,V2630,Anter chamber intraocul lens,iol_anterior_chamber,high,0,0
2648035-2020-00396,,Malfunction,"JOHNSON & JOHNSON SURGICAL VISION, INC.",,,HQL,TECNIS CL,V2632,Post chmbr intraocular lens,iol_posterior_chamber,high,0,0
3011393376-2020-01564,,Malfunction,"ROCHE DIABETES CARE, INC.",,,KZH,ACCU-CHEK  LINKASSIST,C1713,"Anchor/screw bn/bn,tis/bn",bone_anchor,high,0,0
3012307300-2020-03381,,Malfunction,"SMITHS MEDICAL ASD, INC.",,,FRN,CADD SOLIS VIP PUMP,C1753,"Cath, intravas ultrasound",ivus_catheter,medium,0,0
3012307300-2020-03381,,Malfunction,"SMITHS MEDICAL ASD, INC.",,,FRN,CADD SOLIS VIP PUMP,C1751,"Cath, inf, per/cent/midline",central_venous_catheter,high,0,0
3012307300-2020-03391,,Malfunction,"SMITHS MEDICAL ASD, INC.",,,FRN,CADD,C1751,"Cath, inf, per/cent/midline",central_venous_catheter,high,0,0
3012307300-2020-03391,,Malfunction,"SMITHS MEDICAL ASD, INC.",,,FRN,CADD,C1753,"Cath, intravas ultrasound",ivus_catheter,medium,0,0
9612164-2020-01693,,Death,MEDTRONIC IRELAND,,,DQY,RELIANT BALLOON,C1725,"Cath, translumin non-laser",atherectomy_catheter,high,0,0
2182207-2008-00770,,Death,MEDTRONIC NEUROMODULATION,,,MHY,DEEP BRAIN STIMULATOR LEAD,L8680,Implt neurostim elctr each,neurostim_electrode,medium,0,0
2016493-2020-00563,,Malfunction,CAREFUSION,,,FRN,ALARIS®  PUMP MODULE,C1751,"Cath, inf, per/cent/midline",central_venous_catheter,high,0,0
1314492-2020-01407,,Malfunction,BAXTER HEALTHCARE CORPORATION,,,FRN,SPECTRUM INFUSION PUMP,C1751,"Cath, inf, per/cent/midline",central_venous_catheter,high,0,0
1314492-2020-01407,,Malfunction,BAXTER HEALTHCARE CORPORATION,,,FRN,SPECTRUM INFUSION PUMP,C1753,"Cath, intravas ultrasound",ivus_catheter,medium,0,0
3012307300-2020-03399,,Malfunction,"SMITHS MEDICAL ASD, INC.",,,FRN,CADD,C1753,"Cath, intravas ultrasound",ivus_catheter,medium,0,0
9612164-2020-01694,,Injury,MEDTRONIC IRELAND,,,DQY,RELIANT BALLOON,C1725,"Cath, translumin non-laser",atherectomy_catheter,high,0,0
9612164-2020-01695,,Malfunction,MEDTRONIC IRELAND,,,DQY,RELIANT BALLOON,C1725,"Cath, translumin non-laser",atherectomy_catheter,high,0,0
3012307300-2020-03399,,Malfunction,"SMITHS MEDICAL ASD, INC.",,,FRN,CADD,C1751,"Cath, inf, per/cent/midline",central_venous_catheter,high,0,0
3012307300-2020-03398,,Malfunction,ST PAUL,,,FRN,CADD,C1753,"Cath, intravas ultrasound",ivus_catheter,medium,0,0
3012307300-2020-03398,,Malfunction,ST PAUL,,,FRN,CADD,C1751,"Cath, inf, per/cent/midline",central_venous_catheter,high,0,0
2649622-2020-08377,,Injury,MPRI,,,DTB,CAPSUREFIX NOVUS LEAD MRI SURESCAN,C1785,"Pmkr, dual, rate-resp",pacemaker_dual_chamber,high,0,0
2649622-2020-08377,,Injury,MPRI,,,DTB,CAPSUREFIX NOVUS LEAD MRI SURESCAN,C1786,"Pmkr, single, rate-resp",pacemaker_single_chamber,high,0,0
2182207-2008-00770,,Death,MEDTRONIC NEUROMODULATION,,,MHY,DEEP BRAIN STIMULATOR LEAD,L8679,Imp neurosti pls gn any type,neurostim_implant,medium,0,0
3012307300-2020-03443,,Malfunction,ST PAUL,,,FRN,MEDFUSION,C1751,"Cath, inf, per/cent/midline",central_venous_catheter,high,0,0
3012307300-2020-03443,,Malfunction,ST PAUL,,,FRN,MEDFUSION,C1753,"Cath, intravas ultrasound",ivus_catheter,medium,0,0
3012307300-2020-03442,,Malfunction,ST PAUL,,,FRN,MEDFUSION,C1751,"Cath, inf, per/cent/midline",central_venous_catheter,high,0,0
3012307300-2020-03465,,Malfunction,ST PAUL,,,FRN,CADD LEGACY PUMP,C1753,"Cath, intravas ultrasound",ivus_catheter,medium,0,0
3012307300-2020-03465,,Malfunction,ST PAUL,,,FRN,CADD LEGACY PUMP,C1751,"Cath, inf, per/cent/midline",central_venous_catheter,high,0,0
3012307300-2020-03442,,Malfunction,ST PAUL,,,FRN,MEDFUSION,C1753,"Cath, intravas ultrasound",ivus_catheter,medium,0,0
1314492-2020-01400,,Malfunction,BAXTER HEALTHCARE CORPORATION,,,FRN,SPECTRUM INFUSION PUMP,C1751,"Cath, inf, per/cent/midline",central_venous_catheter,high,0,0
1314492-2020-01400,,Malfunction,BAXTER HEALTHCARE CORPORATION,,,FRN,SPECTRUM INFUSION PUMP,C1753,"Cath, intravas ultrasound",ivus_catheter,medium,0,0
1314492-2020-01406,,Malfunction,BAXTER HEALTHCARE CORPORATION,,,FRN,SPECTRUM INFUSION PUMP,C1751,"Cath, inf, per/cent/midline",central_venous_catheter,high,0,0
1314492-2020-01412,,Malfunction,BAXTER HEALTHCARECORPORATION,,,FRN,SPECTRUM INFUSION PUMP,C1751,"Cath, inf, per/cent/midline",central_venous_catheter,high,0,0
1314492-2020-01406,,Malfunction,BAXTER HEALTHCARE CORPORATION,,,FRN,SPECTRUM INFUSION PUMP,C1753,"Cath, intravas ultrasound",ivus_catheter,medium,0,0
2648035-2020-00397,,Malfunction,"JOHNSON & JOHNSON SURGICAL VISION, INC.",,,HQL,UNKNOWN,V2632,Post chmbr intraocular lens,iol_posterior_chamber,high,0,0
2182207-2008-00731,,Death,MEDTRONIC NEUROMODULATION,,,MHY,DEEP BRAIN STIMULATOR LEAD,L8680,Implt neurostim elctr each,neurostim_electrode,medium,0,0
2182207-2008-00731,,Death,MEDTRONIC NEUROMODULATION,,,MHY,DEEP BRAIN STIMULATOR LEAD,L8679,Imp neurosti pls gn any type,neurostim_implant,medium,0,0
2182207-2008-00771,,Injury,MEDTRONIC NEUROMODULATION,,,MHY,DEEP BRAIN STIMULATION LEAD,L8680,Implt neurostim elctr each,neurostim_electrode,medium,0,0
2134265-2008-00487,,Injury,BOSTON SCIENTIFIC CORPORATION,,,NIQ,TAXUS EXPRESS2 PACLITAXEL-ELUTING CORONARY STENT SYSTEM,C1874,"Stent, coated/cov w/del sys",drug_eluting_stent,high,0,0
2134265-2008-00487,,Injury,BOSTON SCIENTIFIC CORPORATION,,,NIQ,TAXUS EXPRESS2 PACLITAXEL-ELUTING CORONARY STENT SYSTEM,C1875,"Stent, coated/cov w/o del sy",drug_eluting_stent,high,0,0
3012307300-2020-03440,,Malfunction,"SMITHS MEDICAL ASD, INC.",,,FRN,MEDFUSION,C1751,"Cath, inf, per/cent/midline",central_venous_catheter,high,0,0
2134265-2008-00488,,Injury,BOSTON SCIENTIFIC CORPORATION,,,NIQ,TAXUS EXPRESS2 PACLITAXEL-ELUTING CORONARY STENT SYSTEM,C1875,"Stent, coated/cov w/o del sy",drug_eluting_stent,high,0,0
2134265-2008-00488,,Injury,BOSTON SCIENTIFIC CORPORATION,,,NIQ,TAXUS EXPRESS2 PACLITAXEL-ELUTING CORONARY STENT SYSTEM,C1874,"Stent, coated/cov w/del sys",drug_eluting_stent,high,0,0
3012307300-2020-03440,,Malfunction,"SMITHS MEDICAL ASD, INC.",,,FRN,MEDFUSION,C1753,"Cath, intravas ultrasound",ivus_catheter,medium,0,0
3012307300-2020-03439,,Malfunction,"SMITHS MEDICAL ASD, INC.",,,FRN,CADD,C1751,"Cath, inf, per/cent/midline",central_venous_catheter,high,0,0
3012307300-2020-03439,,Malfunction,"SMITHS MEDICAL ASD, INC.",,,FRN,CADD,C1753,"Cath, intravas ultrasound",ivus_catheter,medium,0,0
3012307300-2020-03437,,Malfunction,"SMITHS MEDICAL ASD, INC.",,,FRN,CADD SOLIS VIP PUMP,C1751,"Cath, inf, per/cent/midline",central_venous_catheter,high,0,0
3012307300-2020-03437,,Malfunction,"SMITHS MEDICAL ASD, INC.",,,FRN,CADD SOLIS VIP PUMP,C1753,"Cath, intravas ultrasound",ivus_catheter,medium,0,0
1314492-2020-01399,,Malfunction,BAXTER HEALTHCARE CORPORATION,,,FRN,SPECTRUM INFUSION PUMP,C1751,"Cath, inf, per/cent/midline",central_venous_catheter,high,0,0
1314492-2020-01399,,Malfunction,BAXTER HEALTHCARE CORPORATION,,,FRN,SPECTRUM INFUSION PUMP,C1753,"Cath, intravas ultrasound",ivus_catheter,medium,0,0
3012307300-2020-03435,,Malfunction,"SMITHS MEDICAL ASD, INC.",,,FRN,MEDFUSION,C1751,"Cath, inf, per/cent/midline",central_venous_catheter,high,0,0
3012307300-2020-03435,,Malfunction,"SMITHS MEDICAL ASD, INC.",,,FRN,MEDFUSION,C1753,"Cath, intravas ultrasound",ivus_catheter,medium,0,0
2017865-2020-05431,,Malfunction,"ST. JUDE MEDICAL, INC.(CRM-SYLMAR)",,,NVY,ISOFLEX OPTIM LEAD,C1779,"Lead, pmkr, transvenous vdd",pacemaker_lead_vdd,high,0,0
3012307300-2020-03433,,Malfunction,"SMITHS MEDICAL ASD, INC.",,,FRN,MEDFUSION,C1751,"Cath, inf, per/cent/midline",central_venous_catheter,high,0,0
3012307300-2020-03433,,Malfunction,"SMITHS MEDICAL ASD, INC.",,,FRN,MEDFUSION,C1753,"Cath, intravas ultrasound",ivus_catheter,medium,0,0
1314492-2020-01391,,Malfunction,BAXTER HEALTHCARE CORPORATION,,,FRN,SPECTRUM INFUSION PUMP,C1753,"Cath, intravas ultrasound",ivus_catheter,medium,0,0
1314492-2020-01391,,Malfunction,BAXTER HEALTHCARE CORPORATION,,,FRN,SPECTRUM INFUSION PUMP,C1751,"Cath, inf, per/cent/midline",central_venous_catheter,high,0,0
3012307300-2020-03400,,Malfunction,"SMITHS MEDICAL ASD, INC.",,,FRN,CADD,C1753,"Cath, intravas ultrasound",ivus_catheter,medium,0,0
3012307300-2020-03400,,Malfunction,"SMITHS MEDICAL ASD, INC.",,,FRN,CADD,C1751,"Cath, inf, per/cent/midline",central_venous_catheter,high,0,0
3012307300-2020-03432,,Malfunction,"SMITHS MEDICAL ASD, INC.",,,FRN,MEDFUSION,C1751,"Cath, inf, per/cent/midline",central_venous_catheter,high,0,0
1314492-2020-01412,,Malfunction,BAXTER HEALTHCARECORPORATION,,,FRN,SPECTRUM INFUSION PUMP,C1753,"Cath, intravas ultrasound",ivus_catheter,medium,0,0
2648035-2020-00397,,Malfunction,"JOHNSON & JOHNSON SURGICAL VISION, INC.",,,HQL,UNKNOWN,V2630,Anter chamber intraocul lens,iol_anterior_chamber,high,0,0
1314492-2020-01393,,Malfunction,BAXTER HEALTHCARE CORPORATION,,,FRN,SPECTRUM INFUSION PUMP,C1753,"Cath, intravas ultrasound",ivus_catheter,medium,0,0
2182207-2008-00773,,Injury,MEDTRONIC NEUROMODULATION,,,MHY,DEEP BRAIN STIMULATION LEAD,L8680,Implt neurostim elctr each,neurostim_electrode,medium,0,0
2182207-2008-00773,,Injury,MEDTRONIC NEUROMODULATION,,,MHY,DEEP BRAIN STIMULATION LEAD,L8679,Imp neurosti pls gn any type,neurostim_implant,medium,0,0
1314492-2020-01393,,Malfunction,BAXTER HEALTHCARE CORPORATION,,,FRN,SPECTRUM INFUSION PUMP,C1751,"Cath, inf, per/cent/midline",central_venous_catheter,high,0,0
9612164-2020-01701,,Injury,MEDTRONIC IRELAND,,,DQY,RELIANT BALLOON,C1725,"Cath, translumin non-laser",atherectomy_catheter,high,0,0
3012307300-2020-03402,,Malfunction,"SMITHS MEDICAL ASD, INC.",,,FRN,MEDFUSION,C1753,"Cath, intravas ultrasound",ivus_catheter,medium,0,0
3012307300-2020-03402,,Malfunction,"SMITHS MEDICAL ASD, INC.",,,FRN,MEDFUSION,C1751,"Cath, inf, per/cent/midline",central_venous_catheter,high,0,0
3012307300-2020-03401,,Malfunction,"SMITHS MEDICAL ASD, INC.",,,FRN,CADD,C1753,"Cath, intravas ultrasound",ivus_catheter,medium,0,0
3012307300-2020-03401,,Malfunction,"SMITHS MEDICAL ASD, INC.",,,FRN,CADD,C1751,"Cath, inf, per/cent/midline",central_venous_catheter,high,0,0
1640201-2008-00005,,Malfunction,INTERVASCULAR,,,DSY,INTERGARD SILVER VASCULAR GRAFT,C1880,Vena cava filter,ivc_filter,high,0,0
3012307300-2020-03432,,Malfunction,"SMITHS MEDICAL ASD, INC.",,,FRN,MEDFUSION,C1753,"Cath, intravas ultrasound",ivus_catheter,medium,0,0
3012307300-2020-03430,,Malfunction,"SMITHS MEDICAL ASD, INC.",,,FRN,MEDFUSION,C1751,"Cath, inf, per/cent/midline",central_venous_catheter,high,0,0
1640201-2008-00005,,Malfunction,INTERVASCULAR,,,DSY,INTERGARD SILVER VASCULAR GRAFT,C1768,"Graft, vascular",,low,0,0
3012307300-2020-03404,,Malfunction,"SMITHS MEDICAL ASD, INC.",,,FRN,CADD,C1753,"Cath, intravas ultrasound",ivus_catheter,medium,0,0
3012307300-2020-03404,,Malfunction,"SMITHS MEDICAL ASD, INC.",,,FRN,CADD,C1751,"Cath, inf, per/cent/midline",central_venous_catheter,high,0,0
2648035-2020-00395,,Malfunction,"JOHNSON & JOHNSON SURGICAL VISION, INC.",,,HQL,TECNIS 1-PIECE,V2630,Anter chamber intraocul lens,iol_anterior_chamber,high,0,0
2648035-2020-00395,,Malfunction,"JOHNSON & JOHNSON SURGICAL VISION, INC.",,,HQL,TECNIS 1-PIECE,V2632,Post chmbr intraocular lens,iol_posterior_chamber,high,0,0
3012307300-2020-03430,,Malfunction,"SMITHS MEDICAL ASD, INC.",,,FRN,MEDFUSION,C1753,"Cath, intravas ultrasound",ivus_catheter,medium,0,0
3012307300-2020-03429,,Malfunction,"SMITHS MEDICAL ASD, INC.",,,FRN,CADD,C1751,"Cath, inf, per/cent/midline",central_venous_catheter,high,0,0
3012307300-2020-03429,,Malfunction,"SMITHS MEDICAL ASD, INC.",,,FRN,CADD,C1753,"Cath, intravas ultrasound",ivus_catheter,medium,0,0
3012307300-2020-03467,,Malfunction,"SMITHS MEDICAL ASD, INC.",,,FRN,CADD SOLIS VIP PUMP,C1751,"Cath, inf, per/cent/midline",central_venous_catheter,high,0,0
1314492-2020-01421,,Malfunction,BAXTER HEALTHCARE CORPORATION,,,FRN,SPECTRUM INFUSION PUMP,C1751,"Cath, inf, per/cent/midline",central_venous_catheter,high,0,0
1314492-2020-01416,,Malfunction,BAXTER HEALTHCARE CORPORATION,,,FRN,SPECTRUM INFUSION PUMP,C1753,"Cath, intravas ultrasound",ivus_catheter,medium,0,0
2648035-2020-00394,,Malfunction,"JOHNSON & JOHNSON SURGICAL VISION, INC.",,,HQL,TECNIS,V2630,Anter chamber intraocul lens,iol_anterior_chamber,high,0,0
3012307300-2020-03426,,Malfunction,"SMITHS MEDICAL ASD, INC.",,,FRN,MEDFUSION,C1751,"Cath, inf, per/cent/midline",central_venous_catheter,high,0,0
3012307300-2020-03426,,Malfunction,"SMITHS MEDICAL ASD, INC.",,,FRN,MEDFUSION,C1753,"Cath, intravas ultrasound",ivus_catheter,medium,0,0
2648035-2020-00394,,Malfunction,"JOHNSON & JOHNSON SURGICAL VISION, INC.",,,HQL,TECNIS,V2632,Post chmbr intraocular lens,iol_posterior_chamber,high,0,0
1314492-2020-01416,,Malfunction,BAXTER HEALTHCARE CORPORATION,,,FRN,SPECTRUM INFUSION PUMP,C1751,"Cath, inf, per/cent/midline",central_venous_catheter,high,0,0
3012307300-2020-03405,,Malfunction,"SMITHS MEDICAL ASD, INC.",,,FRN,MEDFUSION,C1753,"Cath, intravas ultrasound",ivus_catheter,medium,0,0
2017865-2020-05111,,Injury,"ST. JUDE MEDICAL, INC.(CRM-SYLMAR)",,,NVY,RIATA ST ACTIVE FIXATION,C1779,"Lead, pmkr, transvenous vdd",pacemaker_lead_vdd,high,0,0
3012307300-2020-03428,,Malfunction,"SMITHS MEDICAL ASD, INC.",,,FRN,MEDFUSION,C1751,"Cath, inf, per/cent/midline",central_venous_catheter,high,0,0
3012307300-2020-03405,,Malfunction,"SMITHS MEDICAL ASD, INC.",,,FRN,MEDFUSION,C1751,"Cath, inf, per/cent/midline",central_venous_catheter,high,0,0
2016493-2020-00574,,Malfunction,CAREFUSION,,,FRN,ALARIS® PUMP MODULE,C1753,"Cath, intravas ultrasound",ivus_catheter,medium,0,0
3012307300-2020-03428,,Malfunction,"SMITHS MEDICAL ASD, INC.",,,FRN,MEDFUSION,C1753,"Cath, intravas ultrasound",ivus_catheter,medium,0,0
2183870-2020-00133,,Malfunction,COVIDIEN,,,DQY,TRAILBLAZER SUPPORT CATHETER,C1725,"Cath, translumin non-laser",atherectomy_catheter,high,0,0
2183870-2020-00132,,Malfunction,COVIDIEN,,,DQY,TRAILBLAZER SUPPORT CATHETER,C1725,"Cath, translumin non-laser",atherectomy_catheter,high,0,0
2182207-2008-00772,,Injury,MEDTRONIC NEUROMODULATION,,,MHY,DEEP BRAIN STIMULATION LEAD,L8679,Imp neurosti pls gn any type,neurostim_implant,medium,0,0
2182207-2008-00772,,Injury,MEDTRONIC NEUROMODULATION,,,MHY,DEEP BRAIN STIMULATION LEAD,L8680,Implt neurostim elctr each,neurostim_electrode,medium,0,0
2182207-2008-00769,,Injury,MEDTRONIC NEUROMODULATION,,,MHY,DEEP BRAIN STIMULATION LEAD,L8679,Imp neurosti pls gn any type,neurostim_implant,medium,0,0
3012307300-2020-03415,,Malfunction,"SMITHS MEDICAL ASD, INC.",,,FRN,MEDFUSION,C1753,"Cath, intravas ultrasound",ivus_catheter,medium,0,0
3012307300-2020-03415,,Malfunction,"SMITHS MEDICAL ASD, INC.",,,FRN,MEDFUSION,C1751,"Cath, inf, per/cent/midline",central_venous_catheter,high,0,0
2016493-2020-00563,,Malfunction,CAREFUSION,,,FRN,ALARIS®  PUMP MODULE,C1753,"Cath, intravas ultrasound",ivus_catheter,medium,0,0
2016493-2020-00574,,Malfunction,CAREFUSION,,,FRN,ALARIS® PUMP MODULE,C1751,"Cath, inf, per/cent/midline",central_venous_catheter,high,0,0
9614453-2008-00768,,Malfunction,MEDTRONIC SWISS MANUFACTURING FACILITY,,,MHY,KINETRA,L8680,Implt neurostim elctr each,neurostim_electrode,medium,0,0
3012307300-2020-03390,,Malfunction,ST PAUL,,,FRN,CADD SOLIS VIP PUMP,C1751,"Cath, inf, per/cent/midline",central_venous_catheter,high,0,0
9614453-2008-00768,,Malfunction,MEDTRONIC SWISS MANUFACTURING FACILITY,,,MHY,KINETRA,L8679,Imp neurosti pls gn any type,neurostim_implant,medium,0,0
1314492-2020-01411,,Malfunction,BAXTER HEALTHCARE CORPORATION,,,FRN,SPECTRUM INFUSION PUMP,C1753,"Cath, intravas ultrasound",ivus_catheter,medium,0,0
3012307300-2020-03390,,Malfunction,ST PAUL,,,FRN,CADD SOLIS VIP PUMP,C1753,"Cath, intravas ultrasound",ivus_catheter,medium,0,0
2649622-2020-08370,,Injury,MPRI,,,NVY,SPRINT QUATTRO SECURE MRI SURESCAN,C1779,"Lead, pmkr, transvenous vdd",pacemaker_lead_vdd,high,0,0
3004209178-2020-07736,,Injury,MEDTRONIC PUERTO RICO OPERATIONS CO.,,,LWS,EVERA MRI XT DR SURESCAN,C1721,"Aicd, dual chamber",icd_dual_chamber,high,0,0
3004209178-2020-07736,,Injury,MEDTRONIC PUERTO RICO OPERATIONS CO.,,,LWS,EVERA MRI XT DR SURESCAN,C1722,"Aicd, single chamber",icd_single_chamber,high,0,0
3004209178-2020-07736,,Injury,MEDTRONIC PUERTO RICO OPERATIONS CO.,,,LWS,EVERA MRI XT DR SURESCAN,C1887,"Catheter, guiding",ep_catheter_guiding,medium,0,0
1314492-2020-01411,,Malfunction,BAXTER HEALTHCARE CORPORATION,,,FRN,SPECTRUM INFUSION PUMP,C1751,"Cath, inf, per/cent/midline",central_venous_catheter,high,0,0
9612164-2020-01703,,Injury,MEDTRONIC IRELAND,,,DQY,RELIANT BALLOON,C1725,"Cath, translumin non-laser",atherectomy_catheter,high,0,0
10003,,,MEDI-TECH (BOSTON SCIENTIFIC CORP.),,,DQX,TERUMO RADIFOCUS GUIDE WIRE M,C1769,Guide wire,,medium,0,0
2649622-2020-08415,,Injury,MPRI,,,LWS,SPRINT FIDELIS,C1887,"Catheter, guiding",ep_catheter_guiding,medium,0,0
10003,,,MEDI-TECH (BOSTON SCIENTIFIC CORP.),,,DQX,TERUMO RADIFOCUS GUIDE WIRE M,C1755,"Catheter, intraspinal",catheter_guidewire,medium,0,0
2649622-2020-08415,,Injury,MPRI,,,LWS,SPRINT FIDELIS,C1722,"Aicd, single chamber",icd_single_chamber,high,0,0
2649622-2020-08415,,Injury,MPRI,,,LWS,SPRINT FIDELIS,C1721,"Aicd, dual chamber",icd_dual_chamber,high,0,0
1416980-2020-02403,,Malfunction,BAXTER HEALTHCARE CORPORATION,,,FRN,FLOGARD,C1751,"Cath, inf, per/cent/midline",central_venous_catheter,high,0,0
1416980-2020-02403,,Malfunction,BAXTER HEALTHCARE CORPORATION,,,FRN,FLOGARD,C1753,"Cath, intravas ultrasound",ivus_catheter,medium,0,0
9616091-2020-00019,,Injury,INVAMEX,,,IOR,TRSX5/WD66/ADULT/28/34P/U240/1255/U2222/BHDRM/9691B/GVT93HC/G1  9153649401,K0001,Standard wheelchair,manual_wheelchair,medium,0,0
2182207-2008-00774,,Injury,MEDTRONIC NEUROMODULATION,,,MHY,DEEP BRAIN STIMULATION LEAD,L8680,Implt neurostim elctr each,neurostim_electrode,medium,0,0
3012307300-2020-03476,,Malfunction,ST PAUL,,,FRN,CADD,C1751,"Cath, inf, per/cent/midline",central_venous_catheter,high,0,0
3012307300-2020-03476,,Malfunction,ST PAUL,,,FRN,CADD,C1753,"Cath, intravas ultrasound",ivus_catheter,medium,0,0
2016493-2020-00564,,Malfunction,CAREFUSION,,,FRN,ALARIS®  PUMP MODULE,C1751,"Cath, inf, per/cent/midline",central_venous_catheter,high,0,0
2016493-2020-00564,,Malfunction,CAREFUSION,,,FRN,ALARIS®  PUMP MODULE,C1753,"Cath, intravas ultrasound",ivus_catheter,medium,0,0
1314492-2020-01423,,Malfunction,BAXTER HEALTHCARE CORPORATION,,,FRN,SPECTRUM IQ INFUSION PUMP,C1751,"Cath, inf, per/cent/midline",central_venous_catheter,high,0,0
3012307300-2020-03424,,Malfunction,"SMITHS MEDICAL ASD, INC.",,,FRN,MEDFUSION,C1751,"Cath, inf, per/cent/midline",central_venous_catheter,high,0,0
2649622-2020-08343,,Injury,MPRI,,,DTB,CAPSUREFIX NOVUS LEAD MRI SURESCAN,C1785,"Pmkr, dual, rate-resp",pacemaker_dual_chamber,high,0,0
2649622-2020-08343,,Injury,MPRI,,,DTB,CAPSUREFIX NOVUS LEAD MRI SURESCAN,C1786,"Pmkr, single, rate-resp",pacemaker_single_chamber,high,0,0
1314492-2020-01395,,Malfunction,BAXTER HEALTHCARE CORPORATION,,,FRN,SPECTRUM INFUSION PUMP,C1753,"Cath, intravas ultrasound",ivus_catheter,medium,0,0
1314492-2020-01395,,Malfunction,BAXTER HEALTHCARE CORPORATION,,,FRN,SPECTRUM INFUSION PUMP,C1751,"Cath, inf, per/cent/midline",central_venous_catheter,high,0,0
1314492-2020-01423,,Malfunction,BAXTER HEALTHCARE CORPORATION,,,FRN,SPECTRUM IQ INFUSION PUMP,C1753,"Cath, intravas ultrasound",ivus_catheter,medium,0,0
3012307300-2020-03424,,Malfunction,"SMITHS MEDICAL ASD, INC.",,,FRN,MEDFUSION,C1753,"Cath, intravas ultrasound",ivus_catheter,medium,0,0
2182207-2008-00774,,Injury,MEDTRONIC NEUROMODULATION,,,MHY,DEEP BRAIN STIMULATION LEAD,L8679,Imp neurosti pls gn any type,neurostim_implant,medium,0,0
2182207-2008-00769,,Injury,MEDTRONIC NEUROMODULATION,,,MHY,DEEP BRAIN STIMULATION LEAD,L8680,Implt neurostim elctr each,neurostim_electrode,medium,0,0
2649622-2020-08331,,Injury,MPRI,,,DTB,CAPSUREFIX LEAD,C1785,"Pmkr, dual, rate-resp",pacemaker_dual_chamber,high,0,0
2649622-2020-08331,,Injury,MPRI,,,DTB,CAPSUREFIX LEAD,C1786,"Pmkr, single, rate-resp",pacemaker_single_chamber,high,0,0
2017865-1997-00042,,Malfunction,PACESETTER INC.,,,DTB,BIPOLAR VENTRICULAR ENDOCARDIAL LEAD,C1785,"Pmkr, dual, rate-resp",pacemaker_dual_chamber,high,0,0
2017865-1997-00042,,Malfunction,PACESETTER INC.,,,DTB,BIPOLAR VENTRICULAR ENDOCARDIAL LEAD,C1786,"Pmkr, single, rate-resp",pacemaker_single_chamber,high,0,0
2182207-2008-00771,,Injury,MEDTRONIC NEUROMODULATION,,,MHY,DEEP BRAIN STIMULATION LEAD,L8679,Imp neurosti pls gn any type,neurostim_implant,medium,0,0
2649622-2020-08344,,Injury,MPRI,,,LWS,SPRINT QUATTRO SECURE S MRI SURESCAN,C1721,"Aicd, dual chamber",icd_dual_chamber,high,0,0
2649622-2020-08344,,Injury,MPRI,,,LWS,SPRINT QUATTRO SECURE S MRI SURESCAN,C1722,"Aicd, single chamber",icd_single_chamber,high,0,0
2649622-2020-08344,,Injury,MPRI,,,LWS,SPRINT QUATTRO SECURE S MRI SURESCAN,C1887,"Catheter, guiding",ep_catheter_guiding,medium,0,0
3012307300-2020-03417,,Malfunction,"SMITHS MEDICAL ASD, INC.",,,FRN,MEDFUSION,C1753,"Cath, intravas ultrasound",ivus_catheter,medium,0,0
3004209178-2020-07792,,Injury,MEDTRONIC MED REL MEDTRONIC PUERTO RICO,,,MHY,ACTIVA,L8680,Implt neurostim elctr each,neurostim_electrode,medium,0,0
3004209178-2020-07792,,Injury,MEDTRONIC MED REL MEDTRONIC PUERTO RICO,,,MHY,ACTIVA,L8679,Imp neurosti pls gn any type,neurostim_implant,medium,0,0
3012307300-2020-03420,,Malfunction,ST PAUL,,,FRN,CADD,C1751,"Cath, inf, per/cent/midline",central_venous_catheter,high,0,0
3012307300-2020-03417,,Malfunction,"SMITHS MEDICAL ASD, INC.",,,FRN,MEDFUSION,C1751,"Cath, inf, per/cent/midline",central_venous_catheter,high,0,0
3012307300-2020-03420,,Malfunction,ST PAUL,,,FRN,CADD,C1753,"Cath, intravas ultrasound",ivus_catheter,medium,0,0
3012307300-2020-03419,,Malfunction,"SMITHS MEDICAL ASD, INC.",,,FRN,MEDFUSION,C1751,"Cath, inf, per/cent/midline",central_venous_catheter,high,0,0
3012307300-2020-03419,,Malfunction,"SMITHS MEDICAL ASD, INC.",,,FRN,MEDFUSION,C1753,"Cath, intravas ultrasound",ivus_catheter,medium,0,0
3012307300-2020-03418,,Malfunction,"SMITHS MEDICAL ASD, INC.",,,FRN,MEDFUSION,C1751,"Cath, inf, per/cent/midline",central_venous_catheter,high,0,0
3012307300-2020-03418,,Malfunction,"SMITHS MEDICAL ASD, INC.",,,FRN,MEDFUSION,C1753,"Cath, intravas ultrasound",ivus_catheter,medium,0,0
3012307300-2020-03467,,Malfunction,"SMITHS MEDICAL ASD, INC.",,,FRN,CADD SOLIS VIP PUMP,C1753,"Cath, intravas ultrasound",ivus_catheter,medium,0,0
2016493-2020-00593,,Malfunction,CAREFUSION,,,FRN,ALARIS PUMP MODULE,C1751,"Cath, inf, per/cent/midline",central_venous_catheter,high,0,0
2531779-2020-00110,,Malfunction,ANIMAS LLC,,,LZG,ONETOUCHPING GLUCOSEMGMTSYSTEM,E0784,Ext amb infusn pump insulin,insulin_pump,high,0,0
3012307300-2020-03466,,Malfunction,"SMITHS MEDICAL ASD, INC.",,,FRN,CADD,C1751,"Cath, inf, per/cent/midline",central_venous_catheter,high,0,0
3012307300-2020-03466,,Malfunction,"SMITHS MEDICAL ASD, INC.",,,FRN,CADD,C1753,"Cath, intravas ultrasound",ivus_catheter,medium,0,0
2648035-2020-00392,,Malfunction,"JOHNSON & JOHNSON SURGICAL VISION, INC.",,,HQL,SENSAR,V2630,Anter chamber intraocul lens,iol_anterior_chamber,high,0,0
2648035-2020-00392,,Malfunction,"JOHNSON & JOHNSON SURGICAL VISION, INC.",,,HQL,SENSAR,V2632,Post chmbr intraocular lens,iol_posterior_chamber,high,0,0
1314492-2020-01420,,Malfunction,BAXTER HEALTHCARE CORPORATION,,,FRN,SPECTRUM INFUSION PUMP,C1751,"Cath, inf, per/cent/midline",central_venous_catheter,high,0,0
1314492-2020-01420,,Malfunction,BAXTER HEALTHCARE CORPORATION,,,FRN,SPECTRUM INFUSION PUMP,C1753,"Cath, intravas ultrasound",ivus_catheter,medium,0,0
2016493-2020-00593,,Malfunction,CAREFUSION,,,FRN,ALARIS PUMP MODULE,C1753,"Cath, intravas ultrasound",ivus_catheter,medium,0,0
3012307300-2020-03388,,Malfunction,ST PAUL,,,FRN,CADD,C1751,"Cath, inf, per/cent/midline",central_venous_catheter,high,0,0
2016493-2020-00571,,Malfunction,CAREFUSION,,,FRN,ALARIS® PUMP MODULE,C1751,"Cath, inf, per/cent/midline",central_venous_catheter,high,0,0
1314492-2020-01397,,Malfunction,BAXTER HEALTHCARE CORPORATION,,,FRN,SPECTRUM INFUSION PUMP,C1753,"Cath, intravas ultrasound",ivus_catheter,medium,0,0
1314492-2020-01397,,Malfunction,BAXTER HEALTHCARE CORPORATION,,,FRN,SPECTRUM INFUSION PUMP,C1751,"Cath, inf, per/cent/midline",central_venous_catheter,high,0,0
3012307300-2020-03388,,Malfunction,ST PAUL,,,FRN,CADD,C1753,"Cath, intravas ultrasound",ivus_catheter,medium,0,0
3004753838-2020-039408,2020-04-28,Malfunction,"DEXCOM, INC.",,,QBJ,DEXCOM G6 CONTINUOUS GLUCOSE MONITORING SYSTEM,K0554,Ther cgm receiver/monitor,cgm_receiver,medium,0,0
3004753838-2020-039408,2020-04-28,Malfunction,"DEXCOM, INC.",,,QBJ,DEXCOM G6 CONTINUOUS GLUCOSE MONITORING SYSTEM,K0553,Ther cgm supply allowance,cgm_supply,medium,0,0
3004753838-2020-039224,2020-04-27,Malfunction,"DEXCOM, INC.",,,QBJ,DEXCOM G6 CONTINUOUS GLUCOSE MONITORING SYSTEM,K0554,Ther cgm receiver/monitor,cgm_receiver,medium,0,0
3004753838-2020-039224,2020-04-27,Malfunction,"DEXCOM, INC.",,,QBJ,DEXCOM G6 CONTINUOUS GLUCOSE MONITORING SYSTEM,K0553,Ther cgm supply allowance,cgm_supply,medium,0,0
3004464228-2020-06003,2020-04-27,Malfunction,INSULET CORPORATION,,,LZG,OMNIPOD INSULIN MANAGEMENT SYSTEM,E0784,Ext amb infusn pump insulin,insulin_pump,high,0,0
3004753838-2020-039738,2020-04-27,Malfunction,"DEXCOM, INC.",,,QBJ,DEXCOM G6 CONTINUOUS GLUCOSE MONITORING SYSTEM,K0554,Ther cgm receiver/monitor,cgm_receiver,medium,0,0
3004753838-2020-039738,2020-04-27,Malfunction,"DEXCOM, INC.",,,QBJ,DEXCOM G6 CONTINUOUS GLUCOSE MONITORING SYSTEM,K0553,Ther cgm supply allowance,cgm_supply,medium,0,0
2649622-2020-08411,2020-04-27,Malfunction,MPRI,,,LWS,SPRINT QUATTRO SECURE S MRI SURESCAN,C1721,"Aicd, dual chamber",icd_dual_chamber,high,0,0
2649622-2020-08411,2020-04-27,Malfunction,MPRI,,,LWS,SPRINT QUATTRO SECURE S MRI SURESCAN,C1722,"Aicd, single chamber",icd_single_chamber,high,0,0
2649622-2020-08411,2020-04-27,Malfunction,MPRI,,,LWS,SPRINT QUATTRO SECURE S MRI SURESCAN,C1887,"Catheter, guiding",ep_catheter_guiding,medium,0,0
2017865-2020-05509,2020-04-27,Malfunction,"ST. JUDE MEDICAL, INC.(CRM-SYLMAR)",,,NVY,"DURATA STS OPTIM ACTIVE FIXATION, DF-4 CONNECTOR",C1779,"Lead, pmkr, transvenous vdd",pacemaker_lead_vdd,high,0,0
1028232-2020-01870,2020-04-27,Malfunction,BIOTRONIK SE & CO. KG,,,NVY,LINOX SD 65/16,C1779,"Lead, pmkr, transvenous vdd",pacemaker_lead_vdd,high,0,0
1028232-2020-01873,2020-04-27,Injury,BIOTRONIK SE & CO. KG,,,NVY,PLEXA S 60,C1779,"Lead, pmkr, transvenous vdd",pacemaker_lead_vdd,high,0,0
3004753838-2020-039426,2020-04-27,Malfunction,"DEXCOM, INC.",,,QBJ,DEXCOM G6 CONTINUOUS GLUCOSE MONITORING SYSTEM,K0553,Ther cgm supply allowance,cgm_supply,medium,0,0
3004753838-2020-039426,2020-04-27,Malfunction,"DEXCOM, INC.",,,QBJ,DEXCOM G6 CONTINUOUS GLUCOSE MONITORING SYSTEM,K0554,Ther cgm receiver/monitor,cgm_receiver,medium,0,0
3004753838-2020-039439,2020-04-27,Malfunction,"DEXCOM, INC.",,,QBJ,DEXCOM G6 CONTINUOUS GLUCOSE MONITORING SYSTEM,K0553,Ther cgm supply allowance,cgm_supply,medium,0,0
3004753838-2020-039439,2020-04-27,Malfunction,"DEXCOM, INC.",,,QBJ,DEXCOM G6 CONTINUOUS GLUCOSE MONITORING SYSTEM,K0554,Ther cgm receiver/monitor,cgm_receiver,medium,0,0
3011393376-2020-01563,2020-04-27,Malfunction,"ROCHE DIABETES CARE, INC.",,,LZG,ACCU-CHEK ® SPIRIT COMBO,E0784,Ext amb infusn pump insulin,insulin_pump,high,0,0
3011393376-2020-01551,2020-04-27,Malfunction,"ROCHE DIABETES CARE, INC.",,,LZG,ACCU-CHEK  SPIRIT COMBO,E0784,Ext amb infusn pump insulin,insulin_pump,high,0,0
3011393376-2020-01553,2020-04-27,Malfunction,"ROCHE DIABETES CARE, INC.",,,LZG,ACCU-CHEK  SPIRIT COMBO,E0784,Ext amb infusn pump insulin,insulin_pump,high,0,0
3004753838-2020-039231,2020-04-26,Malfunction,"DEXCOM, INC.",,,QBJ,DEXCOM G6 CONTINUOUS GLUCOSE MONITORING SYSTEM,K0554,Ther cgm receiver/monitor,cgm_receiver,medium,0,0
3004753838-2020-039231,2020-04-26,Malfunction,"DEXCOM, INC.",,,QBJ,DEXCOM G6 CONTINUOUS GLUCOSE MONITORING SYSTEM,K0553,Ther cgm supply allowance,cgm_supply,medium,0,0
3004753838-2020-039237,2020-04-25,Malfunction,"DEXCOM, INC.",,,QBJ,DEXCOM G6 CONTINUOUS GLUCOSE MONITORING SYSTEM,K0554,Ther cgm receiver/monitor,cgm_receiver,medium,0,0
3004753838-2020-039732,2020-04-25,Malfunction,"DEXCOM, INC.",,,QBJ,DEXCOM G6 CONTINUOUS GLUCOSE MONITORING SYSTEM,K0553,Ther cgm supply allowance,cgm_supply,medium,0,0
3011393376-2020-01529,2020-04-25,Malfunction,"ROCHE DIABETES CARE, INC.",,,LZG,ACCU-CHEK  SPIRIT COMBO,E0784,Ext amb infusn pump insulin,insulin_pump,high,0,0
3004753838-2020-039542,2020-04-25,Malfunction,"DEXCOM, INC.",,,QBJ,DEXCOM G6 CONTINUOUS GLUCOSE MONITORING SYSTEM,K0553,Ther cgm supply allowance,cgm_supply,medium,0,0
3011393376-2020-01554,2020-04-25,Malfunction,"ROCHE DIABETES CARE, INC.",,,LZG,ACCU-CHEK ® SPIRIT COMBO,E0784,Ext amb infusn pump insulin,insulin_pump,high,0,0
3004753838-2020-039542,2020-04-25,Malfunction,"DEXCOM, INC.",,,QBJ,DEXCOM G6 CONTINUOUS GLUCOSE MONITORING SYSTEM,K0554,Ther cgm receiver/monitor,cgm_receiver,medium,0,0
3004753838-2020-039732,2020-04-25,Malfunction,"DEXCOM, INC.",,,QBJ,DEXCOM G6 CONTINUOUS GLUCOSE MONITORING SYSTEM,K0554,Ther cgm receiver/monitor,cgm_receiver,medium,0,0
3004753838-2020-039237,2020-04-25,Malfunction,"DEXCOM, INC.",,,QBJ,DEXCOM G6 CONTINUOUS GLUCOSE MONITORING SYSTEM,K0553,Ther cgm supply allowance,cgm_supply,medium,0,0
3004464228-2020-05994,2020-04-24,Malfunction,INSULET CORPORATION,,,LZG,OMNIPOD DASH¿ INSULIN MANAGEMENT SYSTEM,E0784,Ext amb infusn pump insulin,insulin_pump,high,0,0
3004753838-2020-039735,2020-04-24,Malfunction,"DEXCOM, INC.",,,QBJ,DEXCOM G6 CONTINUOUS GLUCOSE MONITORING SYSTEM,K0554,Ther cgm receiver/monitor,cgm_receiver,medium,0,0
2032227-2020-111179,2020-04-24,Malfunction,MEDTRONIC PUERTO RICO OPERATIONS CO.,,,LZG,MMT-715 PARADIGM INSULIN PUMP,E0784,Ext amb infusn pump insulin,insulin_pump,high,0,0
3004753838-2020-039004,2020-04-24,Malfunction,"DEXCOM, INC.",,,QBJ,DEXCOM G6 CONTINUOUS GLUCOSE MONITORING SYSTEM,K0553,Ther cgm supply allowance,cgm_supply,medium,0,0
3004753838-2020-039220,2020-04-24,Malfunction,"DEXCOM, INC.",,,QBJ,DEXCOM G6 CONTINUOUS GLUCOSE MONITORING SYSTEM,K0554,Ther cgm receiver/monitor,cgm_receiver,medium,0,0
2032227-2020-111133,2020-04-24,Malfunction,MEDTRONIC PUERTO RICO OPERATIONS CO.,,,FRN,RESERVOIR 3ML MMT-332A,C1751,"Cath, inf, per/cent/midline",central_venous_catheter,high,0,0
9612164-2020-01696,2020-04-24,Injury,MEDTRONIC IRELAND,,,NIQ,RESOLUTE ONYX RX,C1874,"Stent, coated/cov w/del sys",drug_eluting_stent,high,0,0
9612164-2020-01696,2020-04-24,Injury,MEDTRONIC IRELAND,,,NIQ,RESOLUTE ONYX RX,C1875,"Stent, coated/cov w/o del sy",drug_eluting_stent,high,0,0
3004753838-2020-039220,2020-04-24,Malfunction,"DEXCOM, INC.",,,QBJ,DEXCOM G6 CONTINUOUS GLUCOSE MONITORING SYSTEM,K0553,Ther cgm supply allowance,cgm_supply,medium,0,0
3004753838-2020-039214,2020-04-24,Malfunction,"DEXCOM, INC.",,,QBJ,DEXCOM G6 CONTINUOUS GLUCOSE MONITORING SYSTEM,K0554,Ther cgm receiver/monitor,cgm_receiver,medium,0,0
3004753838-2020-039214,2020-04-24,Malfunction,"DEXCOM, INC.",,,QBJ,DEXCOM G6 CONTINUOUS GLUCOSE MONITORING SYSTEM,K0553,Ther cgm supply allowance,cgm_supply,medium,0,0
2032227-2020-111037,2020-04-24,Malfunction,MEDTRONIC PUERTO RICO OPERATIONS CO.,,,FRN,RESERVOIR 3ML MMT-332A,C1751,"Cath, inf, per/cent/midline",central_venous_catheter,high,0,0
2032227-2020-111037,2020-04-24,Malfunction,MEDTRONIC PUERTO RICO OPERATIONS CO.,,,FRN,RESERVOIR 3ML MMT-332A,C1753,"Cath, intravas ultrasound",ivus_catheter,medium,0,0
3004753838-2020-039205,2020-04-24,Malfunction,"DEXCOM, INC.",,,QBJ,DEXCOM G6 CONTINUOUS GLUCOSE MONITORING SYSTEM,K0554,Ther cgm receiver/monitor,cgm_receiver,medium,0,0
2032227-2020-111034,2020-04-24,Malfunction,MEDTRONIC PUERTO RICO OPERATIONS CO.,,,FRN,RESERVOIR 3ML MMT-332A,C1751,"Cath, inf, per/cent/midline",central_venous_catheter,high,0,0
2032227-2020-111034,2020-04-24,Malfunction,MEDTRONIC PUERTO RICO OPERATIONS CO.,,,FRN,RESERVOIR 3ML MMT-332A,C1753,"Cath, intravas ultrasound",ivus_catheter,medium,0,0
2134265-2020-05736,2020-04-24,Malfunction,BOSTON SCIENTIFIC CORPORATION,,,DQY,STERLING,C1725,"Cath, translumin non-laser",atherectomy_catheter,high,0,0
3004753838-2020-039205,2020-04-24,Malfunction,"DEXCOM, INC.",,,QBJ,DEXCOM G6 CONTINUOUS GLUCOSE MONITORING SYSTEM,K0553,Ther cgm supply allowance,cgm_supply,medium,0,0
3004753838-2020-039004,2020-04-24,Malfunction,"DEXCOM, INC.",,,QBJ,DEXCOM G6 CONTINUOUS GLUCOSE MONITORING SYSTEM,K0554,Ther cgm receiver/monitor,cgm_receiver,medium,0,0
2032227-2020-111216,2020-04-24,Injury,MEDTRONIC PUERTO RICO OPERATIONS CO.,,,FRN,RESERVOIR 3ML MMT-332A,C1753,"Cath, intravas ultrasound",ivus_catheter,medium,0,0
2032227-2020-111216,2020-04-24,Injury,MEDTRONIC PUERTO RICO OPERATIONS CO.,,,FRN,RESERVOIR 3ML MMT-332A,C1751,"Cath, inf, per/cent/midline",central_venous_catheter,high,0,0
3004753838-2020-39139,2020-04-24,Malfunction,"DEXCOM, INC.",,,QBJ,DEXCOM G6 CONTINUOUS GLUCOSE MONITORING SYSTEM,K0553,Ther cgm supply allowance,cgm_supply,medium,0,0
3004753838-2020-39139,2020-04-24,Malfunction,"DEXCOM, INC.",,,QBJ,DEXCOM G6 CONTINUOUS GLUCOSE MONITORING SYSTEM,K0554,Ther cgm receiver/monitor,cgm_receiver,medium,0,0
3004753838-2020-039538,2020-04-24,Malfunction,"DEXCOM, INC.",,,QBJ,DEXCOM G6 CONTINUOUS GLUCOSE MONITORING SYSTEM,K0554,Ther cgm receiver/monitor,cgm_receiver,medium,0,0
3004753838-2020-039538,2020-04-24,Malfunction,"DEXCOM, INC.",,,QBJ,DEXCOM G6 CONTINUOUS GLUCOSE MONITORING SYSTEM,K0553,Ther cgm supply allowance,cgm_supply,medium,0,0
3004753838-2020-039547,2020-04-24,Malfunction,"DEXCOM, INC.",,,QBJ,DEXCOM G6 CONTINUOUS GLUCOSE MONITORING SYSTEM,K0554,Ther cgm receiver/monitor,cgm_receiver,medium,0,0
3004753838-2020-039534,2020-04-24,Malfunction,"DEXCOM, INC.",,,QBJ,DEXCOM G6 CONTINUOUS GLUCOSE MONITORING SYSTEM,K0554,Ther cgm receiver/monitor,cgm_receiver,medium,0,0
3004464228-2020-05991,2020-04-24,Malfunction,INSULET CORPORATION,,,LZG,OMNIPOD INSULIN MANAGEMENT SYSTEM,E0784,Ext amb infusn pump insulin,insulin_pump,high,0,0
3004753838-2020-039547,2020-04-24,Malfunction,"DEXCOM, INC.",,,QBJ,DEXCOM G6 CONTINUOUS GLUCOSE MONITORING SYSTEM,K0553,Ther cgm supply allowance,cgm_supply,medium,0,0
3004753838-2020-039534,2020-04-24,Malfunction,"DEXCOM, INC.",,,QBJ,DEXCOM G6 CONTINUOUS GLUCOSE MONITORING SYSTEM,K0553,Ther cgm supply allowance,cgm_supply,medium,0,0
3004753838-2020-039263,2020-04-24,Malfunction,"DEXCOM, INC.",,,QBJ,DEXCOM G6 CONTINUOUS GLUCOSE MONITORING SYSTEM,K0553,Ther cgm supply allowance,cgm_supply,medium,0,0
3004753838-2020-039529,2020-04-24,Malfunction,"DEXCOM, INC.",,,QBJ,DEXCOM G6 CONTINUOUS GLUCOSE MONITORING SYSTEM,K0554,Ther cgm receiver/monitor,cgm_receiver,medium,0,0
3004753838-2020-039529,2020-04-24,Malfunction,"DEXCOM, INC.",,,QBJ,DEXCOM G6 CONTINUOUS GLUCOSE MONITORING SYSTEM,K0553,Ther cgm supply allowance,cgm_supply,medium,0,0
3004753838-2020-039735,2020-04-24,Malfunction,"DEXCOM, INC.",,,QBJ,DEXCOM G6 CONTINUOUS GLUCOSE MONITORING SYSTEM,K0553,Ther cgm supply allowance,cgm_supply,medium,0,0
2032227-2020-111394,2020-04-24,Injury,MEDTRONIC PUERTO RICO OPERATIONS CO.,,,FRN,RESERVOIR 3ML MMT-332A,C1753,"Cath, intravas ultrasound",ivus_catheter,medium,0,0
1028232-2020-01848,2020-04-24,Injury,BIOTRONIK SE & CO. KG,,,NVY,PLEXA PROMRI  S 65,C1779,"Lead, pmkr, transvenous vdd",pacemaker_lead_vdd,high,0,0
3004464228-2020-05979,2020-04-24,Malfunction,INSULET CORPORATION,,,LZG,OMNIPOD INSULIN PUMP,E0784,Ext amb infusn pump insulin,insulin_pump,high,0,0
3004753838-2020-39291,2020-04-24,Malfunction,"DEXCOM, INC.",,,QBJ,DEXCOM G6 CONTINUOUS GLUCOSE MONITORING SYSTEM,K0554,Ther cgm receiver/monitor,cgm_receiver,medium,0,0
3004753838-2020-39155,2020-04-24,Malfunction,"DEXCOM, INC.",,,QBJ,DEXCOM G6 CONTINUOUS GLUCOSE MONITORING SYSTEM,K0553,Ther cgm supply allowance,cgm_supply,medium,0,0
1028232-2020-01842,2020-04-24,Injury,BIOTRONIK SE & CO. KG,,,NVY,LINOX TD 65/16,C1779,"Lead, pmkr, transvenous vdd",pacemaker_lead_vdd,high,0,0
1028232-2020-01852,2020-04-24,Injury,BIOTRONIK SE & CO. KG,,,NVY,PROTEGO S 65,C1779,"Lead, pmkr, transvenous vdd",pacemaker_lead_vdd,high,0,0
3004753838-2020-39155,2020-04-24,Malfunction,"DEXCOM, INC.",,,QBJ,DEXCOM G6 CONTINUOUS GLUCOSE MONITORING SYSTEM,K0554,Ther cgm receiver/monitor,cgm_receiver,medium,0,0
3004753838-2020-39291,2020-04-24,Malfunction,"DEXCOM, INC.",,,QBJ,DEXCOM G6 CONTINUOUS GLUCOSE MONITORING SYSTEM,K0553,Ther cgm supply allowance,cgm_supply,medium,0,0
3004209178-2020-07751,2020-04-24,Injury,MEDTRONIC MED REL MEDTRONIC PUERTO RICO,,,MHY,ACTIVA,L8679,Imp neurosti pls gn any type,neurostim_implant,medium,0,0
3004209178-2020-07751,2020-04-24,Injury,MEDTRONIC MED REL MEDTRONIC PUERTO RICO,,,MHY,ACTIVA,L8680,Implt neurostim elctr each,neurostim_electrode,medium,0,0
3004464228-2020-05990,2020-04-24,Malfunction,INSULET CORPORATION,,,LZG,OMNIPOD INSULIN MANAGEMENT SYSTEM,E0784,Ext amb infusn pump insulin,insulin_pump,high,0,0
3011393376-2020-01539,2020-04-24,Malfunction,"ROCHE DIABETES CARE, INC.",,,LZG,ACCU-CHEK ® SPIRIT COMBO,E0784,Ext amb infusn pump insulin,insulin_pump,high,0,0
3004753838-2020-039263,2020-04-24,Malfunction,"DEXCOM, INC.",,,QBJ,DEXCOM G6 CONTINUOUS GLUCOSE MONITORING SYSTEM,K0554,Ther cgm receiver/monitor,cgm_receiver,medium,0,0
2032227-2020-111133,2020-04-24,Malfunction,MEDTRONIC PUERTO RICO OPERATIONS CO.,,,FRN,RESERVOIR 3ML MMT-332A,C1753,"Cath, intravas ultrasound",ivus_catheter,medium,0,0
3004464228-2020-05993,2020-04-24,Malfunction,INSULET CORPORATION,,,LZG,OMNIPOD INSULIN MANAGEMENT SYSTEM,E0784,Ext amb infusn pump insulin,insulin_pump,high,0,0
3004464228-2020-05992,2020-04-24,Malfunction,INSULET CORPORATION,,,LZG,OMNIPOD INSULIN MANAGEMENT SYSTEM,E0784,Ext amb infusn pump insulin,insulin_pump,high,0,0
2032227-2020-111394,2020-04-24,Injury,MEDTRONIC PUERTO RICO OPERATIONS CO.,,,FRN,RESERVOIR 3ML MMT-332A,C1751,"Cath, inf, per/cent/midline",central_venous_catheter,high,0,0
2032227-2020-111193,2020-04-23,Injury,MEDTRONIC PUERTO RICO OPERATIONS CO.,,,FRN,RESERVOIR 3ML MMT-332A,C1751,"Cath, inf, per/cent/midline",central_venous_catheter,high,0,0
2029214-2020-00402,2020-04-23,Malfunction,"MICRO THERAPEUTICS, INC. DBA EV3",,,DQY,SUPPORT GUIDECATHETER,C1725,"Cath, translumin non-laser",atherectomy_catheter,high,0,0
3004753838-2020-039730,2020-04-23,Malfunction,"DEXCOM, INC.",,,QBJ,DEXCOM G6 CONTINUOUS GLUCOSE MONITORING SYSTEM,K0553,Ther cgm supply allowance,cgm_supply,medium,0,0
3004753838-2020-039730,2020-04-23,Malfunction,"DEXCOM, INC.",,,QBJ,DEXCOM G6 CONTINUOUS GLUCOSE MONITORING SYSTEM,K0554,Ther cgm receiver/monitor,cgm_receiver,medium,0,0
3004753838-2020-039260,2020-04-23,Malfunction,"DEXCOM, INC.",,,QBJ,DEXCOM G6 CONTINUOUS GLUCOSE MONITORING SYSTEM,K0554,Ther cgm receiver/monitor,cgm_receiver,medium,0,0
3004753838-2020-039260,2020-04-23,Malfunction,"DEXCOM, INC.",,,QBJ,DEXCOM G6 CONTINUOUS GLUCOSE MONITORING SYSTEM,K0553,Ther cgm supply allowance,cgm_supply,medium,0,0
3004209178-2020-07787,2020-04-23,Malfunction,MEDTRONIC PUERTO RICO OPERATIONS CO.,,,MHY,ACTIVA,L8679,Imp neurosti pls gn any type,neurostim_implant,medium,0,0
3004753838-2020-039731,2020-04-23,Malfunction,"DEXCOM, INC.",,,QBJ,DEXCOM G6 CONTINUOUS GLUCOSE MONITORING SYSTEM,K0553,Ther cgm supply allowance,cgm_supply,medium,0,0
3004753838-2020-039731,2020-04-23,Malfunction,"DEXCOM, INC.",,,QBJ,DEXCOM G6 CONTINUOUS GLUCOSE MONITORING SYSTEM,K0554,Ther cgm receiver/monitor,cgm_receiver,medium,0,0
3004753838-2020-039733,2020-04-23,Malfunction,"DEXCOM, INC.",,,QBJ,DEXCOM G6 CONTINUOUS GLUCOSE MONITORING SYSTEM,K0553,Ther cgm supply allowance,cgm_supply,medium,0,0
3004753838-2020-039733,2020-04-23,Malfunction,"DEXCOM, INC.",,,QBJ,DEXCOM G6 CONTINUOUS GLUCOSE MONITORING SYSTEM,K0554,Ther cgm receiver/monitor,cgm_receiver,medium,0,0
3004753838-2020-39095,2020-04-23,Malfunction,"DEXCOM, INC.",,,QBJ,DEXCOM G6 CONTINUOUS GLUCOSE MONITORING SYSTEM,K0553,Ther cgm supply allowance,cgm_supply,medium,0,0
2032227-2020-110979,2020-04-23,Malfunction,MEDTRONIC PUERTO RICO OPERATIONS CO.,,,FRN,RESERVOIR 3ML MMT-332A,C1753,"Cath, intravas ultrasound",ivus_catheter,medium,0,0
2032227-2020-110979,2020-04-23,Malfunction,MEDTRONIC PUERTO RICO OPERATIONS CO.,,,FRN,RESERVOIR 3ML MMT-332A,C1751,"Cath, inf, per/cent/midline",central_venous_catheter,high,0,0
3004753838-2020-39095,2020-04-23,Malfunction,"DEXCOM, INC.",,,QBJ,DEXCOM G6 CONTINUOUS GLUCOSE MONITORING SYSTEM,K0554,Ther cgm receiver/monitor,cgm_receiver,medium,0,0
3011393376-2020-01546,2020-04-23,Malfunction,"ROCHE DIABETES CARE, INC.",,,LZG,ACCU-CHEK ® SPIRIT COMBO,E0784,Ext amb infusn pump insulin,insulin_pump,high,0,0
2032227-2020-111193,2020-04-23,Injury,MEDTRONIC PUERTO RICO OPERATIONS CO.,,,FRN,RESERVOIR 3ML MMT-332A,C1753,"Cath, intravas ultrasound",ivus_catheter,medium,0,0
3004753838-2020-39064,2020-04-23,Malfunction,"DEXCOM, INC.",,,QBJ,DEXCOM G6 CONTINUOUS GLUCOSE MONITORING SYSTEM,K0553,Ther cgm supply allowance,cgm_supply,medium,0,0
3004753838-2020-039387,2020-04-23,Malfunction,"DEXCOM, INC.",,,QBJ,DEXCOM G6 CONTINUOUS GLUCOSE MONITORING SYSTEM,K0553,Ther cgm supply allowance,cgm_supply,medium,0,0
3004753838-2020-039387,2020-04-23,Malfunction,"DEXCOM, INC.",,,QBJ,DEXCOM G6 CONTINUOUS GLUCOSE MONITORING SYSTEM,K0554,Ther cgm receiver/monitor,cgm_receiver,medium,0,0
1028232-2020-01838,2020-04-23,Malfunction,BIOTRONIK SE & CO. KG,,,NVY,PLEXA PROMRI  S 65,C1779,"Lead, pmkr, transvenous vdd",pacemaker_lead_vdd,high,0,0
3004753838-2020-039261,2020-04-23,Malfunction,"DEXCOM, INC.",,,QBJ,DEXCOM G6 CONTINUOUS GLUCOSE MONITORING SYSTEM,K0553,Ther cgm supply allowance,cgm_supply,medium,0,0
3004753838-2020-039261,2020-04-23,Malfunction,"DEXCOM, INC.",,,QBJ,DEXCOM G6 CONTINUOUS GLUCOSE MONITORING SYSTEM,K0554,Ther cgm receiver/monitor,cgm_receiver,medium,0,0
3011393376-2020-01545,2020-04-23,Malfunction,"ROCHE DIABETES CARE, INC.",,,LZG,ACCU-CHEK ® SPIRIT COMBO,E0784,Ext amb infusn pump insulin,insulin_pump,high,0,0
3008973940-2020-00993,2020-04-23,Malfunction,MEDTRONIC SINGAPORE OPERATIONS,,,DTB,CAPSUREFIX NOVUS LEAD MRI SURESCAN,C1785,"Pmkr, dual, rate-resp",pacemaker_dual_chamber,high,0,0
2032227-2020-110998,2020-04-23,Malfunction,MEDTRONIC PUERTO RICO OPERATIONS CO.,,,FRN,RESERVOIR 3ML MMT-332A,C1753,"Cath, intravas ultrasound",ivus_catheter,medium,0,0
2032227-2020-110998,2020-04-23,Malfunction,MEDTRONIC PUERTO RICO OPERATIONS CO.,,,FRN,RESERVOIR 3ML MMT-332A,C1751,"Cath, inf, per/cent/midline",central_venous_catheter,high,0,0
3008973940-2020-00993,2020-04-23,Malfunction,MEDTRONIC SINGAPORE OPERATIONS,,,DTB,CAPSUREFIX NOVUS LEAD MRI SURESCAN,C1786,"Pmkr, single, rate-resp",pacemaker_single_chamber,high,0,0
3004753838-2020-039014,2020-04-23,Malfunction,"DEXCOM, INC.",,,QBJ,DEXCOM G6 CONTINUOUS GLUCOSE MONITORING SYSTEM,K0553,Ther cgm supply allowance,cgm_supply,medium,0,0
3004753838-2020-039014,2020-04-23,Malfunction,"DEXCOM, INC.",,,QBJ,DEXCOM G6 CONTINUOUS GLUCOSE MONITORING SYSTEM,K0554,Ther cgm receiver/monitor,cgm_receiver,medium,0,0
2032227-2020-111375,2020-04-23,Malfunction,MEDTRONIC PUERTO RICO OPERATIONS CO.,,,FRN,RESERVOIR 3ML MMT-332A,C1753,"Cath, intravas ultrasound",ivus_catheter,medium,0,0
2032227-2020-111375,2020-04-23,Malfunction,MEDTRONIC PUERTO RICO OPERATIONS CO.,,,FRN,RESERVOIR 3ML MMT-332A,C1751,"Cath, inf, per/cent/midline",central_venous_catheter,high,0,0
2938836-2020-02873,2020-04-23,Malfunction,"ST. JUDE MEDICAL, INC.",,,LWS,DURATA STS OPTIM ACTIVE FIXATION,C1887,"Catheter, guiding",ep_catheter_guiding,medium,0,0
2938836-2020-02873,2020-04-23,Malfunction,"ST. JUDE MEDICAL, INC.",,,LWS,DURATA STS OPTIM ACTIVE FIXATION,C1722,"Aicd, single chamber",icd_single_chamber,high,0,0
1220452-2020-00044,2020-04-23,Malfunction,"MEDTRONIC, INC",,,DQY,TAIGA 6F GUIDE CATHETER,C1725,"Cath, translumin non-laser",atherectomy_catheter,high,0,0
3011393376-2020-01550,2020-04-23,Malfunction,"ROCHE DIABETES CARE, INC.",,,LZG,ACCU-CHEK ® SPIRIT COMBO,E0784,Ext amb infusn pump insulin,insulin_pump,high,0,0
2938836-2020-02873,2020-04-23,Malfunction,"ST. JUDE MEDICAL, INC.",,,LWS,DURATA STS OPTIM ACTIVE FIXATION,C1721,"Aicd, dual chamber",icd_dual_chamber,high,0,0
9614453-2020-01363,2020-04-23,Malfunction,MEDTRONIC EUROPE SARL,,,LWS,EVERA MRI XT DR SURESCAN,C1721,"Aicd, dual chamber",icd_dual_chamber,high,0,0
9614453-2020-01363,2020-04-23,Malfunction,MEDTRONIC EUROPE SARL,,,LWS,EVERA MRI XT DR SURESCAN,C1722,"Aicd, single chamber",icd_single_chamber,high,0,0
9614453-2020-01363,2020-04-23,Malfunction,MEDTRONIC EUROPE SARL,,,LWS,EVERA MRI XT DR SURESCAN,C1887,"Catheter, guiding",ep_catheter_guiding,medium,0,0
2649622-2020-08302,2020-04-23,Injury,MPRI,,,DTB,CAPSUREFIX NOVUS LEAD MRI SURESCAN,C1786,"Pmkr, single, rate-resp",pacemaker_single_chamber,high,0,0
2649622-2020-08302,2020-04-23,Injury,MPRI,,,DTB,CAPSUREFIX NOVUS LEAD MRI SURESCAN,C1785,"Pmkr, dual, rate-resp",pacemaker_dual_chamber,high,0,0
2032227-2020-110781,2020-04-23,Injury,MEDTRONIC MINIMED,,,FRN,RESERVOIR 3ML,C1751,"Cath, inf, per/cent/midline",central_venous_catheter,high,0,0
2032227-2020-110781,2020-04-23,Injury,MEDTRONIC MINIMED,,,FRN,RESERVOIR 3ML,C1753,"Cath, intravas ultrasound",ivus_catheter,medium,0,0
3011393376-2020-01536,2020-04-23,Malfunction,"ROCHE DIABETES CARE, INC.",,,LZG,ACCU-CHEK ® SPIRIT COMBO,E0784,Ext amb infusn pump insulin,insulin_pump,high,0,0
2649622-2020-08421,2020-04-23,Malfunction,MPRI,,,LWS,SPRINT,C1721,"Aicd, dual chamber",icd_dual_chamber,high,0,0
2649622-2020-08421,2020-04-23,Malfunction,MPRI,,,LWS,SPRINT,C1722,"Aicd, single chamber",icd_single_chamber,high,0,0
3004464228-2020-05986,2020-04-23,Malfunction,INSULET CORPORATION,,,LZG,OMNIPOD INSULIN PUMP,E0784,Ext amb infusn pump insulin,insulin_pump,high,0,0
2649622-2020-08421,2020-04-23,Malfunction,MPRI,,,LWS,SPRINT,C1887,"Catheter, guiding",ep_catheter_guiding,medium,0,0
2032227-2020-110673,2020-04-23,Malfunction,MEDTRONIC PUERTO RICO OPERATIONS CO.,,,FRN,RESERVOIR 3ML MMT-332A,C1751,"Cath, inf, per/cent/midline",central_venous_catheter,high,0,0
2032227-2020-110673,2020-04-23,Malfunction,MEDTRONIC PUERTO RICO OPERATIONS CO.,,,FRN,RESERVOIR 3ML MMT-332A,C1753,"Cath, intravas ultrasound",ivus_catheter,medium,0,0
3004753838-2020-39036,2020-04-23,Malfunction,"DEXCOM, INC.",,,QBJ,DEXCOM G6 CONTINUOUS GLUCOSE MONITORING SYSTEM,K0554,Ther cgm receiver/monitor,cgm_receiver,medium,0,0
3004753838-2020-39036,2020-04-23,Malfunction,"DEXCOM, INC.",,,QBJ,DEXCOM G6 CONTINUOUS GLUCOSE MONITORING SYSTEM,K0553,Ther cgm supply allowance,cgm_supply,medium,0,0
3004753838-2020-39269,2020-04-23,Malfunction,"DEXCOM, INC.",,,QBJ,DEXCOM G6 CONTINUOUS GLUCOSE MONITORING SYSTEM,K0554,Ther cgm receiver/monitor,cgm_receiver,medium,0,0
3004753838-2020-39269,2020-04-23,Malfunction,"DEXCOM, INC.",,,QBJ,DEXCOM G6 CONTINUOUS GLUCOSE MONITORING SYSTEM,K0553,Ther cgm supply allowance,cgm_supply,medium,0,0
9614453-2020-01364,2020-04-23,Injury,MEDTRONIC EUROPE SARL,,,LWS,PROTECTA XT DR,C1721,"Aicd, dual chamber",icd_dual_chamber,high,0,0
2134265-2020-05779,2020-04-23,Malfunction,BOSTON SCIENTIFIC CORPORATION,,,NIQ,SYNERGY,C1875,"Stent, coated/cov w/o del sy",drug_eluting_stent,high,0,0
2134265-2020-05779,2020-04-23,Malfunction,BOSTON SCIENTIFIC CORPORATION,,,NIQ,SYNERGY,C1874,"Stent, coated/cov w/del sys",drug_eluting_stent,high,0,0
9614453-2020-01364,2020-04-23,Injury,MEDTRONIC EUROPE SARL,,,LWS,PROTECTA XT DR,C1722,"Aicd, single chamber",icd_single_chamber,high,0,0
9614453-2020-01364,2020-04-23,Injury,MEDTRONIC EUROPE SARL,,,LWS,PROTECTA XT DR,C1887,"Catheter, guiding",ep_catheter_guiding,medium,0,0
3004464228-2020-06044,2020-04-23,Malfunction,INSULET CORPORATION,,,LZG,OMNIPOD INSULIN MANAGEMENT SYSTEM,E0784,Ext amb infusn pump insulin,insulin_pump,high,0,0
3004464228-2020-05988,2020-04-23,Malfunction,INSULET CORPORATION,,,LZG,OMNIPOD INSULIN PUMP,E0784,Ext amb infusn pump insulin,insulin_pump,high,0,0
3004464228-2020-05989,2020-04-23,Malfunction,INSULET CORPORATION,,,LZG,OMNIPOD INSULIN PUMP,E0784,Ext amb infusn pump insulin,insulin_pump,high,0,0
2032227-2020-111077,2020-04-23,Malfunction,MEDTRONIC PUERTO RICO OPERATIONS CO.,,,LZG,MMT-712 PARADIGM INSULIN PUMP,E0784,Ext amb infusn pump insulin,insulin_pump,high,0,0
3004753838-2020-039257,2020-04-23,Malfunction,"DEXCOM, INC.",,,QBJ,DEXCOM G6 CONTINUOUS GLUCOSE MONITORING SYSTEM,K0553,Ther cgm supply allowance,cgm_supply,medium,0,0
3004753838-2020-039257,2020-04-23,Malfunction,"DEXCOM, INC.",,,QBJ,DEXCOM G6 CONTINUOUS GLUCOSE MONITORING SYSTEM,K0554,Ther cgm receiver/monitor,cgm_receiver,medium,0,0
2032227-2020-110577,2020-04-23,Injury,MEDTRONIC PUERTO RICO OPERATIONS CO.,,,FRN,RESERVOIR 3ML MMT-332A,C1751,"Cath, inf, per/cent/midline",central_venous_catheter,high,0,0
2032227-2020-110577,2020-04-23,Injury,MEDTRONIC PUERTO RICO OPERATIONS CO.,,,FRN,RESERVOIR 3ML MMT-332A,C1753,"Cath, intravas ultrasound",ivus_catheter,medium,0,0
2134265-2020-05748,2020-04-23,Malfunction,BOSTON SCIENTIFIC CORPORATION,,,DQY,COYOTE,C1725,"Cath, translumin non-laser",atherectomy_catheter,high,0,0
2032227-2020-110567,2020-04-23,Malfunction,MEDTRONIC PUERTO RICO OPERATIONS CO.,,,FRN,RESERVOIR 3ML MMT-332A,C1751,"Cath, inf, per/cent/midline",central_venous_catheter,high,0,0
2032227-2020-110567,2020-04-23,Malfunction,MEDTRONIC PUERTO RICO OPERATIONS CO.,,,FRN,RESERVOIR 3ML MMT-332A,C1753,"Cath, intravas ultrasound",ivus_catheter,medium,0,0
2649622-2020-08350,2020-04-23,Injury,MPRI,,,LWS,SPRINT QUATTRO SECURE S MRI SURESCAN,C1721,"Aicd, dual chamber",icd_dual_chamber,high,0,0
2649622-2020-08350,2020-04-23,Injury,MPRI,,,LWS,SPRINT QUATTRO SECURE S MRI SURESCAN,C1722,"Aicd, single chamber",icd_single_chamber,high,0,0
2649622-2020-08350,2020-04-23,Injury,MPRI,,,LWS,SPRINT QUATTRO SECURE S MRI SURESCAN,C1887,"Catheter, guiding",ep_catheter_guiding,medium,0,0
3004753838-2020-038802,2020-04-23,Malfunction,"DEXCOM, INC.",,,QBJ,DEXCOM G6 CONTINUOUS GLUCOSE MONITORING SYSTEM,K0554,Ther cgm receiver/monitor,cgm_receiver,medium,0,0
3004753838-2020-038802,2020-04-23,Malfunction,"DEXCOM, INC.",,,QBJ,DEXCOM G6 CONTINUOUS GLUCOSE MONITORING SYSTEM,K0553,Ther cgm supply allowance,cgm_supply,medium,0,0
2649622-2020-08356,2020-04-23,Malfunction,MPRI,,,MHY,ACTIVA,L8680,Implt neurostim elctr each,neurostim_electrode,medium,0,0
2649622-2020-08356,2020-04-23,Malfunction,MPRI,,,MHY,ACTIVA,L8679,Imp neurosti pls gn any type,neurostim_implant,medium,0,0
2649622-2020-08432,2020-04-23,Injury,MPRI,,,LWS,SPRINT QUATTRO SECURE MRI SURESCAN,C1721,"Aicd, dual chamber",icd_dual_chamber,high,0,0
2649622-2020-08432,2020-04-23,Injury,MPRI,,,LWS,SPRINT QUATTRO SECURE MRI SURESCAN,C1722,"Aicd, single chamber",icd_single_chamber,high,0,0
2649622-2020-08432,2020-04-23,Injury,MPRI,,,LWS,SPRINT QUATTRO SECURE MRI SURESCAN,C1887,"Catheter, guiding",ep_catheter_guiding,medium,0,0
3004209178-2020-07787,2020-04-23,Malfunction,MEDTRONIC PUERTO RICO OPERATIONS CO.,,,MHY,ACTIVA,L8680,Implt neurostim elctr each,neurostim_electrode,medium,0,0
3004753838-2020-39064,2020-04-23,Malfunction,"DEXCOM, INC.",,,QBJ,DEXCOM G6 CONTINUOUS GLUCOSE MONITORING SYSTEM,K0554,Ther cgm receiver/monitor,cgm_receiver,medium,0,0
9614453-2020-01349,2020-04-22,Injury,MEDTRONIC EUROPE SARL,,,LWS,EVERA MRI S DR SURESCAN,C1722,"Aicd, single chamber",icd_single_chamber,high,0,0
3004753838-2020-039250,2020-04-22,Malfunction,"DEXCOM, INC.",,,QBJ,DEXCOM G6 CONTINUOUS GLUCOSE MONITORING SYSTEM,K0554,Ther cgm receiver/monitor,cgm_receiver,medium,0,0
2649622-2020-08388,2020-04-22,Injury,MPRI,,,DTB,CAPSUREFIX NOVUS MRI SURESCAN,C1786,"Pmkr, single, rate-resp",pacemaker_single_chamber,high,0,0
2938836-2020-02856,2020-04-22,Injury,ABBOTT,,,LWS,"FORTIFY VR, U1.6 SJ4 ID",C1722,"Aicd, single chamber",icd_single_chamber,high,0,0
3004464228-2020-06045,2020-04-22,Malfunction,INSULET CORPORATION,,,LZG,OMNIPOD DASH¿ INSULIN MANAGEMENT SYSTEM,E0784,Ext amb infusn pump insulin,insulin_pump,high,0,0
3004753838-2020-038799,2020-04-22,Malfunction,"DEXCOM, INC.",,,QBJ,DEXCOM G6 CONTINUOUS GLUCOSE MONITORING SYSTEM,K0554,Ther cgm receiver/monitor,cgm_receiver,medium,0,0
2938836-2020-02856,2020-04-22,Injury,ABBOTT,,,LWS,"FORTIFY VR, U1.6 SJ4 ID",C1887,"Catheter, guiding",ep_catheter_guiding,medium,0,0
2134265-2020-05707,2020-04-22,Malfunction,BOSTON SCIENTIFIC CORPORATION,,,DQY,STERLING,C1725,"Cath, translumin non-laser",atherectomy_catheter,high,0,0
3004753838-2020-038801,2020-04-22,Malfunction,"DEXCOM, INC.",,,QBJ,DEXCOM G6 CONTINUOUS GLUCOSE MONITORING SYSTEM,K0553,Ther cgm supply allowance,cgm_supply,medium,0,0
3004753838-2020-039481,2020-04-22,Malfunction,"DEXCOM, INC.",,,QBJ,DEXCOM G6 CONTINUOUS GLUCOSE MONITORING SYSTEM,K0554,Ther cgm receiver/monitor,cgm_receiver,medium,0,0
3008973940-2020-00988,2020-04-22,Injury,MEDTRONIC SINGAPORE OPERATIONS,,,LWS,SPRINT QUATTRO SECURE S MRI SURESCAN,C1721,"Aicd, dual chamber",icd_dual_chamber,high,0,0
3008973940-2020-00988,2020-04-22,Injury,MEDTRONIC SINGAPORE OPERATIONS,,,LWS,SPRINT QUATTRO SECURE S MRI SURESCAN,C1722,"Aicd, single chamber",icd_single_chamber,high,0,0
3008973940-2020-00988,2020-04-22,Injury,MEDTRONIC SINGAPORE OPERATIONS,,,LWS,SPRINT QUATTRO SECURE S MRI SURESCAN,C1887,"Catheter, guiding",ep_catheter_guiding,medium,0,0
2649622-2020-08456,2020-04-22,Injury,MPRI,,,DTB,CAPSUREFIX NOVUS LEAD MRI SURESCAN,C1785,"Pmkr, dual, rate-resp",pacemaker_dual_chamber,high,0,0
2649622-2020-08456,2020-04-22,Injury,MPRI,,,DTB,CAPSUREFIX NOVUS LEAD MRI SURESCAN,C1786,"Pmkr, single, rate-resp",pacemaker_single_chamber,high,0,0
3004753838-2020-039481,2020-04-22,Malfunction,"DEXCOM, INC.",,,QBJ,DEXCOM G6 CONTINUOUS GLUCOSE MONITORING SYSTEM,K0553,Ther cgm supply allowance,cgm_supply,medium,0,0
2134265-2020-05723,2020-04-22,Malfunction,BOSTON SCIENTIFIC CORPORATION,,,NIQ,SYNERGY,C1874,"Stent, coated/cov w/del sys",drug_eluting_stent,high,0,0
3004753838-2020-039198,2020-04-22,Malfunction,"DEXCOM, INC.",,,QBJ,DEXCOM G6 CONTINUOUS GLUCOSE MONITORING SYSTEM,K0554,Ther cgm receiver/monitor,cgm_receiver,medium,0,0
2032227-2020-110308,2020-04-22,Malfunction,MEDTRONIC PUERTO RICO OPERATIONS CO.,,,FRN,RESERVOIR 1.8ML MMT-326A,C1753,"Cath, intravas ultrasound",ivus_catheter,medium,0,0
2032227-2020-110308,2020-04-22,Malfunction,MEDTRONIC PUERTO RICO OPERATIONS CO.,,,FRN,RESERVOIR 1.8ML MMT-326A,C1751,"Cath, inf, per/cent/midline",central_venous_catheter,high,0,0
2032227-2020-110564,2020-04-22,Malfunction,MEDTRONIC PUERTO RICO OPERATIONS CO.,,,FRN,RESERVOIR 3ML MMT-332A,C1751,"Cath, inf, per/cent/midline",central_venous_catheter,high,0,0
2134265-2020-05723,2020-04-22,Malfunction,BOSTON SCIENTIFIC CORPORATION,,,NIQ,SYNERGY,C1875,"Stent, coated/cov w/o del sy",drug_eluting_stent,high,0,0
9614453-2020-01349,2020-04-22,Injury,MEDTRONIC EUROPE SARL,,,LWS,EVERA MRI S DR SURESCAN,C1887,"Catheter, guiding",ep_catheter_guiding,medium,0,0
MW5094269,2020-04-22,Injury,"FORTOVIA THERAPEUTICS, INC.",,,FRO,GELCLAIR,A6196,Alginate dressing <=16 sq in,alginate_dressing,high,0,0
2032227-2020-110457,2020-04-22,Malfunction,MEDTRONIC PUERTO RICO OPERATIONS CO.,,,LZG,MMT-712 PARADIGM INSULIN PUMP,E0784,Ext amb infusn pump insulin,insulin_pump,high,0,0
3004753838-2020-039447,2020-04-22,Malfunction,"DEXCOM, INC.",,,QBJ,DEXCOM G6 CONTINUOUS GLUCOSE MONITORING SYSTEM,K0553,Ther cgm supply allowance,cgm_supply,medium,0,0
9614453-2020-01349,2020-04-22,Injury,MEDTRONIC EUROPE SARL,,,LWS,EVERA MRI S DR SURESCAN,C1721,"Aicd, dual chamber",icd_dual_chamber,high,0,0
3004753838-2020-039198,2020-04-22,Malfunction,"DEXCOM, INC.",,,QBJ,DEXCOM G6 CONTINUOUS GLUCOSE MONITORING SYSTEM,K0553,Ther cgm supply allowance,cgm_supply,medium,0,0
3004753838-2020-039132,2020-04-22,Malfunction,"DEXCOM, INC.",,,QBJ,DEXCOM G6 CONTINUOUS GLUCOSE MONITORING SYSTEM,K0554,Ther cgm receiver/monitor,cgm_receiver,medium,0,0
3004753838-2020-039132,2020-04-22,Malfunction,"DEXCOM, INC.",,,QBJ,DEXCOM G6 CONTINUOUS GLUCOSE MONITORING SYSTEM,K0553,Ther cgm supply allowance,cgm_supply,medium,0,0
2649622-2020-08301,2020-04-22,Injury,MPRI,,,DTB,CAPSURE SENSE LEAD MRI SURESCAN,C1786,"Pmkr, single, rate-resp",pacemaker_single_chamber,high,0,0
2649622-2020-08301,2020-04-22,Injury,MPRI,,,DTB,CAPSURE SENSE LEAD MRI SURESCAN,C1785,"Pmkr, dual, rate-resp",pacemaker_dual_chamber,high,0,0
2032227-2020-110312,2020-04-22,Malfunction,MEDTRONIC PUERTO RICO OPERATIONS CO.,,,LZG,MMT-715 PARADIGM INSULIN PUMP,E0784,Ext amb infusn pump insulin,insulin_pump,high,0,0
3004464228-2020-05985,2020-04-22,Malfunction,INSULET CORPORATION,,,LZG,OMNIPOD INSULIN PUMP,E0784,Ext amb infusn pump insulin,insulin_pump,high,0,0
3004753838-2020-39288,2020-04-22,Malfunction,"DEXCOM, INC.",,,QBJ,DEXCOM G6 CONTINUOUS GLUCOSE MONITORING SYSTEM,K0553,Ther cgm supply allowance,cgm_supply,medium,0,0
3004753838-2020-39288,2020-04-22,Malfunction,"DEXCOM, INC.",,,QBJ,DEXCOM G6 CONTINUOUS GLUCOSE MONITORING SYSTEM,K0554,Ther cgm receiver/monitor,cgm_receiver,medium,0,0
3004753838-2020-038798,2020-04-22,Malfunction,"DEXCOM, INC.",,,QBJ,DEXCOM G6 CONTINUOUS GLUCOSE MONITORING SYSTEM,K0554,Ther cgm receiver/monitor,cgm_receiver,medium,0,0
2032227-2020-110564,2020-04-22,Malfunction,MEDTRONIC PUERTO RICO OPERATIONS CO.,,,FRN,RESERVOIR 3ML MMT-332A,C1753,"Cath, intravas ultrasound",ivus_catheter,medium,0,0
3004753838-2020-039447,2020-04-22,Malfunction,"DEXCOM, INC.",,,QBJ,DEXCOM G6 CONTINUOUS GLUCOSE MONITORING SYSTEM,K0554,Ther cgm receiver/monitor,cgm_receiver,medium,0,0
2649622-2020-08388,2020-04-22,Injury,MPRI,,,DTB,CAPSUREFIX NOVUS MRI SURESCAN,C1785,"Pmkr, dual, rate-resp",pacemaker_dual_chamber,high,0,0
3004753838-2020-039250,2020-04-22,Malfunction,"DEXCOM, INC.",,,QBJ,DEXCOM G6 CONTINUOUS GLUCOSE MONITORING SYSTEM,K0553,Ther cgm supply allowance,cgm_supply,medium,0,0
3004753838-2020-039247,2020-04-22,Malfunction,"DEXCOM, INC.",,,QBJ,DEXCOM G6 CONTINUOUS GLUCOSE MONITORING SYSTEM,K0554,Ther cgm receiver/monitor,cgm_receiver,medium,0,0
3004753838-2020-038800,2020-04-22,Malfunction,"DEXCOM, INC.",,,QBJ,DEXCOM G6 CONTINUOUS GLUCOSE MONITORING SYSTEM,K0553,Ther cgm supply allowance,cgm_supply,medium,0,0
3004753838-2020-038800,2020-04-22,Malfunction,"DEXCOM, INC.",,,QBJ,DEXCOM G6 CONTINUOUS GLUCOSE MONITORING SYSTEM,K0554,Ther cgm receiver/monitor,cgm_receiver,medium,0,0
3004753838-2020-038799,2020-04-22,Malfunction,"DEXCOM, INC.",,,QBJ,DEXCOM G6 CONTINUOUS GLUCOSE MONITORING SYSTEM,K0553,Ther cgm supply allowance,cgm_supply,medium,0,0
9614453-2020-01348,2020-04-22,Injury,MEDTRONIC EUROPE SARL,,,LWS,PRIMO MRI VR SURESCAN,C1887,"Catheter, guiding",ep_catheter_guiding,medium,0,0
9614453-2020-01348,2020-04-22,Injury,MEDTRONIC EUROPE SARL,,,LWS,PRIMO MRI VR SURESCAN,C1722,"Aicd, single chamber",icd_single_chamber,high,0,0
2649622-2020-08470,2020-04-22,Injury,MPRI,,,DTB,CAPSURE SP NOVUS LEAD,C1786,"Pmkr, single, rate-resp",pacemaker_single_chamber,high,0,0
2649622-2020-08470,2020-04-22,Injury,MPRI,,,DTB,CAPSURE SP NOVUS LEAD,C1785,"Pmkr, dual, rate-resp",pacemaker_dual_chamber,high,0,0
3004753838-2020-038801,2020-04-22,Malfunction,"DEXCOM, INC.",,,QBJ,DEXCOM G6 CONTINUOUS GLUCOSE MONITORING SYSTEM,K0554,Ther cgm receiver/monitor,cgm_receiver,medium,0,0
3004753838-2020-38947,2020-04-22,Malfunction,"DEXCOM, INC.",,,QBJ,DEXCOM G6 CONTINUOUS GLUCOSE MONITORING SYSTEM,K0554,Ther cgm receiver/monitor,cgm_receiver,medium,0,0
2032227-2020-110398,2020-04-22,Malfunction,MEDTRONIC PUERTO RICO OPERATIONS CO.,,,FRN,RESERVOIR 3ML MMT-332A,C1753,"Cath, intravas ultrasound",ivus_catheter,medium,0,0
2032227-2020-110398,2020-04-22,Malfunction,MEDTRONIC PUERTO RICO OPERATIONS CO.,,,FRN,RESERVOIR 3ML MMT-332A,C1751,"Cath, inf, per/cent/midline",central_venous_catheter,high,0,0
3004753838-2020-38947,2020-04-22,Malfunction,"DEXCOM, INC.",,,QBJ,DEXCOM G6 CONTINUOUS GLUCOSE MONITORING SYSTEM,K0553,Ther cgm supply allowance,cgm_supply,medium,0,0
3004753838-2020-038798,2020-04-22,Malfunction,"DEXCOM, INC.",,,QBJ,DEXCOM G6 CONTINUOUS GLUCOSE MONITORING SYSTEM,K0553,Ther cgm supply allowance,cgm_supply,medium,0,0
2938836-2020-02856,2020-04-22,Injury,ABBOTT,,,LWS,"FORTIFY VR, U1.6 SJ4 ID",C1721,"Aicd, dual chamber",icd_dual_chamber,high,0,0
3004753838-2020-039247,2020-04-22,Malfunction,"DEXCOM, INC.",,,QBJ,DEXCOM G6 CONTINUOUS GLUCOSE MONITORING SYSTEM,K0553,Ther cgm supply allowance,cgm_supply,medium,0,0
9614453-2020-01348,2020-04-22,Injury,MEDTRONIC EUROPE SARL,,,LWS,PRIMO MRI VR SURESCAN,C1721,"Aicd, dual chamber",icd_dual_chamber,high,0,0
2032227-2020-110408,2020-04-21,Injury,MEDTRONIC PUERTO RICO OPERATIONS CO.,,,FRN,RESERVOIR 1.8ML MMT-326A,C1751,"Cath, inf, per/cent/midline",central_venous_catheter,high,0,0
2649622-2020-08445,2020-04-21,Injury,MPRI,,,DTB,CAPSUREFIX NOVUS LEAD MRI SURESCAN,C1786,"Pmkr, single, rate-resp",pacemaker_single_chamber,high,0,0
2649622-2020-08445,2020-04-21,Injury,MPRI,,,DTB,CAPSUREFIX NOVUS LEAD MRI SURESCAN,C1785,"Pmkr, dual, rate-resp",pacemaker_dual_chamber,high,0,0
2032227-2020-110535,2020-04-21,Malfunction,MEDTRONIC PUERTO RICO OPERATIONS CO.,,,FRN,RESERVOIR 3ML MMT-332A,C1751,"Cath, inf, per/cent/midline",central_venous_catheter,high,0,0
2032227-2020-110420,2020-04-21,Malfunction,MEDTRONIC PUERTO RICO OPERATIONS CO.,,,FRN,RESERVOIR 3ML MMT-332A,C1753,"Cath, intravas ultrasound",ivus_catheter,medium,0,0
2649622-2020-08444,2020-04-21,Injury,MPRI,,,DTB,CAPSUREFIX NOVUS LEAD MRI SURESCAN,C1786,"Pmkr, single, rate-resp",pacemaker_single_chamber,high,0,0
2649622-2020-08444,2020-04-21,Injury,MPRI,,,DTB,CAPSUREFIX NOVUS LEAD MRI SURESCAN,C1785,"Pmkr, dual, rate-resp",pacemaker_dual_chamber,high,0,0
3011393376-2020-01549,2020-04-21,Malfunction,"ROCHE DIABETES CARE, INC.",,,LZG,ACCU-CHEK ® SPIRIT COMBO,E0784,Ext amb infusn pump insulin,insulin_pump,high,0,0
3004464228-2020-05982,2020-04-21,Malfunction,INSULET CORPORATION,,,LZG,OMNIPOD INSULIN MANAGEMENT SYSTEM,E0784,Ext amb infusn pump insulin,insulin_pump,high,0,0
3004464228-2020-05995,2020-04-21,Injury,INSULET CORPORATION,,,LZG,OMNIPOD INSULIN PUMP,E0784,Ext amb infusn pump insulin,insulin_pump,high,0,0
2032227-2020-110420,2020-04-21,Malfunction,MEDTRONIC PUERTO RICO OPERATIONS CO.,,,FRN,RESERVOIR 3ML MMT-332A,C1751,"Cath, inf, per/cent/midline",central_venous_catheter,high,0,0
1119421-2020-00730,2020-04-21,Malfunction,"ALCON RESEARCH, LLC - HUNTINGTON",,,HQL,ACRYSOF MULTIPIECE IOL,V2632,Post chmbr intraocular lens,iol_posterior_chamber,high,0,0
3004464228-2020-05983,2020-04-21,Malfunction,INSULET CORPORATION,,,LZG,OMNIPOD INSULIN MANAGEMENT SYSTEM,E0784,Ext amb infusn pump insulin,insulin_pump,high,0,0
2032227-2020-110243,2020-04-21,Malfunction,MEDTRONIC PUERTO RICO OPERATIONS CO.,,,FRN,RESERVOIR 2PK 3ML MMT-332AT,C1753,"Cath, intravas ultrasound",ivus_catheter,medium,0,0
3008973940-2020-00999,2020-04-21,Injury,MEDTRONIC SINGAPORE OPERATIONS,,,NVY,SPRINT QUATTRO SECURE MRI SURESCAN,C1779,"Lead, pmkr, transvenous vdd",pacemaker_lead_vdd,high,0,0
2032227-2020-110971,2020-04-21,Injury,MEDTRONIC PUERTO RICO OPERATIONS CO.,,,FRN,RESERVOIR 3ML MMT-332A,C1751,"Cath, inf, per/cent/midline",central_venous_catheter,high,0,0
2032227-2020-110535,2020-04-21,Malfunction,MEDTRONIC PUERTO RICO OPERATIONS CO.,,,FRN,RESERVOIR 3ML MMT-332A,C1753,"Cath, intravas ultrasound",ivus_catheter,medium,0,0
3004753838-2020-039686,2020-04-21,Malfunction,"DEXCOM, INC.",,,QBJ,DEXCOM G6 CONTINUOUS GLUCOSE MONITORING SYSTEM,K0553,Ther cgm supply allowance,cgm_supply,medium,0,0
3004753838-2020-039686,2020-04-21,Malfunction,"DEXCOM, INC.",,,QBJ,DEXCOM G6 CONTINUOUS GLUCOSE MONITORING SYSTEM,K0554,Ther cgm receiver/monitor,cgm_receiver,medium,0,0
3004753838-2020-039737,2020-04-21,Malfunction,"DEXCOM, INC.",,,QBJ,DEXCOM G6 CONTINUOUS GLUCOSE MONITORING SYSTEM,K0554,Ther cgm receiver/monitor,cgm_receiver,medium,0,0
3004753838-2020-039737,2020-04-21,Malfunction,"DEXCOM, INC.",,,QBJ,DEXCOM G6 CONTINUOUS GLUCOSE MONITORING SYSTEM,K0553,Ther cgm supply allowance,cgm_supply,medium,0,0
3004209178-2020-07772,2020-04-21,Injury,MEDTRONIC MED REL MEDTRONIC PUERTO RICO,,,DTB,CAPSURE Z NOVUS LEAD,C1785,"Pmkr, dual, rate-resp",pacemaker_dual_chamber,high,0,0
2032227-2020-110971,2020-04-21,Injury,MEDTRONIC PUERTO RICO OPERATIONS CO.,,,FRN,RESERVOIR 3ML MMT-332A,C1753,"Cath, intravas ultrasound",ivus_catheter,medium,0,0
1119421-2020-00730,2020-04-21,Malfunction,"ALCON RESEARCH, LLC - HUNTINGTON",,,HQL,ACRYSOF MULTIPIECE IOL,V2630,Anter chamber intraocul lens,iol_anterior_chamber,high,0,0
3004753838-2020-039739,2020-04-21,Malfunction,"DEXCOM, INC.",,,QBJ,DEXCOM G6 CONTINUOUS GLUCOSE MONITORING SYSTEM,K0554,Ther cgm receiver/monitor,cgm_receiver,medium,0,0
3004464228-2020-06002,2020-04-21,Injury,INSULET CORPORATION,,,LZG,OMNIPOD INSULIN PUMP,E0784,Ext amb infusn pump insulin,insulin_pump,high,0,0
3011393376-2020-01524,2020-04-21,Malfunction,"ROCHE DIABETES CARE, INC.",,,LZG,ACCU-CHEK  SPIRIT COMBO,E0784,Ext amb infusn pump insulin,insulin_pump,high,0,0
2938836-2020-02888,2020-04-21,Malfunction,ABBOTT,,,NVY,RIATA PASSIVE FIXATION,C1779,"Lead, pmkr, transvenous vdd",pacemaker_lead_vdd,high,0,0
3004209178-2020-07772,2020-04-21,Injury,MEDTRONIC MED REL MEDTRONIC PUERTO RICO,,,DTB,CAPSURE Z NOVUS LEAD,C1786,"Pmkr, single, rate-resp",pacemaker_single_chamber,high,0,0
2134265-2020-05781,2020-04-21,Malfunction,BOSTON SCIENTIFIC CORPORATION,,,NIQ,PROMUS ELEMENT PLUS,C1875,"Stent, coated/cov w/o del sy",drug_eluting_stent,high,0,0
2134265-2020-05781,2020-04-21,Malfunction,BOSTON SCIENTIFIC CORPORATION,,,NIQ,PROMUS ELEMENT PLUS,C1874,"Stent, coated/cov w/del sys",drug_eluting_stent,high,0,0
2017865-2020-05508,2020-04-21,Injury,"ST. JUDE MEDICAL, INC.(CRM-SYLMAR)",,,NVY,"OPTISURE ACTIVE FIXATION, DF-4 CONNECTOR",C1779,"Lead, pmkr, transvenous vdd",pacemaker_lead_vdd,high,0,0
2032227-2020-110408,2020-04-21,Injury,MEDTRONIC PUERTO RICO OPERATIONS CO.,,,FRN,RESERVOIR 1.8ML MMT-326A,C1753,"Cath, intravas ultrasound",ivus_catheter,medium,0,0
3004753838-2020-038797,2020-04-21,Malfunction,"DEXCOM, INC.",,,QBJ,DEXCOM G6 CONTINUOUS GLUCOSE MONITORING SYSTEM,K0553,Ther cgm supply allowance,cgm_supply,medium,0,0
3004753838-2020-038797,2020-04-21,Malfunction,"DEXCOM, INC.",,,QBJ,DEXCOM G6 CONTINUOUS GLUCOSE MONITORING SYSTEM,K0554,Ther cgm receiver/monitor,cgm_receiver,medium,0,0
3004753838-2020-039739,2020-04-21,Malfunction,"DEXCOM, INC.",,,QBJ,DEXCOM G6 CONTINUOUS GLUCOSE MONITORING SYSTEM,K0553,Ther cgm supply allowance,cgm_supply,medium,0,0
2032227-2020-110243,2020-04-21,Malfunction,MEDTRONIC PUERTO RICO OPERATIONS CO.,,,FRN,RESERVOIR 2PK 3ML MMT-332AT,C1751,"Cath, inf, per/cent/midline",central_venous_catheter,high,0,0
2938836-2020-02858,2020-04-20,Injury,ABBOTT,,,LWS,DURATA STS OPTIM ACTIVE FIXATION,C1721,"Aicd, dual chamber",icd_dual_chamber,high,0,0
2032227-2020-110608,2020-04-20,Malfunction,MEDTRONIC PUERTO RICO OPERATIONS CO.,,,FRN,RESERVOIR 3ML MMT-332A,C1753,"Cath, intravas ultrasound",ivus_catheter,medium,0,0
2032227-2020-110608,2020-04-20,Malfunction,MEDTRONIC PUERTO RICO OPERATIONS CO.,,,FRN,RESERVOIR 3ML MMT-332A,C1751,"Cath, inf, per/cent/midline",central_venous_catheter,high,0,0
2649622-2020-08342,2020-04-20,Malfunction,MPRI,,,LWS,SPRINT QUATTRO SECURE MRI SURESCAN,C1721,"Aicd, dual chamber",icd_dual_chamber,high,0,0
2649622-2020-08342,2020-04-20,Malfunction,MPRI,,,LWS,SPRINT QUATTRO SECURE MRI SURESCAN,C1722,"Aicd, single chamber",icd_single_chamber,high,0,0
2649622-2020-08342,2020-04-20,Malfunction,MPRI,,,LWS,SPRINT QUATTRO SECURE MRI SURESCAN,C1887,"Catheter, guiding",ep_catheter_guiding,medium,0,0
3004753838-2020-038893,2020-04-20,Malfunction,"DEXCOM, INC.",,,QBJ,DEXCOM G6 CONTINUOUS GLUCOSE MONITORING SYSTEM,K0553,Ther cgm supply allowance,cgm_supply,medium,0,0
3004753838-2020-038893,2020-04-20,Malfunction,"DEXCOM, INC.",,,QBJ,DEXCOM G6 CONTINUOUS GLUCOSE MONITORING SYSTEM,K0554,Ther cgm receiver/monitor,cgm_receiver,medium,0,0
3004753838-2020-039711,2020-04-20,Malfunction,"DEXCOM, INC.",,,QBJ,DEXCOM G6 CONTINUOUS GLUCOSE MONITORING SYSTEM,K0554,Ther cgm receiver/monitor,cgm_receiver,medium,0,0
3004753838-2020-039711,2020-04-20,Malfunction,"DEXCOM, INC.",,,QBJ,DEXCOM G6 CONTINUOUS GLUCOSE MONITORING SYSTEM,K0553,Ther cgm supply allowance,cgm_supply,medium,0,0
3004753838-2020-039698,2020-04-20,Malfunction,"DEXCOM, INC.",,,QBJ,DEXCOM G6 CONTINUOUS GLUCOSE MONITORING SYSTEM,K0554,Ther cgm receiver/monitor,cgm_receiver,medium,0,0
3004753838-2020-039698,2020-04-20,Malfunction,"DEXCOM, INC.",,,QBJ,DEXCOM G6 CONTINUOUS GLUCOSE MONITORING SYSTEM,K0553,Ther cgm supply allowance,cgm_supply,medium,0,0
3004753838-2020-039174,2020-04-20,Malfunction,"DEXCOM, INC.",,,QBJ,DEXCOM G6 CONTINUOUS GLUCOSE MONITORING SYSTEM,K0554,Ther cgm receiver/monitor,cgm_receiver,medium,0,0
3004753838-2020-039174,2020-04-20,Malfunction,"DEXCOM, INC.",,,QBJ,DEXCOM G6 CONTINUOUS GLUCOSE MONITORING SYSTEM,K0553,Ther cgm supply allowance,cgm_supply,medium,0,0
3004753838-2020-039164,2020-04-20,Malfunction,"DEXCOM, INC.",,,QBJ,DEXCOM G6 CONTINUOUS GLUCOSE MONITORING SYSTEM,K0554,Ther cgm receiver/monitor,cgm_receiver,medium,0,0
3004753838-2020-039164,2020-04-20,Malfunction,"DEXCOM, INC.",,,QBJ,DEXCOM G6 CONTINUOUS GLUCOSE MONITORING SYSTEM,K0553,Ther cgm supply allowance,cgm_supply,medium,0,0
3004753838-2020-038915,2020-04-20,Malfunction,"DEXCOM, INC.",,,QBJ,DEXCOM G6 CONTINUOUS GLUCOSE MONITORING SYSTEM,K0553,Ther cgm supply allowance,cgm_supply,medium,0,0
3004753838-2020-038915,2020-04-20,Malfunction,"DEXCOM, INC.",,,QBJ,DEXCOM G6 CONTINUOUS GLUCOSE MONITORING SYSTEM,K0554,Ther cgm receiver/monitor,cgm_receiver,medium,0,0
2938836-2020-02858,2020-04-20,Injury,ABBOTT,,,LWS,DURATA STS OPTIM ACTIVE FIXATION,C1887,"Catheter, guiding",ep_catheter_guiding,medium,0,0
2938836-2020-02858,2020-04-20,Injury,ABBOTT,,,LWS,DURATA STS OPTIM ACTIVE FIXATION,C1722,"Aicd, single chamber",icd_single_chamber,high,0,0
3004753838-2020-038844,2020-04-20,Malfunction,"DEXCOM, INC.",,,QBJ,DEXCOM G6 CONTINUOUS GLUCOSE MONITORING SYSTEM,K0554,Ther cgm receiver/monitor,cgm_receiver,medium,0,0
2032227-2020-110377,2020-04-20,Malfunction,MEDTRONIC PUERTO RICO OPERATIONS CO.,,,FRN,RESERVOIR 1.8ML MMT-326A,C1753,"Cath, intravas ultrasound",ivus_catheter,medium,0,0
2032227-2020-110377,2020-04-20,Malfunction,MEDTRONIC PUERTO RICO OPERATIONS CO.,,,FRN,RESERVOIR 1.8ML MMT-326A,C1751,"Cath, inf, per/cent/midline",central_venous_catheter,high,0,0
3004753838-2020-039667,2020-04-20,Malfunction,"DEXCOM, INC.",,,QBJ,DEXCOM G6 CONTINUOUS GLUCOSE MONITORING SYSTEM,K0554,Ther cgm receiver/monitor,cgm_receiver,medium,0,0
3004753838-2020-039667,2020-04-20,Malfunction,"DEXCOM, INC.",,,QBJ,DEXCOM G6 CONTINUOUS GLUCOSE MONITORING SYSTEM,K0553,Ther cgm supply allowance,cgm_supply,medium,0,0
3004753838-2020-038844,2020-04-20,Malfunction,"DEXCOM, INC.",,,QBJ,DEXCOM G6 CONTINUOUS GLUCOSE MONITORING SYSTEM,K0553,Ther cgm supply allowance,cgm_supply,medium,0,0
3004753838-2020-039117,2020-04-20,Malfunction,"DEXCOM, INC.",,,QBJ,DEXCOM G6 CONTINUOUS GLUCOSE MONITORING SYSTEM,K0554,Ther cgm receiver/monitor,cgm_receiver,medium,0,0
3004753838-2020-039117,2020-04-20,Malfunction,"DEXCOM, INC.",,,QBJ,DEXCOM G6 CONTINUOUS GLUCOSE MONITORING SYSTEM,K0553,Ther cgm supply allowance,cgm_supply,medium,0,0
3004753838-2020-039096,2020-04-20,Malfunction,"DEXCOM, INC.",,,QBJ,DEXCOM G6 CONTINUOUS GLUCOSE MONITORING SYSTEM,K0554,Ther cgm receiver/monitor,cgm_receiver,medium,0,0
3004753838-2020-039096,2020-04-20,Malfunction,"DEXCOM, INC.",,,QBJ,DEXCOM G6 CONTINUOUS GLUCOSE MONITORING SYSTEM,K0553,Ther cgm supply allowance,cgm_supply,medium,0,0
3004753838-2020-038794,2020-04-20,Malfunction,"DEXCOM, INC.",,,QBJ,DEXCOM G6 CONTINUOUS GLUCOSE MONITORING SYSTEM,K0553,Ther cgm supply allowance,cgm_supply,medium,0,0
3004753838-2020-038794,2020-04-20,Malfunction,"DEXCOM, INC.",,,QBJ,DEXCOM G6 CONTINUOUS GLUCOSE MONITORING SYSTEM,K0554,Ther cgm receiver/monitor,cgm_receiver,medium,0,0
2649622-2020-08357,2020-04-20,Injury,MPRI,,,LWS,SPRINT QUATTRO SECURE S MRI SURESCAN,C1721,"Aicd, dual chamber",icd_dual_chamber,high,0,0
2649622-2020-08357,2020-04-20,Injury,MPRI,,,LWS,SPRINT QUATTRO SECURE S MRI SURESCAN,C1722,"Aicd, single chamber",icd_single_chamber,high,0,0
2649622-2020-08357,2020-04-20,Injury,MPRI,,,LWS,SPRINT QUATTRO SECURE S MRI SURESCAN,C1887,"Catheter, guiding",ep_catheter_guiding,medium,0,0
3004753838-2020-039010,2020-04-20,Malfunction,"DEXCOM, INC.",,,QBJ,DEXCOM G6 CONTINUOUS GLUCOSE MONITORING SYSTEM,K0553,Ther cgm supply allowance,cgm_supply,medium,0,0
3004753838-2020-039010,2020-04-20,Malfunction,"DEXCOM, INC.",,,QBJ,DEXCOM G6 CONTINUOUS GLUCOSE MONITORING SYSTEM,K0554,Ther cgm receiver/monitor,cgm_receiver,medium,0,0
3004753838-2020-038796,2020-04-20,Malfunction,"DEXCOM, INC.",,,QBJ,DEXCOM G6 CONTINUOUS GLUCOSE MONITORING SYSTEM,K0554,Ther cgm receiver/monitor,cgm_receiver,medium,0,0
3004753838-2020-038796,2020-04-20,Malfunction,"DEXCOM, INC.",,,QBJ,DEXCOM G6 CONTINUOUS GLUCOSE MONITORING SYSTEM,K0553,Ther cgm supply allowance,cgm_supply,medium,0,0
3004753838-2020-039028,2020-04-20,Malfunction,"DEXCOM, INC.",,,QBJ,DEXCOM G6 CONTINUOUS GLUCOSE MONITORING SYSTEM,K0553,Ther cgm supply allowance,cgm_supply,medium,0,0
3004753838-2020-039028,2020-04-20,Malfunction,"DEXCOM, INC.",,,QBJ,DEXCOM G6 CONTINUOUS GLUCOSE MONITORING SYSTEM,K0554,Ther cgm receiver/monitor,cgm_receiver,medium,0,0
3004753838-2020-038843,2020-04-20,Malfunction,"DEXCOM, INC.",,,QBJ,DEXCOM G6 CONTINUOUS GLUCOSE MONITORING SYSTEM,K0554,Ther cgm receiver/monitor,cgm_receiver,medium,0,0
3004753838-2020-038843,2020-04-20,Malfunction,"DEXCOM, INC.",,,QBJ,DEXCOM G6 CONTINUOUS GLUCOSE MONITORING SYSTEM,K0553,Ther cgm supply allowance,cgm_supply,medium,0,0
2032227-2020-110177,2020-04-20,Injury,MEDTRONIC PUERTO RICO OPERATIONS CO.,,,FRN,RESERVOIR 3ML MMT-332A,C1753,"Cath, intravas ultrasound",ivus_catheter,medium,0,0
2032227-2020-110177,2020-04-20,Injury,MEDTRONIC PUERTO RICO OPERATIONS CO.,,,FRN,RESERVOIR 3ML MMT-332A,C1751,"Cath, inf, per/cent/midline",central_venous_catheter,high,0,0
3004753838-2020-38811,2020-04-20,Malfunction,"DEXCOM, INC.",,,QBJ,DEXCOM G6 CONTINUOUS GLUCOSE MONITORING SYSTEM,K0553,Ther cgm supply allowance,cgm_supply,medium,0,0
3004753838-2020-38811,2020-04-20,Malfunction,"DEXCOM, INC.",,,QBJ,DEXCOM G6 CONTINUOUS GLUCOSE MONITORING SYSTEM,K0554,Ther cgm receiver/monitor,cgm_receiver,medium,0,0
3004753838-2020-038815,2020-04-20,Malfunction,"DEXCOM, INC.",,,QBJ,DEXCOM G6 CONTINUOUS GLUCOSE MONITORING SYSTEM,K0553,Ther cgm supply allowance,cgm_supply,medium,0,0
3004753838-2020-038815,2020-04-20,Malfunction,"DEXCOM, INC.",,,QBJ,DEXCOM G6 CONTINUOUS GLUCOSE MONITORING SYSTEM,K0554,Ther cgm receiver/monitor,cgm_receiver,medium,0,0
2134265-2020-05651,2020-04-20,Injury,BOSTON SCIENTIFIC CORPORATION,,,DQX,V-18 CONTROL WIRE,C1769,Guide wire,,medium,0,0
2134265-2020-05651,2020-04-20,Injury,BOSTON SCIENTIFIC CORPORATION,,,DQX,V-18 CONTROL WIRE,C1755,"Catheter, intraspinal",catheter_guidewire,medium,0,0
2938836-2020-02821,2020-04-20,Injury,ABBOTT,,,NVY,"DURATA STS OPTIM ACTIVE FIXATION, DF-4 CONNECTOR",C1779,"Lead, pmkr, transvenous vdd",pacemaker_lead_vdd,high,0,0
2649622-2020-08328,2020-04-20,Malfunction,MPRI,,,DTB,CAPSUREFIX NOVUS LEAD MRI SURESCAN,C1785,"Pmkr, dual, rate-resp",pacemaker_dual_chamber,high,0,0
2649622-2020-08328,2020-04-20,Malfunction,MPRI,,,DTB,CAPSUREFIX NOVUS LEAD MRI SURESCAN,C1786,"Pmkr, single, rate-resp",pacemaker_single_chamber,high,0,0
2649622-2020-08332,2020-04-20,Injury,MPRI,,,DTB,SCREW-IN LEAD,C1785,"Pmkr, dual, rate-resp",pacemaker_dual_chamber,high,0,0
2649622-2020-08332,2020-04-20,Injury,MPRI,,,DTB,SCREW-IN LEAD,C1786,"Pmkr, single, rate-resp",pacemaker_single_chamber,high,0,0
2938836-2020-02876,2020-04-20,Injury,ABBOTT,,,LWS,DURATA STS OPTIM ACTIVE FIXATION,C1887,"Catheter, guiding",ep_catheter_guiding,medium,0,0
2938836-2020-02876,2020-04-20,Injury,ABBOTT,,,LWS,DURATA STS OPTIM ACTIVE FIXATION,C1722,"Aicd, single chamber",icd_single_chamber,high,0,0
3004753838-2020-038830,2020-04-20,Malfunction,"DEXCOM, INC.",,,QBJ,DEXCOM G6 CONTINUOUS GLUCOSE MONITORING SYSTEM,K0553,Ther cgm supply allowance,cgm_supply,medium,0,0
3004753838-2020-038830,2020-04-20,Malfunction,"DEXCOM, INC.",,,QBJ,DEXCOM G6 CONTINUOUS GLUCOSE MONITORING SYSTEM,K0554,Ther cgm receiver/monitor,cgm_receiver,medium,0,0
2938836-2020-02876,2020-04-20,Injury,ABBOTT,,,LWS,DURATA STS OPTIM ACTIVE FIXATION,C1721,"Aicd, dual chamber",icd_dual_chamber,high,0,0
2134265-2020-05603,2020-04-20,Malfunction,BOSTON SCIENTIFIC CORPORATION,,,DQY,STERLING,C1725,"Cath, translumin non-laser",atherectomy_catheter,high,0,0
3004753838-2020-039101,2020-04-20,Malfunction,"DEXCOM, INC.",,,QBJ,DEXCOM G6 CONTINUOUS GLUCOSE MONITORING SYSTEM,K0553,Ther cgm supply allowance,cgm_supply,medium,0,0
3004753838-2020-039101,2020-04-20,Malfunction,"DEXCOM, INC.",,,QBJ,DEXCOM G6 CONTINUOUS GLUCOSE MONITORING SYSTEM,K0554,Ther cgm receiver/monitor,cgm_receiver,medium,0,0
3004753838-2020-039103,2020-04-20,Malfunction,"DEXCOM, INC.",,,QBJ,DEXCOM G6 CONTINUOUS GLUCOSE MONITORING SYSTEM,K0553,Ther cgm supply allowance,cgm_supply,medium,0,0
3004753838-2020-039103,2020-04-20,Malfunction,"DEXCOM, INC.",,,QBJ,DEXCOM G6 CONTINUOUS GLUCOSE MONITORING SYSTEM,K0554,Ther cgm receiver/monitor,cgm_receiver,medium,0,0
2032227-2020-110525,2020-04-20,Malfunction,MEDTRONIC PUERTO RICO OPERATIONS CO.,,,LZG,MMT-712 PARADIGM INSULIN PUMP,E0784,Ext amb infusn pump insulin,insulin_pump,high,0,0
2938836-2020-02797,2020-04-20,Malfunction,ABBOTT,,,NVY,"DURATA STS OPTIM PASSIVE FIXATION, DF-4 CONNECTOR",C1779,"Lead, pmkr, transvenous vdd",pacemaker_lead_vdd,high,0,0
3011393376-2020-01540,2020-04-20,Injury,"ROCHE DIABETES CARE, INC.",,,LZG,ACCU-CHEK ® SPIRIT COMBO,E0784,Ext amb infusn pump insulin,insulin_pump,high,0,0
3004753838-2020-039241,2020-04-20,Malfunction,"DEXCOM, INC.",,,QBJ,DEXCOM G6 CONTINUOUS GLUCOSE MONITORING SYSTEM,K0553,Ther cgm supply allowance,cgm_supply,medium,0,0
3004753838-2020-039241,2020-04-20,Malfunction,"DEXCOM, INC.",,,QBJ,DEXCOM G6 CONTINUOUS GLUCOSE MONITORING SYSTEM,K0554,Ther cgm receiver/monitor,cgm_receiver,medium,0,0
3004753838-2020-039090,2020-04-19,Malfunction,"DEXCOM, INC.",,,QBJ,DEXCOM G6 CONTINUOUS GLUCOSE MONITORING SYSTEM,K0553,Ther cgm supply allowance,cgm_supply,medium,0,0
3004753838-2020-039090,2020-04-19,Malfunction,"DEXCOM, INC.",,,QBJ,DEXCOM G6 CONTINUOUS GLUCOSE MONITORING SYSTEM,K0554,Ther cgm receiver/monitor,cgm_receiver,medium,0,0
3004753838-2020-039110,2020-04-19,Malfunction,"DEXCOM, INC.",,,QBJ,DEXCOM G6 CONTINUOUS GLUCOSE MONITORING SYSTEM,K0553,Ther cgm supply allowance,cgm_supply,medium,0,0
3004753838-2020-039110,2020-04-19,Malfunction,"DEXCOM, INC.",,,QBJ,DEXCOM G6 CONTINUOUS GLUCOSE MONITORING SYSTEM,K0554,Ther cgm receiver/monitor,cgm_receiver,medium,0,0
2017865-2020-05479,2020-04-19,Malfunction,"ST. JUDE MEDICAL, INC.(CRM-SYLMAR)",,,NVY,RIATA ACTIVE FIXATION,C1779,"Lead, pmkr, transvenous vdd",pacemaker_lead_vdd,high,0,0
3004753838-2020-038809,2020-04-19,Malfunction,"DEXCOM, INC.",,,QBJ,DEXCOM G6 CONTINUOUS GLUCOSE MONITORING SYSTEM,K0554,Ther cgm receiver/monitor,cgm_receiver,medium,0,0
3004753838-2020-039647,2020-04-19,Malfunction,"DEXCOM, INC.",,,QBJ,DEXCOM G6 CONTINUOUS GLUCOSE MONITORING SYSTEM,K0553,Ther cgm supply allowance,cgm_supply,medium,0,0
3004753838-2020-039647,2020-04-19,Malfunction,"DEXCOM, INC.",,,QBJ,DEXCOM G6 CONTINUOUS GLUCOSE MONITORING SYSTEM,K0554,Ther cgm receiver/monitor,cgm_receiver,medium,0,0
3004753838-2020-038817,2020-04-19,Malfunction,"DEXCOM, INC.",,,QBJ,DEXCOM G6 CONTINUOUS GLUCOSE MONITORING SYSTEM,K0554,Ther cgm receiver/monitor,cgm_receiver,medium,0,0
2032227-2020-111175,2020-04-19,Injury,MEDTRONIC PUERTO RICO OPERATIONS CO.,,,FRN,RESERVOIR 3ML MMT-332A,C1751,"Cath, inf, per/cent/midline",central_venous_catheter,high,0,0
3004753838-2020-038817,2020-04-19,Malfunction,"DEXCOM, INC.",,,QBJ,DEXCOM G6 CONTINUOUS GLUCOSE MONITORING SYSTEM,K0553,Ther cgm supply allowance,cgm_supply,medium,0,0
2032227-2020-111175,2020-04-19,Injury,MEDTRONIC PUERTO RICO OPERATIONS CO.,,,FRN,RESERVOIR 3ML MMT-332A,C1753,"Cath, intravas ultrasound",ivus_catheter,medium,0,0
3004753838-2020-039097,2020-04-19,Malfunction,"DEXCOM, INC.",,,QBJ,DEXCOM G6 CONTINUOUS GLUCOSE MONITORING SYSTEM,K0553,Ther cgm supply allowance,cgm_supply,medium,0,0
3004753838-2020-039105,2020-04-19,Malfunction,"DEXCOM, INC.",,,QBJ,DEXCOM G6 CONTINUOUS GLUCOSE MONITORING SYSTEM,K0553,Ther cgm supply allowance,cgm_supply,medium,0,0
3004753838-2020-039105,2020-04-19,Malfunction,"DEXCOM, INC.",,,QBJ,DEXCOM G6 CONTINUOUS GLUCOSE MONITORING SYSTEM,K0554,Ther cgm receiver/monitor,cgm_receiver,medium,0,0
3012931345-2020-00067,2020-04-19,Malfunction,STRYKER NEUROVASCULAR-UTAH-SALT LAKE CITY,,,DQY,FLOWGATE2 8F X 95CM,C1725,"Cath, translumin non-laser",atherectomy_catheter,high,0,0
3004753838-2020-039097,2020-04-19,Malfunction,"DEXCOM, INC.",,,QBJ,DEXCOM G6 CONTINUOUS GLUCOSE MONITORING SYSTEM,K0554,Ther cgm receiver/monitor,cgm_receiver,medium,0,0
3004753838-2020-038809,2020-04-19,Malfunction,"DEXCOM, INC.",,,QBJ,DEXCOM G6 CONTINUOUS GLUCOSE MONITORING SYSTEM,K0553,Ther cgm supply allowance,cgm_supply,medium,0,0
3004753838-2020-039061,2020-04-19,Malfunction,"DEXCOM, INC.",,,QBJ,DEXCOM G6 CONTINUOUS GLUCOSE MONITORING SYSTEM,K0554,Ther cgm receiver/monitor,cgm_receiver,medium,0,0
3004753838-2020-039061,2020-04-19,Malfunction,"DEXCOM, INC.",,,QBJ,DEXCOM G6 CONTINUOUS GLUCOSE MONITORING SYSTEM,K0553,Ther cgm supply allowance,cgm_supply,medium,0,0
3004753838-2020-038805,2020-04-18,Malfunction,"DEXCOM, INC.",,,QBJ,DEXCOM G6 CONTINUOUS GLUCOSE MONITORING SYSTEM,K0554,Ther cgm receiver/monitor,cgm_receiver,medium,0,0
3004753838-2020-039165,2020-04-18,Malfunction,"DEXCOM, INC.",,,QBJ,DEXCOM G6 CONTINUOUS GLUCOSE MONITORING SYSTEM,K0553,Ther cgm supply allowance,cgm_supply,medium,0,0
3004753838-2020-039165,2020-04-18,Malfunction,"DEXCOM, INC.",,,QBJ,DEXCOM G6 CONTINUOUS GLUCOSE MONITORING SYSTEM,K0554,Ther cgm receiver/monitor,cgm_receiver,medium,0,0
3004753838-2020-039160,2020-04-18,Malfunction,"DEXCOM, INC.",,,QBJ,DEXCOM G6 CONTINUOUS GLUCOSE MONITORING SYSTEM,K0553,Ther cgm supply allowance,cgm_supply,medium,0,0
3004753838-2020-039160,2020-04-18,Malfunction,"DEXCOM, INC.",,,QBJ,DEXCOM G6 CONTINUOUS GLUCOSE MONITORING SYSTEM,K0554,Ther cgm receiver/monitor,cgm_receiver,medium,0,0
3004753838-2020-039172,2020-04-18,Malfunction,"DEXCOM, INC.",,,QBJ,DEXCOM G6 CONTINUOUS GLUCOSE MONITORING SYSTEM,K0553,Ther cgm supply allowance,cgm_supply,medium,0,0
3004753838-2020-039172,2020-04-18,Malfunction,"DEXCOM, INC.",,,QBJ,DEXCOM G6 CONTINUOUS GLUCOSE MONITORING SYSTEM,K0554,Ther cgm receiver/monitor,cgm_receiver,medium,0,0
3004753838-2020-038805,2020-04-18,Malfunction,"DEXCOM, INC.",,,QBJ,DEXCOM G6 CONTINUOUS GLUCOSE MONITORING SYSTEM,K0553,Ther cgm supply allowance,cgm_supply,medium,0,0
3010757606-2020-00296,2020-04-18,Injury,ABBVIE - MEDICAL DEVICE CENTER,,,KNT,DUODOPA_DUOPA,B4088,"Gastro/jejuno tube, low-pro",gastrostomy_low_profile,medium,0,0
3004753838-2020-039046,2020-04-18,Malfunction,"DEXCOM, INC.",,,QBJ,DEXCOM G6 CONTINUOUS GLUCOSE MONITORING SYSTEM,K0553,Ther cgm supply allowance,cgm_supply,medium,0,0
3004753838-2020-039046,2020-04-18,Malfunction,"DEXCOM, INC.",,,QBJ,DEXCOM G6 CONTINUOUS GLUCOSE MONITORING SYSTEM,K0554,Ther cgm receiver/monitor,cgm_receiver,medium,0,0
3004753838-2020-038793,2020-04-18,Malfunction,"DEXCOM, INC.",,,QBJ,DEXCOM G6 CONTINUOUS GLUCOSE MONITORING SYSTEM,K0553,Ther cgm supply allowance,cgm_supply,medium,0,0
3004753838-2020-039082,2020-04-18,Malfunction,"DEXCOM, INC.",,,QBJ,DEXCOM G6 CONTINUOUS GLUCOSE MONITORING SYSTEM,K0554,Ther cgm receiver/monitor,cgm_receiver,medium,0,0
3004753838-2020-39380,2020-04-18,Malfunction,"DEXCOM, INC.",,,QBJ,DEXCOM G6 CONTINUOUS GLUCOSE MONITORING SYSTEM,K0553,Ther cgm supply allowance,cgm_supply,medium,0,0
3004753838-2020-038793,2020-04-18,Malfunction,"DEXCOM, INC.",,,QBJ,DEXCOM G6 CONTINUOUS GLUCOSE MONITORING SYSTEM,K0554,Ther cgm receiver/monitor,cgm_receiver,medium,0,0
3004753838-2020-038880,2020-04-18,Malfunction,"DEXCOM, INC.",,,QBJ,DEXCOM G6 CONTINUOUS GLUCOSE MONITORING SYSTEM,K0554,Ther cgm receiver/monitor,cgm_receiver,medium,0,0
3004753838-2020-038880,2020-04-18,Malfunction,"DEXCOM, INC.",,,QBJ,DEXCOM G6 CONTINUOUS GLUCOSE MONITORING SYSTEM,K0553,Ther cgm supply allowance,cgm_supply,medium,0,0
3004753838-2020-39634,2020-04-18,Malfunction,"DEXCOM, INC.",,,QBJ,DEXCOM G6 CONTINUOUS GLUCOSE MONITORING SYSTEM,K0554,Ther cgm receiver/monitor,cgm_receiver,medium,0,0
3004753838-2020-39380,2020-04-18,Malfunction,"DEXCOM, INC.",,,QBJ,DEXCOM G6 CONTINUOUS GLUCOSE MONITORING SYSTEM,K0554,Ther cgm receiver/monitor,cgm_receiver,medium,0,0
3004753838-2020-39634,2020-04-18,Malfunction,"DEXCOM, INC.",,,QBJ,DEXCOM G6 CONTINUOUS GLUCOSE MONITORING SYSTEM,K0553,Ther cgm supply allowance,cgm_supply,medium,0,0
3004753838-2020-039112,2020-04-18,Malfunction,"DEXCOM, INC.",,,QBJ,DEXCOM G6 CONTINUOUS GLUCOSE MONITORING SYSTEM,K0554,Ther cgm receiver/monitor,cgm_receiver,medium,0,0
3004753838-2020-039112,2020-04-18,Malfunction,"DEXCOM, INC.",,,QBJ,DEXCOM G6 CONTINUOUS GLUCOSE MONITORING SYSTEM,K0553,Ther cgm supply allowance,cgm_supply,medium,0,0
2649622-2020-08471,2020-04-18,Injury,MPRI,,,DTB,CAPSUREFIX NOVUS LEAD MRI SURESCAN,C1786,"Pmkr, single, rate-resp",pacemaker_single_chamber,high,0,0
3004753838-2020-038810,2020-04-18,Malfunction,"DEXCOM, INC.",,,QBJ,DEXCOM G6 CONTINUOUS GLUCOSE MONITORING SYSTEM,K0553,Ther cgm supply allowance,cgm_supply,medium,0,0
2649622-2020-08471,2020-04-18,Injury,MPRI,,,DTB,CAPSUREFIX NOVUS LEAD MRI SURESCAN,C1785,"Pmkr, dual, rate-resp",pacemaker_dual_chamber,high,0,0
3004753838-2020-039087,2020-04-18,Malfunction,"DEXCOM, INC.",,,QBJ,DEXCOM G6 CONTINUOUS GLUCOSE MONITORING SYSTEM,K0553,Ther cgm supply allowance,cgm_supply,medium,0,0
3004753838-2020-039087,2020-04-18,Malfunction,"DEXCOM, INC.",,,QBJ,DEXCOM G6 CONTINUOUS GLUCOSE MONITORING SYSTEM,K0554,Ther cgm receiver/monitor,cgm_receiver,medium,0,0
3004753838-2020-038810,2020-04-18,Malfunction,"DEXCOM, INC.",,,QBJ,DEXCOM G6 CONTINUOUS GLUCOSE MONITORING SYSTEM,K0554,Ther cgm receiver/monitor,cgm_receiver,medium,0,0
3004753838-2020-039043,2020-04-18,Malfunction,"DEXCOM, INC.",,,QBJ,DEXCOM G6 CONTINUOUS GLUCOSE MONITORING SYSTEM,K0554,Ther cgm receiver/monitor,cgm_receiver,medium,0,0
3004753838-2020-039043,2020-04-18,Malfunction,"DEXCOM, INC.",,,QBJ,DEXCOM G6 CONTINUOUS GLUCOSE MONITORING SYSTEM,K0553,Ther cgm supply allowance,cgm_supply,medium,0,0
3004753838-2020-039082,2020-04-18,Malfunction,"DEXCOM, INC.",,,QBJ,DEXCOM G6 CONTINUOUS GLUCOSE MONITORING SYSTEM,K0553,Ther cgm supply allowance,cgm_supply,medium,0,0
3004753838-2020-039100,2020-04-17,Malfunction,"DEXCOM, INC.",,,QBJ,DEXCOM G6 CONTINUOUS GLUCOSE MONITORING SYSTEM,K0553,Ther cgm supply allowance,cgm_supply,medium,0,0
2649622-2020-08446,2020-04-17,Injury,MPRI,,,DTB,CAPSUREFIX NOVUS LEAD MRI SURESCAN,C1786,"Pmkr, single, rate-resp",pacemaker_single_chamber,high,0,0
2649622-2020-08446,2020-04-17,Injury,MPRI,,,DTB,CAPSUREFIX NOVUS LEAD MRI SURESCAN,C1785,"Pmkr, dual, rate-resp",pacemaker_dual_chamber,high,0,0
3004753838-2020-39539,2020-04-17,Malfunction,"DEXCOM, INC.",,,QBJ,DEXCOM G6 CONTINUOUS GLUCOSE MONITORING SYSTEM,K0553,Ther cgm supply allowance,cgm_supply,medium,0,0
3004464228-2020-05987,2020-04-17,Malfunction,INSULET CORPORATION,,,LZG,OMNIPOD INSULIN PUMP,E0784,Ext amb infusn pump insulin,insulin_pump,high,0,0
2649622-2020-08434,2020-04-17,Injury,MPRI,,,LWS,SPRINT QUATTRO SECURE MRI SURESCAN,C1721,"Aicd, dual chamber",icd_dual_chamber,high,0,0
2649622-2020-08434,2020-04-17,Injury,MPRI,,,LWS,SPRINT QUATTRO SECURE MRI SURESCAN,C1722,"Aicd, single chamber",icd_single_chamber,high,0,0
3004753838-2020-039126,2020-04-17,Malfunction,"DEXCOM, INC.",,,QBJ,DEXCOM G6 CONTINUOUS GLUCOSE MONITORING SYSTEM,K0553,Ther cgm supply allowance,cgm_supply,medium,0,0
3004753838-2020-39611,2020-04-17,Malfunction,"DEXCOM, INC.",,,QBJ,DEXCOM G6 CONTINUOUS GLUCOSE MONITORING SYSTEM,K0554,Ther cgm receiver/monitor,cgm_receiver,medium,0,0
3004753838-2020-038790,2020-04-17,Malfunction,"DEXCOM, INC.",,,QBJ,DEXCOM G6 CONTINUOUS GLUCOSE MONITORING SYSTEM,K0553,Ther cgm supply allowance,cgm_supply,medium,0,0
3004753838-2020-39523,2020-04-17,Malfunction,"DEXCOM, INC.",,,QBJ,DEXCOM G6 CONTINUOUS GLUCOSE MONITORING SYSTEM,K0553,Ther cgm supply allowance,cgm_supply,medium,0,0
3004753838-2020-39523,2020-04-17,Malfunction,"DEXCOM, INC.",,,QBJ,DEXCOM G6 CONTINUOUS GLUCOSE MONITORING SYSTEM,K0554,Ther cgm receiver/monitor,cgm_receiver,medium,0,0
3004753838-2020-039114,2020-04-17,Malfunction,"DEXCOM, INC.",,,QBJ,DEXCOM G6 CONTINUOUS GLUCOSE MONITORING SYSTEM,K0554,Ther cgm receiver/monitor,cgm_receiver,medium,0,0
3004753838-2020-039085,2020-04-17,Malfunction,"DEXCOM, INC.",,,QBJ,DEXCOM G6 CONTINUOUS GLUCOSE MONITORING SYSTEM,K0553,Ther cgm supply allowance,cgm_supply,medium,0,0
3004753838-2020-39539,2020-04-17,Malfunction,"DEXCOM, INC.",,,QBJ,DEXCOM G6 CONTINUOUS GLUCOSE MONITORING SYSTEM,K0554,Ther cgm receiver/monitor,cgm_receiver,medium,0,0
3004753838-2020-039085,2020-04-17,Malfunction,"DEXCOM, INC.",,,QBJ,DEXCOM G6 CONTINUOUS GLUCOSE MONITORING SYSTEM,K0554,Ther cgm receiver/monitor,cgm_receiver,medium,0,0
3004753838-2020-39564,2020-04-17,Malfunction,"DEXCOM, INC.",,,QBJ,DEXCOM G6 CONTINUOUS GLUCOSE MONITORING SYSTEM,K0554,Ther cgm receiver/monitor,cgm_receiver,medium,0,0
3004753838-2020-039142,2020-04-17,Malfunction,"DEXCOM, INC.",,,QBJ,DEXCOM G6 CONTINUOUS GLUCOSE MONITORING SYSTEM,K0554,Ther cgm receiver/monitor,cgm_receiver,medium,0,0
3004753838-2020-039115,2020-04-17,Malfunction,"DEXCOM, INC.",,,QBJ,DEXCOM G6 CONTINUOUS GLUCOSE MONITORING SYSTEM,K0554,Ther cgm receiver/monitor,cgm_receiver,medium,0,0
3004753838-2020-039136,2020-04-17,Malfunction,"DEXCOM, INC.",,,QBJ,DEXCOM G6 CONTINUOUS GLUCOSE MONITORING SYSTEM,K0554,Ther cgm receiver/monitor,cgm_receiver,medium,0,0
3004753838-2020-039114,2020-04-17,Malfunction,"DEXCOM, INC.",,,QBJ,DEXCOM G6 CONTINUOUS GLUCOSE MONITORING SYSTEM,K0553,Ther cgm supply allowance,cgm_supply,medium,0,0
3004753838-2020-039136,2020-04-17,Malfunction,"DEXCOM, INC.",,,QBJ,DEXCOM G6 CONTINUOUS GLUCOSE MONITORING SYSTEM,K0553,Ther cgm supply allowance,cgm_supply,medium,0,0
2649622-2020-08434,2020-04-17,Injury,MPRI,,,LWS,SPRINT QUATTRO SECURE MRI SURESCAN,C1887,"Catheter, guiding",ep_catheter_guiding,medium,0,0
2649622-2020-08452,2020-04-17,Injury,MPRI,,,DTB,CAPSUREFIX NOVUS MRI SURESCAN,C1786,"Pmkr, single, rate-resp",pacemaker_single_chamber,high,0,0
1028232-2020-01876,2020-04-17,Malfunction,BIOTRONIK SE & CO. KG,,,NVY,LINOX SMART TD 65/16,C1779,"Lead, pmkr, transvenous vdd",pacemaker_lead_vdd,high,0,0
3004753838-2020-039048,2020-04-17,Malfunction,"DEXCOM, INC.",,,QBJ,DEXCOM G6 CONTINUOUS GLUCOSE MONITORING SYSTEM,K0554,Ther cgm receiver/monitor,cgm_receiver,medium,0,0
3004209178-2020-07812,2020-04-17,Injury,MEDTRONIC PUERTO RICO OPERATIONS CO.,,,LWS,EVERA MRI XT DR SURESCAN,C1721,"Aicd, dual chamber",icd_dual_chamber,high,0,0
3004753838-2020-039507,2020-04-17,Malfunction,"DEXCOM, INC.",,,QBJ,DEXCOM G6 CONTINUOUS GLUCOSE MONITORING SYSTEM,K0554,Ther cgm receiver/monitor,cgm_receiver,medium,0,0
3004753838-2020-039507,2020-04-17,Malfunction,"DEXCOM, INC.",,,QBJ,DEXCOM G6 CONTINUOUS GLUCOSE MONITORING SYSTEM,K0553,Ther cgm supply allowance,cgm_supply,medium,0,0
3004753838-2020-39611,2020-04-17,Malfunction,"DEXCOM, INC.",,,QBJ,DEXCOM G6 CONTINUOUS GLUCOSE MONITORING SYSTEM,K0553,Ther cgm supply allowance,cgm_supply,medium,0,0
3004753838-2020-39564,2020-04-17,Malfunction,"DEXCOM, INC.",,,QBJ,DEXCOM G6 CONTINUOUS GLUCOSE MONITORING SYSTEM,K0553,Ther cgm supply allowance,cgm_supply,medium,0,0
3004209178-2020-07812,2020-04-17,Injury,MEDTRONIC PUERTO RICO OPERATIONS CO.,,,LWS,EVERA MRI XT DR SURESCAN,C1722,"Aicd, single chamber",icd_single_chamber,high,0,0
3004209178-2020-07812,2020-04-17,Injury,MEDTRONIC PUERTO RICO OPERATIONS CO.,,,LWS,EVERA MRI XT DR SURESCAN,C1887,"Catheter, guiding",ep_catheter_guiding,medium,0,0
3004753838-2020-39584,2020-04-17,Malfunction,"DEXCOM, INC.",,,QBJ,DEXCOM G6 CONTINUOUS GLUCOSE MONITORING SYSTEM,K0554,Ther cgm receiver/monitor,cgm_receiver,medium,0,0
2649622-2020-08437,2020-04-17,Injury,MPRI,,,NVY,SPRINT QUATTRO SECURE MRI SURESCAN,C1779,"Lead, pmkr, transvenous vdd",pacemaker_lead_vdd,high,0,0
2649622-2020-08462,2020-04-17,Injury,MPRI,,,DTB,CAPSUREFIX NOVUS LEAD MRI SURESCAN,C1786,"Pmkr, single, rate-resp",pacemaker_single_chamber,high,0,0
3004753838-2020-039126,2020-04-17,Malfunction,"DEXCOM, INC.",,,QBJ,DEXCOM G6 CONTINUOUS GLUCOSE MONITORING SYSTEM,K0554,Ther cgm receiver/monitor,cgm_receiver,medium,0,0
2649622-2020-08436,2020-04-17,Injury,MPRI,,,DTB,CAPSUREFIX NOVUS LEAD MRI SURESCAN,C1785,"Pmkr, dual, rate-resp",pacemaker_dual_chamber,high,0,0
2649622-2020-08451,2020-04-17,Injury,MPRI,,,DTB,CAPSUREFIX NOVUS LEAD MRI SURESCAN,C1785,"Pmkr, dual, rate-resp",pacemaker_dual_chamber,high,0,0
2649622-2020-08436,2020-04-17,Injury,MPRI,,,DTB,CAPSUREFIX NOVUS LEAD MRI SURESCAN,C1786,"Pmkr, single, rate-resp",pacemaker_single_chamber,high,0,0
3004753838-2020-039115,2020-04-17,Malfunction,"DEXCOM, INC.",,,QBJ,DEXCOM G6 CONTINUOUS GLUCOSE MONITORING SYSTEM,K0553,Ther cgm supply allowance,cgm_supply,medium,0,0
2649622-2020-08452,2020-04-17,Injury,MPRI,,,DTB,CAPSUREFIX NOVUS MRI SURESCAN,C1785,"Pmkr, dual, rate-resp",pacemaker_dual_chamber,high,0,0
2649622-2020-08451,2020-04-17,Injury,MPRI,,,DTB,CAPSUREFIX NOVUS LEAD MRI SURESCAN,C1786,"Pmkr, single, rate-resp",pacemaker_single_chamber,high,0,0
2649622-2020-08462,2020-04-17,Injury,MPRI,,,DTB,CAPSUREFIX NOVUS LEAD MRI SURESCAN,C1785,"Pmkr, dual, rate-resp",pacemaker_dual_chamber,high,0,0
3004753838-2020-39584,2020-04-17,Malfunction,"DEXCOM, INC.",,,QBJ,DEXCOM G6 CONTINUOUS GLUCOSE MONITORING SYSTEM,K0553,Ther cgm supply allowance,cgm_supply,medium,0,0
2649622-2020-08448,2020-04-17,Injury,MPRI,,,DTB,CAPSUREFIX NOVUS LEAD MRI SURESCAN,C1786,"Pmkr, single, rate-resp",pacemaker_single_chamber,high,0,0
2649622-2020-08448,2020-04-17,Injury,MPRI,,,DTB,CAPSUREFIX NOVUS LEAD MRI SURESCAN,C1785,"Pmkr, dual, rate-resp",pacemaker_dual_chamber,high,0,0
2649622-2020-08447,2020-04-17,Injury,MPRI,,,DTB,CAPSUREFIX NOVUS LEAD MRI SURESCAN,C1786,"Pmkr, single, rate-resp",pacemaker_single_chamber,high,0,0
3004753838-2020-039048,2020-04-17,Malfunction,"DEXCOM, INC.",,,QBJ,DEXCOM G6 CONTINUOUS GLUCOSE MONITORING SYSTEM,K0553,Ther cgm supply allowance,cgm_supply,medium,0,0
2649622-2020-08447,2020-04-17,Injury,MPRI,,,DTB,CAPSUREFIX NOVUS LEAD MRI SURESCAN,C1785,"Pmkr, dual, rate-resp",pacemaker_dual_chamber,high,0,0
3004753838-2020-039142,2020-04-17,Malfunction,"DEXCOM, INC.",,,QBJ,DEXCOM G6 CONTINUOUS GLUCOSE MONITORING SYSTEM,K0553,Ther cgm supply allowance,cgm_supply,medium,0,0
3004753838-2020-038791,2020-04-17,Malfunction,"DEXCOM, INC.",,,QBJ,DEXCOM G6 CONTINUOUS GLUCOSE MONITORING SYSTEM,K0554,Ther cgm receiver/monitor,cgm_receiver,medium,0,0
3004753838-2020-39511,2020-04-17,Malfunction,"DEXCOM, INC.",,,QBJ,DEXCOM G6 CONTINUOUS GLUCOSE MONITORING SYSTEM,K0553,Ther cgm supply allowance,cgm_supply,medium,0,0
3004753838-2020-39511,2020-04-17,Malfunction,"DEXCOM, INC.",,,QBJ,DEXCOM G6 CONTINUOUS GLUCOSE MONITORING SYSTEM,K0554,Ther cgm receiver/monitor,cgm_receiver,medium,0,0
3004753838-2020-038996,2020-04-17,Malfunction,"DEXCOM, INC.",,,QBJ,DEXCOM G6 CONTINUOUS GLUCOSE MONITORING SYSTEM,K0553,Ther cgm supply allowance,cgm_supply,medium,0,0
3004753838-2020-038791,2020-04-17,Malfunction,"DEXCOM, INC.",,,QBJ,DEXCOM G6 CONTINUOUS GLUCOSE MONITORING SYSTEM,K0553,Ther cgm supply allowance,cgm_supply,medium,0,0
3004753838-2020-039100,2020-04-17,Malfunction,"DEXCOM, INC.",,,QBJ,DEXCOM G6 CONTINUOUS GLUCOSE MONITORING SYSTEM,K0554,Ther cgm receiver/monitor,cgm_receiver,medium,0,0
3004753838-2020-038790,2020-04-17,Malfunction,"DEXCOM, INC.",,,QBJ,DEXCOM G6 CONTINUOUS GLUCOSE MONITORING SYSTEM,K0554,Ther cgm receiver/monitor,cgm_receiver,medium,0,0
3004753838-2020-038996,2020-04-17,Malfunction,"DEXCOM, INC.",,,QBJ,DEXCOM G6 CONTINUOUS GLUCOSE MONITORING SYSTEM,K0554,Ther cgm receiver/monitor,cgm_receiver,medium,0,0
2134265-2020-05767,2020-04-16,Malfunction,BOSTON SCIENTIFIC CORPORATION,,,NIQ,PROMUS PREMIER,C1875,"Stent, coated/cov w/o del sy",drug_eluting_stent,high,0,0
2134265-2020-05756,2020-04-16,Malfunction,BOSTON SCIENTIFIC CORPORATION,,,NIQ,PROMUS PREMIER,C1875,"Stent, coated/cov w/o del sy",drug_eluting_stent,high,0,0
1314492-2020-01418,2020-04-16,Malfunction,BAXTER HEALTHCARE CORPORATION,,,FRN,SPECTRUM INFUSION PUMP,C1753,"Cath, intravas ultrasound",ivus_catheter,medium,0,0
1314492-2020-01418,2020-04-16,Malfunction,BAXTER HEALTHCARE CORPORATION,,,FRN,SPECTRUM INFUSION PUMP,C1751,"Cath, inf, per/cent/midline",central_venous_catheter,high,0,0
3004753838-2020-039076,2020-04-16,Malfunction,"DEXCOM, INC.",,,QBJ,DEXCOM G6 CONTINUOUS GLUCOSE MONITORING SYSTEM,K0553,Ther cgm supply allowance,cgm_supply,medium,0,0
3004753838-2020-039076,2020-04-16,Malfunction,"DEXCOM, INC.",,,QBJ,DEXCOM G6 CONTINUOUS GLUCOSE MONITORING SYSTEM,K0554,Ther cgm receiver/monitor,cgm_receiver,medium,0,0
3004753838-2020-039109,2020-04-16,Malfunction,"DEXCOM, INC.",,,QBJ,DEXCOM G6 CONTINUOUS GLUCOSE MONITORING SYSTEM,K0553,Ther cgm supply allowance,cgm_supply,medium,0,0
3004753838-2020-039109,2020-04-16,Malfunction,"DEXCOM, INC.",,,QBJ,DEXCOM G6 CONTINUOUS GLUCOSE MONITORING SYSTEM,K0554,Ther cgm receiver/monitor,cgm_receiver,medium,0,0
2134265-2020-05756,2020-04-16,Malfunction,BOSTON SCIENTIFIC CORPORATION,,,NIQ,PROMUS PREMIER,C1874,"Stent, coated/cov w/del sys",drug_eluting_stent,high,0,0
2649622-2020-08379,2020-04-16,Injury,MPRI,,,DTB,CAPSUREFIX NOVUS MRI SURESCAN,C1786,"Pmkr, single, rate-resp",pacemaker_single_chamber,high,0,0
3004753838-2020-039216,2020-04-16,Malfunction,"DEXCOM, INC.",,,QBJ,DEXCOM G6 CONTINUOUS GLUCOSE MONITORING SYSTEM,K0553,Ther cgm supply allowance,cgm_supply,medium,0,0
3004753838-2020-039216,2020-04-16,Malfunction,"DEXCOM, INC.",,,QBJ,DEXCOM G6 CONTINUOUS GLUCOSE MONITORING SYSTEM,K0554,Ther cgm receiver/monitor,cgm_receiver,medium,0,0
2649622-2020-08379,2020-04-16,Injury,MPRI,,,DTB,CAPSUREFIX NOVUS MRI SURESCAN,C1785,"Pmkr, dual, rate-resp",pacemaker_dual_chamber,high,0,0
3004753838-2020-039177,2020-04-16,Malfunction,"DEXCOM, INC.",,,QBJ,DEXCOM G6 CONTINUOUS GLUCOSE MONITORING SYSTEM,K0554,Ther cgm receiver/monitor,cgm_receiver,medium,0,0
3004753838-2020-039728,2020-04-16,Malfunction,"DEXCOM, INC.",,,QBJ,DEXCOM G6 CONTINUOUS GLUCOSE MONITORING SYSTEM,K0554,Ther cgm receiver/monitor,cgm_receiver,medium,0,0
3004753838-2020-039728,2020-04-16,Malfunction,"DEXCOM, INC.",,,QBJ,DEXCOM G6 CONTINUOUS GLUCOSE MONITORING SYSTEM,K0553,Ther cgm supply allowance,cgm_supply,medium,0,0
3004753838-2020-039259,2020-04-16,Malfunction,"DEXCOM, INC.",,,QBJ,DEXCOM G6 CONTINUOUS GLUCOSE MONITORING SYSTEM,K0553,Ther cgm supply allowance,cgm_supply,medium,0,0
3004753838-2020-39602,2020-04-16,Malfunction,"DEXCOM, INC.",,,QBJ,DEXCOM G6 CONTINUOUS GLUCOSE MONITORING SYSTEM,K0554,Ther cgm receiver/monitor,cgm_receiver,medium,0,0
3004753838-2020-39602,2020-04-16,Malfunction,"DEXCOM, INC.",,,QBJ,DEXCOM G6 CONTINUOUS GLUCOSE MONITORING SYSTEM,K0553,Ther cgm supply allowance,cgm_supply,medium,0,0
3004753838-2020-039251,2020-04-16,Malfunction,"DEXCOM, INC.",,,QBJ,DEXCOM G6 CONTINUOUS GLUCOSE MONITORING SYSTEM,K0554,Ther cgm receiver/monitor,cgm_receiver,medium,0,0
3004753838-2020-039251,2020-04-16,Malfunction,"DEXCOM, INC.",,,QBJ,DEXCOM G6 CONTINUOUS GLUCOSE MONITORING SYSTEM,K0553,Ther cgm supply allowance,cgm_supply,medium,0,0
3004753838-2020-039259,2020-04-16,Malfunction,"DEXCOM, INC.",,,QBJ,DEXCOM G6 CONTINUOUS GLUCOSE MONITORING SYSTEM,K0554,Ther cgm receiver/monitor,cgm_receiver,medium,0,0
2134265-2020-05767,2020-04-16,Malfunction,BOSTON SCIENTIFIC CORPORATION,,,NIQ,PROMUS PREMIER,C1874,"Stent, coated/cov w/del sys",drug_eluting_stent,high,0,0
3004753838-2020-039031,2020-04-16,Malfunction,"DEXCOM, INC.",,,QBJ,DEXCOM G6 CONTINUOUS GLUCOSE MONITORING SYSTEM,K0554,Ther cgm receiver/monitor,cgm_receiver,medium,0,0
3004753838-2020-039153,2020-04-16,Malfunction,"DEXCOM, INC.",,,QBJ,DEXCOM G6 CONTINUOUS GLUCOSE MONITORING SYSTEM,K0554,Ther cgm receiver/monitor,cgm_receiver,medium,0,0
3004753838-2020-039153,2020-04-16,Malfunction,"DEXCOM, INC.",,,QBJ,DEXCOM G6 CONTINUOUS GLUCOSE MONITORING SYSTEM,K0553,Ther cgm supply allowance,cgm_supply,medium,0,0
3004753838-2020-039031,2020-04-16,Malfunction,"DEXCOM, INC.",,,QBJ,DEXCOM G6 CONTINUOUS GLUCOSE MONITORING SYSTEM,K0553,Ther cgm supply allowance,cgm_supply,medium,0,0
3004753838-2020-039016,2020-04-16,Malfunction,"DEXCOM, INC.",,,QBJ,DEXCOM G6 CONTINUOUS GLUCOSE MONITORING SYSTEM,K0554,Ther cgm receiver/monitor,cgm_receiver,medium,0,0
3004753838-2020-039016,2020-04-16,Malfunction,"DEXCOM, INC.",,,QBJ,DEXCOM G6 CONTINUOUS GLUCOSE MONITORING SYSTEM,K0553,Ther cgm supply allowance,cgm_supply,medium,0,0
3004753838-2020-039119,2020-04-16,Malfunction,"DEXCOM, INC.",,,QBJ,DEXCOM G6 CONTINUOUS GLUCOSE MONITORING SYSTEM,K0554,Ther cgm receiver/monitor,cgm_receiver,medium,0,0
3004753838-2020-039119,2020-04-16,Malfunction,"DEXCOM, INC.",,,QBJ,DEXCOM G6 CONTINUOUS GLUCOSE MONITORING SYSTEM,K0553,Ther cgm supply allowance,cgm_supply,medium,0,0
3004753838-2020-038989,2020-04-16,Malfunction,"DEXCOM, INC.",,,QBJ,DEXCOM G6 CONTINUOUS GLUCOSE MONITORING SYSTEM,K0554,Ther cgm receiver/monitor,cgm_receiver,medium,0,0
3004753838-2020-038989,2020-04-16,Malfunction,"DEXCOM, INC.",,,QBJ,DEXCOM G6 CONTINUOUS GLUCOSE MONITORING SYSTEM,K0553,Ther cgm supply allowance,cgm_supply,medium,0,0
2017865-2020-05263,2020-04-16,Malfunction,"ST. JUDE MEDICAL, INC.(CRM-SYLMAR)",,,NVY,"DURATA STS OPTIM ACTIVE FIXATION, DF-4 CONNECTOR",C1779,"Lead, pmkr, transvenous vdd",pacemaker_lead_vdd,high,0,0
3004753838-2020-039177,2020-04-16,Malfunction,"DEXCOM, INC.",,,QBJ,DEXCOM G6 CONTINUOUS GLUCOSE MONITORING SYSTEM,K0553,Ther cgm supply allowance,cgm_supply,medium,0,0
3004753838-2020-039244,2020-04-16,Malfunction,"DEXCOM, INC.",,,QBJ,DEXCOM G6 CONTINUOUS GLUCOSE MONITORING SYSTEM,K0553,Ther cgm supply allowance,cgm_supply,medium,0,0
3004753838-2020-039244,2020-04-16,Malfunction,"DEXCOM, INC.",,,QBJ,DEXCOM G6 CONTINUOUS GLUCOSE MONITORING SYSTEM,K0554,Ther cgm receiver/monitor,cgm_receiver,medium,0,0
3004753838-2020-039094,2020-04-16,Malfunction,"DEXCOM, INC.",,,QBJ,DEXCOM G6 CONTINUOUS GLUCOSE MONITORING SYSTEM,K0554,Ther cgm receiver/monitor,cgm_receiver,medium,0,0
3004753838-2020-039246,2020-04-16,Malfunction,"DEXCOM, INC.",,,QBJ,DEXCOM G6 CONTINUOUS GLUCOSE MONITORING SYSTEM,K0554,Ther cgm receiver/monitor,cgm_receiver,medium,0,0
3004753838-2020-039246,2020-04-16,Malfunction,"DEXCOM, INC.",,,QBJ,DEXCOM G6 CONTINUOUS GLUCOSE MONITORING SYSTEM,K0553,Ther cgm supply allowance,cgm_supply,medium,0,0
2649622-2020-08303,2020-04-16,Malfunction,MPRI,,,DTB,CAPSUREFIX NOVUS LEAD MRI SURESCAN,C1785,"Pmkr, dual, rate-resp",pacemaker_dual_chamber,high,0,0
2649622-2020-08303,2020-04-16,Malfunction,MPRI,,,DTB,CAPSUREFIX NOVUS LEAD MRI SURESCAN,C1786,"Pmkr, single, rate-resp",pacemaker_single_chamber,high,0,0
3004753838-2020-039094,2020-04-16,Malfunction,"DEXCOM, INC.",,,QBJ,DEXCOM G6 CONTINUOUS GLUCOSE MONITORING SYSTEM,K0553,Ther cgm supply allowance,cgm_supply,medium,0,0
3004753838-2020-039207,2020-04-15,Malfunction,"DEXCOM, INC.",,,QBJ,DEXCOM G6 CONTINUOUS GLUCOSE MONITORING SYSTEM,K0554,Ther cgm receiver/monitor,cgm_receiver,medium,0,0
3004753838-2020-039240,2020-04-15,Malfunction,"DEXCOM, INC.",,,QBJ,DEXCOM G6 CONTINUOUS GLUCOSE MONITORING SYSTEM,K0554,Ther cgm receiver/monitor,cgm_receiver,medium,0,0
MW5094266,2020-04-15,Malfunction,"DEXCOM, INC.",,,QBJ,DEXCOM G6 TRANSMITTER,K0553,Ther cgm supply allowance,cgm_supply,medium,0,0
3013756811-2020-43669,2020-04-15,Injury,"DEXCOM, INC.",,,QBJ,DEXCOM G6 CONTINUOUS GLUCOSE MONITORING SYSTEM,K0553,Ther cgm supply allowance,cgm_supply,medium,0,0
3011393376-2020-01531,2020-04-15,Malfunction,"ROCHE DIABETES CARE, INC.",,,LZG,ACCU-CHEK  SPIRIT COMBO,E0784,Ext amb infusn pump insulin,insulin_pump,high,0,0
3004753838-2020-039190,2020-04-15,Malfunction,"DEXCOM, INC.",,,QBJ,DEXCOM G6 CONTINUOUS GLUCOSE MONITORING SYSTEM,K0553,Ther cgm supply allowance,cgm_supply,medium,0,0
3004753838-2020-39099,2020-04-15,Malfunction,"DEXCOM, INC.",,,QBJ,DEXCOM G6 CONTINUOUS GLUCOSE MONITORING SYSTEM,K0554,Ther cgm receiver/monitor,cgm_receiver,medium,0,0
3004753838-2020-039190,2020-04-15,Malfunction,"DEXCOM, INC.",,,QBJ,DEXCOM G6 CONTINUOUS GLUCOSE MONITORING SYSTEM,K0554,Ther cgm receiver/monitor,cgm_receiver,medium,0,0
3004753838-2020-039188,2020-04-15,Malfunction,"DEXCOM, INC.",,,QBJ,DEXCOM G6 CONTINUOUS GLUCOSE MONITORING SYSTEM,K0553,Ther cgm supply allowance,cgm_supply,medium,0,0
3004753838-2020-39683,2020-04-15,Malfunction,"DEXCOM, INC.",,,QBJ,DEXCOM G6 CONTINUOUS GLUCOSE MONITORING SYSTEM,K0553,Ther cgm supply allowance,cgm_supply,medium,0,0
3004753838-2020-39683,2020-04-15,Malfunction,"DEXCOM, INC.",,,QBJ,DEXCOM G6 CONTINUOUS GLUCOSE MONITORING SYSTEM,K0554,Ther cgm receiver/monitor,cgm_receiver,medium,0,0
3004753838-2020-39099,2020-04-15,Malfunction,"DEXCOM, INC.",,,QBJ,DEXCOM G6 CONTINUOUS GLUCOSE MONITORING SYSTEM,K0553,Ther cgm supply allowance,cgm_supply,medium,0,0
3013756811-2020-43588,2020-04-15,Malfunction,"DEXCOM, INC.",,,QBJ,DEXCOM G6 CONTINUOUS GLUCOSE MONITORING SYSTEM,K0554,Ther cgm receiver/monitor,cgm_receiver,medium,0,0
3004753838-2020-39740,2020-04-15,Malfunction,"DEXCOM, INC.",,,QBJ,DEXCOM G6 CONTINUOUS GLUCOSE MONITORING SYSTEM,K0554,Ther cgm receiver/monitor,cgm_receiver,medium,0,0
3004753838-2020-39740,2020-04-15,Malfunction,"DEXCOM, INC.",,,QBJ,DEXCOM G6 CONTINUOUS GLUCOSE MONITORING SYSTEM,K0553,Ther cgm supply allowance,cgm_supply,medium,0,0
3004753838-2020-039670,2020-04-15,Malfunction,"DEXCOM, INC.",,,QBJ,DEXCOM G6 CONTINUOUS GLUCOSE MONITORING SYSTEM,K0553,Ther cgm supply allowance,cgm_supply,medium,0,0
2032227-2020-110367,2020-04-15,Malfunction,MEDTRONIC PUERTO RICO OPERATIONS CO.,,,FRN,RESERVOIR 3ML MMT-332A,C1751,"Cath, inf, per/cent/midline",central_venous_catheter,high,0,0
3004753838-2020-039670,2020-04-15,Malfunction,"DEXCOM, INC.",,,QBJ,DEXCOM G6 CONTINUOUS GLUCOSE MONITORING SYSTEM,K0554,Ther cgm receiver/monitor,cgm_receiver,medium,0,0
2649622-2020-08459,2020-04-15,Injury,MPRI,,,DTB,CAPSUREFIX NOVUS LEAD MRI SURESCAN,C1785,"Pmkr, dual, rate-resp",pacemaker_dual_chamber,high,0,0
3004753838-2020-039253,2020-04-15,Malfunction,"DEXCOM, INC.",,,QBJ,DEXCOM G6 CONTINUOUS GLUCOSE MONITORING SYSTEM,K0554,Ther cgm receiver/monitor,cgm_receiver,medium,0,0
3004753838-2020-038990,2020-04-15,Malfunction,"DEXCOM, INC.",,,QBJ,DEXCOM G6 CONTINUOUS GLUCOSE MONITORING SYSTEM,K0554,Ther cgm receiver/monitor,cgm_receiver,medium,0,0
3004753838-2020-038990,2020-04-15,Malfunction,"DEXCOM, INC.",,,QBJ,DEXCOM G6 CONTINUOUS GLUCOSE MONITORING SYSTEM,K0553,Ther cgm supply allowance,cgm_supply,medium,0,0
3004753838-2020-039088,2020-04-15,Malfunction,"DEXCOM, INC.",,,QBJ,DEXCOM G6 CONTINUOUS GLUCOSE MONITORING SYSTEM,K0554,Ther cgm receiver/monitor,cgm_receiver,medium,0,0
3013756811-2020-43588,2020-04-15,Malfunction,"DEXCOM, INC.",,,QBJ,DEXCOM G6 CONTINUOUS GLUCOSE MONITORING SYSTEM,K0553,Ther cgm supply allowance,cgm_supply,medium,0,0
3004753838-2020-039708,2020-04-15,Malfunction,"DEXCOM, INC.",,,QBJ,DEXCOM G6 CONTINUOUS GLUCOSE MONITORING SYSTEM,K0554,Ther cgm receiver/monitor,cgm_receiver,medium,0,0
2032227-2020-110367,2020-04-15,Malfunction,MEDTRONIC PUERTO RICO OPERATIONS CO.,,,FRN,RESERVOIR 3ML MMT-332A,C1753,"Cath, intravas ultrasound",ivus_catheter,medium,0,0
3004753838-2020-039253,2020-04-15,Malfunction,"DEXCOM, INC.",,,QBJ,DEXCOM G6 CONTINUOUS GLUCOSE MONITORING SYSTEM,K0553,Ther cgm supply allowance,cgm_supply,medium,0,0
3004753838-2020-039088,2020-04-15,Malfunction,"DEXCOM, INC.",,,QBJ,DEXCOM G6 CONTINUOUS GLUCOSE MONITORING SYSTEM,K0553,Ther cgm supply allowance,cgm_supply,medium,0,0
3004753838-2020-39055,2020-04-15,Malfunction,"DEXCOM, INC.",,,QBJ,DEXCOM G6 CONTINUOUS GLUCOSE MONITORING SYSTEM,K0553,Ther cgm supply allowance,cgm_supply,medium,0,0
3004753838-2020-39055,2020-04-15,Malfunction,"DEXCOM, INC.",,,QBJ,DEXCOM G6 CONTINUOUS GLUCOSE MONITORING SYSTEM,K0554,Ther cgm receiver/monitor,cgm_receiver,medium,0,0
MW5094266,2020-04-15,Malfunction,"DEXCOM, INC.",,,QBJ,DEXCOM G6 TRANSMITTER,K0554,Ther cgm receiver/monitor,cgm_receiver,medium,0,0
3004753838-2020-039258,2020-04-15,Malfunction,"DEXCOM, INC.",,,QBJ,DEXCOM G6 CONTINUOUS GLUCOSE MONITORING SYSTEM,K0553,Ther cgm supply allowance,cgm_supply,medium,0,0
3004753838-2020-038978,2020-04-15,Malfunction,"DEXCOM, INC.",,,QBJ,DEXCOM G6 CONTINUOUS GLUCOSE MONITORING SYSTEM,K0554,Ther cgm receiver/monitor,cgm_receiver,medium,0,0
3004753838-2020-038978,2020-04-15,Malfunction,"DEXCOM, INC.",,,QBJ,DEXCOM G6 CONTINUOUS GLUCOSE MONITORING SYSTEM,K0553,Ther cgm supply allowance,cgm_supply,medium,0,0
3004753838-2020-039175,2020-04-15,Malfunction,"DEXCOM, INC.",,,QBJ,DEXCOM G6 CONTINUOUS GLUCOSE MONITORING SYSTEM,K0554,Ther cgm receiver/monitor,cgm_receiver,medium,0,0
3004753838-2020-039175,2020-04-15,Malfunction,"DEXCOM, INC.",,,QBJ,DEXCOM G6 CONTINUOUS GLUCOSE MONITORING SYSTEM,K0553,Ther cgm supply allowance,cgm_supply,medium,0,0
3004753838-2020-039075,2020-04-15,Malfunction,"DEXCOM, INC.",,,QBJ,DEXCOM G6 CONTINUOUS GLUCOSE MONITORING SYSTEM,K0553,Ther cgm supply allowance,cgm_supply,medium,0,0
3004753838-2020-039075,2020-04-15,Malfunction,"DEXCOM, INC.",,,QBJ,DEXCOM G6 CONTINUOUS GLUCOSE MONITORING SYSTEM,K0554,Ther cgm receiver/monitor,cgm_receiver,medium,0,0
3004753838-2020-039188,2020-04-15,Malfunction,"DEXCOM, INC.",,,QBJ,DEXCOM G6 CONTINUOUS GLUCOSE MONITORING SYSTEM,K0554,Ther cgm receiver/monitor,cgm_receiver,medium,0,0
3004753838-2020-039044,2020-04-15,Malfunction,"DEXCOM, INC.",,,QBJ,DEXCOM G6 CONTINUOUS GLUCOSE MONITORING SYSTEM,K0554,Ther cgm receiver/monitor,cgm_receiver,medium,0,0
3004753838-2020-039152,2020-04-15,Malfunction,"DEXCOM, INC.",,,QBJ,DEXCOM G6 CONTINUOUS GLUCOSE MONITORING SYSTEM,K0553,Ther cgm supply allowance,cgm_supply,medium,0,0
3004753838-2020-039152,2020-04-15,Malfunction,"DEXCOM, INC.",,,QBJ,DEXCOM G6 CONTINUOUS GLUCOSE MONITORING SYSTEM,K0554,Ther cgm receiver/monitor,cgm_receiver,medium,0,0
3004753838-2020-039032,2020-04-15,Malfunction,"DEXCOM, INC.",,,QBJ,DEXCOM G6 CONTINUOUS GLUCOSE MONITORING SYSTEM,K0553,Ther cgm supply allowance,cgm_supply,medium,0,0
3004753838-2020-039032,2020-04-15,Malfunction,"DEXCOM, INC.",,,QBJ,DEXCOM G6 CONTINUOUS GLUCOSE MONITORING SYSTEM,K0554,Ther cgm receiver/monitor,cgm_receiver,medium,0,0
3004753838-2020-039240,2020-04-15,Malfunction,"DEXCOM, INC.",,,QBJ,DEXCOM G6 CONTINUOUS GLUCOSE MONITORING SYSTEM,K0553,Ther cgm supply allowance,cgm_supply,medium,0,0
3004753838-2020-039044,2020-04-15,Malfunction,"DEXCOM, INC.",,,QBJ,DEXCOM G6 CONTINUOUS GLUCOSE MONITORING SYSTEM,K0553,Ther cgm supply allowance,cgm_supply,medium,0,0
3011393376-2020-01532,2020-04-15,Malfunction,"ROCHE DIABETES CARE, INC.",,,LZG,ACCU-CHEK  SPIRIT COMBO,E0784,Ext amb infusn pump insulin,insulin_pump,high,0,0
3004753838-2020-038789,2020-04-15,Malfunction,"DEXCOM, INC.",,,QBJ,DEXCOM G6 CONTINUOUS GLUCOSE MONITORING SYSTEM,K0553,Ther cgm supply allowance,cgm_supply,medium,0,0
3004753838-2020-038789,2020-04-15,Malfunction,"DEXCOM, INC.",,,QBJ,DEXCOM G6 CONTINUOUS GLUCOSE MONITORING SYSTEM,K0554,Ther cgm receiver/monitor,cgm_receiver,medium,0,0
2649622-2020-08459,2020-04-15,Injury,MPRI,,,DTB,CAPSUREFIX NOVUS LEAD MRI SURESCAN,C1786,"Pmkr, single, rate-resp",pacemaker_single_chamber,high,0,0
3004753838-2020-039207,2020-04-15,Malfunction,"DEXCOM, INC.",,,QBJ,DEXCOM G6 CONTINUOUS GLUCOSE MONITORING SYSTEM,K0553,Ther cgm supply allowance,cgm_supply,medium,0,0
3004753838-2020-038861,2020-04-15,Injury,"DEXCOM, INC.",,,QBJ,DEXCOM G6 CONTINUOUS GLUCOSE MONITORING SYSTEM,K0554,Ther cgm receiver/monitor,cgm_receiver,medium,0,0
3002809144-2020-00343,2020-04-15,Malfunction,ABBOTT GMBH,,,LOM,ARCHITECT ANTI-HBC II,C1784,"Ocular dev, intraop, det ret",crt_p,high,0,0
3013756811-2020-43669,2020-04-15,Injury,"DEXCOM, INC.",,,QBJ,DEXCOM G6 CONTINUOUS GLUCOSE MONITORING SYSTEM,K0554,Ther cgm receiver/monitor,cgm_receiver,medium,0,0
3004753838-2020-039708,2020-04-15,Malfunction,"DEXCOM, INC.",,,QBJ,DEXCOM G6 CONTINUOUS GLUCOSE MONITORING SYSTEM,K0553,Ther cgm supply allowance,cgm_supply,medium,0,0
3004753838-2020-038861,2020-04-15,Injury,"DEXCOM, INC.",,,QBJ,DEXCOM G6 CONTINUOUS GLUCOSE MONITORING SYSTEM,K0553,Ther cgm supply allowance,cgm_supply,medium,0,0
3004753838-2020-039258,2020-04-15,Malfunction,"DEXCOM, INC.",,,QBJ,DEXCOM G6 CONTINUOUS GLUCOSE MONITORING SYSTEM,K0554,Ther cgm receiver/monitor,cgm_receiver,medium,0,0
3004753838-2020-038904,2020-04-14,Malfunction,"DEXCOM, INC.",,,QBJ,DEXCOM G6 CONTINUOUS GLUCOSE MONITORING SYSTEM,K0554,Ther cgm receiver/monitor,cgm_receiver,medium,0,0
2024168-2020-03977,2020-04-14,Malfunction,ABBOTT VASCULAR,,,NIQ,XIENCE SIERRA EVEROLIMUS ELUTING CORONARY STENT SYSTEM,C1875,"Stent, coated/cov w/o del sy",drug_eluting_stent,high,0,0
3004753838-2020-038973,2020-04-14,Malfunction,"DEXCOM, INC.",,,QBJ,DEXCOM G6 CONTINUOUS GLUCOSE MONITORING SYSTEM,K0554,Ther cgm receiver/monitor,cgm_receiver,medium,0,0
3004753838-2020-038973,2020-04-14,Malfunction,"DEXCOM, INC.",,,QBJ,DEXCOM G6 CONTINUOUS GLUCOSE MONITORING SYSTEM,K0553,Ther cgm supply allowance,cgm_supply,medium,0,0
3004753838-2020-039723,2020-04-14,Malfunction,"DEXCOM, INC.",,,QBJ,DEXCOM G6 CONTINUOUS GLUCOSE MONITORING SYSTEM,K0553,Ther cgm supply allowance,cgm_supply,medium,0,0
3012307300-2020-03416,2020-04-14,Malfunction,ST PAUL,,,FRN,CADD,C1753,"Cath, intravas ultrasound",ivus_catheter,medium,0,0
3004753838-2020-39029,2020-04-14,Malfunction,"DEXCOM, INC.",,,QBJ,DEXCOM G6 CONTINUOUS GLUCOSE MONITORING SYSTEM,K0553,Ther cgm supply allowance,cgm_supply,medium,0,0
3004753838-2020-39029,2020-04-14,Malfunction,"DEXCOM, INC.",,,QBJ,DEXCOM G6 CONTINUOUS GLUCOSE MONITORING SYSTEM,K0554,Ther cgm receiver/monitor,cgm_receiver,medium,0,0
1028232-2020-01809,2020-04-14,Malfunction,BIOTRONIK SE & CO. KG,,,LWS,ILESTO 7 VR-T DX DF-1,C1887,"Catheter, guiding",ep_catheter_guiding,medium,0,0
3004753838-2020-038878,2020-04-14,Malfunction,"DEXCOM, INC.",,,QBJ,DEXCOM G6 CONTINUOUS GLUCOSE MONITORING SYSTEM,K0553,Ther cgm supply allowance,cgm_supply,medium,0,0
3004753838-2020-039166,2020-04-14,Malfunction,"DEXCOM, INC.",,,QBJ,DEXCOM G6 CONTINUOUS GLUCOSE MONITORING SYSTEM,K0554,Ther cgm receiver/monitor,cgm_receiver,medium,0,0
1028232-2020-01809,2020-04-14,Malfunction,BIOTRONIK SE & CO. KG,,,LWS,ILESTO 7 VR-T DX DF-1,C1722,"Aicd, single chamber",icd_single_chamber,high,0,0
3004753838-2020-038878,2020-04-14,Malfunction,"DEXCOM, INC.",,,QBJ,DEXCOM G6 CONTINUOUS GLUCOSE MONITORING SYSTEM,K0554,Ther cgm receiver/monitor,cgm_receiver,medium,0,0
3004753838-2020-039729,2020-04-14,Malfunction,"DEXCOM, INC.",,,QBJ,DEXCOM G6 CONTINUOUS GLUCOSE MONITORING SYSTEM,K0553,Ther cgm supply allowance,cgm_supply,medium,0,0
3004753838-2020-039242,2020-04-14,Malfunction,"DEXCOM, INC.",,,QBJ,DEXCOM G6 CONTINUOUS GLUCOSE MONITORING SYSTEM,K0553,Ther cgm supply allowance,cgm_supply,medium,0,0
3004753838-2020-039242,2020-04-14,Malfunction,"DEXCOM, INC.",,,QBJ,DEXCOM G6 CONTINUOUS GLUCOSE MONITORING SYSTEM,K0554,Ther cgm receiver/monitor,cgm_receiver,medium,0,0
3012931345-2020-00068,2020-04-14,Malfunction,STRYKER NEUROVASCULAR-UTAH-SALT LAKE CITY,,,DQX,SYNCHRO-14 STRAIGHT 200-35CM,C1769,Guide wire,,medium,0,0
3004753838-2020-039057,2020-04-14,Malfunction,"DEXCOM, INC.",,,QBJ,DEXCOM G6 CONTINUOUS GLUCOSE MONITORING SYSTEM,K0554,Ther cgm receiver/monitor,cgm_receiver,medium,0,0
2017865-2020-05486,2020-04-14,Injury,"ST. JUDE MEDICAL, INC.(CRM-SYLMAR)",,,NVY,ISOFLEX OPTIM LEAD,C1779,"Lead, pmkr, transvenous vdd",pacemaker_lead_vdd,high,0,0
3012931345-2020-00068,2020-04-14,Malfunction,STRYKER NEUROVASCULAR-UTAH-SALT LAKE CITY,,,DQX,SYNCHRO-14 STRAIGHT 200-35CM,C1755,"Catheter, intraspinal",catheter_guidewire,medium,0,0
3004753838-2020-039249,2020-04-14,Malfunction,"DEXCOM, INC.",,,QBJ,DEXCOM G6 CONTINUOUS GLUCOSE MONITORING SYSTEM,K0554,Ther cgm receiver/monitor,cgm_receiver,medium,0,0
3004753838-2020-039173,2020-04-14,Malfunction,"DEXCOM, INC.",,,QBJ,DEXCOM G6 CONTINUOUS GLUCOSE MONITORING SYSTEM,K0553,Ther cgm supply allowance,cgm_supply,medium,0,0
3004753838-2020-039255,2020-04-14,Malfunction,"DEXCOM, INC.",,,QBJ,DEXCOM G6 CONTINUOUS GLUCOSE MONITORING SYSTEM,K0553,Ther cgm supply allowance,cgm_supply,medium,0,0
3004753838-2020-039150,2020-04-14,Malfunction,"DEXCOM, INC.",,,QBJ,DEXCOM G6 CONTINUOUS GLUCOSE MONITORING SYSTEM,K0554,Ther cgm receiver/monitor,cgm_receiver,medium,0,0
3004753838-2020-039058,2020-04-14,Malfunction,"DEXCOM, INC.",,,QBJ,DEXCOM G6 CONTINUOUS GLUCOSE MONITORING SYSTEM,K0554,Ther cgm receiver/monitor,cgm_receiver,medium,0,0
3004753838-2020-039058,2020-04-14,Malfunction,"DEXCOM, INC.",,,QBJ,DEXCOM G6 CONTINUOUS GLUCOSE MONITORING SYSTEM,K0553,Ther cgm supply allowance,cgm_supply,medium,0,0
1028232-2020-01809,2020-04-14,Malfunction,BIOTRONIK SE & CO. KG,,,LWS,ILESTO 7 VR-T DX DF-1,C1721,"Aicd, dual chamber",icd_dual_chamber,high,0,0
3004753838-2020-039173,2020-04-14,Malfunction,"DEXCOM, INC.",,,QBJ,DEXCOM G6 CONTINUOUS GLUCOSE MONITORING SYSTEM,K0554,Ther cgm receiver/monitor,cgm_receiver,medium,0,0
3004464228-2020-06047,2020-04-14,Malfunction,INSULET CORPORATION,,,LZG,OMNIPOD INSULIN MANAGEMENT SYSTEM,E0784,Ext amb infusn pump insulin,insulin_pump,high,0,0
3004753838-2020-038928,2020-04-14,Malfunction,"DEXCOM, INC.",,,QBJ,DEXCOM G6 CONTINUOUS GLUCOSE MONITORING SYSTEM,K0553,Ther cgm supply allowance,cgm_supply,medium,0,0
3004753838-2020-039166,2020-04-14,Malfunction,"DEXCOM, INC.",,,QBJ,DEXCOM G6 CONTINUOUS GLUCOSE MONITORING SYSTEM,K0553,Ther cgm supply allowance,cgm_supply,medium,0,0
3004209178-2020-07739,2020-04-14,Malfunction,MEDTRONIC PUERTO RICO OPERATIONS CO.,,,MHY,ACTIVA,L8679,Imp neurosti pls gn any type,neurostim_implant,medium,0,0
3004753838-2020-039041,2020-04-14,Malfunction,"DEXCOM, INC.",,,QBJ,DEXCOM G6 CONTINUOUS GLUCOSE MONITORING SYSTEM,K0553,Ther cgm supply allowance,cgm_supply,medium,0,0
3004753838-2020-039041,2020-04-14,Malfunction,"DEXCOM, INC.",,,QBJ,DEXCOM G6 CONTINUOUS GLUCOSE MONITORING SYSTEM,K0554,Ther cgm receiver/monitor,cgm_receiver,medium,0,0
2649622-2020-08453,2020-04-14,Malfunction,MPRI,,,DTB,CAPSUREFIX NOVUS LEAD MRI SURESCAN,C1786,"Pmkr, single, rate-resp",pacemaker_single_chamber,high,0,0
3013756811-2020-43657,2020-04-14,Injury,"DEXCOM, INC.",,,QBJ,DEXCOM G6 CONTINUOUS GLUCOSE MONITORING SYSTEM,K0554,Ther cgm receiver/monitor,cgm_receiver,medium,0,0
3004753838-2020-038928,2020-04-14,Malfunction,"DEXCOM, INC.",,,QBJ,DEXCOM G6 CONTINUOUS GLUCOSE MONITORING SYSTEM,K0554,Ther cgm receiver/monitor,cgm_receiver,medium,0,0
3004753838-2020-038890,2020-04-14,Malfunction,"DEXCOM, INC.",,,QBJ,DEXCOM G6 CONTINUOUS GLUCOSE MONITORING SYSTEM,K0553,Ther cgm supply allowance,cgm_supply,medium,0,0
3013756811-2020-43657,2020-04-14,Injury,"DEXCOM, INC.",,,QBJ,DEXCOM G6 CONTINUOUS GLUCOSE MONITORING SYSTEM,K0553,Ther cgm supply allowance,cgm_supply,medium,0,0
3004753838-2020-039150,2020-04-14,Malfunction,"DEXCOM, INC.",,,QBJ,DEXCOM G6 CONTINUOUS GLUCOSE MONITORING SYSTEM,K0553,Ther cgm supply allowance,cgm_supply,medium,0,0
3004753838-2020-039124,2020-04-14,Malfunction,"DEXCOM, INC.",,,QBJ,DEXCOM G6 CONTINUOUS GLUCOSE MONITORING SYSTEM,K0553,Ther cgm supply allowance,cgm_supply,medium,0,0
3013756811-2020-45488,2020-04-14,Malfunction,"DEXCOM, INC.",,,QBJ,DEXCOM G6 CONTINUOUS GLUCOSE MONITORING SYSTEM,K0554,Ther cgm receiver/monitor,cgm_receiver,medium,0,0
2024168-2020-03977,2020-04-14,Malfunction,ABBOTT VASCULAR,,,NIQ,XIENCE SIERRA EVEROLIMUS ELUTING CORONARY STENT SYSTEM,C1874,"Stent, coated/cov w/del sys",drug_eluting_stent,high,0,0
3004753838-2020-038890,2020-04-14,Malfunction,"DEXCOM, INC.",,,QBJ,DEXCOM G6 CONTINUOUS GLUCOSE MONITORING SYSTEM,K0554,Ther cgm receiver/monitor,cgm_receiver,medium,0,0
3004209178-2020-07739,2020-04-14,Malfunction,MEDTRONIC PUERTO RICO OPERATIONS CO.,,,MHY,ACTIVA,L8680,Implt neurostim elctr each,neurostim_electrode,medium,0,0
3012307300-2020-03416,2020-04-14,Malfunction,ST PAUL,,,FRN,CADD,C1751,"Cath, inf, per/cent/midline",central_venous_catheter,high,0,0
3004753838-2020-39045,2020-04-14,Malfunction,"DEXCOM, INC.",,,QBJ,DEXCOM G6 CONTINUOUS GLUCOSE MONITORING SYSTEM,K0553,Ther cgm supply allowance,cgm_supply,medium,0,0
3004753838-2020-39045,2020-04-14,Malfunction,"DEXCOM, INC.",,,QBJ,DEXCOM G6 CONTINUOUS GLUCOSE MONITORING SYSTEM,K0554,Ther cgm receiver/monitor,cgm_receiver,medium,0,0
3004753838-2020-039255,2020-04-14,Malfunction,"DEXCOM, INC.",,,QBJ,DEXCOM G6 CONTINUOUS GLUCOSE MONITORING SYSTEM,K0554,Ther cgm receiver/monitor,cgm_receiver,medium,0,0
3004753838-2020-038904,2020-04-14,Malfunction,"DEXCOM, INC.",,,QBJ,DEXCOM G6 CONTINUOUS GLUCOSE MONITORING SYSTEM,K0553,Ther cgm supply allowance,cgm_supply,medium,0,0
3004753838-2020-039050,2020-04-14,Malfunction,"DEXCOM, INC.",,,QBJ,DEXCOM G6 CONTINUOUS GLUCOSE MONITORING SYSTEM,K0553,Ther cgm supply allowance,cgm_supply,medium,0,0
3004753838-2020-039050,2020-04-14,Malfunction,"DEXCOM, INC.",,,QBJ,DEXCOM G6 CONTINUOUS GLUCOSE MONITORING SYSTEM,K0554,Ther cgm receiver/monitor,cgm_receiver,medium,0,0
3013756811-2020-43219,2020-04-14,Malfunction,"DEXCOM, INC.",,,QBJ,DEXCOM G6 CONTINUOUS GLUCOSE MONITORING SYSTEM,K0553,Ther cgm supply allowance,cgm_supply,medium,0,0
3004753838-2020-038867,2020-04-14,Malfunction,"DEXCOM, INC.",,,QBJ,DEXCOM G6 CONTINUOUS GLUCOSE MONITORING SYSTEM,K0553,Ther cgm supply allowance,cgm_supply,medium,0,0
3004753838-2020-038864,2020-04-14,Malfunction,"DEXCOM, INC.",,,QBJ,DEXCOM G6 CONTINUOUS GLUCOSE MONITORING SYSTEM,K0554,Ther cgm receiver/monitor,cgm_receiver,medium,0,0
3004753838-2020-038864,2020-04-14,Malfunction,"DEXCOM, INC.",,,QBJ,DEXCOM G6 CONTINUOUS GLUCOSE MONITORING SYSTEM,K0553,Ther cgm supply allowance,cgm_supply,medium,0,0
3004753838-2020-039057,2020-04-14,Malfunction,"DEXCOM, INC.",,,QBJ,DEXCOM G6 CONTINUOUS GLUCOSE MONITORING SYSTEM,K0553,Ther cgm supply allowance,cgm_supply,medium,0,0
3004753838-2020-039249,2020-04-14,Malfunction,"DEXCOM, INC.",,,QBJ,DEXCOM G6 CONTINUOUS GLUCOSE MONITORING SYSTEM,K0553,Ther cgm supply allowance,cgm_supply,medium,0,0
3004753838-2020-039124,2020-04-14,Malfunction,"DEXCOM, INC.",,,QBJ,DEXCOM G6 CONTINUOUS GLUCOSE MONITORING SYSTEM,K0554,Ther cgm receiver/monitor,cgm_receiver,medium,0,0
3013756811-2020-45488,2020-04-14,Malfunction,"DEXCOM, INC.",,,QBJ,DEXCOM G6 CONTINUOUS GLUCOSE MONITORING SYSTEM,K0553,Ther cgm supply allowance,cgm_supply,medium,0,0
3004753838-2020-039729,2020-04-14,Malfunction,"DEXCOM, INC.",,,QBJ,DEXCOM G6 CONTINUOUS GLUCOSE MONITORING SYSTEM,K0554,Ther cgm receiver/monitor,cgm_receiver,medium,0,0
3004753838-2020-039723,2020-04-14,Malfunction,"DEXCOM, INC.",,,QBJ,DEXCOM G6 CONTINUOUS GLUCOSE MONITORING SYSTEM,K0554,Ther cgm receiver/monitor,cgm_receiver,medium,0,0
3013756811-2020-43219,2020-04-14,Malfunction,"DEXCOM, INC.",,,QBJ,DEXCOM G6 CONTINUOUS GLUCOSE MONITORING SYSTEM,K0554,Ther cgm receiver/monitor,cgm_receiver,medium,0,0
2649622-2020-08453,2020-04-14,Malfunction,MPRI,,,DTB,CAPSUREFIX NOVUS LEAD MRI SURESCAN,C1785,"Pmkr, dual, rate-resp",pacemaker_dual_chamber,high,0,0
3004753838-2020-038867,2020-04-14,Malfunction,"DEXCOM, INC.",,,QBJ,DEXCOM G6 CONTINUOUS GLUCOSE MONITORING SYSTEM,K0554,Ther cgm receiver/monitor,cgm_receiver,medium,0,0
2182208-2020-00828,2020-04-13,Injury,"MEDTRONIC, INC.",,,DTB,CAPSUREFIX NOVUS LEAD MRI SURESCAN,C1786,"Pmkr, single, rate-resp",pacemaker_single_chamber,high,0,0
3004753838-2020-038857,2020-04-13,Malfunction,"DEXCOM, INC.",,,QBJ,DEXCOM G6 CONTINUOUS GLUCOSE MONITORING SYSTEM,K0553,Ther cgm supply allowance,cgm_supply,medium,0,0
3004464228-2020-06053,2020-04-13,Injury,INSULET CORPORATION,,,LZG,OMNIPOD INSULIN PUMP,E0784,Ext amb infusn pump insulin,insulin_pump,high,0,0
3004753838-2020-039116,2020-04-13,Malfunction,"DEXCOM, INC.",,,QBJ,DEXCOM G6 CONTINUOUS GLUCOSE MONITORING SYSTEM,K0553,Ther cgm supply allowance,cgm_supply,medium,0,0
3004753838-2020-039116,2020-04-13,Malfunction,"DEXCOM, INC.",,,QBJ,DEXCOM G6 CONTINUOUS GLUCOSE MONITORING SYSTEM,K0554,Ther cgm receiver/monitor,cgm_receiver,medium,0,0
3004753838-2020-038857,2020-04-13,Malfunction,"DEXCOM, INC.",,,QBJ,DEXCOM G6 CONTINUOUS GLUCOSE MONITORING SYSTEM,K0554,Ther cgm receiver/monitor,cgm_receiver,medium,0,0
3004753838-2020-039007,2020-04-13,Malfunction,"DEXCOM, INC.",,,QBJ,DEXCOM G6 CONTINUOUS GLUCOSE MONITORING SYSTEM,K0554,Ther cgm receiver/monitor,cgm_receiver,medium,0,0
3004753838-2020-039007,2020-04-13,Malfunction,"DEXCOM, INC.",,,QBJ,DEXCOM G6 CONTINUOUS GLUCOSE MONITORING SYSTEM,K0553,Ther cgm supply allowance,cgm_supply,medium,0,0
3004753838-2020-039091,2020-04-13,Malfunction,"DEXCOM, INC.",,,QBJ,DEXCOM G6 CONTINUOUS GLUCOSE MONITORING SYSTEM,K0554,Ther cgm receiver/monitor,cgm_receiver,medium,0,0
2649622-2020-08383,2020-04-13,Injury,MPRI,,,DTB,CAPSUREFIX NOVUS LEAD MRI SURESCAN,C1786,"Pmkr, single, rate-resp",pacemaker_single_chamber,high,0,0
3004753838-2020-038859,2020-04-13,Malfunction,"DEXCOM, INC.",,,QBJ,DEXCOM G6 CONTINUOUS GLUCOSE MONITORING SYSTEM,K0553,Ther cgm supply allowance,cgm_supply,medium,0,0
3004753838-2020-038859,2020-04-13,Malfunction,"DEXCOM, INC.",,,QBJ,DEXCOM G6 CONTINUOUS GLUCOSE MONITORING SYSTEM,K0554,Ther cgm receiver/monitor,cgm_receiver,medium,0,0
2649622-2020-08383,2020-04-13,Injury,MPRI,,,DTB,CAPSUREFIX NOVUS LEAD MRI SURESCAN,C1785,"Pmkr, dual, rate-resp",pacemaker_dual_chamber,high,0,0
3004753838-2020-038747,2020-04-13,Malfunction,"DEXCOM, INC.",,,QBJ,DEXCOM G6 CONTINUOUS GLUCOSE MONITORING SYSTEM,K0554,Ther cgm receiver/monitor,cgm_receiver,medium,0,0
3004753838-2020-038747,2020-04-13,Malfunction,"DEXCOM, INC.",,,QBJ,DEXCOM G6 CONTINUOUS GLUCOSE MONITORING SYSTEM,K0553,Ther cgm supply allowance,cgm_supply,medium,0,0
3004464228-2020-06039,2020-04-13,Injury,INSULET CORPORATION,,,LZG,OMNIPOD INSULIN PUMP,E0784,Ext amb infusn pump insulin,insulin_pump,high,0,0
3004464228-2020-06064,2020-04-13,Malfunction,INSULET CORPORATION,,,LZG,OMNIPOD INSULIN PUMP,E0784,Ext amb infusn pump insulin,insulin_pump,high,0,0
3004464228-2020-06065,2020-04-13,Malfunction,INSULET CORPORATION,,,LZG,OMNIPOD INSULIN PUMP,E0784,Ext amb infusn pump insulin,insulin_pump,high,0,0
3004753838-2020-038741,2020-04-13,Malfunction,"DEXCOM, INC.",,,QBJ,DEXCOM G6 CONTINUOUS GLUCOSE MONITORING SYSTEM,K0554,Ther cgm receiver/monitor,cgm_receiver,medium,0,0
3004753838-2020-038710,2020-04-13,Malfunction,"DEXCOM, INC.",,,QBJ,DEXCOM G6 CONTINUOUS GLUCOSE MONITORING SYSTEM,K0554,Ther cgm receiver/monitor,cgm_receiver,medium,0,0
3004753838-2020-038741,2020-04-13,Malfunction,"DEXCOM, INC.",,,QBJ,DEXCOM G6 CONTINUOUS GLUCOSE MONITORING SYSTEM,K0553,Ther cgm supply allowance,cgm_supply,medium,0,0
3004753838-2020-039091,2020-04-13,Malfunction,"DEXCOM, INC.",,,QBJ,DEXCOM G6 CONTINUOUS GLUCOSE MONITORING SYSTEM,K0553,Ther cgm supply allowance,cgm_supply,medium,0,0
3004753838-2020-038710,2020-04-13,Malfunction,"DEXCOM, INC.",,,QBJ,DEXCOM G6 CONTINUOUS GLUCOSE MONITORING SYSTEM,K0553,Ther cgm supply allowance,cgm_supply,medium,0,0
3004753838-2020-038721,2020-04-13,Malfunction,"DEXCOM, INC.",,,QBJ,DEXCOM G6 CONTINUOUS GLUCOSE MONITORING SYSTEM,K0554,Ther cgm receiver/monitor,cgm_receiver,medium,0,0
3004753838-2020-038721,2020-04-13,Malfunction,"DEXCOM, INC.",,,QBJ,DEXCOM G6 CONTINUOUS GLUCOSE MONITORING SYSTEM,K0553,Ther cgm supply allowance,cgm_supply,medium,0,0
3004464228-2020-06055,2020-04-13,Malfunction,INSULET CORPORATION,,,LZG,OMNIPOD DASH¿ INSULIN MANAGEMENT SYSTEM,E0784,Ext amb infusn pump insulin,insulin_pump,high,0,0
3004753838-2020-039038,2020-04-13,Malfunction,"DEXCOM, INC.",,,QBJ,DEXCOM G6 CONTINUOUS GLUCOSE MONITORING SYSTEM,K0554,Ther cgm receiver/monitor,cgm_receiver,medium,0,0
3004753838-2020-039038,2020-04-13,Malfunction,"DEXCOM, INC.",,,QBJ,DEXCOM G6 CONTINUOUS GLUCOSE MONITORING SYSTEM,K0553,Ther cgm supply allowance,cgm_supply,medium,0,0
3004753838-2020-39018,2020-04-13,Malfunction,"DEXCOM, INC.",,,QBJ,DEXCOM G6 CONTINUOUS GLUCOSE MONITORING SYSTEM,K0553,Ther cgm supply allowance,cgm_supply,medium,0,0
3004753838-2020-39018,2020-04-13,Malfunction,"DEXCOM, INC.",,,QBJ,DEXCOM G6 CONTINUOUS GLUCOSE MONITORING SYSTEM,K0554,Ther cgm receiver/monitor,cgm_receiver,medium,0,0
3004753838-2020-038728,2020-04-13,Malfunction,"DEXCOM, INC.",,,QBJ,DEXCOM G6 CONTINUOUS GLUCOSE MONITORING SYSTEM,K0554,Ther cgm receiver/monitor,cgm_receiver,medium,0,0
3004753838-2020-038698,2020-04-13,Malfunction,"DEXCOM, INC.",,,QBJ,DEXCOM G6 CONTINUOUS GLUCOSE MONITORING SYSTEM,K0554,Ther cgm receiver/monitor,cgm_receiver,medium,0,0
3004753838-2020-038698,2020-04-13,Malfunction,"DEXCOM, INC.",,,QBJ,DEXCOM G6 CONTINUOUS GLUCOSE MONITORING SYSTEM,K0553,Ther cgm supply allowance,cgm_supply,medium,0,0
3004464228-2020-06066,2020-04-13,Malfunction,INSULET CORPORATION,,,LZG,OMNIPOD INSULIN MANAGEMENT SYSTEM,E0784,Ext amb infusn pump insulin,insulin_pump,high,0,0
3004464228-2020-06068,2020-04-13,Malfunction,INSULET CORPORATION,,,LZG,OMNIPOD INSULIN PUMP,E0784,Ext amb infusn pump insulin,insulin_pump,high,0,0
3004753838-2020-038737,2020-04-13,Malfunction,"DEXCOM, INC.",,,QBJ,DEXCOM G6 CONTINUOUS GLUCOSE MONITORING SYSTEM,K0553,Ther cgm supply allowance,cgm_supply,medium,0,0
3004753838-2020-039161,2020-04-13,Malfunction,"DEXCOM, INC.",,,QBJ,DEXCOM G6 CONTINUOUS GLUCOSE MONITORING SYSTEM,K0553,Ther cgm supply allowance,cgm_supply,medium,0,0
3004753838-2020-039161,2020-04-13,Malfunction,"DEXCOM, INC.",,,QBJ,DEXCOM G6 CONTINUOUS GLUCOSE MONITORING SYSTEM,K0554,Ther cgm receiver/monitor,cgm_receiver,medium,0,0
3004753838-2020-038737,2020-04-13,Malfunction,"DEXCOM, INC.",,,QBJ,DEXCOM G6 CONTINUOUS GLUCOSE MONITORING SYSTEM,K0554,Ther cgm receiver/monitor,cgm_receiver,medium,0,0
3004753838-2020-038680,2020-04-13,Malfunction,"DEXCOM, INC.",,,QBJ,DEXCOM G6 CONTINUOUS GLUCOSE MONITORING SYSTEM,K0554,Ther cgm receiver/monitor,cgm_receiver,medium,0,0
3004753838-2020-038680,2020-04-13,Malfunction,"DEXCOM, INC.",,,QBJ,DEXCOM G6 CONTINUOUS GLUCOSE MONITORING SYSTEM,K0553,Ther cgm supply allowance,cgm_supply,medium,0,0
3004753838-2020-038583,2020-04-13,Malfunction,"DEXCOM, INC.",,,QBJ,DEXCOM G6 CONTINUOUS GLUCOSE MONITORING SYSTEM,K0554,Ther cgm receiver/monitor,cgm_receiver,medium,0,0
3004753838-2020-038593,2020-04-13,Malfunction,"DEXCOM, INC.",,,QBJ,DEXCOM G6 CONTINUOUS GLUCOSE MONITORING SYSTEM,K0554,Ther cgm receiver/monitor,cgm_receiver,medium,0,0
3004753838-2020-038593,2020-04-13,Malfunction,"DEXCOM, INC.",,,QBJ,DEXCOM G6 CONTINUOUS GLUCOSE MONITORING SYSTEM,K0553,Ther cgm supply allowance,cgm_supply,medium,0,0
3004753838-2020-038685,2020-04-13,Malfunction,"DEXCOM, INC.",,,QBJ,DEXCOM G6 CONTINUOUS GLUCOSE MONITORING SYSTEM,K0554,Ther cgm receiver/monitor,cgm_receiver,medium,0,0
3004753838-2020-038959,2020-04-13,Malfunction,"DEXCOM, INC.",,,QBJ,DEXCOM G6 CONTINUOUS GLUCOSE MONITORING SYSTEM,K0554,Ther cgm receiver/monitor,cgm_receiver,medium,0,0
2938836-2020-02853,2020-04-13,Injury,"ST. JUDE MEDICAL, INC.(CRM-SUNNYVALE)",,,NVY,RIATA ST ACTIVE FIXATION,C1779,"Lead, pmkr, transvenous vdd",pacemaker_lead_vdd,high,0,0
3004753838-2020-038685,2020-04-13,Malfunction,"DEXCOM, INC.",,,QBJ,DEXCOM G6 CONTINUOUS GLUCOSE MONITORING SYSTEM,K0553,Ther cgm supply allowance,cgm_supply,medium,0,0
3004753838-2020-038598,2020-04-13,Malfunction,"DEXCOM, INC.",,,QBJ,DEXCOM G6 CONTINUOUS GLUCOSE MONITORING SYSTEM,K0554,Ther cgm receiver/monitor,cgm_receiver,medium,0,0
3004753838-2020-038565,2020-04-13,Malfunction,"DEXCOM, INC.",,,QBJ,DEXCOM G6 CONTINUOUS GLUCOSE MONITORING SYSTEM,K0553,Ther cgm supply allowance,cgm_supply,medium,0,0
3004753838-2020-038565,2020-04-13,Malfunction,"DEXCOM, INC.",,,QBJ,DEXCOM G6 CONTINUOUS GLUCOSE MONITORING SYSTEM,K0554,Ther cgm receiver/monitor,cgm_receiver,medium,0,0
3004753838-2020-038411,2020-04-13,Malfunction,"DEXCOM, INC.",,,QBJ,DEXCOM G6 CONTINUOUS GLUCOSE MONITORING SYSTEM,K0553,Ther cgm supply allowance,cgm_supply,medium,0,0
3004753838-2020-038411,2020-04-13,Malfunction,"DEXCOM, INC.",,,QBJ,DEXCOM G6 CONTINUOUS GLUCOSE MONITORING SYSTEM,K0554,Ther cgm receiver/monitor,cgm_receiver,medium,0,0
3004753838-2020-038598,2020-04-13,Malfunction,"DEXCOM, INC.",,,QBJ,DEXCOM G6 CONTINUOUS GLUCOSE MONITORING SYSTEM,K0553,Ther cgm supply allowance,cgm_supply,medium,0,0
3004753838-2020-038582,2020-04-13,Malfunction,"DEXCOM, INC.",,,QBJ,DEXCOM G6 CONTINUOUS GLUCOSE MONITORING SYSTEM,K0554,Ther cgm receiver/monitor,cgm_receiver,medium,0,0
3004753838-2020-038582,2020-04-13,Malfunction,"DEXCOM, INC.",,,QBJ,DEXCOM G6 CONTINUOUS GLUCOSE MONITORING SYSTEM,K0553,Ther cgm supply allowance,cgm_supply,medium,0,0
3004753838-2020-038420,2020-04-13,Malfunction,"DEXCOM, INC.",,,QBJ,DEXCOM G6 CONTINUOUS GLUCOSE MONITORING SYSTEM,K0553,Ther cgm supply allowance,cgm_supply,medium,0,0
3004753838-2020-038420,2020-04-13,Malfunction,"DEXCOM, INC.",,,QBJ,DEXCOM G6 CONTINUOUS GLUCOSE MONITORING SYSTEM,K0554,Ther cgm receiver/monitor,cgm_receiver,medium,0,0
3004753838-2020-038573,2020-04-13,Malfunction,"DEXCOM, INC.",,,QBJ,DEXCOM G6 CONTINUOUS GLUCOSE MONITORING SYSTEM,K0554,Ther cgm receiver/monitor,cgm_receiver,medium,0,0
3004753838-2020-038573,2020-04-13,Malfunction,"DEXCOM, INC.",,,QBJ,DEXCOM G6 CONTINUOUS GLUCOSE MONITORING SYSTEM,K0553,Ther cgm supply allowance,cgm_supply,medium,0,0
3004753838-2020-038966,2020-04-13,Malfunction,"DEXCOM, INC.",,,QBJ,DEXCOM G6 CONTINUOUS GLUCOSE MONITORING SYSTEM,K0554,Ther cgm receiver/monitor,cgm_receiver,medium,0,0
3004753838-2020-038872,2020-04-13,Malfunction,"DEXCOM, INC.",,,QBJ,DEXCOM G6 CONTINUOUS GLUCOSE MONITORING SYSTEM,K0553,Ther cgm supply allowance,cgm_supply,medium,0,0
3004753838-2020-038872,2020-04-13,Malfunction,"DEXCOM, INC.",,,QBJ,DEXCOM G6 CONTINUOUS GLUCOSE MONITORING SYSTEM,K0554,Ther cgm receiver/monitor,cgm_receiver,medium,0,0
3004753838-2020-038449,2020-04-13,Malfunction,"DEXCOM, INC.",,,QBJ,DEXCOM G6 CONTINUOUS GLUCOSE MONITORING SYSTEM,K0553,Ther cgm supply allowance,cgm_supply,medium,0,0
3004753838-2020-038449,2020-04-13,Malfunction,"DEXCOM, INC.",,,QBJ,DEXCOM G6 CONTINUOUS GLUCOSE MONITORING SYSTEM,K0554,Ther cgm receiver/monitor,cgm_receiver,medium,0,0
3004753838-2020-038550,2020-04-13,Malfunction,"DEXCOM, INC.",,,QBJ,DEXCOM G6 CONTINUOUS GLUCOSE MONITORING SYSTEM,K0554,Ther cgm receiver/monitor,cgm_receiver,medium,0,0
3004753838-2020-038417,2020-04-13,Malfunction,"DEXCOM, INC.",,,QBJ,DEXCOM G6 CONTINUOUS GLUCOSE MONITORING SYSTEM,K0553,Ther cgm supply allowance,cgm_supply,medium,0,0
3004753838-2020-038417,2020-04-13,Malfunction,"DEXCOM, INC.",,,QBJ,DEXCOM G6 CONTINUOUS GLUCOSE MONITORING SYSTEM,K0554,Ther cgm receiver/monitor,cgm_receiver,medium,0,0
3004753838-2020-038569,2020-04-13,Malfunction,"DEXCOM, INC.",,,QBJ,DEXCOM G6 CONTINUOUS GLUCOSE MONITORING SYSTEM,K0554,Ther cgm receiver/monitor,cgm_receiver,medium,0,0
3004753838-2020-038569,2020-04-13,Malfunction,"DEXCOM, INC.",,,QBJ,DEXCOM G6 CONTINUOUS GLUCOSE MONITORING SYSTEM,K0553,Ther cgm supply allowance,cgm_supply,medium,0,0
3004464228-2020-06067,2020-04-13,Malfunction,INSULET CORPORATION,,,LZG,OMNIPOD INSULIN PUMP,E0784,Ext amb infusn pump insulin,insulin_pump,high,0,0
3004753838-2020-038550,2020-04-13,Malfunction,"DEXCOM, INC.",,,QBJ,DEXCOM G6 CONTINUOUS GLUCOSE MONITORING SYSTEM,K0553,Ther cgm supply allowance,cgm_supply,medium,0,0
3004464228-2020-06050,2020-04-13,Malfunction,INSULET CORPORATION,,,LZG,OMNIPOD DASH¿ INSULIN MANAGEMENT SYSTEM,E0784,Ext amb infusn pump insulin,insulin_pump,high,0,0
3004464228-2020-06059,2020-04-13,Malfunction,INSULET CORPORATION,,,LZG,OMNIPOD DASH¿ INSULIN MANAGEMENT SYSTEM,E0784,Ext amb infusn pump insulin,insulin_pump,high,0,0
3004753838-2020-038966,2020-04-13,Malfunction,"DEXCOM, INC.",,,QBJ,DEXCOM G6 CONTINUOUS GLUCOSE MONITORING SYSTEM,K0553,Ther cgm supply allowance,cgm_supply,medium,0,0
3004464228-2020-06040,2020-04-13,Malfunction,INSULET CORPORATION,,,LZG,OMNIPOD INSULIN PUMP,E0784,Ext amb infusn pump insulin,insulin_pump,high,0,0
3004753838-2020-039026,2020-04-13,Malfunction,"DEXCOM, INC.",,,QBJ,DEXCOM G6 CONTINUOUS GLUCOSE MONITORING SYSTEM,K0553,Ther cgm supply allowance,cgm_supply,medium,0,0
3004753838-2020-038969,2020-04-13,Malfunction,"DEXCOM, INC.",,,QBJ,DEXCOM G6 CONTINUOUS GLUCOSE MONITORING SYSTEM,K0554,Ther cgm receiver/monitor,cgm_receiver,medium,0,0
3004753838-2020-038534,2020-04-13,Malfunction,"DEXCOM, INC.",,,QBJ,DEXCOM G6 CONTINUOUS GLUCOSE MONITORING SYSTEM,K0553,Ther cgm supply allowance,cgm_supply,medium,0,0
3004464228-2020-06051,2020-04-13,Malfunction,INSULET CORPORATION,,,LZG,OMNIPOD INSULIN PUMP,E0784,Ext amb infusn pump insulin,insulin_pump,high,0,0
2182208-2020-00829,2020-04-13,Injury,"MEDTRONIC, INC.",,,LWP,PATIENT CABLE,C1896,"Lead, aicd, non sing/dual",icd_lead_single_coil,medium,0,0
3004753838-2020-038545,2020-04-13,Malfunction,"DEXCOM, INC.",,,QBJ,DEXCOM G6 CONTINUOUS GLUCOSE MONITORING SYSTEM,K0554,Ther cgm receiver/monitor,cgm_receiver,medium,0,0
3004753838-2020-038545,2020-04-13,Malfunction,"DEXCOM, INC.",,,QBJ,DEXCOM G6 CONTINUOUS GLUCOSE MONITORING SYSTEM,K0553,Ther cgm supply allowance,cgm_supply,medium,0,0
3004464228-2020-06041,2020-04-13,Malfunction,INSULET CORPORATION,,,LZG,OMNIPOD INSULIN PUMP,E0784,Ext amb infusn pump insulin,insulin_pump,high,0,0
3004753838-2020-039072,2020-04-13,Malfunction,"DEXCOM, INC.",,,QBJ,DEXCOM G6 CONTINUOUS GLUCOSE MONITORING SYSTEM,K0554,Ther cgm receiver/monitor,cgm_receiver,medium,0,0
3004753838-2020-039072,2020-04-13,Malfunction,"DEXCOM, INC.",,,QBJ,DEXCOM G6 CONTINUOUS GLUCOSE MONITORING SYSTEM,K0553,Ther cgm supply allowance,cgm_supply,medium,0,0
3004753838-2020-039013,2020-04-13,Malfunction,"DEXCOM, INC.",,,QBJ,DEXCOM G6 CONTINUOUS GLUCOSE MONITORING SYSTEM,K0553,Ther cgm supply allowance,cgm_supply,medium,0,0
3004753838-2020-038588,2020-04-13,Malfunction,"DEXCOM, INC.",,,QBJ,DEXCOM G6 CONTINUOUS GLUCOSE MONITORING SYSTEM,K0553,Ther cgm supply allowance,cgm_supply,medium,0,0
3004753838-2020-038588,2020-04-13,Malfunction,"DEXCOM, INC.",,,QBJ,DEXCOM G6 CONTINUOUS GLUCOSE MONITORING SYSTEM,K0554,Ther cgm receiver/monitor,cgm_receiver,medium,0,0
3004753838-2020-038542,2020-04-13,Malfunction,"DEXCOM, INC.",,,QBJ,DEXCOM G6 CONTINUOUS GLUCOSE MONITORING SYSTEM,K0554,Ther cgm receiver/monitor,cgm_receiver,medium,0,0
3004753838-2020-038542,2020-04-13,Malfunction,"DEXCOM, INC.",,,QBJ,DEXCOM G6 CONTINUOUS GLUCOSE MONITORING SYSTEM,K0553,Ther cgm supply allowance,cgm_supply,medium,0,0
3004753838-2020-038534,2020-04-13,Malfunction,"DEXCOM, INC.",,,QBJ,DEXCOM G6 CONTINUOUS GLUCOSE MONITORING SYSTEM,K0554,Ther cgm receiver/monitor,cgm_receiver,medium,0,0
3004753838-2020-039013,2020-04-13,Malfunction,"DEXCOM, INC.",,,QBJ,DEXCOM G6 CONTINUOUS GLUCOSE MONITORING SYSTEM,K0554,Ther cgm receiver/monitor,cgm_receiver,medium,0,0
3004753838-2020-038684,2020-04-13,Malfunction,"DEXCOM, INC.",,,QBJ,DEXCOM G6 CONTINUOUS GLUCOSE MONITORING SYSTEM,K0553,Ther cgm supply allowance,cgm_supply,medium,0,0
3004753838-2020-038684,2020-04-13,Malfunction,"DEXCOM, INC.",,,QBJ,DEXCOM G6 CONTINUOUS GLUCOSE MONITORING SYSTEM,K0554,Ther cgm receiver/monitor,cgm_receiver,medium,0,0
3004753838-2020-038967,2020-04-13,Malfunction,"DEXCOM, INC.",,,QBJ,DEXCOM G6 CONTINUOUS GLUCOSE MONITORING SYSTEM,K0554,Ther cgm receiver/monitor,cgm_receiver,medium,0,0
3004753838-2020-038967,2020-04-13,Malfunction,"DEXCOM, INC.",,,QBJ,DEXCOM G6 CONTINUOUS GLUCOSE MONITORING SYSTEM,K0553,Ther cgm supply allowance,cgm_supply,medium,0,0
3004753838-2020-039026,2020-04-13,Malfunction,"DEXCOM, INC.",,,QBJ,DEXCOM G6 CONTINUOUS GLUCOSE MONITORING SYSTEM,K0554,Ther cgm receiver/monitor,cgm_receiver,medium,0,0
3004753838-2020-038583,2020-04-13,Malfunction,"DEXCOM, INC.",,,QBJ,DEXCOM G6 CONTINUOUS GLUCOSE MONITORING SYSTEM,K0553,Ther cgm supply allowance,cgm_supply,medium,0,0
3004753838-2020-038958,2020-04-13,Malfunction,"DEXCOM, INC.",,,QBJ,DEXCOM G6 CONTINUOUS GLUCOSE MONITORING SYSTEM,K0554,Ther cgm receiver/monitor,cgm_receiver,medium,0,0
3004753838-2020-038958,2020-04-13,Malfunction,"DEXCOM, INC.",,,QBJ,DEXCOM G6 CONTINUOUS GLUCOSE MONITORING SYSTEM,K0553,Ther cgm supply allowance,cgm_supply,medium,0,0
2938836-2020-02899,2020-04-13,Injury,"ST. JUDE MEDICAL, INC.(CRM-SUNNYVALE)",,,NVY,"DURATA STS OPTIM ACTIVE FIXATION, DF-4 CONNECTOR",C1779,"Lead, pmkr, transvenous vdd",pacemaker_lead_vdd,high,0,0
1000165971-2020-00376,2020-04-13,Malfunction,SORIN GROUP ITALIA S.R.L. - CRM FACILITY,,,MRM,ORCHESTRA,C1882,"Aicd, other than sing/dual",crt_d,high,0,0
3004753838-2020-038969,2020-04-13,Malfunction,"DEXCOM, INC.",,,QBJ,DEXCOM G6 CONTINUOUS GLUCOSE MONITORING SYSTEM,K0553,Ther cgm supply allowance,cgm_supply,medium,0,0
3013756811-2020-42781,2020-04-13,Malfunction,TANDEM DIABETES CARE,,,LZG,T:SLIM X2 INSULIN PUMP,E0784,Ext amb infusn pump insulin,insulin_pump,high,0,0
3004753838-2020-038728,2020-04-13,Malfunction,"DEXCOM, INC.",,,QBJ,DEXCOM G6 CONTINUOUS GLUCOSE MONITORING SYSTEM,K0553,Ther cgm supply allowance,cgm_supply,medium,0,0
3004753838-2020-039104,2020-04-13,Malfunction,"DEXCOM, INC.",,,QBJ,DEXCOM G6 CONTINUOUS GLUCOSE MONITORING SYSTEM,K0554,Ther cgm receiver/monitor,cgm_receiver,medium,0,0
3004753838-2020-039102,2020-04-13,Malfunction,"DEXCOM, INC.",,,QBJ,DEXCOM G6 CONTINUOUS GLUCOSE MONITORING SYSTEM,K0553,Ther cgm supply allowance,cgm_supply,medium,0,0
3004753838-2020-039102,2020-04-13,Malfunction,"DEXCOM, INC.",,,QBJ,DEXCOM G6 CONTINUOUS GLUCOSE MONITORING SYSTEM,K0554,Ther cgm receiver/monitor,cgm_receiver,medium,0,0
3004753838-2020-039104,2020-04-13,Malfunction,"DEXCOM, INC.",,,QBJ,DEXCOM G6 CONTINUOUS GLUCOSE MONITORING SYSTEM,K0553,Ther cgm supply allowance,cgm_supply,medium,0,0
2182208-2020-00828,2020-04-13,Injury,"MEDTRONIC, INC.",,,DTB,CAPSUREFIX NOVUS LEAD MRI SURESCAN,C1785,"Pmkr, dual, rate-resp",pacemaker_dual_chamber,high,0,0
3004753838-2020-038959,2020-04-13,Malfunction,"DEXCOM, INC.",,,QBJ,DEXCOM G6 CONTINUOUS GLUCOSE MONITORING SYSTEM,K0553,Ther cgm supply allowance,cgm_supply,medium,0,0
3004464228-2020-05998,2020-04-12,Malfunction,INSULET CORPORATION,,,LZG,OMNIPOD INSULIN MANAGEMENT SYSTEM,E0784,Ext amb infusn pump insulin,insulin_pump,high,0,0
3004753838-2020-038609,2020-04-12,Malfunction,"DEXCOM, INC.",,,QBJ,DEXCOM G6 CONTINUOUS GLUCOSE MONITORING SYSTEM,K0553,Ther cgm supply allowance,cgm_supply,medium,0,0
3004753838-2020-038609,2020-04-12,Malfunction,"DEXCOM, INC.",,,QBJ,DEXCOM G6 CONTINUOUS GLUCOSE MONITORING SYSTEM,K0554,Ther cgm receiver/monitor,cgm_receiver,medium,0,0
3004753838-2020-038621,2020-04-12,Malfunction,"DEXCOM, INC.",,,QBJ,DEXCOM G6 CONTINUOUS GLUCOSE MONITORING SYSTEM,K0553,Ther cgm supply allowance,cgm_supply,medium,0,0
3004753838-2020-038621,2020-04-12,Malfunction,"DEXCOM, INC.",,,QBJ,DEXCOM G6 CONTINUOUS GLUCOSE MONITORING SYSTEM,K0554,Ther cgm receiver/monitor,cgm_receiver,medium,0,0
3004464228-2020-05996,2020-04-12,Malfunction,INSULET CORPORATION,,,LZG,OMNIPOD INSULIN MANAGEMENT SYSTEM,E0784,Ext amb infusn pump insulin,insulin_pump,high,0,0
3004753838-2020-038667,2020-04-12,Malfunction,"DEXCOM, INC.",,,QBJ,DEXCOM G6 CONTINUOUS GLUCOSE MONITORING SYSTEM,K0553,Ther cgm supply allowance,cgm_supply,medium,0,0
3004753838-2020-038667,2020-04-12,Malfunction,"DEXCOM, INC.",,,QBJ,DEXCOM G6 CONTINUOUS GLUCOSE MONITORING SYSTEM,K0554,Ther cgm receiver/monitor,cgm_receiver,medium,0,0
3004753838-2020-038700,2020-04-12,Malfunction,"DEXCOM, INC.",,,QBJ,DEXCOM G6 CONTINUOUS GLUCOSE MONITORING SYSTEM,K0553,Ther cgm supply allowance,cgm_supply,medium,0,0
3004753838-2020-038700,2020-04-12,Malfunction,"DEXCOM, INC.",,,QBJ,DEXCOM G6 CONTINUOUS GLUCOSE MONITORING SYSTEM,K0554,Ther cgm receiver/monitor,cgm_receiver,medium,0,0
3004753838-2020-038819,2020-04-12,Malfunction,"DEXCOM, INC.",,,QBJ,DEXCOM G6 CONTINUOUS GLUCOSE MONITORING SYSTEM,K0554,Ther cgm receiver/monitor,cgm_receiver,medium,0,0
3004753838-2020-038819,2020-04-12,Malfunction,"DEXCOM, INC.",,,QBJ,DEXCOM G6 CONTINUOUS GLUCOSE MONITORING SYSTEM,K0553,Ther cgm supply allowance,cgm_supply,medium,0,0
3004753838-2020-038695,2020-04-12,Malfunction,"DEXCOM, INC.",,,QBJ,DEXCOM G6 CONTINUOUS GLUCOSE MONITORING SYSTEM,K0554,Ther cgm receiver/monitor,cgm_receiver,medium,0,0
3013756811-2020-42574,2020-04-12,Malfunction,"DEXCOM, INC.",,,QBJ,DEXCOM G6 CONTINUOUS GLUCOSE MONITORING SYSTEM,K0554,Ther cgm receiver/monitor,cgm_receiver,medium,0,0
3013756811-2020-42574,2020-04-12,Malfunction,"DEXCOM, INC.",,,QBJ,DEXCOM G6 CONTINUOUS GLUCOSE MONITORING SYSTEM,K0553,Ther cgm supply allowance,cgm_supply,medium,0,0
3004753838-2020-038695,2020-04-12,Malfunction,"DEXCOM, INC.",,,QBJ,DEXCOM G6 CONTINUOUS GLUCOSE MONITORING SYSTEM,K0553,Ther cgm supply allowance,cgm_supply,medium,0,0
3004464228-2020-06048,2020-04-12,Malfunction,INSULET CORPORATION,,,LZG,OMNIPOD INSULIN MANAGEMENT SYSTEM,E0784,Ext amb infusn pump insulin,insulin_pump,high,0,0
3004753838-2020-039077,2020-04-12,Malfunction,"DEXCOM, INC.",,,QBJ,DEXCOM G6 CONTINUOUS GLUCOSE MONITORING SYSTEM,K0553,Ther cgm supply allowance,cgm_supply,medium,0,0
3004753838-2020-039077,2020-04-12,Malfunction,"DEXCOM, INC.",,,QBJ,DEXCOM G6 CONTINUOUS GLUCOSE MONITORING SYSTEM,K0554,Ther cgm receiver/monitor,cgm_receiver,medium,0,0
3004753838-2020-039049,2020-04-12,Malfunction,"DEXCOM, INC.",,,QBJ,DEXCOM G6 CONTINUOUS GLUCOSE MONITORING SYSTEM,K0553,Ther cgm supply allowance,cgm_supply,medium,0,0
3004753838-2020-039049,2020-04-12,Malfunction,"DEXCOM, INC.",,,QBJ,DEXCOM G6 CONTINUOUS GLUCOSE MONITORING SYSTEM,K0554,Ther cgm receiver/monitor,cgm_receiver,medium,0,0
3004753838-2020-039002,2020-04-12,Malfunction,"DEXCOM, INC.",,,QBJ,DEXCOM G6 CONTINUOUS GLUCOSE MONITORING SYSTEM,K0554,Ther cgm receiver/monitor,cgm_receiver,medium,0,0
3004753838-2020-39458,2020-04-12,Malfunction,"DEXCOM, INC.",,,QBJ,DEXCOM G6 CONTINUOUS GLUCOSE MONITORING SYSTEM,K0554,Ther cgm receiver/monitor,cgm_receiver,medium,0,0
3004753838-2020-39458,2020-04-12,Malfunction,"DEXCOM, INC.",,,QBJ,DEXCOM G6 CONTINUOUS GLUCOSE MONITORING SYSTEM,K0553,Ther cgm supply allowance,cgm_supply,medium,0,0
2032227-2020-110360,2020-04-12,Injury,MEDTRONIC PUERTO RICO OPERATIONS CO.,,,FRN,RESERVOIR 3ML MMT-332A,C1751,"Cath, inf, per/cent/midline",central_venous_catheter,high,0,0
2032227-2020-110360,2020-04-12,Injury,MEDTRONIC PUERTO RICO OPERATIONS CO.,,,FRN,RESERVOIR 3ML MMT-332A,C1753,"Cath, intravas ultrasound",ivus_catheter,medium,0,0
3004753838-2020-39381,2020-04-12,Malfunction,"DEXCOM, INC.",,,QBJ,DEXCOM G6 CONTINUOUS GLUCOSE MONITORING SYSTEM,K0554,Ther cgm receiver/monitor,cgm_receiver,medium,0,0
3004753838-2020-39381,2020-04-12,Malfunction,"DEXCOM, INC.",,,QBJ,DEXCOM G6 CONTINUOUS GLUCOSE MONITORING SYSTEM,K0553,Ther cgm supply allowance,cgm_supply,medium,0,0
3004464228-2020-06036,2020-04-12,Malfunction,INSULET CORPORATION,,,LZG,OMNIPOD INSULIN MANAGEMENT SYSTEM,E0784,Ext amb infusn pump insulin,insulin_pump,high,0,0
3004464228-2020-06035,2020-04-12,Malfunction,INSULET CORPORATION,,,LZG,OMNIPOD INSULIN PUMP,E0784,Ext amb infusn pump insulin,insulin_pump,high,0,0
3004464228-2020-06060,2020-04-12,Malfunction,INSULET CORPORATION,,,LZG,OMNIPOD INSULIN MANAGEMENT SYSTEM,E0784,Ext amb infusn pump insulin,insulin_pump,high,0,0
3004464228-2020-06031,2020-04-12,Injury,INSULET CORPORATION,,,LZG,OMNIPOD INSULIN PUMP,E0784,Ext amb infusn pump insulin,insulin_pump,high,0,0
3004753838-2020-038574,2020-04-12,Malfunction,"DEXCOM, INC.",,,QBJ,DEXCOM G6 CONTINUOUS GLUCOSE MONITORING SYSTEM,K0553,Ther cgm supply allowance,cgm_supply,medium,0,0
3004753838-2020-038574,2020-04-12,Malfunction,"DEXCOM, INC.",,,QBJ,DEXCOM G6 CONTINUOUS GLUCOSE MONITORING SYSTEM,K0554,Ther cgm receiver/monitor,cgm_receiver,medium,0,0
3004464228-2020-06029,2020-04-12,Injury,INSULET CORPORATION,,,LZG,OMNIPOD INSULIN PUMP,E0784,Ext amb infusn pump insulin,insulin_pump,high,0,0
3004753838-2020-038743,2020-04-12,Malfunction,"DEXCOM, INC.",,,QBJ,DEXCOM G6 CONTINUOUS GLUCOSE MONITORING SYSTEM,K0554,Ther cgm receiver/monitor,cgm_receiver,medium,0,0
3004753838-2020-039086,2020-04-12,Malfunction,"DEXCOM, INC.",,,QBJ,DEXCOM G6 CONTINUOUS GLUCOSE MONITORING SYSTEM,K0553,Ther cgm supply allowance,cgm_supply,medium,0,0
3004753838-2020-039086,2020-04-12,Malfunction,"DEXCOM, INC.",,,QBJ,DEXCOM G6 CONTINUOUS GLUCOSE MONITORING SYSTEM,K0554,Ther cgm receiver/monitor,cgm_receiver,medium,0,0
3004464228-2020-06016,2020-04-12,Malfunction,INSULET CORPORATION,,,LZG,OMNIPOD INSULIN MANAGEMENT SYSTEM,E0784,Ext amb infusn pump insulin,insulin_pump,high,0,0
3004753838-2020-038743,2020-04-12,Malfunction,"DEXCOM, INC.",,,QBJ,DEXCOM G6 CONTINUOUS GLUCOSE MONITORING SYSTEM,K0553,Ther cgm supply allowance,cgm_supply,medium,0,0
3004464228-2020-06011,2020-04-12,Malfunction,INSULET CORPORATION,,,LZG,OMNIPOD DASH¿ INSULIN MANAGEMENT SYSTEM,E0784,Ext amb infusn pump insulin,insulin_pump,high,0,0
3004464228-2020-06006,2020-04-12,Malfunction,INSULET CORPORATION,,,LZG,OMNIPOD DASH¿ INSULIN MANAGEMENT SYSTEM,E0784,Ext amb infusn pump insulin,insulin_pump,high,0,0
3004753838-2020-039002,2020-04-12,Malfunction,"DEXCOM, INC.",,,QBJ,DEXCOM G6 CONTINUOUS GLUCOSE MONITORING SYSTEM,K0553,Ther cgm supply allowance,cgm_supply,medium,0,0
3004464228-2020-06058,2020-04-12,Malfunction,INSULET CORPORATION,,,LZG,OMNIPOD DASH¿ INSULIN MANAGEMENT SYSTEM,E0784,Ext amb infusn pump insulin,insulin_pump,high,0,0
3004464228-2020-06005,2020-04-12,Malfunction,INSULET CORPORATION,,,LZG,OMNIPOD INSULIN MANAGEMENT SYSTEM,E0784,Ext amb infusn pump insulin,insulin_pump,high,0,0
3004753838-2020-038950,2020-04-12,Malfunction,"DEXCOM, INC.",,,QBJ,DEXCOM G6 CONTINUOUS GLUCOSE MONITORING SYSTEM,K0554,Ther cgm receiver/monitor,cgm_receiver,medium,0,0
3004753838-2020-038950,2020-04-12,Malfunction,"DEXCOM, INC.",,,QBJ,DEXCOM G6 CONTINUOUS GLUCOSE MONITORING SYSTEM,K0553,Ther cgm supply allowance,cgm_supply,medium,0,0
3004753838-2020-039130,2020-04-12,Malfunction,"DEXCOM, INC.",,,QBJ,DEXCOM G6 CONTINUOUS GLUCOSE MONITORING SYSTEM,K0554,Ther cgm receiver/monitor,cgm_receiver,medium,0,0
3004753838-2020-039130,2020-04-12,Malfunction,"DEXCOM, INC.",,,QBJ,DEXCOM G6 CONTINUOUS GLUCOSE MONITORING SYSTEM,K0553,Ther cgm supply allowance,cgm_supply,medium,0,0
3004464228-2020-06001,2020-04-12,Malfunction,INSULET CORPORATION,,,LZG,OMNIPOD INSULIN MANAGEMENT SYSTEM,E0784,Ext amb infusn pump insulin,insulin_pump,high,0,0
3004464228-2020-06000,2020-04-12,Malfunction,INSULET CORPORATION,,,LZG,OMNIPOD INSULIN MANAGEMENT SYSTEM,E0784,Ext amb infusn pump insulin,insulin_pump,high,0,0
3004464228-2020-05999,2020-04-12,Malfunction,INSULET CORPORATION,,,LZG,OMNIPOD INSULIN MANAGEMENT SYSTEM,E0784,Ext amb infusn pump insulin,insulin_pump,high,0,0
3004753838-2020-038679,2020-04-11,Malfunction,"DEXCOM, INC.",,,QBJ,DEXCOM G6 CONTINUOUS GLUCOSE MONITORING SYSTEM,K0553,Ther cgm supply allowance,cgm_supply,medium,0,0
3004753838-2020-038858,2020-04-11,Malfunction,"DEXCOM, INC.",,,QBJ,DEXCOM G6 CONTINUOUS GLUCOSE MONITORING SYSTEM,K0554,Ther cgm receiver/monitor,cgm_receiver,medium,0,0
3004464228-2020-06030,2020-04-11,Injury,INSULET CORPORATION,,,LZG,OMNIPOD INSULIN PUMP,E0784,Ext amb infusn pump insulin,insulin_pump,high,0,0
3004464228-2020-06023,2020-04-11,Malfunction,INSULET CORPORATION,,,LZG,OMNIPOD INSULIN PUMP,E0784,Ext amb infusn pump insulin,insulin_pump,high,0,0
3004464228-2020-06026,2020-04-11,Malfunction,INSULET CORPORATION,,,LZG,OMNIPOD DASH¿ INSULIN MANAGEMENT SYSTEM,E0784,Ext amb infusn pump insulin,insulin_pump,high,0,0
3004464228-2020-06025,2020-04-11,Malfunction,INSULET CORPORATION,,,LZG,OMNIPOD INSULIN MANAGEMENT SYSTEM,E0784,Ext amb infusn pump insulin,insulin_pump,high,0,0
3004464228-2020-06024,2020-04-11,Malfunction,INSULET CORPORATION,,,LZG,OMNIPOD INSULIN MANAGEMENT SYSTEM,E0784,Ext amb infusn pump insulin,insulin_pump,high,0,0
3004464228-2020-06022,2020-04-11,Injury,INSULET CORPORATION,,,LZG,OMNIPOD DASH¿ INSULIN MANAGEMENT SYSTEM,E0784,Ext amb infusn pump insulin,insulin_pump,high,0,0
3004753838-2020-039199,2020-04-11,Malfunction,"DEXCOM, INC.",,,QBJ,DEXCOM G6 CONTINUOUS GLUCOSE MONITORING SYSTEM,K0554,Ther cgm receiver/monitor,cgm_receiver,medium,0,0
3004753838-2020-038451,2020-04-11,Malfunction,"DEXCOM, INC.",,,QBJ,DEXCOM G6 CONTINUOUS GLUCOSE MONITORING SYSTEM,K0554,Ther cgm receiver/monitor,cgm_receiver,medium,0,0
3013756811-2020-42335,2020-04-11,Malfunction,"DEXCOM, INC.",,,QBJ,DEXCOM G6 CONTINUOUS GLUCOSE MONITORING SYSTEM,K0554,Ther cgm receiver/monitor,cgm_receiver,medium,0,0
3004209178-2020-07760,2020-04-11,Injury,MEDTRONIC PUERTO RICO OPERATIONS CO.,,,LWS,VISIA AF MRI XT VR SURESCAN,C1721,"Aicd, dual chamber",icd_dual_chamber,high,0,0
3004209178-2020-07760,2020-04-11,Injury,MEDTRONIC PUERTO RICO OPERATIONS CO.,,,LWS,VISIA AF MRI XT VR SURESCAN,C1722,"Aicd, single chamber",icd_single_chamber,high,0,0
3004209178-2020-07760,2020-04-11,Injury,MEDTRONIC PUERTO RICO OPERATIONS CO.,,,LWS,VISIA AF MRI XT VR SURESCAN,C1887,"Catheter, guiding",ep_catheter_guiding,medium,0,0
3004753838-2020-39677,2020-04-11,Malfunction,"DEXCOM, INC.",,,QBJ,DEXCOM G6 CONTINUOUS GLUCOSE MONITORING SYSTEM,K0554,Ther cgm receiver/monitor,cgm_receiver,medium,0,0
3004753838-2020-038451,2020-04-11,Malfunction,"DEXCOM, INC.",,,QBJ,DEXCOM G6 CONTINUOUS GLUCOSE MONITORING SYSTEM,K0553,Ther cgm supply allowance,cgm_supply,medium,0,0
2649622-2020-08354,2020-04-11,Injury,MPRI,,,LWS,SPRINT QUATTRO SECURE MRI SURESCAN,C1887,"Catheter, guiding",ep_catheter_guiding,medium,0,0
3004753838-2020-039199,2020-04-11,Malfunction,"DEXCOM, INC.",,,QBJ,DEXCOM G6 CONTINUOUS GLUCOSE MONITORING SYSTEM,K0553,Ther cgm supply allowance,cgm_supply,medium,0,0
3004464228-2020-06043,2020-04-11,Malfunction,INSULET CORPORATION,,,LZG,OMNIPOD INSULIN MANAGEMENT SYSTEM,E0784,Ext amb infusn pump insulin,insulin_pump,high,0,0
3004464228-2020-06021,2020-04-11,Malfunction,INSULET CORPORATION,,,LZG,OMNIPOD DASH¿ INSULIN MANAGEMENT SYSTEM,E0784,Ext amb infusn pump insulin,insulin_pump,high,0,0
3004464228-2020-06020,2020-04-11,Malfunction,INSULET CORPORATION,,,LZG,OMNIPOD DASH¿ INSULIN MANAGEMENT SYSTEM,E0784,Ext amb infusn pump insulin,insulin_pump,high,0,0
3004753838-2020-039276,2020-04-11,Malfunction,"DEXCOM, INC.",,,QBJ,DEXCOM G6 CONTINUOUS GLUCOSE MONITORING SYSTEM,K0553,Ther cgm supply allowance,cgm_supply,medium,0,0
3004464228-2020-06052,2020-04-11,Malfunction,INSULET CORPORATION,,,LZG,OMNIPOD INSULIN MANAGEMENT SYSTEM,E0784,Ext amb infusn pump insulin,insulin_pump,high,0,0
3004209178-2020-07719,2020-04-11,Injury,MEDTRONIC MED REL MEDTRONIC PUERTO RICO,,,LWP,REVO MRI SURESCAN,C1896,"Lead, aicd, non sing/dual",icd_lead_single_coil,medium,0,0
3004753838-2020-039710,2020-04-11,Malfunction,"DEXCOM, INC.",,,QBJ,DEXCOM G6 CONTINUOUS GLUCOSE MONITORING SYSTEM,K0553,Ther cgm supply allowance,cgm_supply,medium,0,0
3004464228-2020-06019,2020-04-11,Malfunction,INSULET CORPORATION,,,LZG,OMNIPOD INSULIN MANAGEMENT SYSTEM,E0784,Ext amb infusn pump insulin,insulin_pump,high,0,0
3004753838-2020-039710,2020-04-11,Malfunction,"DEXCOM, INC.",,,QBJ,DEXCOM G6 CONTINUOUS GLUCOSE MONITORING SYSTEM,K0554,Ther cgm receiver/monitor,cgm_receiver,medium,0,0
3004464228-2020-06007,2020-04-11,Malfunction,INSULET CORPORATION,,,LZG,OMNIPOD INSULIN MANAGEMENT SYSTEM,E0784,Ext amb infusn pump insulin,insulin_pump,high,0,0
3004753838-2020-039156,2020-04-11,Malfunction,"DEXCOM, INC.",,,QBJ,DEXCOM G6 CONTINUOUS GLUCOSE MONITORING SYSTEM,K0554,Ther cgm receiver/monitor,cgm_receiver,medium,0,0
3004753838-2020-039276,2020-04-11,Malfunction,"DEXCOM, INC.",,,QBJ,DEXCOM G6 CONTINUOUS GLUCOSE MONITORING SYSTEM,K0554,Ther cgm receiver/monitor,cgm_receiver,medium,0,0
3004753838-2020-038858,2020-04-11,Malfunction,"DEXCOM, INC.",,,QBJ,DEXCOM G6 CONTINUOUS GLUCOSE MONITORING SYSTEM,K0553,Ther cgm supply allowance,cgm_supply,medium,0,0
3004464228-2020-06034,2020-04-11,Malfunction,INSULET CORPORATION,,,LZG,OMNIPOD INSULIN PUMP,E0784,Ext amb infusn pump insulin,insulin_pump,high,0,0
3004753838-2020-039156,2020-04-11,Malfunction,"DEXCOM, INC.",,,QBJ,DEXCOM G6 CONTINUOUS GLUCOSE MONITORING SYSTEM,K0553,Ther cgm supply allowance,cgm_supply,medium,0,0
3004464228-2020-06018,2020-04-11,Malfunction,INSULET CORPORATION,,,LZG,OMNIPOD INSULIN MANAGEMENT SYSTEM,E0784,Ext amb infusn pump insulin,insulin_pump,high,0,0
3004464228-2020-06017,2020-04-11,Malfunction,INSULET CORPORATION,,,LZG,OMNIPOD DASH¿ INSULIN MANAGEMENT SYSTEM,E0784,Ext amb infusn pump insulin,insulin_pump,high,0,0
2649622-2020-08427,2020-04-11,Injury,MPRI,,,LWS,SPRINT QUATTRO SECURE MRI SURESCAN,C1721,"Aicd, dual chamber",icd_dual_chamber,high,0,0
2649622-2020-08427,2020-04-11,Injury,MPRI,,,LWS,SPRINT QUATTRO SECURE MRI SURESCAN,C1722,"Aicd, single chamber",icd_single_chamber,high,0,0
2649622-2020-08427,2020-04-11,Injury,MPRI,,,LWS,SPRINT QUATTRO SECURE MRI SURESCAN,C1887,"Catheter, guiding",ep_catheter_guiding,medium,0,0
3004753838-2020-39681,2020-04-11,Malfunction,"DEXCOM, INC.",,,QBJ,DEXCOM G6 CONTINUOUS GLUCOSE MONITORING SYSTEM,K0554,Ther cgm receiver/monitor,cgm_receiver,medium,0,0
3004464228-2020-06070,2020-04-11,Malfunction,INSULET CORPORATION,,,LZG,OMNIPOD INSULIN PUMP,E0784,Ext amb infusn pump insulin,insulin_pump,high,0,0
3004753838-2020-038954,2020-04-11,Malfunction,"DEXCOM, INC.",,,QBJ,DEXCOM G6 CONTINUOUS GLUCOSE MONITORING SYSTEM,K0553,Ther cgm supply allowance,cgm_supply,medium,0,0
2649622-2020-08354,2020-04-11,Injury,MPRI,,,LWS,SPRINT QUATTRO SECURE MRI SURESCAN,C1722,"Aicd, single chamber",icd_single_chamber,high,0,0
3004753838-2020-39681,2020-04-11,Malfunction,"DEXCOM, INC.",,,QBJ,DEXCOM G6 CONTINUOUS GLUCOSE MONITORING SYSTEM,K0553,Ther cgm supply allowance,cgm_supply,medium,0,0
3004464228-2020-06074,2020-04-11,Malfunction,INSULET CORPORATION,,,LZG,OMNIPOD INSULIN MANAGEMENT SYSTEM,E0784,Ext amb infusn pump insulin,insulin_pump,high,0,0
3004753838-2020-038954,2020-04-11,Malfunction,"DEXCOM, INC.",,,QBJ,DEXCOM G6 CONTINUOUS GLUCOSE MONITORING SYSTEM,K0554,Ther cgm receiver/monitor,cgm_receiver,medium,0,0
3004753838-2020-038679,2020-04-11,Malfunction,"DEXCOM, INC.",,,QBJ,DEXCOM G6 CONTINUOUS GLUCOSE MONITORING SYSTEM,K0554,Ther cgm receiver/monitor,cgm_receiver,medium,0,0
3004464228-2020-06015,2020-04-11,Malfunction,INSULET CORPORATION,,,LZG,OMNIPOD INSULIN MANAGEMENT SYSTEM,E0784,Ext amb infusn pump insulin,insulin_pump,high,0,0
3004464228-2020-06013,2020-04-11,Malfunction,INSULET CORPORATION,,,LZG,OMNIPOD INSULIN MANAGEMENT SYSTEM,E0784,Ext amb infusn pump insulin,insulin_pump,high,0,0
3004753838-2020-39677,2020-04-11,Malfunction,"DEXCOM, INC.",,,QBJ,DEXCOM G6 CONTINUOUS GLUCOSE MONITORING SYSTEM,K0553,Ther cgm supply allowance,cgm_supply,medium,0,0
3004753838-2020-038691,2020-04-11,Malfunction,"DEXCOM, INC.",,,QBJ,DEXCOM G6 CONTINUOUS GLUCOSE MONITORING SYSTEM,K0554,Ther cgm receiver/monitor,cgm_receiver,medium,0,0
2032227-2020-110963,2020-04-11,Malfunction,MEDTRONIC PUERTO RICO OPERATIONS CO.,,,FRN,RESERVOIR 3ML MMT-332A,C1751,"Cath, inf, per/cent/midline",central_venous_catheter,high,0,0
2649622-2020-08354,2020-04-11,Injury,MPRI,,,LWS,SPRINT QUATTRO SECURE MRI SURESCAN,C1721,"Aicd, dual chamber",icd_dual_chamber,high,0,0
2032227-2020-110963,2020-04-11,Malfunction,MEDTRONIC PUERTO RICO OPERATIONS CO.,,,FRN,RESERVOIR 3ML MMT-332A,C1753,"Cath, intravas ultrasound",ivus_catheter,medium,0,0
3004464228-2020-06012,2020-04-11,Malfunction,INSULET CORPORATION,,,LZG,OMNIPOD INSULIN MANAGEMENT SYSTEM,E0784,Ext amb infusn pump insulin,insulin_pump,high,0,0
3004464228-2020-06014,2020-04-11,Malfunction,INSULET CORPORATION,,,LZG,OMNIPOD INSULIN MANAGEMENT SYSTEM,E0784,Ext amb infusn pump insulin,insulin_pump,high,0,0
3004464228-2020-06010,2020-04-11,Malfunction,INSULET CORPORATION,,,LZG,OMNIPOD INSULIN MANAGEMENT SYSTEM,E0784,Ext amb infusn pump insulin,insulin_pump,high,0,0
3013756811-2020-42335,2020-04-11,Malfunction,"DEXCOM, INC.",,,QBJ,DEXCOM G6 CONTINUOUS GLUCOSE MONITORING SYSTEM,K0553,Ther cgm supply allowance,cgm_supply,medium,0,0
3004753838-2020-038792,2020-04-11,Malfunction,"DEXCOM, INC.",,,QBJ,DEXCOM G6 CONTINUOUS GLUCOSE MONITORING SYSTEM,K0553,Ther cgm supply allowance,cgm_supply,medium,0,0
3004753838-2020-038792,2020-04-11,Malfunction,"DEXCOM, INC.",,,QBJ,DEXCOM G6 CONTINUOUS GLUCOSE MONITORING SYSTEM,K0554,Ther cgm receiver/monitor,cgm_receiver,medium,0,0
3004753838-2020-038691,2020-04-11,Malfunction,"DEXCOM, INC.",,,QBJ,DEXCOM G6 CONTINUOUS GLUCOSE MONITORING SYSTEM,K0553,Ther cgm supply allowance,cgm_supply,medium,0,0
3004464228-2020-06063,2020-04-11,Malfunction,INSULET CORPORATION,,,LZG,OMNIPOD INSULIN PUMP,E0784,Ext amb infusn pump insulin,insulin_pump,high,0,0
3004464228-2020-06028,2020-04-11,Malfunction,INSULET CORPORATION,,,LZG,OMNIPOD DASH¿ INSULIN MANAGEMENT SYSTEM,E0784,Ext amb infusn pump insulin,insulin_pump,high,0,0
2649622-2020-08402,2020-04-10,Injury,MPRI,,,LWS,SPRINT QUATTRO SECURE MRI SURESCAN,C1887,"Catheter, guiding",ep_catheter_guiding,medium,0,0
3004753838-2020-039537,2020-04-10,Malfunction,"DEXCOM, INC.",,,QBJ,DEXCOM G6 CONTINUOUS GLUCOSE MONITORING SYSTEM,K0553,Ther cgm supply allowance,cgm_supply,medium,0,0
3004464228-2020-05968,2020-04-10,Malfunction,INSULET CORPORATION,,,LZG,OMNIPOD INSULIN MANAGEMENT SYSTEM,E0784,Ext amb infusn pump insulin,insulin_pump,high,0,0
3004753838-2020-039486,2020-04-10,Malfunction,"DEXCOM, INC.",,,QBJ,DEXCOM G6 CONTINUOUS GLUCOSE MONITORING SYSTEM,K0553,Ther cgm supply allowance,cgm_supply,medium,0,0
3004753838-2020-039537,2020-04-10,Malfunction,"DEXCOM, INC.",,,QBJ,DEXCOM G6 CONTINUOUS GLUCOSE MONITORING SYSTEM,K0554,Ther cgm receiver/monitor,cgm_receiver,medium,0,0
2649622-2020-08365,2020-04-10,Malfunction,MPRI,,,LWS,SPRINT QUATTRO SECURE MRI SURESCAN,C1887,"Catheter, guiding",ep_catheter_guiding,medium,0,0
2649622-2020-08365,2020-04-10,Malfunction,MPRI,,,LWS,SPRINT QUATTRO SECURE MRI SURESCAN,C1722,"Aicd, single chamber",icd_single_chamber,high,0,0
3004753838-2020-038948,2020-04-10,Malfunction,"DEXCOM, INC.",,,QBJ,DEXCOM G6 CONTINUOUS GLUCOSE MONITORING SYSTEM,K0553,Ther cgm supply allowance,cgm_supply,medium,0,0
3004753838-2020-038948,2020-04-10,Malfunction,"DEXCOM, INC.",,,QBJ,DEXCOM G6 CONTINUOUS GLUCOSE MONITORING SYSTEM,K0554,Ther cgm receiver/monitor,cgm_receiver,medium,0,0
3004753838-2020-39687,2020-04-10,Malfunction,"DEXCOM, INC.",,,QBJ,DEXCOM G6 CONTINUOUS GLUCOSE MONITORING SYSTEM,K0553,Ther cgm supply allowance,cgm_supply,medium,0,0
3004753838-2020-039646,2020-04-10,Malfunction,"DEXCOM, INC.",,,QBJ,DEXCOM G6 CONTINUOUS GLUCOSE MONITORING SYSTEM,K0554,Ther cgm receiver/monitor,cgm_receiver,medium,0,0
3004753838-2020-039498,2020-04-10,Malfunction,"DEXCOM, INC.",,,QBJ,DEXCOM G6 CONTINUOUS GLUCOSE MONITORING SYSTEM,K0554,Ther cgm receiver/monitor,cgm_receiver,medium,0,0
3004753838-2020-39678,2020-04-10,Malfunction,"DEXCOM, INC.",,,QBJ,DEXCOM G6 CONTINUOUS GLUCOSE MONITORING SYSTEM,K0554,Ther cgm receiver/monitor,cgm_receiver,medium,0,0
2649622-2020-08365,2020-04-10,Malfunction,MPRI,,,LWS,SPRINT QUATTRO SECURE MRI SURESCAN,C1721,"Aicd, dual chamber",icd_dual_chamber,high,0,0
3004753838-2020-039490,2020-04-10,Malfunction,"DEXCOM, INC.",,,QBJ,DEXCOM G6 CONTINUOUS GLUCOSE MONITORING SYSTEM,K0553,Ther cgm supply allowance,cgm_supply,medium,0,0
3004464228-2020-05943,2020-04-10,Malfunction,INSULET CORPORATION,,,LZG,OMNIPOD INSULIN PUMP,E0784,Ext amb infusn pump insulin,insulin_pump,high,0,0
3004464228-2020-05956,2020-04-10,Malfunction,INSULET CORPORATION,,,LZG,OMNIPOD INSULIN PUMP,E0784,Ext amb infusn pump insulin,insulin_pump,high,0,0
3004464228-2020-05954,2020-04-10,Malfunction,INSULET CORPORATION,,,LZG,OMNIPOD INSULIN PUMP,E0784,Ext amb infusn pump insulin,insulin_pump,high,0,0
3004753838-2020-039671,2020-04-10,Malfunction,"DEXCOM, INC.",,,QBJ,DEXCOM G6 CONTINUOUS GLUCOSE MONITORING SYSTEM,K0554,Ther cgm receiver/monitor,cgm_receiver,medium,0,0
3004753838-2020-39678,2020-04-10,Malfunction,"DEXCOM, INC.",,,QBJ,DEXCOM G6 CONTINUOUS GLUCOSE MONITORING SYSTEM,K0553,Ther cgm supply allowance,cgm_supply,medium,0,0
3004464228-2020-05946,2020-04-10,Malfunction,INSULET CORPORATION,,,LZG,OMNIPOD INSULIN MANAGEMENT SYSTEM,E0784,Ext amb infusn pump insulin,insulin_pump,high,0,0
3004753838-2020-39694,2020-04-10,Malfunction,"DEXCOM, INC.",,,QBJ,DEXCOM G6 CONTINUOUS GLUCOSE MONITORING SYSTEM,K0553,Ther cgm supply allowance,cgm_supply,medium,0,0
3006425876-2020-00353,2020-04-10,Malfunction,ARROW INTERNATIONAL INC.,,,DQY,ARROW CVC KIT: 2-LUMEN 7FR X 60CM,C1725,"Cath, translumin non-laser",atherectomy_catheter,high,0,0
3004464228-2020-05965,2020-04-10,Malfunction,INSULET CORPORATION,,,LZG,OMNIPOD INSULIN MANAGEMENT SYSTEM,E0784,Ext amb infusn pump insulin,insulin_pump,high,0,0
3004464228-2020-05936,2020-04-10,Malfunction,INSULET CORPORATION,,,LZG,OMNIPOD INSULIN PUMP,E0784,Ext amb infusn pump insulin,insulin_pump,high,0,0
3004753838-2020-039671,2020-04-10,Malfunction,"DEXCOM, INC.",,,QBJ,DEXCOM G6 CONTINUOUS GLUCOSE MONITORING SYSTEM,K0553,Ther cgm supply allowance,cgm_supply,medium,0,0
3004753838-2020-39687,2020-04-10,Malfunction,"DEXCOM, INC.",,,QBJ,DEXCOM G6 CONTINUOUS GLUCOSE MONITORING SYSTEM,K0554,Ther cgm receiver/monitor,cgm_receiver,medium,0,0
3004753838-2020-039646,2020-04-10,Malfunction,"DEXCOM, INC.",,,QBJ,DEXCOM G6 CONTINUOUS GLUCOSE MONITORING SYSTEM,K0553,Ther cgm supply allowance,cgm_supply,medium,0,0
3004753838-2020-39694,2020-04-10,Malfunction,"DEXCOM, INC.",,,QBJ,DEXCOM G6 CONTINUOUS GLUCOSE MONITORING SYSTEM,K0554,Ther cgm receiver/monitor,cgm_receiver,medium,0,0
2649622-2020-08422,2020-04-10,Injury,MPRI,,,LWS,SPRINT QUATTRO SECURE MRI SURESCAN,C1887,"Catheter, guiding",ep_catheter_guiding,medium,0,0
2649622-2020-08422,2020-04-10,Injury,MPRI,,,LWS,SPRINT QUATTRO SECURE MRI SURESCAN,C1721,"Aicd, dual chamber",icd_dual_chamber,high,0,0
3004753838-2020-039518,2020-04-10,Malfunction,"DEXCOM, INC.",,,QBJ,DEXCOM G6 CONTINUOUS GLUCOSE MONITORING SYSTEM,K0553,Ther cgm supply allowance,cgm_supply,medium,0,0
3004464228-2020-05937,2020-04-10,Malfunction,INSULET CORPORATION,,,LZG,OMNIPOD INSULIN PUMP,E0784,Ext amb infusn pump insulin,insulin_pump,high,0,0
3004464228-2020-05966,2020-04-10,Malfunction,INSULET CORPORATION,,,LZG,OMNIPOD INSULIN MANAGEMENT SYSTEM,E0784,Ext amb infusn pump insulin,insulin_pump,high,0,0
3004464228-2020-06076,2020-04-10,Malfunction,INSULET CORPORATION,,,LZG,OMNIPOD INSULIN MANAGEMENT SYSTEM,E0784,Ext amb infusn pump insulin,insulin_pump,high,0,0
3004753838-2020-039702,2020-04-10,Malfunction,"DEXCOM, INC.",,,QBJ,DEXCOM G6 CONTINUOUS GLUCOSE MONITORING SYSTEM,K0554,Ther cgm receiver/monitor,cgm_receiver,medium,0,0
3004753838-2020-039518,2020-04-10,Malfunction,"DEXCOM, INC.",,,QBJ,DEXCOM G6 CONTINUOUS GLUCOSE MONITORING SYSTEM,K0554,Ther cgm receiver/monitor,cgm_receiver,medium,0,0
3004464228-2020-05976,2020-04-10,Malfunction,INSULET CORPORATION,,,LZG,OMNIPOD DASH¿ INSULIN MANAGEMENT SYSTEM,E0784,Ext amb infusn pump insulin,insulin_pump,high,0,0
3013756811-2020-42406,2020-04-10,Malfunction,"DEXCOM, INC.",,,QBJ,DEXCOM G6 CONTINUOUS GLUCOSE MONITORING SYSTEM,K0553,Ther cgm supply allowance,cgm_supply,medium,0,0
3004753838-2020-39707,2020-04-10,Malfunction,"DEXCOM, INC.",,,QBJ,DEXCOM G6 CONTINUOUS GLUCOSE MONITORING SYSTEM,K0553,Ther cgm supply allowance,cgm_supply,medium,0,0
3004753838-2020-39632,2020-04-10,Malfunction,"DEXCOM, INC.",,,QBJ,DEXCOM G6 CONTINUOUS GLUCOSE MONITORING SYSTEM,K0554,Ther cgm receiver/monitor,cgm_receiver,medium,0,0
3004464228-2020-05971,2020-04-10,Malfunction,INSULET CORPORATION,,,LZG,OMNIPOD INSULIN PUMP,E0784,Ext amb infusn pump insulin,insulin_pump,high,0,0
3004753838-2020-038596,2020-04-10,Malfunction,"DEXCOM, INC.",,,QBJ,DEXCOM G6 CONTINUOUS GLUCOSE MONITORING SYSTEM,K0553,Ther cgm supply allowance,cgm_supply,medium,0,0
3004464228-2020-05945,2020-04-10,Malfunction,INSULET CORPORATION,,,LZG,OMNIPOD INSULIN PUMP,E0784,Ext amb infusn pump insulin,insulin_pump,high,0,0
3004753838-2020-039479,2020-04-10,Malfunction,"DEXCOM, INC.",,,QBJ,DEXCOM G6 CONTINUOUS GLUCOSE MONITORING SYSTEM,K0554,Ther cgm receiver/monitor,cgm_receiver,medium,0,0
3004753838-2020-039479,2020-04-10,Malfunction,"DEXCOM, INC.",,,QBJ,DEXCOM G6 CONTINUOUS GLUCOSE MONITORING SYSTEM,K0553,Ther cgm supply allowance,cgm_supply,medium,0,0
3004753838-2020-039498,2020-04-10,Malfunction,"DEXCOM, INC.",,,QBJ,DEXCOM G6 CONTINUOUS GLUCOSE MONITORING SYSTEM,K0553,Ther cgm supply allowance,cgm_supply,medium,0,0
2649622-2020-08403,2020-04-10,Injury,MPRI,,,DTB,CAPSUREFIX NOVUS LEAD MRI SURESCAN,C1785,"Pmkr, dual, rate-resp",pacemaker_dual_chamber,high,0,0
2649622-2020-08403,2020-04-10,Injury,MPRI,,,DTB,CAPSUREFIX NOVUS LEAD MRI SURESCAN,C1786,"Pmkr, single, rate-resp",pacemaker_single_chamber,high,0,0
3004464228-2020-05960,2020-04-10,Malfunction,INSULET CORPORATION,,,LZG,OMNIPOD INSULIN PUMP,E0784,Ext amb infusn pump insulin,insulin_pump,high,0,0
3004753838-2020-039463,2020-04-10,Malfunction,"DEXCOM, INC.",,,QBJ,DEXCOM G6 CONTINUOUS GLUCOSE MONITORING SYSTEM,K0554,Ther cgm receiver/monitor,cgm_receiver,medium,0,0
3004753838-2020-039463,2020-04-10,Malfunction,"DEXCOM, INC.",,,QBJ,DEXCOM G6 CONTINUOUS GLUCOSE MONITORING SYSTEM,K0553,Ther cgm supply allowance,cgm_supply,medium,0,0
3004464228-2020-06009,2020-04-10,Malfunction,INSULET CORPORATION,,,LZG,OMNIPOD INSULIN MANAGEMENT SYSTEM,E0784,Ext amb infusn pump insulin,insulin_pump,high,0,0
3004464228-2020-05944,2020-04-10,Malfunction,INSULET CORPORATION,,,LZG,OMNIPOD INSULIN PUMP,E0784,Ext amb infusn pump insulin,insulin_pump,high,0,0
3004464228-2020-05955,2020-04-10,Malfunction,INSULET CORPORATION,,,LZG,OMNIPOD INSULIN PUMP,E0784,Ext amb infusn pump insulin,insulin_pump,high,0,0
3004464228-2020-05951,2020-04-10,Malfunction,INSULET CORPORATION,,,LZG,OMNIPOD INSULIN PUMP,E0784,Ext amb infusn pump insulin,insulin_pump,high,0,0
2649622-2020-08401,2020-04-10,Injury,MPRI,,,DTB,SCREW-IN LEAD,C1785,"Pmkr, dual, rate-resp",pacemaker_dual_chamber,high,0,0
3004464228-2020-05970,2020-04-10,Malfunction,INSULET CORPORATION,,,LZG,OMNIPOD INSULIN PUMP,E0784,Ext amb infusn pump insulin,insulin_pump,high,0,0
3004464228-2020-05958,2020-04-10,Malfunction,INSULET CORPORATION,,,LZG,OMNIPOD INSULIN PUMP,E0784,Ext amb infusn pump insulin,insulin_pump,high,0,0
9611253-2020-00023,2020-04-10,Injury,NAKANISHI INC.,,,ELC,NSK,E1639,"Scale, each",,low,0,0
3004753838-2020-39707,2020-04-10,Malfunction,"DEXCOM, INC.",,,QBJ,DEXCOM G6 CONTINUOUS GLUCOSE MONITORING SYSTEM,K0554,Ther cgm receiver/monitor,cgm_receiver,medium,0,0
3004464228-2020-06004,2020-04-10,Malfunction,INSULET CORPORATION,,,LZG,OMNIPOD INSULIN MANAGEMENT SYSTEM,E0784,Ext amb infusn pump insulin,insulin_pump,high,0,0
3004464228-2020-05957,2020-04-10,Malfunction,INSULET CORPORATION,,,LZG,OMNIPOD INSULIN PUMP,E0784,Ext amb infusn pump insulin,insulin_pump,high,0,0
2649622-2020-08401,2020-04-10,Injury,MPRI,,,DTB,SCREW-IN LEAD,C1786,"Pmkr, single, rate-resp",pacemaker_single_chamber,high,0,0
MW5094264,2020-04-10,Injury,TELEFLEX LLC / / ARROW INTERNATIONAL LLC,,,DQY,KIT CATH MTLUM PRES INJ CVC LF,C1725,"Cath, translumin non-laser",atherectomy_catheter,high,0,0
3004753838-2020-039503,2020-04-10,Malfunction,"DEXCOM, INC.",,,QBJ,DEXCOM G6 CONTINUOUS GLUCOSE MONITORING SYSTEM,K0554,Ther cgm receiver/monitor,cgm_receiver,medium,0,0
3004464228-2020-05953,2020-04-10,Malfunction,INSULET CORPORATION,,,LZG,OMNIPOD INSULIN PUMP,E0784,Ext amb infusn pump insulin,insulin_pump,high,0,0
3004464228-2020-05938,2020-04-10,Malfunction,INSULET CORPORATION,,,LZG,OMNIPOD INSULIN PUMP,E0784,Ext amb infusn pump insulin,insulin_pump,high,0,0
3004753838-2020-039502,2020-04-10,Malfunction,"DEXCOM, INC.",,,QBJ,DEXCOM G6 CONTINUOUS GLUCOSE MONITORING SYSTEM,K0554,Ther cgm receiver/monitor,cgm_receiver,medium,0,0
2649622-2020-08402,2020-04-10,Injury,MPRI,,,LWS,SPRINT QUATTRO SECURE MRI SURESCAN,C1721,"Aicd, dual chamber",icd_dual_chamber,high,0,0
3004464228-2020-05940,2020-04-10,Malfunction,INSULET CORPORATION,,,LZG,OMNIPOD DASH¿ INSULIN MANAGEMENT SYSTEM,E0784,Ext amb infusn pump insulin,insulin_pump,high,0,0
3004753838-2020-038944,2020-04-10,Malfunction,"DEXCOM, INC.",,,QBJ,DEXCOM G6 CONTINUOUS GLUCOSE MONITORING SYSTEM,K0554,Ther cgm receiver/monitor,cgm_receiver,medium,0,0
3004753838-2020-039503,2020-04-10,Malfunction,"DEXCOM, INC.",,,QBJ,DEXCOM G6 CONTINUOUS GLUCOSE MONITORING SYSTEM,K0553,Ther cgm supply allowance,cgm_supply,medium,0,0
3004464228-2020-05969,2020-04-10,Malfunction,INSULET CORPORATION,,,LZG,OMNIPOD INSULIN MANAGEMENT SYSTEM,E0784,Ext amb infusn pump insulin,insulin_pump,high,0,0
3013756811-2020-42476,2020-04-10,Malfunction,TANDEM DIABETES CARE,,,LZG,T:SLIM INSULIN DELIVERY SYSTEM,E0784,Ext amb infusn pump insulin,insulin_pump,high,0,0
3004753838-2020-038944,2020-04-10,Malfunction,"DEXCOM, INC.",,,QBJ,DEXCOM G6 CONTINUOUS GLUCOSE MONITORING SYSTEM,K0553,Ther cgm supply allowance,cgm_supply,medium,0,0
3004464228-2020-05967,2020-04-10,Malfunction,INSULET CORPORATION,,,LZG,OMNIPOD INSULIN MANAGEMENT SYSTEM,E0784,Ext amb infusn pump insulin,insulin_pump,high,0,0
3004753838-2020-039490,2020-04-10,Malfunction,"DEXCOM, INC.",,,QBJ,DEXCOM G6 CONTINUOUS GLUCOSE MONITORING SYSTEM,K0554,Ther cgm receiver/monitor,cgm_receiver,medium,0,0
3013756811-2020-42406,2020-04-10,Malfunction,"DEXCOM, INC.",,,QBJ,DEXCOM G6 CONTINUOUS GLUCOSE MONITORING SYSTEM,K0554,Ther cgm receiver/monitor,cgm_receiver,medium,0,0
3004464228-2020-05942,2020-04-10,Malfunction,INSULET CORPORATION,,,LZG,OMNIPOD INSULIN PUMP,E0784,Ext amb infusn pump insulin,insulin_pump,high,0,0
3004753838-2020-039486,2020-04-10,Malfunction,"DEXCOM, INC.",,,QBJ,DEXCOM G6 CONTINUOUS GLUCOSE MONITORING SYSTEM,K0554,Ther cgm receiver/monitor,cgm_receiver,medium,0,0
3004464228-2020-05952,2020-04-10,Malfunction,INSULET CORPORATION,,,LZG,OMNIPOD INSULIN PUMP,E0784,Ext amb infusn pump insulin,insulin_pump,high,0,0
3004464228-2020-05934,2020-04-10,Malfunction,INSULET CORPORATION,,,LZG,OMNIPOD INSULIN MANAGEMENT SYSTEM,E0784,Ext amb infusn pump insulin,insulin_pump,high,0,0
3004753838-2020-038585,2020-04-10,Malfunction,"DEXCOM, INC.",,,QBJ,DEXCOM G6 CONTINUOUS GLUCOSE MONITORING SYSTEM,K0554,Ther cgm receiver/monitor,cgm_receiver,medium,0,0
3004753838-2020-039516,2020-04-10,Malfunction,"DEXCOM, INC.",,,QBJ,DEXCOM G6 CONTINUOUS GLUCOSE MONITORING SYSTEM,K0553,Ther cgm supply allowance,cgm_supply,medium,0,0
3004753838-2020-039446,2020-04-10,Malfunction,"DEXCOM, INC.",,,QBJ,DEXCOM G6 CONTINUOUS GLUCOSE MONITORING SYSTEM,K0554,Ther cgm receiver/monitor,cgm_receiver,medium,0,0
3004753838-2020-039516,2020-04-10,Malfunction,"DEXCOM, INC.",,,QBJ,DEXCOM G6 CONTINUOUS GLUCOSE MONITORING SYSTEM,K0554,Ther cgm receiver/monitor,cgm_receiver,medium,0,0
3004753838-2020-039446,2020-04-10,Malfunction,"DEXCOM, INC.",,,QBJ,DEXCOM G6 CONTINUOUS GLUCOSE MONITORING SYSTEM,K0553,Ther cgm supply allowance,cgm_supply,medium,0,0
3004464228-2020-05973,2020-04-10,Malfunction,INSULET CORPORATION,,,LZG,OMNIPOD DASH¿ INSULIN MANAGEMENT SYSTEM,E0784,Ext amb infusn pump insulin,insulin_pump,high,0,0
2649622-2020-08422,2020-04-10,Injury,MPRI,,,LWS,SPRINT QUATTRO SECURE MRI SURESCAN,C1722,"Aicd, single chamber",icd_single_chamber,high,0,0
3004464228-2020-05949,2020-04-10,Malfunction,INSULET CORPORATION,,,LZG,OMNIPOD DASH¿ INSULIN MANAGEMENT SYSTEM,E0784,Ext amb infusn pump insulin,insulin_pump,high,0,0
3004464228-2020-05961,2020-04-10,Malfunction,INSULET CORPORATION,,,LZG,OMNIPOD DASH¿ INSULIN MANAGEMENT SYSTEM,E0784,Ext amb infusn pump insulin,insulin_pump,high,0,0
3004753838-2020-039502,2020-04-10,Malfunction,"DEXCOM, INC.",,,QBJ,DEXCOM G6 CONTINUOUS GLUCOSE MONITORING SYSTEM,K0553,Ther cgm supply allowance,cgm_supply,medium,0,0
3004753838-2020-038596,2020-04-10,Malfunction,"DEXCOM, INC.",,,QBJ,DEXCOM G6 CONTINUOUS GLUCOSE MONITORING SYSTEM,K0554,Ther cgm receiver/monitor,cgm_receiver,medium,0,0
1820334-2020-00872,2020-04-10,Injury,COOK INC,,,DQX,BENTSON STRAIGHT FIXED CORE WIRE GUIDE,C1755,"Catheter, intraspinal",catheter_guidewire,medium,0,0
2649622-2020-08381,2020-04-10,Malfunction,MPRI,,,DTB,CAPSUREFIX NOVUS LEAD MRI SURESCAN,C1785,"Pmkr, dual, rate-resp",pacemaker_dual_chamber,high,0,0
3004753838-2020-038585,2020-04-10,Malfunction,"DEXCOM, INC.",,,QBJ,DEXCOM G6 CONTINUOUS GLUCOSE MONITORING SYSTEM,K0553,Ther cgm supply allowance,cgm_supply,medium,0,0
1820334-2020-00872,2020-04-10,Injury,COOK INC,,,DQX,BENTSON STRAIGHT FIXED CORE WIRE GUIDE,C1769,Guide wire,,medium,0,0
3004464228-2020-05939,2020-04-10,Malfunction,INSULET CORPORATION,,,LZG,OMNIPOD DASH¿ INSULIN MANAGEMENT SYSTEM,E0784,Ext amb infusn pump insulin,insulin_pump,high,0,0
2649622-2020-08381,2020-04-10,Malfunction,MPRI,,,DTB,CAPSUREFIX NOVUS LEAD MRI SURESCAN,C1786,"Pmkr, single, rate-resp",pacemaker_single_chamber,high,0,0
3004753838-2020-39632,2020-04-10,Malfunction,"DEXCOM, INC.",,,QBJ,DEXCOM G6 CONTINUOUS GLUCOSE MONITORING SYSTEM,K0553,Ther cgm supply allowance,cgm_supply,medium,0,0
3004753838-2020-039702,2020-04-10,Malfunction,"DEXCOM, INC.",,,QBJ,DEXCOM G6 CONTINUOUS GLUCOSE MONITORING SYSTEM,K0553,Ther cgm supply allowance,cgm_supply,medium,0,0
2649622-2020-08402,2020-04-10,Injury,MPRI,,,LWS,SPRINT QUATTRO SECURE MRI SURESCAN,C1722,"Aicd, single chamber",icd_single_chamber,high,0,0
2649622-2020-08352,2020-04-09,Injury,MPRI,,,LWS,SPRINT QUATTRO SECURE S MRI SURESCAN,C1721,"Aicd, dual chamber",icd_dual_chamber,high,0,0
2649622-2020-08351,2020-04-09,Injury,MPRI,,,DTB,CAPSURE EPICARDIAL LEAD,C1785,"Pmkr, dual, rate-resp",pacemaker_dual_chamber,high,0,0
2649622-2020-08351,2020-04-09,Injury,MPRI,,,DTB,CAPSURE EPICARDIAL LEAD,C1786,"Pmkr, single, rate-resp",pacemaker_single_chamber,high,0,0
3004753838-2020-039469,2020-04-09,Malfunction,"DEXCOM, INC.",,,QBJ,DEXCOM G6 CONTINUOUS GLUCOSE MONITORING SYSTEM,K0553,Ther cgm supply allowance,cgm_supply,medium,0,0
2017865-2020-05501,2020-04-09,Injury,"ST. JUDE MEDICAL, INC.(CRM-SYLMAR)",,,LWS,"FORTIFY ASSURA VR ICD, US",C1722,"Aicd, single chamber",icd_single_chamber,high,0,0
9612164-2020-01714,2020-04-09,Malfunction,MEDTRONIC IRELAND,,,NIQ,ENDEAVOR RESOLUTE RX,C1875,"Stent, coated/cov w/o del sy",drug_eluting_stent,high,0,0
9612164-2020-01714,2020-04-09,Malfunction,MEDTRONIC IRELAND,,,NIQ,ENDEAVOR RESOLUTE RX,C1874,"Stent, coated/cov w/del sys",drug_eluting_stent,high,0,0
2017865-2020-05501,2020-04-09,Injury,"ST. JUDE MEDICAL, INC.(CRM-SYLMAR)",,,LWS,"FORTIFY ASSURA VR ICD, US",C1721,"Aicd, dual chamber",icd_dual_chamber,high,0,0
3004753838-2020-039493,2020-04-09,Malfunction,"DEXCOM, INC.",,,QBJ,DEXCOM G6 CONTINUOUS GLUCOSE MONITORING SYSTEM,K0554,Ther cgm receiver/monitor,cgm_receiver,medium,0,0
3004753838-2020-038564,2020-04-09,Malfunction,"DEXCOM, INC.",,,QBJ,DEXCOM G6 CONTINUOUS GLUCOSE MONITORING SYSTEM,K0553,Ther cgm supply allowance,cgm_supply,medium,0,0
3004753838-2020-039597,2020-04-09,Malfunction,"DEXCOM, INC.",,,QBJ,DEXCOM G6 CONTINUOUS GLUCOSE MONITORING SYSTEM,K0553,Ther cgm supply allowance,cgm_supply,medium,0,0
1018233-2020-02849,2020-04-09,Malfunction,"C.R. BARD, INC. (COVINGTON) -1018233",,,KNT,BARD® STOMACH/INTESTINAL TUBE,B4088,"Gastro/jejuno tube, low-pro",gastrostomy_low_profile,medium,0,0
3004753838-2020-039597,2020-04-09,Malfunction,"DEXCOM, INC.",,,QBJ,DEXCOM G6 CONTINUOUS GLUCOSE MONITORING SYSTEM,K0554,Ther cgm receiver/monitor,cgm_receiver,medium,0,0
3004753838-2020-39612,2020-04-09,Malfunction,"DEXCOM, INC.",,,QBJ,DEXCOM G6 CONTINUOUS GLUCOSE MONITORING SYSTEM,K0553,Ther cgm supply allowance,cgm_supply,medium,0,0
3004753838-2020-39612,2020-04-09,Malfunction,"DEXCOM, INC.",,,QBJ,DEXCOM G6 CONTINUOUS GLUCOSE MONITORING SYSTEM,K0554,Ther cgm receiver/monitor,cgm_receiver,medium,0,0
3004464228-2020-06049,2020-04-09,Malfunction,INSULET CORPORATION,,,LZG,OMNIPOD INSULIN PUMP,E0784,Ext amb infusn pump insulin,insulin_pump,high,0,0
1000165971-2020-00370,2020-04-09,Malfunction,SORIN GROUP ITALIA S.R.L. - CRM FACILITY,,,MRM,PLATINIUM,C1882,"Aicd, other than sing/dual",crt_d,high,0,0
3004753838-2020-038564,2020-04-09,Malfunction,"DEXCOM, INC.",,,QBJ,DEXCOM G6 CONTINUOUS GLUCOSE MONITORING SYSTEM,K0554,Ther cgm receiver/monitor,cgm_receiver,medium,0,0
2017865-2020-05460,2020-04-09,Injury,"ST. JUDE MEDICAL, INC.(CRM-SYLMAR)",,,NVY,RIATA ST ACTIVE FIXATION,C1779,"Lead, pmkr, transvenous vdd",pacemaker_lead_vdd,high,0,0
2032227-2020-111194,2020-04-09,Injury,MEDTRONIC PUERTO RICO OPERATIONS CO.,,,FRN,RESERVOIR 3ML MMT-332A,C1753,"Cath, intravas ultrasound",ivus_catheter,medium,0,0
MW5094262,2020-04-09,Malfunction,"DEXCOM, INC.",,,QBJ,DEXCOM G6,K0553,Ther cgm supply allowance,cgm_supply,medium,0,0
MW5094262,2020-04-09,Malfunction,"DEXCOM, INC.",,,QBJ,DEXCOM G6,K0554,Ther cgm receiver/monitor,cgm_receiver,medium,0,0
3004753838-2020-039421,2020-04-09,Malfunction,"DEXCOM, INC.",,,QBJ,DEXCOM G6 CONTINUOUS GLUCOSE MONITORING SYSTEM,K0554,Ther cgm receiver/monitor,cgm_receiver,medium,0,0
3004753838-2020-039421,2020-04-09,Malfunction,"DEXCOM, INC.",,,QBJ,DEXCOM G6 CONTINUOUS GLUCOSE MONITORING SYSTEM,K0553,Ther cgm supply allowance,cgm_supply,medium,0,0
2649622-2020-08353,2020-04-09,Injury,MPRI,,,DTB,CAPSUREFIX NOVUS LEAD MRI SURESCAN,C1785,"Pmkr, dual, rate-resp",pacemaker_dual_chamber,high,0,0
2024168-2020-03970,2020-04-09,Injury,ABBOTT VASCULAR,,,MAF,GRAFTMASTER,C1876,"Stent, non-coa/non-cov w/del",bare_metal_stent,high,0,0
2024168-2020-03970,2020-04-09,Injury,ABBOTT VASCULAR,,,MAF,GRAFTMASTER,C1877,"Stent, non-coat/cov w/o del",bare_metal_stent,high,0,0
3004753838-2020-039398,2020-04-09,Malfunction,"DEXCOM, INC.",,,QBJ,DEXCOM G6 CONTINUOUS GLUCOSE MONITORING SYSTEM,K0554,Ther cgm receiver/monitor,cgm_receiver,medium,0,0
2032227-2020-111194,2020-04-09,Injury,MEDTRONIC PUERTO RICO OPERATIONS CO.,,,FRN,RESERVOIR 3ML MMT-332A,C1751,"Cath, inf, per/cent/midline",central_venous_catheter,high,0,0
3004753838-2020-039398,2020-04-09,Malfunction,"DEXCOM, INC.",,,QBJ,DEXCOM G6 CONTINUOUS GLUCOSE MONITORING SYSTEM,K0553,Ther cgm supply allowance,cgm_supply,medium,0,0
MW5094262,2020-04-09,Malfunction,"DEXCOM, INC.",,,QBJ,DEXCOM G6,K0553,Ther cgm supply allowance,cgm_supply,medium,0,0
MW5094262,2020-04-09,Malfunction,"DEXCOM, INC.",,,QBJ,DEXCOM G6,K0554,Ther cgm receiver/monitor,cgm_receiver,medium,0,0
3004753838-2020-039030,2020-04-09,Malfunction,"DEXCOM, INC.",,,QBJ,DEXCOM G6 CONTINUOUS GLUCOSE MONITORING SYSTEM,K0554,Ther cgm receiver/monitor,cgm_receiver,medium,0,0
3004753838-2020-039030,2020-04-09,Malfunction,"DEXCOM, INC.",,,QBJ,DEXCOM G6 CONTINUOUS GLUCOSE MONITORING SYSTEM,K0553,Ther cgm supply allowance,cgm_supply,medium,0,0
3004753838-2020-039499,2020-04-09,Malfunction,"DEXCOM, INC.",,,QBJ,DEXCOM G6 CONTINUOUS GLUCOSE MONITORING SYSTEM,K0553,Ther cgm supply allowance,cgm_supply,medium,0,0
MW5094262,2020-04-09,Malfunction,"DEXCOM, INC.",,,QBJ,DEXCOM G6,K0553,Ther cgm supply allowance,cgm_supply,medium,0,0
3004753838-2020-039637,2020-04-09,Malfunction,"DEXCOM, INC.",,,QBJ,DEXCOM G6 CONTINUOUS GLUCOSE MONITORING SYSTEM,K0554,Ther cgm receiver/monitor,cgm_receiver,medium,0,0
2649622-2020-08353,2020-04-09,Injury,MPRI,,,DTB,CAPSUREFIX NOVUS LEAD MRI SURESCAN,C1786,"Pmkr, single, rate-resp",pacemaker_single_chamber,high,0,0
3004753838-2020-039499,2020-04-09,Malfunction,"DEXCOM, INC.",,,QBJ,DEXCOM G6 CONTINUOUS GLUCOSE MONITORING SYSTEM,K0554,Ther cgm receiver/monitor,cgm_receiver,medium,0,0
3004464228-2020-06071,2020-04-09,Malfunction,INSULET CORPORATION,,,LZG,OMNIPOD INSULIN MANAGEMENT SYSTEM,E0784,Ext amb infusn pump insulin,insulin_pump,high,0,0
3004753838-2020-039501,2020-04-09,Malfunction,"DEXCOM, INC.",,,QBJ,DEXCOM G6 CONTINUOUS GLUCOSE MONITORING SYSTEM,K0553,Ther cgm supply allowance,cgm_supply,medium,0,0
MW5094262,2020-04-09,Malfunction,"DEXCOM, INC.",,,QBJ,DEXCOM G6,K0554,Ther cgm receiver/monitor,cgm_receiver,medium,0,0
3013756811-2020-42415,2020-04-09,Malfunction,"DEXCOM, INC.",,,QBJ,DEXCOM G6 CONTINUOUS GLUCOSE MONITORING SYSTEM,K0554,Ther cgm receiver/monitor,cgm_receiver,medium,0,0
1000165971-2020-00373,2020-04-09,Malfunction,MICROPORT CRM S.R.L.,,,LWP,ENO,C1896,"Lead, aicd, non sing/dual",icd_lead_single_coil,medium,0,0
3013756811-2020-42415,2020-04-09,Malfunction,"DEXCOM, INC.",,,QBJ,DEXCOM G6 CONTINUOUS GLUCOSE MONITORING SYSTEM,K0553,Ther cgm supply allowance,cgm_supply,medium,0,0
MW5094262,2020-04-09,Malfunction,"DEXCOM, INC.",,,QBJ,DEXCOM G6,K0553,Ther cgm supply allowance,cgm_supply,medium,0,0
3013756811-2020-41665,2020-04-09,Malfunction,"DEXCOM, INC.",,,QBJ,DEXCOM G6 CONTINUOUS GLUCOSE MONITORING SYSTEM,K0554,Ther cgm receiver/monitor,cgm_receiver,medium,0,0
MW5094262,2020-04-09,Malfunction,"DEXCOM, INC.",,,QBJ,DEXCOM G6,K0554,Ther cgm receiver/monitor,cgm_receiver,medium,0,0
3004753838-2020-039699,2020-04-09,Malfunction,"DEXCOM, INC.",,,QBJ,DEXCOM G6 CONTINUOUS GLUCOSE MONITORING SYSTEM,K0553,Ther cgm supply allowance,cgm_supply,medium,0,0
2649622-2020-08405,2020-04-09,Malfunction,MPRI,,,DTB,CAPSUREFIX NOVUS LEAD MRI SURESCAN,C1785,"Pmkr, dual, rate-resp",pacemaker_dual_chamber,high,0,0
2649622-2020-08405,2020-04-09,Malfunction,MPRI,,,DTB,CAPSUREFIX NOVUS LEAD MRI SURESCAN,C1786,"Pmkr, single, rate-resp",pacemaker_single_chamber,high,0,0
3004753838-2020-039699,2020-04-09,Malfunction,"DEXCOM, INC.",,,QBJ,DEXCOM G6 CONTINUOUS GLUCOSE MONITORING SYSTEM,K0554,Ther cgm receiver/monitor,cgm_receiver,medium,0,0
2017865-2020-05455,2020-04-09,Malfunction,"ST. JUDE MEDICAL, INC.(CRM-SYLMAR)",,,NVY,"OPTISURE ACTIVE FIXATION, DF-4 CONNECTOR",C1779,"Lead, pmkr, transvenous vdd",pacemaker_lead_vdd,high,0,0
2649622-2020-08395,2020-04-09,Injury,MPRI,,,DTB,CAPSUREFIX NOVUS LEAD MRI SURESCAN,C1786,"Pmkr, single, rate-resp",pacemaker_single_chamber,high,0,0
3004464228-2020-05935,2020-04-09,Injury,INSULET CORPORATION,,,LZG,OMNIPOD DASH¿ INSULIN MANAGEMENT SYSTEM,E0784,Ext amb infusn pump insulin,insulin_pump,high,0,0
3004753838-2020-039501,2020-04-09,Malfunction,"DEXCOM, INC.",,,QBJ,DEXCOM G6 CONTINUOUS GLUCOSE MONITORING SYSTEM,K0554,Ther cgm receiver/monitor,cgm_receiver,medium,0,0
3013756811-2020-41665,2020-04-09,Malfunction,"DEXCOM, INC.",,,QBJ,DEXCOM G6 CONTINUOUS GLUCOSE MONITORING SYSTEM,K0553,Ther cgm supply allowance,cgm_supply,medium,0,0
2938836-2020-02892,2020-04-09,Injury,"ST. JUDE MEDICAL, INC.(CRM-SUNNYVALE)",,,NVY,"DURATA STS OPTIM ACTIVE FIXATION, DF-4 CONNECTOR",C1779,"Lead, pmkr, transvenous vdd",pacemaker_lead_vdd,high,0,0
3013756811-2020-42411,2020-04-09,Malfunction,"DEXCOM, INC.",,,QBJ,DEXCOM G6 CONTINUOUS GLUCOSE MONITORING SYSTEM,K0554,Ther cgm receiver/monitor,cgm_receiver,medium,0,0
3013756811-2020-42411,2020-04-09,Malfunction,"DEXCOM, INC.",,,QBJ,DEXCOM G6 CONTINUOUS GLUCOSE MONITORING SYSTEM,K0553,Ther cgm supply allowance,cgm_supply,medium,0,0
3004753838-2020-039689,2020-04-09,Malfunction,"DEXCOM, INC.",,,QBJ,DEXCOM G6 CONTINUOUS GLUCOSE MONITORING SYSTEM,K0553,Ther cgm supply allowance,cgm_supply,medium,0,0
3004753838-2020-39466,2020-04-09,Malfunction,"DEXCOM, INC.",,,QBJ,DEXCOM G6 CONTINUOUS GLUCOSE MONITORING SYSTEM,K0554,Ther cgm receiver/monitor,cgm_receiver,medium,0,0
3004753838-2020-039689,2020-04-09,Malfunction,"DEXCOM, INC.",,,QBJ,DEXCOM G6 CONTINUOUS GLUCOSE MONITORING SYSTEM,K0554,Ther cgm receiver/monitor,cgm_receiver,medium,0,0
3004464228-2020-05948,2020-04-09,Malfunction,INSULET CORPORATION,,,LZG,OMNIPOD INSULIN MANAGEMENT SYSTEM,E0784,Ext amb infusn pump insulin,insulin_pump,high,0,0
3013756811-2020-41648,2020-04-09,Malfunction,"DEXCOM, INC.",,,QBJ,DEXCOM G6 CONTINUOUS GLUCOSE MONITORING SYSTEM,K0554,Ther cgm receiver/monitor,cgm_receiver,medium,0,0
3004753838-2020-039180,2020-04-09,Malfunction,"DEXCOM, INC.",,,QBJ,DEXCOM G6 CONTINUOUS GLUCOSE MONITORING SYSTEM,K0554,Ther cgm receiver/monitor,cgm_receiver,medium,0,0
3004753838-2020-039180,2020-04-09,Malfunction,"DEXCOM, INC.",,,QBJ,DEXCOM G6 CONTINUOUS GLUCOSE MONITORING SYSTEM,K0553,Ther cgm supply allowance,cgm_supply,medium,0,0
3004753838-2020-39330,2020-04-09,Malfunction,"DEXCOM, INC.",,,QBJ,DEXCOM G6 CONTINUOUS GLUCOSE MONITORING SYSTEM,K0554,Ther cgm receiver/monitor,cgm_receiver,medium,0,0
3004753838-2020-39330,2020-04-09,Malfunction,"DEXCOM, INC.",,,QBJ,DEXCOM G6 CONTINUOUS GLUCOSE MONITORING SYSTEM,K0553,Ther cgm supply allowance,cgm_supply,medium,0,0
3013756811-2020-41648,2020-04-09,Malfunction,"DEXCOM, INC.",,,QBJ,DEXCOM G6 CONTINUOUS GLUCOSE MONITORING SYSTEM,K0553,Ther cgm supply allowance,cgm_supply,medium,0,0
3008973940-2020-01000,2020-04-09,Malfunction,MEDTRONIC SINGAPORE OPERATIONS,,,LWS,SPRINT QUATTRO SECURE S MRI SURESCAN,C1721,"Aicd, dual chamber",icd_dual_chamber,high,0,0
3004753838-2020-39466,2020-04-09,Malfunction,"DEXCOM, INC.",,,QBJ,DEXCOM G6 CONTINUOUS GLUCOSE MONITORING SYSTEM,K0553,Ther cgm supply allowance,cgm_supply,medium,0,0
3004753838-2020-039487,2020-04-09,Malfunction,"DEXCOM, INC.",,,QBJ,DEXCOM G6 CONTINUOUS GLUCOSE MONITORING SYSTEM,K0554,Ther cgm receiver/monitor,cgm_receiver,medium,0,0
3004753838-2020-039487,2020-04-09,Malfunction,"DEXCOM, INC.",,,QBJ,DEXCOM G6 CONTINUOUS GLUCOSE MONITORING SYSTEM,K0553,Ther cgm supply allowance,cgm_supply,medium,0,0
1000165971-2020-00379,2020-04-09,Malfunction,SORIN GROUP ITALIA S.R.L. - CRM FACILITY,,,DTB,SMARTVIEW HOTSPOT,C1786,"Pmkr, single, rate-resp",pacemaker_single_chamber,high,0,0
1000165971-2020-00379,2020-04-09,Malfunction,SORIN GROUP ITALIA S.R.L. - CRM FACILITY,,,DTB,SMARTVIEW HOTSPOT,C1785,"Pmkr, dual, rate-resp",pacemaker_dual_chamber,high,0,0
2649622-2020-08309,2020-04-09,Injury,MPRI,,,DTB,CAPSUREFIX NOVUS LEAD MRI SURESCAN,C1786,"Pmkr, single, rate-resp",pacemaker_single_chamber,high,0,0
2649622-2020-08309,2020-04-09,Injury,MPRI,,,DTB,CAPSUREFIX NOVUS LEAD MRI SURESCAN,C1785,"Pmkr, dual, rate-resp",pacemaker_dual_chamber,high,0,0
3004753838-2020-039464,2020-04-09,Malfunction,"DEXCOM, INC.",,,QBJ,DEXCOM G6 CONTINUOUS GLUCOSE MONITORING SYSTEM,K0554,Ther cgm receiver/monitor,cgm_receiver,medium,0,0
2182208-2020-00818,2020-04-09,Injury,"MEDTRONIC, INC.",,,DTB,CAPSUREFIX NOVUS LEAD MRI SURESCAN,C1786,"Pmkr, single, rate-resp",pacemaker_single_chamber,high,0,0
3004753838-2020-039464,2020-04-09,Malfunction,"DEXCOM, INC.",,,QBJ,DEXCOM G6 CONTINUOUS GLUCOSE MONITORING SYSTEM,K0553,Ther cgm supply allowance,cgm_supply,medium,0,0
3004753838-2020-39575,2020-04-09,Malfunction,"DEXCOM, INC.",,,QBJ,DEXCOM G6 CONTINUOUS GLUCOSE MONITORING SYSTEM,K0554,Ther cgm receiver/monitor,cgm_receiver,medium,0,0
3004753838-2020-39575,2020-04-09,Malfunction,"DEXCOM, INC.",,,QBJ,DEXCOM G6 CONTINUOUS GLUCOSE MONITORING SYSTEM,K0553,Ther cgm supply allowance,cgm_supply,medium,0,0
3008973940-2020-01000,2020-04-09,Malfunction,MEDTRONIC SINGAPORE OPERATIONS,,,LWS,SPRINT QUATTRO SECURE S MRI SURESCAN,C1722,"Aicd, single chamber",icd_single_chamber,high,0,0
2649622-2020-08395,2020-04-09,Injury,MPRI,,,DTB,CAPSUREFIX NOVUS LEAD MRI SURESCAN,C1785,"Pmkr, dual, rate-resp",pacemaker_dual_chamber,high,0,0
3008973940-2020-01000,2020-04-09,Malfunction,MEDTRONIC SINGAPORE OPERATIONS,,,LWS,SPRINT QUATTRO SECURE S MRI SURESCAN,C1887,"Catheter, guiding",ep_catheter_guiding,medium,0,0
3004753838-2020-039488,2020-04-09,Malfunction,"DEXCOM, INC.",,,QBJ,DEXCOM G6 CONTINUOUS GLUCOSE MONITORING SYSTEM,K0553,Ther cgm supply allowance,cgm_supply,medium,0,0
3004753838-2020-039712,2020-04-09,Malfunction,"DEXCOM, INC.",,,QBJ,DEXCOM G6 CONTINUOUS GLUCOSE MONITORING SYSTEM,K0553,Ther cgm supply allowance,cgm_supply,medium,0,0
3004753838-2020-039712,2020-04-09,Malfunction,"DEXCOM, INC.",,,QBJ,DEXCOM G6 CONTINUOUS GLUCOSE MONITORING SYSTEM,K0554,Ther cgm receiver/monitor,cgm_receiver,medium,0,0
3004753838-2020-39652,2020-04-09,Malfunction,"DEXCOM, INC.",,,QBJ,DEXCOM G6 CONTINUOUS GLUCOSE MONITORING SYSTEM,K0554,Ther cgm receiver/monitor,cgm_receiver,medium,0,0
2134265-2020-05685,2020-04-09,Malfunction,BOSTON SCIENTIFIC CORPORATION,,,DQY,WATCHMAN  TRUSEAL ACCESS SYSTEM,C1725,"Cath, translumin non-laser",atherectomy_catheter,high,0,0
3004753838-2020-039488,2020-04-09,Malfunction,"DEXCOM, INC.",,,QBJ,DEXCOM G6 CONTINUOUS GLUCOSE MONITORING SYSTEM,K0554,Ther cgm receiver/monitor,cgm_receiver,medium,0,0
3004753838-2020-39652,2020-04-09,Malfunction,"DEXCOM, INC.",,,QBJ,DEXCOM G6 CONTINUOUS GLUCOSE MONITORING SYSTEM,K0553,Ther cgm supply allowance,cgm_supply,medium,0,0
3004753838-2020-39461,2020-04-09,Malfunction,"DEXCOM, INC.",,,QBJ,DEXCOM G6 CONTINUOUS GLUCOSE MONITORING SYSTEM,K0554,Ther cgm receiver/monitor,cgm_receiver,medium,0,0
3004753838-2020-39461,2020-04-09,Malfunction,"DEXCOM, INC.",,,QBJ,DEXCOM G6 CONTINUOUS GLUCOSE MONITORING SYSTEM,K0553,Ther cgm supply allowance,cgm_supply,medium,0,0
3004753838-2020-039642,2020-04-09,Malfunction,"DEXCOM, INC.",,,QBJ,DEXCOM G6 CONTINUOUS GLUCOSE MONITORING SYSTEM,K0553,Ther cgm supply allowance,cgm_supply,medium,0,0
3004753838-2020-039509,2020-04-09,Malfunction,"DEXCOM, INC.",,,QBJ,DEXCOM G6 CONTINUOUS GLUCOSE MONITORING SYSTEM,K0553,Ther cgm supply allowance,cgm_supply,medium,0,0
3004753838-2020-039509,2020-04-09,Malfunction,"DEXCOM, INC.",,,QBJ,DEXCOM G6 CONTINUOUS GLUCOSE MONITORING SYSTEM,K0554,Ther cgm receiver/monitor,cgm_receiver,medium,0,0
3004753838-2020-039517,2020-04-09,Malfunction,"DEXCOM, INC.",,,QBJ,DEXCOM G6 CONTINUOUS GLUCOSE MONITORING SYSTEM,K0553,Ther cgm supply allowance,cgm_supply,medium,0,0
3004753838-2020-039701,2020-04-09,Malfunction,"DEXCOM, INC.",,,QBJ,DEXCOM G6 CONTINUOUS GLUCOSE MONITORING SYSTEM,K0553,Ther cgm supply allowance,cgm_supply,medium,0,0
3004753838-2020-039701,2020-04-09,Malfunction,"DEXCOM, INC.",,,QBJ,DEXCOM G6 CONTINUOUS GLUCOSE MONITORING SYSTEM,K0554,Ther cgm receiver/monitor,cgm_receiver,medium,0,0
3004753838-2020-039480,2020-04-09,Malfunction,"DEXCOM, INC.",,,QBJ,DEXCOM G6 CONTINUOUS GLUCOSE MONITORING SYSTEM,K0554,Ther cgm receiver/monitor,cgm_receiver,medium,0,0
1000165971-2020-00378,2020-04-09,Malfunction,SORIN GROUP ITALIA S.R.L. - CRM FACILITY,,,DXY,REPLY,C1900,"Lead, coronary venous",lead_coronary_venous,medium,0,0
3004753838-2020-039517,2020-04-09,Malfunction,"DEXCOM, INC.",,,QBJ,DEXCOM G6 CONTINUOUS GLUCOSE MONITORING SYSTEM,K0554,Ther cgm receiver/monitor,cgm_receiver,medium,0,0
1000165971-2020-00378,2020-04-09,Malfunction,SORIN GROUP ITALIA S.R.L. - CRM FACILITY,,,DXY,REPLY,C1899,"Lead, pmkr/aicd combination",pacemaker_lead_combo,medium,0,0
3004753838-2020-039656,2020-04-09,Malfunction,"DEXCOM, INC.",,,QBJ,DEXCOM G6 CONTINUOUS GLUCOSE MONITORING SYSTEM,K0554,Ther cgm receiver/monitor,cgm_receiver,medium,0,0
3004753838-2020-039656,2020-04-09,Malfunction,"DEXCOM, INC.",,,QBJ,DEXCOM G6 CONTINUOUS GLUCOSE MONITORING SYSTEM,K0553,Ther cgm supply allowance,cgm_supply,medium,0,0
3004753838-2020-038795,2020-04-09,Malfunction,"DEXCOM, INC.",,,QBJ,DEXCOM G6 CONTINUOUS GLUCOSE MONITORING SYSTEM,K0553,Ther cgm supply allowance,cgm_supply,medium,0,0
1000165971-2020-00378,2020-04-09,Malfunction,SORIN GROUP ITALIA S.R.L. - CRM FACILITY,,,DXY,REPLY,C1898,"Lead, pmkr, other than trans",pacemaker_lead,high,0,0
3004753838-2020-038795,2020-04-09,Malfunction,"DEXCOM, INC.",,,QBJ,DEXCOM G6 CONTINUOUS GLUCOSE MONITORING SYSTEM,K0554,Ther cgm receiver/monitor,cgm_receiver,medium,0,0
3004753838-2020-039718,2020-04-09,Malfunction,"DEXCOM, INC.",,,QBJ,DEXCOM G6 CONTINUOUS GLUCOSE MONITORING SYSTEM,K0553,Ther cgm supply allowance,cgm_supply,medium,0,0
3004753838-2020-039522,2020-04-09,Malfunction,"DEXCOM, INC.",,,QBJ,DEXCOM G6 CONTINUOUS GLUCOSE MONITORING SYSTEM,K0553,Ther cgm supply allowance,cgm_supply,medium,0,0
3004753838-2020-039637,2020-04-09,Malfunction,"DEXCOM, INC.",,,QBJ,DEXCOM G6 CONTINUOUS GLUCOSE MONITORING SYSTEM,K0553,Ther cgm supply allowance,cgm_supply,medium,0,0
3004753838-2020-039522,2020-04-09,Malfunction,"DEXCOM, INC.",,,QBJ,DEXCOM G6 CONTINUOUS GLUCOSE MONITORING SYSTEM,K0554,Ther cgm receiver/monitor,cgm_receiver,medium,0,0
3004753838-2020-039480,2020-04-09,Malfunction,"DEXCOM, INC.",,,QBJ,DEXCOM G6 CONTINUOUS GLUCOSE MONITORING SYSTEM,K0553,Ther cgm supply allowance,cgm_supply,medium,0,0
2182208-2020-00818,2020-04-09,Injury,"MEDTRONIC, INC.",,,DTB,CAPSUREFIX NOVUS LEAD MRI SURESCAN,C1785,"Pmkr, dual, rate-resp",pacemaker_dual_chamber,high,0,0
1220452-2020-00042,2020-04-09,Malfunction,"MEDTRONIC, INC",,,DQX,ATTAIN HYBRID GUIDEWIRE,C1755,"Catheter, intraspinal",catheter_guidewire,medium,0,0
3004753838-2020-039603,2020-04-09,Malfunction,"DEXCOM, INC.",,,QBJ,DEXCOM G6 CONTINUOUS GLUCOSE MONITORING SYSTEM,K0553,Ther cgm supply allowance,cgm_supply,medium,0,0
3004753838-2020-039448,2020-04-09,Malfunction,"DEXCOM, INC.",,,QBJ,DEXCOM G6 CONTINUOUS GLUCOSE MONITORING SYSTEM,K0554,Ther cgm receiver/monitor,cgm_receiver,medium,0,0
3004753838-2020-039448,2020-04-09,Malfunction,"DEXCOM, INC.",,,QBJ,DEXCOM G6 CONTINUOUS GLUCOSE MONITORING SYSTEM,K0553,Ther cgm supply allowance,cgm_supply,medium,0,0
3004753838-2020-039641,2020-04-09,Malfunction,"DEXCOM, INC.",,,QBJ,DEXCOM G6 CONTINUOUS GLUCOSE MONITORING SYSTEM,K0554,Ther cgm receiver/monitor,cgm_receiver,medium,0,0
1220452-2020-00042,2020-04-09,Malfunction,"MEDTRONIC, INC",,,DQX,ATTAIN HYBRID GUIDEWIRE,C1769,Guide wire,,medium,0,0
3004753838-2020-039642,2020-04-09,Malfunction,"DEXCOM, INC.",,,QBJ,DEXCOM G6 CONTINUOUS GLUCOSE MONITORING SYSTEM,K0554,Ther cgm receiver/monitor,cgm_receiver,medium,0,0
3004753838-2020-039641,2020-04-09,Malfunction,"DEXCOM, INC.",,,QBJ,DEXCOM G6 CONTINUOUS GLUCOSE MONITORING SYSTEM,K0553,Ther cgm supply allowance,cgm_supply,medium,0,0
3004753838-2020-39567,2020-04-09,Malfunction,"DEXCOM, INC.",,,QBJ,DEXCOM G6 CONTINUOUS GLUCOSE MONITORING SYSTEM,K0554,Ther cgm receiver/monitor,cgm_receiver,medium,0,0
2134265-2020-05786,2020-04-09,Malfunction,BOSTON SCIENTIFIC CORPORATION,,,NIQ,PROMUS PREMIER,C1875,"Stent, coated/cov w/o del sy",drug_eluting_stent,high,0,0
2134265-2020-05786,2020-04-09,Malfunction,BOSTON SCIENTIFIC CORPORATION,,,NIQ,PROMUS PREMIER,C1874,"Stent, coated/cov w/del sys",drug_eluting_stent,high,0,0
3004753838-2020-039718,2020-04-09,Malfunction,"DEXCOM, INC.",,,QBJ,DEXCOM G6 CONTINUOUS GLUCOSE MONITORING SYSTEM,K0554,Ther cgm receiver/monitor,cgm_receiver,medium,0,0
3004753838-2020-39528,2020-04-09,Malfunction,"DEXCOM, INC.",,,QBJ,DEXCOM G6 CONTINUOUS GLUCOSE MONITORING SYSTEM,K0553,Ther cgm supply allowance,cgm_supply,medium,0,0
3004753838-2020-39528,2020-04-09,Malfunction,"DEXCOM, INC.",,,QBJ,DEXCOM G6 CONTINUOUS GLUCOSE MONITORING SYSTEM,K0554,Ther cgm receiver/monitor,cgm_receiver,medium,0,0
3004753838-2020-39567,2020-04-09,Malfunction,"DEXCOM, INC.",,,QBJ,DEXCOM G6 CONTINUOUS GLUCOSE MONITORING SYSTEM,K0553,Ther cgm supply allowance,cgm_supply,medium,0,0
3004753838-2020-39661,2020-04-09,Malfunction,"DEXCOM, INC.",,,QBJ,DEXCOM G6 CONTINUOUS GLUCOSE MONITORING SYSTEM,K0554,Ther cgm receiver/monitor,cgm_receiver,medium,0,0
3004753838-2020-39661,2020-04-09,Malfunction,"DEXCOM, INC.",,,QBJ,DEXCOM G6 CONTINUOUS GLUCOSE MONITORING SYSTEM,K0553,Ther cgm supply allowance,cgm_supply,medium,0,0
3004753838-2020-039496,2020-04-09,Malfunction,"DEXCOM, INC.",,,QBJ,DEXCOM G6 CONTINUOUS GLUCOSE MONITORING SYSTEM,K0553,Ther cgm supply allowance,cgm_supply,medium,0,0
2017865-2020-05501,2020-04-09,Injury,"ST. JUDE MEDICAL, INC.(CRM-SYLMAR)",,,LWS,"FORTIFY ASSURA VR ICD, US",C1887,"Catheter, guiding",ep_catheter_guiding,medium,0,0
3004464228-2020-05975,2020-04-09,Malfunction,INSULET CORPORATION,,,LZG,OMNIPOD INSULIN PUMP,E0784,Ext amb infusn pump insulin,insulin_pump,high,0,0
3004753838-2020-039468,2020-04-09,Malfunction,"DEXCOM, INC.",,,QBJ,DEXCOM G6 CONTINUOUS GLUCOSE MONITORING SYSTEM,K0554,Ther cgm receiver/monitor,cgm_receiver,medium,0,0
3004753838-2020-039468,2020-04-09,Malfunction,"DEXCOM, INC.",,,QBJ,DEXCOM G6 CONTINUOUS GLUCOSE MONITORING SYSTEM,K0553,Ther cgm supply allowance,cgm_supply,medium,0,0
3004753838-2020-039496,2020-04-09,Malfunction,"DEXCOM, INC.",,,QBJ,DEXCOM G6 CONTINUOUS GLUCOSE MONITORING SYSTEM,K0554,Ther cgm receiver/monitor,cgm_receiver,medium,0,0
2134265-2020-05684,2020-04-09,Malfunction,BOSTON SCIENTIFIC CORPORATION,,,DQY,WATCHMAN  TRUSEAL ACCESS SYSTEM,C1725,"Cath, translumin non-laser",atherectomy_catheter,high,0,0
3004753838-2020-039603,2020-04-09,Malfunction,"DEXCOM, INC.",,,QBJ,DEXCOM G6 CONTINUOUS GLUCOSE MONITORING SYSTEM,K0554,Ther cgm receiver/monitor,cgm_receiver,medium,0,0
3004753838-2020-039469,2020-04-09,Malfunction,"DEXCOM, INC.",,,QBJ,DEXCOM G6 CONTINUOUS GLUCOSE MONITORING SYSTEM,K0554,Ther cgm receiver/monitor,cgm_receiver,medium,0,0
3004753838-2020-039493,2020-04-09,Malfunction,"DEXCOM, INC.",,,QBJ,DEXCOM G6 CONTINUOUS GLUCOSE MONITORING SYSTEM,K0553,Ther cgm supply allowance,cgm_supply,medium,0,0
2649622-2020-08352,2020-04-09,Injury,MPRI,,,LWS,SPRINT QUATTRO SECURE S MRI SURESCAN,C1887,"Catheter, guiding",ep_catheter_guiding,medium,0,0
2649622-2020-08352,2020-04-09,Injury,MPRI,,,LWS,SPRINT QUATTRO SECURE S MRI SURESCAN,C1722,"Aicd, single chamber",icd_single_chamber,high,0,0
3004753838-2020-039121,2020-04-08,Malfunction,"DEXCOM, INC.",,,QBJ,DEXCOM G6 CONTINUOUS GLUCOSE MONITORING SYSTEM,K0553,Ther cgm supply allowance,cgm_supply,medium,0,0
3004753838-2020-038952,2020-04-08,Malfunction,"DEXCOM, INC.",,,QBJ,DEXCOM G6 CONTINUOUS GLUCOSE MONITORING SYSTEM,K0553,Ther cgm supply allowance,cgm_supply,medium,0,0
3004753838-2020-039577,2020-04-08,Malfunction,"DEXCOM, INC.",,,QBJ,DEXCOM G6 CONTINUOUS GLUCOSE MONITORING SYSTEM,K0554,Ther cgm receiver/monitor,cgm_receiver,medium,0,0
3008973940-2020-00982,2020-04-08,Malfunction,MEDTRONIC SINGAPORE OPERATIONS,,,DTB,CAPSUREFIX NOVUS LEAD MRI SURESCAN,C1785,"Pmkr, dual, rate-resp",pacemaker_dual_chamber,high,0,0
3004464228-2020-05902,2020-04-08,Malfunction,INSULET CORPORATION,,,LZG,OMNIPOD INSULIN MANAGEMENT SYSTEM,E0784,Ext amb infusn pump insulin,insulin_pump,high,0,0
3004753838-2020-039577,2020-04-08,Malfunction,"DEXCOM, INC.",,,QBJ,DEXCOM G6 CONTINUOUS GLUCOSE MONITORING SYSTEM,K0553,Ther cgm supply allowance,cgm_supply,medium,0,0
3004753838-2020-038825,2020-04-08,Malfunction,"DEXCOM, INC.",,,QBJ,DEXCOM G6 CONTINUOUS GLUCOSE MONITORING SYSTEM,K0553,Ther cgm supply allowance,cgm_supply,medium,0,0
3004753838-2020-038825,2020-04-08,Malfunction,"DEXCOM, INC.",,,QBJ,DEXCOM G6 CONTINUOUS GLUCOSE MONITORING SYSTEM,K0554,Ther cgm receiver/monitor,cgm_receiver,medium,0,0
3008973940-2020-01002,2020-04-08,Injury,MEDTRONIC SINGAPORE OPERATIONS,,,DTB,CAPSURE SENSE LEAD MRI SURESCAN,C1785,"Pmkr, dual, rate-resp",pacemaker_dual_chamber,high,0,0
3008973940-2020-01002,2020-04-08,Injury,MEDTRONIC SINGAPORE OPERATIONS,,,DTB,CAPSURE SENSE LEAD MRI SURESCAN,C1786,"Pmkr, single, rate-resp",pacemaker_single_chamber,high,0,0
3004753838-2020-039415,2020-04-08,Malfunction,"DEXCOM, INC.",,,QBJ,DEXCOM G6 CONTINUOUS GLUCOSE MONITORING SYSTEM,K0554,Ther cgm receiver/monitor,cgm_receiver,medium,0,0
3004753838-2020-039415,2020-04-08,Malfunction,"DEXCOM, INC.",,,QBJ,DEXCOM G6 CONTINUOUS GLUCOSE MONITORING SYSTEM,K0553,Ther cgm supply allowance,cgm_supply,medium,0,0
3013756811-2020-41659,2020-04-08,Malfunction,"DEXCOM, INC.",,,QBJ,DEXCOM G6 CONTINUOUS GLUCOSE MONITORING SYSTEM,K0554,Ther cgm receiver/monitor,cgm_receiver,medium,0,0
3013756811-2020-43361,2020-04-08,Injury,TANDEM DIABETES CARE,,,LZG,T:SLIM INSULIN DELIVERY SYSTEM,E0784,Ext amb infusn pump insulin,insulin_pump,high,0,0
3004753838-2020-39465,2020-04-08,Malfunction,"DEXCOM, INC.",,,QBJ,DEXCOM G6 CONTINUOUS GLUCOSE MONITORING SYSTEM,K0554,Ther cgm receiver/monitor,cgm_receiver,medium,0,0
3004753838-2020-39465,2020-04-08,Malfunction,"DEXCOM, INC.",,,QBJ,DEXCOM G6 CONTINUOUS GLUCOSE MONITORING SYSTEM,K0553,Ther cgm supply allowance,cgm_supply,medium,0,0
2649622-2020-08477,2020-04-08,Malfunction,MPRI,,,DTB,CAPSUREFIX NOVUS LEAD MRI SURESCAN,C1785,"Pmkr, dual, rate-resp",pacemaker_dual_chamber,high,0,0
3004753838-2020-038787,2020-04-08,Malfunction,"DEXCOM, INC.",,,QBJ,DEXCOM G6 CONTINUOUS GLUCOSE MONITORING SYSTEM,K0554,Ther cgm receiver/monitor,cgm_receiver,medium,0,0
3004753838-2020-038787,2020-04-08,Malfunction,"DEXCOM, INC.",,,QBJ,DEXCOM G6 CONTINUOUS GLUCOSE MONITORING SYSTEM,K0553,Ther cgm supply allowance,cgm_supply,medium,0,0
2649622-2020-08477,2020-04-08,Malfunction,MPRI,,,DTB,CAPSUREFIX NOVUS LEAD MRI SURESCAN,C1786,"Pmkr, single, rate-resp",pacemaker_single_chamber,high,0,0
3004753838-2020-039610,2020-04-08,Malfunction,"DEXCOM, INC.",,,QBJ,DEXCOM G6 CONTINUOUS GLUCOSE MONITORING SYSTEM,K0554,Ther cgm receiver/monitor,cgm_receiver,medium,0,0
2649622-2020-08347,2020-04-08,Injury,MPRI,,,LWP,ATTAIN BIPOLAR OVER THE WIRE LEAD,C1896,"Lead, aicd, non sing/dual",icd_lead_single_coil,medium,0,0
3004753838-2020-039417,2020-04-08,Malfunction,"DEXCOM, INC.",,,QBJ,DEXCOM G6 CONTINUOUS GLUCOSE MONITORING SYSTEM,K0554,Ther cgm receiver/monitor,cgm_receiver,medium,0,0
3004753838-2020-039417,2020-04-08,Malfunction,"DEXCOM, INC.",,,QBJ,DEXCOM G6 CONTINUOUS GLUCOSE MONITORING SYSTEM,K0553,Ther cgm supply allowance,cgm_supply,medium,0,0
2017865-2020-05326,2020-04-08,Death,"ST. JUDE MEDICAL, INC.(CRM-SYLMAR)",,,NVY,"DURATA STS OPTIM ACTIVE FIXATION, DF-4 CONNECTOR",C1779,"Lead, pmkr, transvenous vdd",pacemaker_lead_vdd,high,0,0
3013756811-2020-41659,2020-04-08,Malfunction,"DEXCOM, INC.",,,QBJ,DEXCOM G6 CONTINUOUS GLUCOSE MONITORING SYSTEM,K0553,Ther cgm supply allowance,cgm_supply,medium,0,0
3004753838-2020-038997,2020-04-08,Malfunction,"DEXCOM, INC.",,,QBJ,DEXCOM G6 CONTINUOUS GLUCOSE MONITORING SYSTEM,K0553,Ther cgm supply allowance,cgm_supply,medium,0,0
3004753838-2020-039005,2020-04-08,Malfunction,"DEXCOM, INC.",,,QBJ,DEXCOM G6 CONTINUOUS GLUCOSE MONITORING SYSTEM,K0554,Ther cgm receiver/monitor,cgm_receiver,medium,0,0
3004753838-2020-039005,2020-04-08,Malfunction,"DEXCOM, INC.",,,QBJ,DEXCOM G6 CONTINUOUS GLUCOSE MONITORING SYSTEM,K0553,Ther cgm supply allowance,cgm_supply,medium,0,0
3004753838-2020-038914,2020-04-08,Malfunction,"DEXCOM, INC.",,,QBJ,DEXCOM G6 CONTINUOUS GLUCOSE MONITORING SYSTEM,K0554,Ther cgm receiver/monitor,cgm_receiver,medium,0,0
3004753838-2020-038914,2020-04-08,Malfunction,"DEXCOM, INC.",,,QBJ,DEXCOM G6 CONTINUOUS GLUCOSE MONITORING SYSTEM,K0553,Ther cgm supply allowance,cgm_supply,medium,0,0
3004753838-2020-039692,2020-04-08,Malfunction,"DEXCOM, INC.",,,QBJ,DEXCOM G6 CONTINUOUS GLUCOSE MONITORING SYSTEM,K0553,Ther cgm supply allowance,cgm_supply,medium,0,0
3004753838-2020-039692,2020-04-08,Malfunction,"DEXCOM, INC.",,,QBJ,DEXCOM G6 CONTINUOUS GLUCOSE MONITORING SYSTEM,K0554,Ther cgm receiver/monitor,cgm_receiver,medium,0,0
3004753838-2020-039691,2020-04-08,Malfunction,"DEXCOM, INC.",,,QBJ,DEXCOM G6 CONTINUOUS GLUCOSE MONITORING SYSTEM,K0553,Ther cgm supply allowance,cgm_supply,medium,0,0
3004753838-2020-039691,2020-04-08,Malfunction,"DEXCOM, INC.",,,QBJ,DEXCOM G6 CONTINUOUS GLUCOSE MONITORING SYSTEM,K0554,Ther cgm receiver/monitor,cgm_receiver,medium,0,0
3004753838-2020-39403,2020-04-08,Malfunction,"DEXCOM, INC.",,,QBJ,DEXCOM G6 CONTINUOUS GLUCOSE MONITORING SYSTEM,K0554,Ther cgm receiver/monitor,cgm_receiver,medium,0,0
3004753838-2020-39403,2020-04-08,Malfunction,"DEXCOM, INC.",,,QBJ,DEXCOM G6 CONTINUOUS GLUCOSE MONITORING SYSTEM,K0553,Ther cgm supply allowance,cgm_supply,medium,0,0
3004753838-2020-038911,2020-04-08,Malfunction,"DEXCOM, INC.",,,QBJ,DEXCOM G6 CONTINUOUS GLUCOSE MONITORING SYSTEM,K0554,Ther cgm receiver/monitor,cgm_receiver,medium,0,0
3004753838-2020-038911,2020-04-08,Malfunction,"DEXCOM, INC.",,,QBJ,DEXCOM G6 CONTINUOUS GLUCOSE MONITORING SYSTEM,K0553,Ther cgm supply allowance,cgm_supply,medium,0,0
3004753838-2020-039696,2020-04-08,Malfunction,"DEXCOM, INC.",,,QBJ,DEXCOM G6 CONTINUOUS GLUCOSE MONITORING SYSTEM,K0553,Ther cgm supply allowance,cgm_supply,medium,0,0
3004753838-2020-039696,2020-04-08,Malfunction,"DEXCOM, INC.",,,QBJ,DEXCOM G6 CONTINUOUS GLUCOSE MONITORING SYSTEM,K0554,Ther cgm receiver/monitor,cgm_receiver,medium,0,0
3004753838-2020-039376,2020-04-08,Malfunction,"DEXCOM, INC.",,,QBJ,DEXCOM G6 CONTINUOUS GLUCOSE MONITORING SYSTEM,K0554,Ther cgm receiver/monitor,cgm_receiver,medium,0,0
3004753838-2020-039376,2020-04-08,Malfunction,"DEXCOM, INC.",,,QBJ,DEXCOM G6 CONTINUOUS GLUCOSE MONITORING SYSTEM,K0553,Ther cgm supply allowance,cgm_supply,medium,0,0
3004753838-2020-039295,2020-04-08,Malfunction,"DEXCOM, INC.",,,QBJ,DEXCOM G6 CONTINUOUS GLUCOSE MONITORING SYSTEM,K0554,Ther cgm receiver/monitor,cgm_receiver,medium,0,0
3004753838-2020-038975,2020-04-08,Malfunction,"DEXCOM, INC.",,,QBJ,DEXCOM G6 CONTINUOUS GLUCOSE MONITORING SYSTEM,K0553,Ther cgm supply allowance,cgm_supply,medium,0,0
3004753838-2020-038975,2020-04-08,Malfunction,"DEXCOM, INC.",,,QBJ,DEXCOM G6 CONTINUOUS GLUCOSE MONITORING SYSTEM,K0554,Ther cgm receiver/monitor,cgm_receiver,medium,0,0
3004753838-2020-39377,2020-04-08,Malfunction,"DEXCOM, INC.",,,QBJ,DEXCOM G6 CONTINUOUS GLUCOSE MONITORING SYSTEM,K0554,Ther cgm receiver/monitor,cgm_receiver,medium,0,0
3004753838-2020-39377,2020-04-08,Malfunction,"DEXCOM, INC.",,,QBJ,DEXCOM G6 CONTINUOUS GLUCOSE MONITORING SYSTEM,K0553,Ther cgm supply allowance,cgm_supply,medium,0,0
3004753838-2020-039295,2020-04-08,Malfunction,"DEXCOM, INC.",,,QBJ,DEXCOM G6 CONTINUOUS GLUCOSE MONITORING SYSTEM,K0553,Ther cgm supply allowance,cgm_supply,medium,0,0
3004753838-2020-039630,2020-04-08,Malfunction,"DEXCOM, INC.",,,QBJ,DEXCOM G6 CONTINUOUS GLUCOSE MONITORING SYSTEM,K0553,Ther cgm supply allowance,cgm_supply,medium,0,0
3004753838-2020-039630,2020-04-08,Malfunction,"DEXCOM, INC.",,,QBJ,DEXCOM G6 CONTINUOUS GLUCOSE MONITORING SYSTEM,K0554,Ther cgm receiver/monitor,cgm_receiver,medium,0,0
3004753838-2020-039366,2020-04-08,Malfunction,"DEXCOM, INC.",,,QBJ,DEXCOM G6 CONTINUOUS GLUCOSE MONITORING SYSTEM,K0554,Ther cgm receiver/monitor,cgm_receiver,medium,0,0
3004753838-2020-038826,2020-04-08,Malfunction,"DEXCOM, INC.",,,QBJ,DEXCOM G6 CONTINUOUS GLUCOSE MONITORING SYSTEM,K0553,Ther cgm supply allowance,cgm_supply,medium,0,0
3004753838-2020-038826,2020-04-08,Malfunction,"DEXCOM, INC.",,,QBJ,DEXCOM G6 CONTINUOUS GLUCOSE MONITORING SYSTEM,K0554,Ther cgm receiver/monitor,cgm_receiver,medium,0,0
3004753838-2020-039366,2020-04-08,Malfunction,"DEXCOM, INC.",,,QBJ,DEXCOM G6 CONTINUOUS GLUCOSE MONITORING SYSTEM,K0553,Ther cgm supply allowance,cgm_supply,medium,0,0
3004753838-2020-39243,2020-04-08,Malfunction,"DEXCOM, INC.",,,QBJ,DEXCOM G6 CONTINUOUS GLUCOSE MONITORING SYSTEM,K0554,Ther cgm receiver/monitor,cgm_receiver,medium,0,0
3013756811-2020-41673,2020-04-08,Malfunction,"DEXCOM, INC.",,,QBJ,DEXCOM G6 CONTINUOUS GLUCOSE MONITORING SYSTEM,K0554,Ther cgm receiver/monitor,cgm_receiver,medium,0,0
3004753838-2020-39243,2020-04-08,Malfunction,"DEXCOM, INC.",,,QBJ,DEXCOM G6 CONTINUOUS GLUCOSE MONITORING SYSTEM,K0553,Ther cgm supply allowance,cgm_supply,medium,0,0
3004753838-2020-039697,2020-04-08,Malfunction,"DEXCOM, INC.",,,QBJ,DEXCOM G6 CONTINUOUS GLUCOSE MONITORING SYSTEM,K0553,Ther cgm supply allowance,cgm_supply,medium,0,0
3004753838-2020-039697,2020-04-08,Malfunction,"DEXCOM, INC.",,,QBJ,DEXCOM G6 CONTINUOUS GLUCOSE MONITORING SYSTEM,K0554,Ther cgm receiver/monitor,cgm_receiver,medium,0,0
3004753838-2020-038831,2020-04-08,Malfunction,"DEXCOM, INC.",,,QBJ,DEXCOM G6 CONTINUOUS GLUCOSE MONITORING SYSTEM,K0553,Ther cgm supply allowance,cgm_supply,medium,0,0
3004753838-2020-038831,2020-04-08,Malfunction,"DEXCOM, INC.",,,QBJ,DEXCOM G6 CONTINUOUS GLUCOSE MONITORING SYSTEM,K0554,Ther cgm receiver/monitor,cgm_receiver,medium,0,0
3004753838-2020-039508,2020-04-08,Malfunction,"DEXCOM, INC.",,,QBJ,DEXCOM G6 CONTINUOUS GLUCOSE MONITORING SYSTEM,K0553,Ther cgm supply allowance,cgm_supply,medium,0,0
3004753838-2020-039508,2020-04-08,Malfunction,"DEXCOM, INC.",,,QBJ,DEXCOM G6 CONTINUOUS GLUCOSE MONITORING SYSTEM,K0554,Ther cgm receiver/monitor,cgm_receiver,medium,0,0
3013756811-2020-41673,2020-04-08,Malfunction,"DEXCOM, INC.",,,QBJ,DEXCOM G6 CONTINUOUS GLUCOSE MONITORING SYSTEM,K0553,Ther cgm supply allowance,cgm_supply,medium,0,0
3004753838-2020-038934,2020-04-08,Malfunction,"DEXCOM, INC.",,,QBJ,DEXCOM G6 CONTINUOUS GLUCOSE MONITORING SYSTEM,K0553,Ther cgm supply allowance,cgm_supply,medium,0,0
3004753838-2020-038934,2020-04-08,Malfunction,"DEXCOM, INC.",,,QBJ,DEXCOM G6 CONTINUOUS GLUCOSE MONITORING SYSTEM,K0554,Ther cgm receiver/monitor,cgm_receiver,medium,0,0
2649622-2020-08480,2020-04-08,Malfunction,MPRI,,,DTB,CAPSURE SP NOVUS LEAD,C1786,"Pmkr, single, rate-resp",pacemaker_single_chamber,high,0,0
3004753838-2020-039343,2020-04-08,Malfunction,"DEXCOM, INC.",,,QBJ,DEXCOM G6 CONTINUOUS GLUCOSE MONITORING SYSTEM,K0554,Ther cgm receiver/monitor,cgm_receiver,medium,0,0
3004753838-2020-039343,2020-04-08,Malfunction,"DEXCOM, INC.",,,QBJ,DEXCOM G6 CONTINUOUS GLUCOSE MONITORING SYSTEM,K0553,Ther cgm supply allowance,cgm_supply,medium,0,0
3004753838-2020-39351,2020-04-08,Malfunction,"DEXCOM, INC.",,,QBJ,DEXCOM G6 CONTINUOUS GLUCOSE MONITORING SYSTEM,K0554,Ther cgm receiver/monitor,cgm_receiver,medium,0,0
3004753838-2020-39351,2020-04-08,Malfunction,"DEXCOM, INC.",,,QBJ,DEXCOM G6 CONTINUOUS GLUCOSE MONITORING SYSTEM,K0553,Ther cgm supply allowance,cgm_supply,medium,0,0
3004753838-2020-039170,2020-04-08,Malfunction,"DEXCOM, INC.",,,QBJ,DEXCOM G6 CONTINUOUS GLUCOSE MONITORING SYSTEM,K0553,Ther cgm supply allowance,cgm_supply,medium,0,0
3004753838-2020-038814,2020-04-08,Malfunction,"DEXCOM, INC.",,,QBJ,DEXCOM G6 CONTINUOUS GLUCOSE MONITORING SYSTEM,K0553,Ther cgm supply allowance,cgm_supply,medium,0,0
3004753838-2020-038814,2020-04-08,Malfunction,"DEXCOM, INC.",,,QBJ,DEXCOM G6 CONTINUOUS GLUCOSE MONITORING SYSTEM,K0554,Ther cgm receiver/monitor,cgm_receiver,medium,0,0
3004753838-2020-039200,2020-04-08,Malfunction,"DEXCOM, INC.",,,QBJ,DEXCOM G6 CONTINUOUS GLUCOSE MONITORING SYSTEM,K0554,Ther cgm receiver/monitor,cgm_receiver,medium,0,0
3004753838-2020-039270,2020-04-08,Malfunction,"DEXCOM, INC.",,,QBJ,DEXCOM G6 CONTINUOUS GLUCOSE MONITORING SYSTEM,K0553,Ther cgm supply allowance,cgm_supply,medium,0,0
3004753838-2020-039270,2020-04-08,Malfunction,"DEXCOM, INC.",,,QBJ,DEXCOM G6 CONTINUOUS GLUCOSE MONITORING SYSTEM,K0554,Ther cgm receiver/monitor,cgm_receiver,medium,0,0
3004753838-2020-039200,2020-04-08,Malfunction,"DEXCOM, INC.",,,QBJ,DEXCOM G6 CONTINUOUS GLUCOSE MONITORING SYSTEM,K0553,Ther cgm supply allowance,cgm_supply,medium,0,0
3004753838-2020-39344,2020-04-08,Malfunction,"DEXCOM, INC.",,,QBJ,DEXCOM G6 CONTINUOUS GLUCOSE MONITORING SYSTEM,K0554,Ther cgm receiver/monitor,cgm_receiver,medium,0,0
3004753838-2020-39344,2020-04-08,Malfunction,"DEXCOM, INC.",,,QBJ,DEXCOM G6 CONTINUOUS GLUCOSE MONITORING SYSTEM,K0553,Ther cgm supply allowance,cgm_supply,medium,0,0
3004753838-2020-039170,2020-04-08,Malfunction,"DEXCOM, INC.",,,QBJ,DEXCOM G6 CONTINUOUS GLUCOSE MONITORING SYSTEM,K0554,Ther cgm receiver/monitor,cgm_receiver,medium,0,0
2649622-2020-08480,2020-04-08,Malfunction,MPRI,,,DTB,CAPSURE SP NOVUS LEAD,C1785,"Pmkr, dual, rate-resp",pacemaker_dual_chamber,high,0,0
2649622-2020-08428,2020-04-08,Malfunction,MPRI,,,DTB,CAPSUREFIX NOVUS LEAD MRI SURESCAN,C1785,"Pmkr, dual, rate-resp",pacemaker_dual_chamber,high,0,0
2649622-2020-08428,2020-04-08,Malfunction,MPRI,,,DTB,CAPSUREFIX NOVUS LEAD MRI SURESCAN,C1786,"Pmkr, single, rate-resp",pacemaker_single_chamber,high,0,0
3004753838-2020-039610,2020-04-08,Malfunction,"DEXCOM, INC.",,,QBJ,DEXCOM G6 CONTINUOUS GLUCOSE MONITORING SYSTEM,K0553,Ther cgm supply allowance,cgm_supply,medium,0,0
3004753838-2020-039065,2020-04-08,Malfunction,"DEXCOM, INC.",,,QBJ,DEXCOM G6 CONTINUOUS GLUCOSE MONITORING SYSTEM,K0553,Ther cgm supply allowance,cgm_supply,medium,0,0
3004753838-2020-039065,2020-04-08,Malfunction,"DEXCOM, INC.",,,QBJ,DEXCOM G6 CONTINUOUS GLUCOSE MONITORING SYSTEM,K0554,Ther cgm receiver/monitor,cgm_receiver,medium,0,0
3004753838-2020-039020,2020-04-08,Malfunction,"DEXCOM, INC.",,,QBJ,DEXCOM G6 CONTINUOUS GLUCOSE MONITORING SYSTEM,K0554,Ther cgm receiver/monitor,cgm_receiver,medium,0,0
3004753838-2020-39340,2020-04-08,Malfunction,"DEXCOM, INC.",,,QBJ,DEXCOM G6 CONTINUOUS GLUCOSE MONITORING SYSTEM,K0554,Ther cgm receiver/monitor,cgm_receiver,medium,0,0
3004753838-2020-039020,2020-04-08,Malfunction,"DEXCOM, INC.",,,QBJ,DEXCOM G6 CONTINUOUS GLUCOSE MONITORING SYSTEM,K0553,Ther cgm supply allowance,cgm_supply,medium,0,0
3004753838-2020-39340,2020-04-08,Malfunction,"DEXCOM, INC.",,,QBJ,DEXCOM G6 CONTINUOUS GLUCOSE MONITORING SYSTEM,K0553,Ther cgm supply allowance,cgm_supply,medium,0,0
3004753838-2020-038916,2020-04-08,Malfunction,"DEXCOM, INC.",,,QBJ,DEXCOM G6 CONTINUOUS GLUCOSE MONITORING SYSTEM,K0554,Ther cgm receiver/monitor,cgm_receiver,medium,0,0
3004753838-2020-038916,2020-04-08,Malfunction,"DEXCOM, INC.",,,QBJ,DEXCOM G6 CONTINUOUS GLUCOSE MONITORING SYSTEM,K0553,Ther cgm supply allowance,cgm_supply,medium,0,0
3004753838-2020-039592,2020-04-08,Malfunction,"DEXCOM, INC.",,,QBJ,DEXCOM G6 CONTINUOUS GLUCOSE MONITORING SYSTEM,K0553,Ther cgm supply allowance,cgm_supply,medium,0,0
2649622-2020-08472,2020-04-08,Injury,MPRI,,,DTB,CAPSUREFIX NOVUS LEAD MRI SURESCAN,C1786,"Pmkr, single, rate-resp",pacemaker_single_chamber,high,0,0
3004753838-2020-039592,2020-04-08,Malfunction,"DEXCOM, INC.",,,QBJ,DEXCOM G6 CONTINUOUS GLUCOSE MONITORING SYSTEM,K0554,Ther cgm receiver/monitor,cgm_receiver,medium,0,0
3004753838-2020-039015,2020-04-08,Malfunction,"DEXCOM, INC.",,,QBJ,DEXCOM G6 CONTINUOUS GLUCOSE MONITORING SYSTEM,K0554,Ther cgm receiver/monitor,cgm_receiver,medium,0,0
3004753838-2020-039332,2020-04-08,Malfunction,"DEXCOM, INC.",,,QBJ,DEXCOM G6 CONTINUOUS GLUCOSE MONITORING SYSTEM,K0554,Ther cgm receiver/monitor,cgm_receiver,medium,0,0
3004753838-2020-039332,2020-04-08,Malfunction,"DEXCOM, INC.",,,QBJ,DEXCOM G6 CONTINUOUS GLUCOSE MONITORING SYSTEM,K0553,Ther cgm supply allowance,cgm_supply,medium,0,0
3004753838-2020-039015,2020-04-08,Malfunction,"DEXCOM, INC.",,,QBJ,DEXCOM G6 CONTINUOUS GLUCOSE MONITORING SYSTEM,K0553,Ther cgm supply allowance,cgm_supply,medium,0,0
2649622-2020-08472,2020-04-08,Injury,MPRI,,,DTB,CAPSUREFIX NOVUS LEAD MRI SURESCAN,C1785,"Pmkr, dual, rate-resp",pacemaker_dual_chamber,high,0,0
3004753838-2020-038940,2020-04-08,Malfunction,"DEXCOM, INC.",,,QBJ,DEXCOM G6 CONTINUOUS GLUCOSE MONITORING SYSTEM,K0553,Ther cgm supply allowance,cgm_supply,medium,0,0
3004753838-2020-038940,2020-04-08,Malfunction,"DEXCOM, INC.",,,QBJ,DEXCOM G6 CONTINUOUS GLUCOSE MONITORING SYSTEM,K0554,Ther cgm receiver/monitor,cgm_receiver,medium,0,0
3004753838-2020-038847,2020-04-08,Malfunction,"DEXCOM, INC.",,,QBJ,DEXCOM G6 CONTINUOUS GLUCOSE MONITORING SYSTEM,K0554,Ther cgm receiver/monitor,cgm_receiver,medium,0,0
2649622-2020-08438,2020-04-08,Injury,MPRI,,,LWS,SPRINT FIDELIS,C1721,"Aicd, dual chamber",icd_dual_chamber,high,0,0
3004753838-2020-038845,2020-04-08,Malfunction,"DEXCOM, INC.",,,QBJ,DEXCOM G6 CONTINUOUS GLUCOSE MONITORING SYSTEM,K0553,Ther cgm supply allowance,cgm_supply,medium,0,0
2938836-2020-02857,2020-04-08,Injury,"ST. JUDE MEDICAL, INC.(CRM-SUNNYVALE)",,,NVY,RIATA ST ACTIVE FIXATION,C1779,"Lead, pmkr, transvenous vdd",pacemaker_lead_vdd,high,0,0
3004753838-2020-038960,2020-04-08,Malfunction,"DEXCOM, INC.",,,QBJ,DEXCOM G6 CONTINUOUS GLUCOSE MONITORING SYSTEM,K0554,Ther cgm receiver/monitor,cgm_receiver,medium,0,0
3004464228-2020-05963,2020-04-08,Malfunction,INSULET CORPORATION,,,LZG,OMNIPOD DASH¿ INSULIN MANAGEMENT SYSTEM,E0784,Ext amb infusn pump insulin,insulin_pump,high,0,0
3004753838-2020-038960,2020-04-08,Malfunction,"DEXCOM, INC.",,,QBJ,DEXCOM G6 CONTINUOUS GLUCOSE MONITORING SYSTEM,K0553,Ther cgm supply allowance,cgm_supply,medium,0,0
2649622-2020-08438,2020-04-08,Injury,MPRI,,,LWS,SPRINT FIDELIS,C1722,"Aicd, single chamber",icd_single_chamber,high,0,0
2649622-2020-08438,2020-04-08,Injury,MPRI,,,LWS,SPRINT FIDELIS,C1887,"Catheter, guiding",ep_catheter_guiding,medium,0,0
3004753838-2020-038957,2020-04-08,Malfunction,"DEXCOM, INC.",,,QBJ,DEXCOM G6 CONTINUOUS GLUCOSE MONITORING SYSTEM,K0554,Ther cgm receiver/monitor,cgm_receiver,medium,0,0
3004753838-2020-038957,2020-04-08,Malfunction,"DEXCOM, INC.",,,QBJ,DEXCOM G6 CONTINUOUS GLUCOSE MONITORING SYSTEM,K0553,Ther cgm supply allowance,cgm_supply,medium,0,0
3004753838-2020-038845,2020-04-08,Malfunction,"DEXCOM, INC.",,,QBJ,DEXCOM G6 CONTINUOUS GLUCOSE MONITORING SYSTEM,K0554,Ther cgm receiver/monitor,cgm_receiver,medium,0,0
3004753838-2020-038847,2020-04-08,Malfunction,"DEXCOM, INC.",,,QBJ,DEXCOM G6 CONTINUOUS GLUCOSE MONITORING SYSTEM,K0553,Ther cgm supply allowance,cgm_supply,medium,0,0
3004753838-2020-039267,2020-04-08,Malfunction,"DEXCOM, INC.",,,QBJ,DEXCOM G6 CONTINUOUS GLUCOSE MONITORING SYSTEM,K0554,Ther cgm receiver/monitor,cgm_receiver,medium,0,0
3004753838-2020-039098,2020-04-08,Malfunction,"DEXCOM, INC.",,,QBJ,DEXCOM G6 CONTINUOUS GLUCOSE MONITORING SYSTEM,K0553,Ther cgm supply allowance,cgm_supply,medium,0,0
3004753838-2020-039098,2020-04-08,Malfunction,"DEXCOM, INC.",,,QBJ,DEXCOM G6 CONTINUOUS GLUCOSE MONITORING SYSTEM,K0554,Ther cgm receiver/monitor,cgm_receiver,medium,0,0
3004753838-2020-039267,2020-04-08,Malfunction,"DEXCOM, INC.",,,QBJ,DEXCOM G6 CONTINUOUS GLUCOSE MONITORING SYSTEM,K0553,Ther cgm supply allowance,cgm_supply,medium,0,0
2017865-2020-05473,2020-04-08,Injury,"ST. JUDE MEDICAL, INC.(CRM-SYLMAR)",,,LWP,ASSURITY MRI,C1896,"Lead, aicd, non sing/dual",icd_lead_single_coil,medium,0,0
3004753838-2020-039265,2020-04-08,Malfunction,"DEXCOM, INC.",,,QBJ,DEXCOM G6 CONTINUOUS GLUCOSE MONITORING SYSTEM,K0553,Ther cgm supply allowance,cgm_supply,medium,0,0
3004753838-2020-039265,2020-04-08,Malfunction,"DEXCOM, INC.",,,QBJ,DEXCOM G6 CONTINUOUS GLUCOSE MONITORING SYSTEM,K0554,Ther cgm receiver/monitor,cgm_receiver,medium,0,0
3004753838-2020-039168,2020-04-08,Malfunction,"DEXCOM, INC.",,,QBJ,DEXCOM G6 CONTINUOUS GLUCOSE MONITORING SYSTEM,K0554,Ther cgm receiver/monitor,cgm_receiver,medium,0,0
3004753838-2020-039229,2020-04-08,Malfunction,"DEXCOM, INC.",,,QBJ,DEXCOM G6 CONTINUOUS GLUCOSE MONITORING SYSTEM,K0554,Ther cgm receiver/monitor,cgm_receiver,medium,0,0
3004753838-2020-039229,2020-04-08,Malfunction,"DEXCOM, INC.",,,QBJ,DEXCOM G6 CONTINUOUS GLUCOSE MONITORING SYSTEM,K0553,Ther cgm supply allowance,cgm_supply,medium,0,0
3004753838-2020-39327,2020-04-08,Malfunction,"DEXCOM, INC.",,,QBJ,DEXCOM G6 CONTINUOUS GLUCOSE MONITORING SYSTEM,K0554,Ther cgm receiver/monitor,cgm_receiver,medium,0,0
3004753838-2020-39327,2020-04-08,Malfunction,"DEXCOM, INC.",,,QBJ,DEXCOM G6 CONTINUOUS GLUCOSE MONITORING SYSTEM,K0553,Ther cgm supply allowance,cgm_supply,medium,0,0
3013756811-2020-41231,2020-04-08,Malfunction,"DEXCOM, INC.",,,QBJ,DEXCOM G6 CONTINUOUS GLUCOSE MONITORING SYSTEM,K0553,Ther cgm supply allowance,cgm_supply,medium,0,0
3013756811-2020-41231,2020-04-08,Malfunction,"DEXCOM, INC.",,,QBJ,DEXCOM G6 CONTINUOUS GLUCOSE MONITORING SYSTEM,K0554,Ther cgm receiver/monitor,cgm_receiver,medium,0,0
1000165971-2020-00372,2020-04-08,Malfunction,SORIN GROUP ITALIA S.R.L. - CRM FACILITY,,,DTB,SMARTVIEW,C1785,"Pmkr, dual, rate-resp",pacemaker_dual_chamber,high,0,0
3004464228-2020-06054,2020-04-08,Injury,INSULET CORPORATION,,,LZG,OMNIPOD DASH¿ INSULIN MANAGEMENT SYSTEM,E0784,Ext amb infusn pump insulin,insulin_pump,high,0,0
1000165971-2020-00372,2020-04-08,Malfunction,SORIN GROUP ITALIA S.R.L. - CRM FACILITY,,,DTB,SMARTVIEW,C1786,"Pmkr, single, rate-resp",pacemaker_single_chamber,high,0,0
3004753838-2020-039123,2020-04-08,Malfunction,"DEXCOM, INC.",,,QBJ,DEXCOM G6 CONTINUOUS GLUCOSE MONITORING SYSTEM,K0553,Ther cgm supply allowance,cgm_supply,medium,0,0
3004753838-2020-039123,2020-04-08,Malfunction,"DEXCOM, INC.",,,QBJ,DEXCOM G6 CONTINUOUS GLUCOSE MONITORING SYSTEM,K0554,Ther cgm receiver/monitor,cgm_receiver,medium,0,0
3004753838-2020-039227,2020-04-08,Malfunction,"DEXCOM, INC.",,,QBJ,DEXCOM G6 CONTINUOUS GLUCOSE MONITORING SYSTEM,K0554,Ther cgm receiver/monitor,cgm_receiver,medium,0,0
3004753838-2020-039227,2020-04-08,Malfunction,"DEXCOM, INC.",,,QBJ,DEXCOM G6 CONTINUOUS GLUCOSE MONITORING SYSTEM,K0553,Ther cgm supply allowance,cgm_supply,medium,0,0
3004753838-2020-039168,2020-04-08,Malfunction,"DEXCOM, INC.",,,QBJ,DEXCOM G6 CONTINUOUS GLUCOSE MONITORING SYSTEM,K0553,Ther cgm supply allowance,cgm_supply,medium,0,0
3004753838-2020-038946,2020-04-08,Malfunction,"DEXCOM, INC.",,,QBJ,DEXCOM G6 CONTINUOUS GLUCOSE MONITORING SYSTEM,K0553,Ther cgm supply allowance,cgm_supply,medium,0,0
3004753838-2020-038946,2020-04-08,Malfunction,"DEXCOM, INC.",,,QBJ,DEXCOM G6 CONTINUOUS GLUCOSE MONITORING SYSTEM,K0554,Ther cgm receiver/monitor,cgm_receiver,medium,0,0
1000165971-2020-00374,2020-04-08,Malfunction,SORIN GROUP ITALIA S.R.L. - CRM FACILITY,,,DTB,SMARTVIEW,C1785,"Pmkr, dual, rate-resp",pacemaker_dual_chamber,high,0,0
3004464228-2020-05941,2020-04-08,Malfunction,INSULET CORPORATION,,,LZG,OMNIPOD INSULIN PUMP,E0784,Ext amb infusn pump insulin,insulin_pump,high,0,0
1000165971-2020-00374,2020-04-08,Malfunction,SORIN GROUP ITALIA S.R.L. - CRM FACILITY,,,DTB,SMARTVIEW,C1786,"Pmkr, single, rate-resp",pacemaker_single_chamber,high,0,0
3013756811-2020-41273,2020-04-08,Malfunction,"DEXCOM, INC.",,,QBJ,DEXCOM G6 CONTINUOUS GLUCOSE MONITORING SYSTEM,K0553,Ther cgm supply allowance,cgm_supply,medium,0,0
3013756811-2020-41273,2020-04-08,Malfunction,"DEXCOM, INC.",,,QBJ,DEXCOM G6 CONTINUOUS GLUCOSE MONITORING SYSTEM,K0554,Ther cgm receiver/monitor,cgm_receiver,medium,0,0
3004753838-2020-038999,2020-04-08,Malfunction,"DEXCOM, INC.",,,QBJ,DEXCOM G6 CONTINUOUS GLUCOSE MONITORING SYSTEM,K0554,Ther cgm receiver/monitor,cgm_receiver,medium,0,0
3004753838-2020-038952,2020-04-08,Malfunction,"DEXCOM, INC.",,,QBJ,DEXCOM G6 CONTINUOUS GLUCOSE MONITORING SYSTEM,K0554,Ther cgm receiver/monitor,cgm_receiver,medium,0,0
3004753838-2020-039121,2020-04-08,Malfunction,"DEXCOM, INC.",,,QBJ,DEXCOM G6 CONTINUOUS GLUCOSE MONITORING SYSTEM,K0554,Ther cgm receiver/monitor,cgm_receiver,medium,0,0
3004753838-2020-038999,2020-04-08,Malfunction,"DEXCOM, INC.",,,QBJ,DEXCOM G6 CONTINUOUS GLUCOSE MONITORING SYSTEM,K0553,Ther cgm supply allowance,cgm_supply,medium,0,0
3013756811-2020-41290,2020-04-08,Malfunction,"DEXCOM, INC.",,,QBJ,DEXCOM G6 CONTINUOUS GLUCOSE MONITORING SYSTEM,K0553,Ther cgm supply allowance,cgm_supply,medium,0,0
3013756811-2020-41290,2020-04-08,Malfunction,"DEXCOM, INC.",,,QBJ,DEXCOM G6 CONTINUOUS GLUCOSE MONITORING SYSTEM,K0554,Ther cgm receiver/monitor,cgm_receiver,medium,0,0
3004753838-2020-039305,2020-04-08,Malfunction,"DEXCOM, INC.",,,QBJ,DEXCOM G6 CONTINUOUS GLUCOSE MONITORING SYSTEM,K0554,Ther cgm receiver/monitor,cgm_receiver,medium,0,0
3004753838-2020-039279,2020-04-08,Malfunction,"DEXCOM, INC.",,,QBJ,DEXCOM G6 CONTINUOUS GLUCOSE MONITORING SYSTEM,K0553,Ther cgm supply allowance,cgm_supply,medium,0,0
3004753838-2020-039279,2020-04-08,Malfunction,"DEXCOM, INC.",,,QBJ,DEXCOM G6 CONTINUOUS GLUCOSE MONITORING SYSTEM,K0554,Ther cgm receiver/monitor,cgm_receiver,medium,0,0
3004753838-2020-039305,2020-04-08,Malfunction,"DEXCOM, INC.",,,QBJ,DEXCOM G6 CONTINUOUS GLUCOSE MONITORING SYSTEM,K0553,Ther cgm supply allowance,cgm_supply,medium,0,0
3004753838-2020-038997,2020-04-08,Malfunction,"DEXCOM, INC.",,,QBJ,DEXCOM G6 CONTINUOUS GLUCOSE MONITORING SYSTEM,K0554,Ther cgm receiver/monitor,cgm_receiver,medium,0,0
3004753838-2020-039193,2020-04-08,Malfunction,"DEXCOM, INC.",,,QBJ,DEXCOM G6 CONTINUOUS GLUCOSE MONITORING SYSTEM,K0554,Ther cgm receiver/monitor,cgm_receiver,medium,0,0
3004753838-2020-039193,2020-04-08,Malfunction,"DEXCOM, INC.",,,QBJ,DEXCOM G6 CONTINUOUS GLUCOSE MONITORING SYSTEM,K0553,Ther cgm supply allowance,cgm_supply,medium,0,0
3004464228-2020-05950,2020-04-08,Malfunction,INSULET CORPORATION,,,LZG,OMNIPOD INSULIN PUMP,E0784,Ext amb infusn pump insulin,insulin_pump,high,0,0
3004753838-2020-039145,2020-04-08,Malfunction,"DEXCOM, INC.",,,QBJ,DEXCOM G6 CONTINUOUS GLUCOSE MONITORING SYSTEM,K0553,Ther cgm supply allowance,cgm_supply,medium,0,0
3004753838-2020-039145,2020-04-08,Malfunction,"DEXCOM, INC.",,,QBJ,DEXCOM G6 CONTINUOUS GLUCOSE MONITORING SYSTEM,K0554,Ther cgm receiver/monitor,cgm_receiver,medium,0,0
3004753838-2020-039420,2020-04-08,Malfunction,"DEXCOM, INC.",,,QBJ,DEXCOM G6 CONTINUOUS GLUCOSE MONITORING SYSTEM,K0554,Ther cgm receiver/monitor,cgm_receiver,medium,0,0
2649622-2020-08313,2020-04-08,Injury,MPRI,,,LWS,SPRINT QUATTRO SECURE S MRI SURESCAN,C1721,"Aicd, dual chamber",icd_dual_chamber,high,0,0
2649622-2020-08313,2020-04-08,Injury,MPRI,,,LWS,SPRINT QUATTRO SECURE S MRI SURESCAN,C1722,"Aicd, single chamber",icd_single_chamber,high,0,0
2649622-2020-08313,2020-04-08,Injury,MPRI,,,LWS,SPRINT QUATTRO SECURE S MRI SURESCAN,C1887,"Catheter, guiding",ep_catheter_guiding,medium,0,0
3004753838-2020-039420,2020-04-08,Malfunction,"DEXCOM, INC.",,,QBJ,DEXCOM G6 CONTINUOUS GLUCOSE MONITORING SYSTEM,K0553,Ther cgm supply allowance,cgm_supply,medium,0,0
3005168196-2020-00596,2020-04-08,Malfunction,"PENUMBRA, INC.",,,DQY,LANTERN DELIVERY MICROCATHETER,C1725,"Cath, translumin non-laser",atherectomy_catheter,high,0,0
2649622-2020-08311,2020-04-08,Injury,MPRI,,,DTB,CAPSUREFIX NOVUS LEAD MRI SURESCAN,C1786,"Pmkr, single, rate-resp",pacemaker_single_chamber,high,0,0
2649622-2020-08311,2020-04-08,Injury,MPRI,,,DTB,CAPSUREFIX NOVUS LEAD MRI SURESCAN,C1785,"Pmkr, dual, rate-resp",pacemaker_dual_chamber,high,0,0
3004753838-2020-039484,2020-04-08,Malfunction,"DEXCOM, INC.",,,QBJ,DEXCOM G6 CONTINUOUS GLUCOSE MONITORING SYSTEM,K0554,Ther cgm receiver/monitor,cgm_receiver,medium,0,0
3004753838-2020-039484,2020-04-08,Malfunction,"DEXCOM, INC.",,,QBJ,DEXCOM G6 CONTINUOUS GLUCOSE MONITORING SYSTEM,K0553,Ther cgm supply allowance,cgm_supply,medium,0,0
3008973940-2020-00982,2020-04-08,Malfunction,MEDTRONIC SINGAPORE OPERATIONS,,,DTB,CAPSUREFIX NOVUS LEAD MRI SURESCAN,C1786,"Pmkr, single, rate-resp",pacemaker_single_chamber,high,0,0
3004753838-2020-039067,2020-04-07,Malfunction,"DEXCOM, INC.",,,QBJ,DEXCOM G6 CONTINUOUS GLUCOSE MONITORING SYSTEM,K0553,Ther cgm supply allowance,cgm_supply,medium,0,0
3004753838-2020-39595,2020-04-07,Malfunction,"DEXCOM, INC.",,,QBJ,DEXCOM G6 CONTINUOUS GLUCOSE MONITORING SYSTEM,K0553,Ther cgm supply allowance,cgm_supply,medium,0,0
3004753838-2020-039619,2020-04-07,Malfunction,"DEXCOM, INC.",,,QBJ,DEXCOM G6 CONTINUOUS GLUCOSE MONITORING SYSTEM,K0554,Ther cgm receiver/monitor,cgm_receiver,medium,0,0
2649622-2020-08294,2020-04-07,Malfunction,MPRI,,,DTB,CAPSUREFIX NOVUS LEAD MRI SURESCAN,C1785,"Pmkr, dual, rate-resp",pacemaker_dual_chamber,high,0,0
2649622-2020-08294,2020-04-07,Malfunction,MPRI,,,DTB,CAPSUREFIX NOVUS LEAD MRI SURESCAN,C1786,"Pmkr, single, rate-resp",pacemaker_single_chamber,high,0,0
3004753838-2020-039599,2020-04-07,Malfunction,"DEXCOM, INC.",,,QBJ,DEXCOM G6 CONTINUOUS GLUCOSE MONITORING SYSTEM,K0554,Ther cgm receiver/monitor,cgm_receiver,medium,0,0
3004753838-2020-039599,2020-04-07,Malfunction,"DEXCOM, INC.",,,QBJ,DEXCOM G6 CONTINUOUS GLUCOSE MONITORING SYSTEM,K0553,Ther cgm supply allowance,cgm_supply,medium,0,0
3010757606-2020-00295,2020-04-07,Injury,ABBVIE - MEDICAL DEVICE CENTER,,,KNT,DUODOPA_DUOPA,B4088,"Gastro/jejuno tube, low-pro",gastrostomy_low_profile,medium,0,0
3004753838-2020-039494,2020-04-07,Malfunction,"DEXCOM, INC.",,,QBJ,DEXCOM G6 CONTINUOUS GLUCOSE MONITORING SYSTEM,K0554,Ther cgm receiver/monitor,cgm_receiver,medium,0,0
3004753838-2020-039494,2020-04-07,Malfunction,"DEXCOM, INC.",,,QBJ,DEXCOM G6 CONTINUOUS GLUCOSE MONITORING SYSTEM,K0553,Ther cgm supply allowance,cgm_supply,medium,0,0
3004753838-2020-038981,2020-04-07,Malfunction,"DEXCOM, INC.",,,QBJ,DEXCOM G6 CONTINUOUS GLUCOSE MONITORING SYSTEM,K0553,Ther cgm supply allowance,cgm_supply,medium,0,0
3004753838-2020-038981,2020-04-07,Malfunction,"DEXCOM, INC.",,,QBJ,DEXCOM G6 CONTINUOUS GLUCOSE MONITORING SYSTEM,K0554,Ther cgm receiver/monitor,cgm_receiver,medium,0,0
3004753838-2020-039073,2020-04-07,Malfunction,"DEXCOM, INC.",,,QBJ,DEXCOM G6 CONTINUOUS GLUCOSE MONITORING SYSTEM,K0554,Ther cgm receiver/monitor,cgm_receiver,medium,0,0
3004753838-2020-039073,2020-04-07,Malfunction,"DEXCOM, INC.",,,QBJ,DEXCOM G6 CONTINUOUS GLUCOSE MONITORING SYSTEM,K0553,Ther cgm supply allowance,cgm_supply,medium,0,0
3004753838-2020-039579,2020-04-07,Malfunction,"DEXCOM, INC.",,,QBJ,DEXCOM G6 CONTINUOUS GLUCOSE MONITORING SYSTEM,K0554,Ther cgm receiver/monitor,cgm_receiver,medium,0,0
3004753838-2020-039579,2020-04-07,Malfunction,"DEXCOM, INC.",,,QBJ,DEXCOM G6 CONTINUOUS GLUCOSE MONITORING SYSTEM,K0553,Ther cgm supply allowance,cgm_supply,medium,0,0
3004753838-2020-038982,2020-04-07,Malfunction,"DEXCOM, INC.",,,QBJ,DEXCOM G6 CONTINUOUS GLUCOSE MONITORING SYSTEM,K0553,Ther cgm supply allowance,cgm_supply,medium,0,0
3004753838-2020-038982,2020-04-07,Malfunction,"DEXCOM, INC.",,,QBJ,DEXCOM G6 CONTINUOUS GLUCOSE MONITORING SYSTEM,K0554,Ther cgm receiver/monitor,cgm_receiver,medium,0,0
3004753838-2020-039113,2020-04-07,Malfunction,"DEXCOM, INC.",,,QBJ,DEXCOM G6 CONTINUOUS GLUCOSE MONITORING SYSTEM,K0554,Ther cgm receiver/monitor,cgm_receiver,medium,0,0
3004753838-2020-038865,2020-04-07,Malfunction,"DEXCOM, INC.",,,QBJ,DEXCOM G6 CONTINUOUS GLUCOSE MONITORING SYSTEM,K0553,Ther cgm supply allowance,cgm_supply,medium,0,0
3004753838-2020-038865,2020-04-07,Malfunction,"DEXCOM, INC.",,,QBJ,DEXCOM G6 CONTINUOUS GLUCOSE MONITORING SYSTEM,K0554,Ther cgm receiver/monitor,cgm_receiver,medium,0,0
3004753838-2020-039560,2020-04-07,Malfunction,"DEXCOM, INC.",,,QBJ,DEXCOM G6 CONTINUOUS GLUCOSE MONITORING SYSTEM,K0554,Ther cgm receiver/monitor,cgm_receiver,medium,0,0
3004753838-2020-039560,2020-04-07,Malfunction,"DEXCOM, INC.",,,QBJ,DEXCOM G6 CONTINUOUS GLUCOSE MONITORING SYSTEM,K0553,Ther cgm supply allowance,cgm_supply,medium,0,0
3004753838-2020-39563,2020-04-07,Malfunction,"DEXCOM, INC.",,,QBJ,DEXCOM G6 CONTINUOUS GLUCOSE MONITORING SYSTEM,K0554,Ther cgm receiver/monitor,cgm_receiver,medium,0,0
3004753838-2020-39563,2020-04-07,Malfunction,"DEXCOM, INC.",,,QBJ,DEXCOM G6 CONTINUOUS GLUCOSE MONITORING SYSTEM,K0553,Ther cgm supply allowance,cgm_supply,medium,0,0
3004753838-2020-38917,2020-04-07,Malfunction,"DEXCOM, INC.",,,QBJ,DEXCOM G6 CONTINUOUS GLUCOSE MONITORING SYSTEM,K0553,Ther cgm supply allowance,cgm_supply,medium,0,0
3004753838-2020-38917,2020-04-07,Malfunction,"DEXCOM, INC.",,,QBJ,DEXCOM G6 CONTINUOUS GLUCOSE MONITORING SYSTEM,K0554,Ther cgm receiver/monitor,cgm_receiver,medium,0,0
3008973940-2020-00990,2020-04-07,Injury,MEDTRONIC SINGAPORE OPERATIONS,,,DTB,CAPSUREFIX NOVUS LEAD MRI SURESCAN,C1785,"Pmkr, dual, rate-resp",pacemaker_dual_chamber,high,0,0
3008973940-2020-00990,2020-04-07,Injury,MEDTRONIC SINGAPORE OPERATIONS,,,DTB,CAPSUREFIX NOVUS LEAD MRI SURESCAN,C1786,"Pmkr, single, rate-resp",pacemaker_single_chamber,high,0,0
3013756811-2020-40992,2020-04-07,Malfunction,"DEXCOM, INC.",,,QBJ,DEXCOM G6 CONTINUOUS GLUCOSE MONITORING SYSTEM,K0553,Ther cgm supply allowance,cgm_supply,medium,0,0
3013756811-2020-40992,2020-04-07,Malfunction,"DEXCOM, INC.",,,QBJ,DEXCOM G6 CONTINUOUS GLUCOSE MONITORING SYSTEM,K0554,Ther cgm receiver/monitor,cgm_receiver,medium,0,0
3013756811-2020-40940,2020-04-07,Malfunction,"DEXCOM, INC.",,,QBJ,DEXCOM G6 CONTINUOUS GLUCOSE MONITORING SYSTEM,K0553,Ther cgm supply allowance,cgm_supply,medium,0,0
3004753838-2020-39035,2020-04-07,Malfunction,"DEXCOM, INC.",,,QBJ,DEXCOM G6 CONTINUOUS GLUCOSE MONITORING SYSTEM,K0553,Ther cgm supply allowance,cgm_supply,medium,0,0
3004753838-2020-39035,2020-04-07,Malfunction,"DEXCOM, INC.",,,QBJ,DEXCOM G6 CONTINUOUS GLUCOSE MONITORING SYSTEM,K0554,Ther cgm receiver/monitor,cgm_receiver,medium,0,0
3013756811-2020-40940,2020-04-07,Malfunction,"DEXCOM, INC.",,,QBJ,DEXCOM G6 CONTINUOUS GLUCOSE MONITORING SYSTEM,K0554,Ther cgm receiver/monitor,cgm_receiver,medium,0,0
3004753838-2020-039669,2020-04-07,Malfunction,"DEXCOM, INC.",,,QBJ,DEXCOM G6 CONTINUOUS GLUCOSE MONITORING SYSTEM,K0553,Ther cgm supply allowance,cgm_supply,medium,0,0
3004753838-2020-39034,2020-04-07,Malfunction,"DEXCOM, INC.",,,QBJ,DEXCOM G6 CONTINUOUS GLUCOSE MONITORING SYSTEM,K0553,Ther cgm supply allowance,cgm_supply,medium,0,0
3004753838-2020-39034,2020-04-07,Malfunction,"DEXCOM, INC.",,,QBJ,DEXCOM G6 CONTINUOUS GLUCOSE MONITORING SYSTEM,K0554,Ther cgm receiver/monitor,cgm_receiver,medium,0,0
3004753838-2020-039669,2020-04-07,Malfunction,"DEXCOM, INC.",,,QBJ,DEXCOM G6 CONTINUOUS GLUCOSE MONITORING SYSTEM,K0554,Ther cgm receiver/monitor,cgm_receiver,medium,0,0
3004753838-2020-39047,2020-04-07,Malfunction,"DEXCOM, INC.",,,QBJ,DEXCOM G6 CONTINUOUS GLUCOSE MONITORING SYSTEM,K0553,Ther cgm supply allowance,cgm_supply,medium,0,0
3004753838-2020-39047,2020-04-07,Malfunction,"DEXCOM, INC.",,,QBJ,DEXCOM G6 CONTINUOUS GLUCOSE MONITORING SYSTEM,K0554,Ther cgm receiver/monitor,cgm_receiver,medium,0,0
3004753838-2020-39666,2020-04-07,Malfunction,"DEXCOM, INC.",,,QBJ,DEXCOM G6 CONTINUOUS GLUCOSE MONITORING SYSTEM,K0553,Ther cgm supply allowance,cgm_supply,medium,0,0
3004753838-2020-39666,2020-04-07,Malfunction,"DEXCOM, INC.",,,QBJ,DEXCOM G6 CONTINUOUS GLUCOSE MONITORING SYSTEM,K0554,Ther cgm receiver/monitor,cgm_receiver,medium,0,0
3013756811-2020-40575,2020-04-07,Malfunction,"DEXCOM, INC.",,,QBJ,DEXCOM G6 CONTINUOUS GLUCOSE MONITORING SYSTEM,K0554,Ther cgm receiver/monitor,cgm_receiver,medium,0,0
3013756811-2020-40575,2020-04-07,Malfunction,"DEXCOM, INC.",,,QBJ,DEXCOM G6 CONTINUOUS GLUCOSE MONITORING SYSTEM,K0553,Ther cgm supply allowance,cgm_supply,medium,0,0
3004464228-2020-06075,2020-04-07,Malfunction,INSULET CORPORATION,,,LZG,OMNIPOD INSULIN PUMP,E0784,Ext amb infusn pump insulin,insulin_pump,high,0,0
2649622-2020-08295,2020-04-07,Injury,MPRI,,,DTB,CAPSUREFIX NOVUS MRI SURESCAN,C1785,"Pmkr, dual, rate-resp",pacemaker_dual_chamber,high,0,0
2649622-2020-08295,2020-04-07,Injury,MPRI,,,DTB,CAPSUREFIX NOVUS MRI SURESCAN,C1786,"Pmkr, single, rate-resp",pacemaker_single_chamber,high,0,0
2649622-2020-08296,2020-04-07,Injury,MPRI,,,DTB,CAPSUREFIX NOVUS MRI SURESCAN,C1785,"Pmkr, dual, rate-resp",pacemaker_dual_chamber,high,0,0
2649622-2020-08296,2020-04-07,Injury,MPRI,,,DTB,CAPSUREFIX NOVUS MRI SURESCAN,C1786,"Pmkr, single, rate-resp",pacemaker_single_chamber,high,0,0
2649622-2020-08300,2020-04-07,Malfunction,MPRI,,,DTB,CAPSUREFIX NOVUS LEAD MRI SURESCAN,C1785,"Pmkr, dual, rate-resp",pacemaker_dual_chamber,high,0,0
2649622-2020-08300,2020-04-07,Malfunction,MPRI,,,DTB,CAPSUREFIX NOVUS LEAD MRI SURESCAN,C1786,"Pmkr, single, rate-resp",pacemaker_single_chamber,high,0,0
2649622-2020-08307,2020-04-07,Injury,MPRI,,,DTB,CAPSUREFIX NOVUS LEAD MRI SURESCAN,C1785,"Pmkr, dual, rate-resp",pacemaker_dual_chamber,high,0,0
2649622-2020-08307,2020-04-07,Injury,MPRI,,,DTB,CAPSUREFIX NOVUS LEAD MRI SURESCAN,C1786,"Pmkr, single, rate-resp",pacemaker_single_chamber,high,0,0
3008973940-2020-00983,2020-04-07,Injury,MEDTRONIC SINGAPORE OPERATIONS,,,DTB,CAPSUREFIX NOVUS LEAD MRI SURESCAN,C1785,"Pmkr, dual, rate-resp",pacemaker_dual_chamber,high,0,0
3008973940-2020-00983,2020-04-07,Injury,MEDTRONIC SINGAPORE OPERATIONS,,,DTB,CAPSUREFIX NOVUS LEAD MRI SURESCAN,C1786,"Pmkr, single, rate-resp",pacemaker_single_chamber,high,0,0
3013756811-2020-40437,2020-04-07,Malfunction,"DEXCOM, INC.",,,QBJ,DEXCOM G6 CONTINUOUS GLUCOSE MONITORING SYSTEM,K0554,Ther cgm receiver/monitor,cgm_receiver,medium,0,0
3013756811-2020-40437,2020-04-07,Malfunction,"DEXCOM, INC.",,,QBJ,DEXCOM G6 CONTINUOUS GLUCOSE MONITORING SYSTEM,K0553,Ther cgm supply allowance,cgm_supply,medium,0,0
2938836-2020-02850,2020-04-07,Injury,"ST. JUDE MEDICAL, INC.(CRM-SUNNYVALE)",,,LWS,"FORTIFY ASSURA VR ICD, US",C1721,"Aicd, dual chamber",icd_dual_chamber,high,0,0
2938836-2020-02850,2020-04-07,Injury,"ST. JUDE MEDICAL, INC.(CRM-SUNNYVALE)",,,LWS,"FORTIFY ASSURA VR ICD, US",C1722,"Aicd, single chamber",icd_single_chamber,high,0,0
2938836-2020-02850,2020-04-07,Injury,"ST. JUDE MEDICAL, INC.(CRM-SUNNYVALE)",,,LWS,"FORTIFY ASSURA VR ICD, US",C1887,"Catheter, guiding",ep_catheter_guiding,medium,0,0
3013756811-2020-41414,2020-04-07,Malfunction,TANDEM DIABETES CARE,,,LZG,T:SLIM X2 INSULIN PUMP,E0784,Ext amb infusn pump insulin,insulin_pump,high,0,0
3004209178-2020-07835,2020-04-07,Injury,MEDTRONIC PUERTO RICO OPERATIONS CO.,,,LWS,EVERA¿ XT DR,C1887,"Catheter, guiding",ep_catheter_guiding,medium,0,0
3004753838-2020-038816,2020-04-07,Malfunction,"DEXCOM, INC.",,,QBJ,DEXCOM G6 CONTINUOUS GLUCOSE MONITORING SYSTEM,K0553,Ther cgm supply allowance,cgm_supply,medium,0,0
3004753838-2020-038816,2020-04-07,Malfunction,"DEXCOM, INC.",,,QBJ,DEXCOM G6 CONTINUOUS GLUCOSE MONITORING SYSTEM,K0554,Ther cgm receiver/monitor,cgm_receiver,medium,0,0
3013756811-2020-42293,2020-04-07,Malfunction,TANDEM DIABETES CARE,,,LZG,T:SLIM X2 INSULIN PUMP,E0784,Ext amb infusn pump insulin,insulin_pump,high,0,0
3004753838-2020-038820,2020-04-07,Malfunction,"DEXCOM, INC.",,,QBJ,DEXCOM G6 CONTINUOUS GLUCOSE MONITORING SYSTEM,K0553,Ther cgm supply allowance,cgm_supply,medium,0,0
3004753838-2020-038820,2020-04-07,Malfunction,"DEXCOM, INC.",,,QBJ,DEXCOM G6 CONTINUOUS GLUCOSE MONITORING SYSTEM,K0554,Ther cgm receiver/monitor,cgm_receiver,medium,0,0
3004753838-2020-039450,2020-04-07,Malfunction,"DEXCOM, INC.",,,QBJ,DEXCOM G6 CONTINUOUS GLUCOSE MONITORING SYSTEM,K0554,Ther cgm receiver/monitor,cgm_receiver,medium,0,0
3004753838-2020-039450,2020-04-07,Malfunction,"DEXCOM, INC.",,,QBJ,DEXCOM G6 CONTINUOUS GLUCOSE MONITORING SYSTEM,K0553,Ther cgm supply allowance,cgm_supply,medium,0,0
2182208-2020-00813,2020-04-07,Injury,"MEDTRONIC, INC.",,,DTB,CAPSURE EPICARDIAL LEAD,C1785,"Pmkr, dual, rate-resp",pacemaker_dual_chamber,high,0,0
2182208-2020-00813,2020-04-07,Injury,"MEDTRONIC, INC.",,,DTB,CAPSURE EPICARDIAL LEAD,C1786,"Pmkr, single, rate-resp",pacemaker_single_chamber,high,0,0
3004753838-2020-039410,2020-04-07,Malfunction,"DEXCOM, INC.",,,QBJ,DEXCOM G6 CONTINUOUS GLUCOSE MONITORING SYSTEM,K0554,Ther cgm receiver/monitor,cgm_receiver,medium,0,0
3004753838-2020-039410,2020-04-07,Malfunction,"DEXCOM, INC.",,,QBJ,DEXCOM G6 CONTINUOUS GLUCOSE MONITORING SYSTEM,K0553,Ther cgm supply allowance,cgm_supply,medium,0,0
3004753838-2020-39433,2020-04-07,Malfunction,"DEXCOM, INC.",,,QBJ,DEXCOM G6 CONTINUOUS GLUCOSE MONITORING SYSTEM,K0554,Ther cgm receiver/monitor,cgm_receiver,medium,0,0
3004753838-2020-39433,2020-04-07,Malfunction,"DEXCOM, INC.",,,QBJ,DEXCOM G6 CONTINUOUS GLUCOSE MONITORING SYSTEM,K0553,Ther cgm supply allowance,cgm_supply,medium,0,0
3004753838-2020-039411,2020-04-07,Malfunction,"DEXCOM, INC.",,,QBJ,DEXCOM G6 CONTINUOUS GLUCOSE MONITORING SYSTEM,K0554,Ther cgm receiver/monitor,cgm_receiver,medium,0,0
3004753838-2020-039411,2020-04-07,Malfunction,"DEXCOM, INC.",,,QBJ,DEXCOM G6 CONTINUOUS GLUCOSE MONITORING SYSTEM,K0553,Ther cgm supply allowance,cgm_supply,medium,0,0
3004753838-2020-039693,2020-04-07,Malfunction,"DEXCOM, INC.",,,QBJ,DEXCOM G6 CONTINUOUS GLUCOSE MONITORING SYSTEM,K0553,Ther cgm supply allowance,cgm_supply,medium,0,0
3004753838-2020-039693,2020-04-07,Malfunction,"DEXCOM, INC.",,,QBJ,DEXCOM G6 CONTINUOUS GLUCOSE MONITORING SYSTEM,K0554,Ther cgm receiver/monitor,cgm_receiver,medium,0,0
3004209178-2020-07835,2020-04-07,Injury,MEDTRONIC PUERTO RICO OPERATIONS CO.,,,LWS,EVERA¿ XT DR,C1722,"Aicd, single chamber",icd_single_chamber,high,0,0
3004209178-2020-07835,2020-04-07,Injury,MEDTRONIC PUERTO RICO OPERATIONS CO.,,,LWS,EVERA¿ XT DR,C1721,"Aicd, dual chamber",icd_dual_chamber,high,0,0
3004753838-2020-39385,2020-04-07,Malfunction,"DEXCOM, INC.",,,QBJ,DEXCOM G6 CONTINUOUS GLUCOSE MONITORING SYSTEM,K0554,Ther cgm receiver/monitor,cgm_receiver,medium,0,0
3004753838-2020-39385,2020-04-07,Malfunction,"DEXCOM, INC.",,,QBJ,DEXCOM G6 CONTINUOUS GLUCOSE MONITORING SYSTEM,K0553,Ther cgm supply allowance,cgm_supply,medium,0,0
3013756811-2020-40720,2020-04-07,Malfunction,"DEXCOM, INC.",,,QBJ,DEXCOM G6 CONTINUOUS GLUCOSE MONITORING SYSTEM,K0553,Ther cgm supply allowance,cgm_supply,medium,0,0
3013756811-2020-40720,2020-04-07,Malfunction,"DEXCOM, INC.",,,QBJ,DEXCOM G6 CONTINUOUS GLUCOSE MONITORING SYSTEM,K0554,Ther cgm receiver/monitor,cgm_receiver,medium,0,0
3004753838-2020-039369,2020-04-07,Malfunction,"DEXCOM, INC.",,,QBJ,DEXCOM G6 CONTINUOUS GLUCOSE MONITORING SYSTEM,K0554,Ther cgm receiver/monitor,cgm_receiver,medium,0,0
3004753838-2020-039369,2020-04-07,Malfunction,"DEXCOM, INC.",,,QBJ,DEXCOM G6 CONTINUOUS GLUCOSE MONITORING SYSTEM,K0553,Ther cgm supply allowance,cgm_supply,medium,0,0
3004753838-2020-039706,2020-04-07,Malfunction,"DEXCOM, INC.",,,QBJ,DEXCOM G6 CONTINUOUS GLUCOSE MONITORING SYSTEM,K0553,Ther cgm supply allowance,cgm_supply,medium,0,0
3013756811-2020-42462,2020-04-07,Malfunction,TANDEM DIABETES CARE,,,LZG,T:SLIM X2 INSULIN PUMP,E0784,Ext amb infusn pump insulin,insulin_pump,high,0,0
3004753838-2020-039272,2020-04-07,Injury,"DEXCOM, INC.",,,QBJ,DEXCOM G6 CONTINUOUS GLUCOSE MONITORING SYSTEM,K0554,Ther cgm receiver/monitor,cgm_receiver,medium,0,0
3004753838-2020-039272,2020-04-07,Injury,"DEXCOM, INC.",,,QBJ,DEXCOM G6 CONTINUOUS GLUCOSE MONITORING SYSTEM,K0553,Ther cgm supply allowance,cgm_supply,medium,0,0
3004753838-2020-039706,2020-04-07,Malfunction,"DEXCOM, INC.",,,QBJ,DEXCOM G6 CONTINUOUS GLUCOSE MONITORING SYSTEM,K0554,Ther cgm receiver/monitor,cgm_receiver,medium,0,0
3004753838-2020-038821,2020-04-07,Malfunction,"DEXCOM, INC.",,,QBJ,DEXCOM G6 CONTINUOUS GLUCOSE MONITORING SYSTEM,K0553,Ther cgm supply allowance,cgm_supply,medium,0,0
3004753838-2020-038821,2020-04-07,Malfunction,"DEXCOM, INC.",,,QBJ,DEXCOM G6 CONTINUOUS GLUCOSE MONITORING SYSTEM,K0554,Ther cgm receiver/monitor,cgm_receiver,medium,0,0
3004753838-2020-38824,2020-04-07,Malfunction,"DEXCOM, INC.",,,QBJ,DEXCOM G6 CONTINUOUS GLUCOSE MONITORING SYSTEM,K0553,Ther cgm supply allowance,cgm_supply,medium,0,0
3004753838-2020-38824,2020-04-07,Malfunction,"DEXCOM, INC.",,,QBJ,DEXCOM G6 CONTINUOUS GLUCOSE MONITORING SYSTEM,K0554,Ther cgm receiver/monitor,cgm_receiver,medium,0,0
3004753838-2020-38828,2020-04-07,Malfunction,"DEXCOM, INC.",,,QBJ,DEXCOM G6 CONTINUOUS GLUCOSE MONITORING SYSTEM,K0553,Ther cgm supply allowance,cgm_supply,medium,0,0
3004753838-2020-38828,2020-04-07,Malfunction,"DEXCOM, INC.",,,QBJ,DEXCOM G6 CONTINUOUS GLUCOSE MONITORING SYSTEM,K0554,Ther cgm receiver/monitor,cgm_receiver,medium,0,0
3013756811-2020-40726,2020-04-07,Malfunction,"DEXCOM, INC.",,,QBJ,DEXCOM G6 CONTINUOUS GLUCOSE MONITORING SYSTEM,K0553,Ther cgm supply allowance,cgm_supply,medium,0,0
3013756811-2020-40726,2020-04-07,Malfunction,"DEXCOM, INC.",,,QBJ,DEXCOM G6 CONTINUOUS GLUCOSE MONITORING SYSTEM,K0554,Ther cgm receiver/monitor,cgm_receiver,medium,0,0
2649622-2020-08333,2020-04-07,Injury,MPRI,,,DTB,CAPSUREFIX NOVUS LEAD MRI SURESCAN,C1785,"Pmkr, dual, rate-resp",pacemaker_dual_chamber,high,0,0
2649622-2020-08333,2020-04-07,Injury,MPRI,,,DTB,CAPSUREFIX NOVUS LEAD MRI SURESCAN,C1786,"Pmkr, single, rate-resp",pacemaker_single_chamber,high,0,0
3004753838-2020-038896,2020-04-07,Malfunction,"DEXCOM, INC.",,,QBJ,DEXCOM G6 CONTINUOUS GLUCOSE MONITORING SYSTEM,K0553,Ther cgm supply allowance,cgm_supply,medium,0,0
3004753838-2020-038896,2020-04-07,Malfunction,"DEXCOM, INC.",,,QBJ,DEXCOM G6 CONTINUOUS GLUCOSE MONITORING SYSTEM,K0554,Ther cgm receiver/monitor,cgm_receiver,medium,0,0
3004753838-2020-38833,2020-04-07,Malfunction,"DEXCOM, INC.",,,QBJ,DEXCOM G6 CONTINUOUS GLUCOSE MONITORING SYSTEM,K0553,Ther cgm supply allowance,cgm_supply,medium,0,0
3004753838-2020-38833,2020-04-07,Malfunction,"DEXCOM, INC.",,,QBJ,DEXCOM G6 CONTINUOUS GLUCOSE MONITORING SYSTEM,K0554,Ther cgm receiver/monitor,cgm_receiver,medium,0,0
3011393376-2020-01543,2020-04-07,Malfunction,"ROCHE DIABETES CARE, INC.",,,LZG,ACCU-CHEK ® SPIRIT COMBO,E0784,Ext amb infusn pump insulin,insulin_pump,high,0,0
3004753838-2020-039361,2020-04-07,Malfunction,"DEXCOM, INC.",,,QBJ,DEXCOM G6 CONTINUOUS GLUCOSE MONITORING SYSTEM,K0554,Ther cgm receiver/monitor,cgm_receiver,medium,0,0
3004753838-2020-039361,2020-04-07,Malfunction,"DEXCOM, INC.",,,QBJ,DEXCOM G6 CONTINUOUS GLUCOSE MONITORING SYSTEM,K0553,Ther cgm supply allowance,cgm_supply,medium,0,0
3004753838-2020-038836,2020-04-07,Malfunction,"DEXCOM, INC.",,,QBJ,DEXCOM G6 CONTINUOUS GLUCOSE MONITORING SYSTEM,K0553,Ther cgm supply allowance,cgm_supply,medium,0,0
3004753838-2020-038836,2020-04-07,Malfunction,"DEXCOM, INC.",,,QBJ,DEXCOM G6 CONTINUOUS GLUCOSE MONITORING SYSTEM,K0554,Ther cgm receiver/monitor,cgm_receiver,medium,0,0
3008973940-2020-00986,2020-04-07,Malfunction,MEDTRONIC SINGAPORE OPERATIONS,,,DTB,CAPSUREFIX NOVUS LEAD MRI SURESCAN,C1785,"Pmkr, dual, rate-resp",pacemaker_dual_chamber,high,0,0
3008973940-2020-00986,2020-04-07,Malfunction,MEDTRONIC SINGAPORE OPERATIONS,,,DTB,CAPSUREFIX NOVUS LEAD MRI SURESCAN,C1786,"Pmkr, single, rate-resp",pacemaker_single_chamber,high,0,0
2649622-2020-08336,2020-04-07,Injury,MPRI,,,LWS,SPRINT QUATTRO SECURE S MRI SURESCAN,C1721,"Aicd, dual chamber",icd_dual_chamber,high,0,0
2649622-2020-08336,2020-04-07,Injury,MPRI,,,LWS,SPRINT QUATTRO SECURE S MRI SURESCAN,C1722,"Aicd, single chamber",icd_single_chamber,high,0,0
2649622-2020-08336,2020-04-07,Injury,MPRI,,,LWS,SPRINT QUATTRO SECURE S MRI SURESCAN,C1887,"Catheter, guiding",ep_catheter_guiding,medium,0,0
3004753838-2020-038786,2020-04-07,Malfunction,"DEXCOM, INC.",,,QBJ,DEXCOM G6 CONTINUOUS GLUCOSE MONITORING SYSTEM,K0553,Ther cgm supply allowance,cgm_supply,medium,0,0
3004753838-2020-038786,2020-04-07,Malfunction,"DEXCOM, INC.",,,QBJ,DEXCOM G6 CONTINUOUS GLUCOSE MONITORING SYSTEM,K0554,Ther cgm receiver/monitor,cgm_receiver,medium,0,0
3004753838-2020-39595,2020-04-07,Malfunction,"DEXCOM, INC.",,,QBJ,DEXCOM G6 CONTINUOUS GLUCOSE MONITORING SYSTEM,K0554,Ther cgm receiver/monitor,cgm_receiver,medium,0,0
3004753838-2020-039067,2020-04-07,Malfunction,"DEXCOM, INC.",,,QBJ,DEXCOM G6 CONTINUOUS GLUCOSE MONITORING SYSTEM,K0554,Ther cgm receiver/monitor,cgm_receiver,medium,0,0
3004753838-2020-39071,2020-04-07,Malfunction,"DEXCOM, INC.",,,QBJ,DEXCOM G6 CONTINUOUS GLUCOSE MONITORING SYSTEM,K0553,Ther cgm supply allowance,cgm_supply,medium,0,0
3004753838-2020-39071,2020-04-07,Malfunction,"DEXCOM, INC.",,,QBJ,DEXCOM G6 CONTINUOUS GLUCOSE MONITORING SYSTEM,K0554,Ther cgm receiver/monitor,cgm_receiver,medium,0,0
3013756811-2020-40401,2020-04-07,Malfunction,"DEXCOM, INC.",,,QBJ,DEXCOM G6 CONTINUOUS GLUCOSE MONITORING SYSTEM,K0553,Ther cgm supply allowance,cgm_supply,medium,0,0
3013756811-2020-40401,2020-04-07,Malfunction,"DEXCOM, INC.",,,QBJ,DEXCOM G6 CONTINUOUS GLUCOSE MONITORING SYSTEM,K0554,Ther cgm receiver/monitor,cgm_receiver,medium,0,0
3004753838-2020-38908,2020-04-07,Malfunction,"DEXCOM, INC.",,,QBJ,DEXCOM G6 CONTINUOUS GLUCOSE MONITORING SYSTEM,K0554,Ther cgm receiver/monitor,cgm_receiver,medium,0,0
3004753838-2020-38908,2020-04-07,Malfunction,"DEXCOM, INC.",,,QBJ,DEXCOM G6 CONTINUOUS GLUCOSE MONITORING SYSTEM,K0553,Ther cgm supply allowance,cgm_supply,medium,0,0
3004753838-2020-039092,2020-04-07,Malfunction,"DEXCOM, INC.",,,QBJ,DEXCOM G6 CONTINUOUS GLUCOSE MONITORING SYSTEM,K0553,Ther cgm supply allowance,cgm_supply,medium,0,0
3004753838-2020-039092,2020-04-07,Malfunction,"DEXCOM, INC.",,,QBJ,DEXCOM G6 CONTINUOUS GLUCOSE MONITORING SYSTEM,K0554,Ther cgm receiver/monitor,cgm_receiver,medium,0,0
3004753838-2020-039724,2020-04-07,Malfunction,"DEXCOM, INC.",,,QBJ,DEXCOM G6 CONTINUOUS GLUCOSE MONITORING SYSTEM,K0553,Ther cgm supply allowance,cgm_supply,medium,0,0
3004753838-2020-38869,2020-04-07,Malfunction,"DEXCOM, INC.",,,QBJ,DEXCOM G6 CONTINUOUS GLUCOSE MONITORING SYSTEM,K0554,Ther cgm receiver/monitor,cgm_receiver,medium,0,0
3004753838-2020-039724,2020-04-07,Malfunction,"DEXCOM, INC.",,,QBJ,DEXCOM G6 CONTINUOUS GLUCOSE MONITORING SYSTEM,K0554,Ther cgm receiver/monitor,cgm_receiver,medium,0,0
3004464228-2020-06008,2020-04-07,Malfunction,INSULET CORPORATION,,,LZG,OMNIPOD INSULIN MANAGEMENT SYSTEM,E0784,Ext amb infusn pump insulin,insulin_pump,high,0,0
3004753838-2020-038985,2020-04-07,Malfunction,"DEXCOM, INC.",,,QBJ,DEXCOM G6 CONTINUOUS GLUCOSE MONITORING SYSTEM,K0553,Ther cgm supply allowance,cgm_supply,medium,0,0
3004753838-2020-038985,2020-04-07,Malfunction,"DEXCOM, INC.",,,QBJ,DEXCOM G6 CONTINUOUS GLUCOSE MONITORING SYSTEM,K0554,Ther cgm receiver/monitor,cgm_receiver,medium,0,0
2649622-2020-08460,2020-04-07,Malfunction,MPRI,,,DTB,CAPSURE SENSE LEAD MRI SURESCAN,C1786,"Pmkr, single, rate-resp",pacemaker_single_chamber,high,0,0
2649622-2020-08460,2020-04-07,Malfunction,MPRI,,,DTB,CAPSURE SENSE LEAD MRI SURESCAN,C1785,"Pmkr, dual, rate-resp",pacemaker_dual_chamber,high,0,0
3004753838-2020-39107,2020-04-07,Malfunction,"DEXCOM, INC.",,,QBJ,DEXCOM G6 CONTINUOUS GLUCOSE MONITORING SYSTEM,K0553,Ther cgm supply allowance,cgm_supply,medium,0,0
3004753838-2020-39107,2020-04-07,Malfunction,"DEXCOM, INC.",,,QBJ,DEXCOM G6 CONTINUOUS GLUCOSE MONITORING SYSTEM,K0554,Ther cgm receiver/monitor,cgm_receiver,medium,0,0
2649622-2020-08458,2020-04-07,Injury,MPRI,,,DTB,CAPSUREFIX NOVUS LEAD MRI SURESCAN,C1786,"Pmkr, single, rate-resp",pacemaker_single_chamber,high,0,0
3004753838-2020-038877,2020-04-07,Malfunction,"DEXCOM, INC.",,,QBJ,DEXCOM G6 CONTINUOUS GLUCOSE MONITORING SYSTEM,K0553,Ther cgm supply allowance,cgm_supply,medium,0,0
3004753838-2020-39111,2020-04-07,Malfunction,"DEXCOM, INC.",,,QBJ,DEXCOM G6 CONTINUOUS GLUCOSE MONITORING SYSTEM,K0553,Ther cgm supply allowance,cgm_supply,medium,0,0
3004753838-2020-39111,2020-04-07,Malfunction,"DEXCOM, INC.",,,QBJ,DEXCOM G6 CONTINUOUS GLUCOSE MONITORING SYSTEM,K0554,Ther cgm receiver/monitor,cgm_receiver,medium,0,0
3004753838-2020-38898,2020-04-07,Malfunction,"DEXCOM, INC.",,,QBJ,DEXCOM G6 CONTINUOUS GLUCOSE MONITORING SYSTEM,K0554,Ther cgm receiver/monitor,cgm_receiver,medium,0,0
3004753838-2020-38898,2020-04-07,Malfunction,"DEXCOM, INC.",,,QBJ,DEXCOM G6 CONTINUOUS GLUCOSE MONITORING SYSTEM,K0553,Ther cgm supply allowance,cgm_supply,medium,0,0
3004753838-2020-038897,2020-04-07,Malfunction,"DEXCOM, INC.",,,QBJ,DEXCOM G6 CONTINUOUS GLUCOSE MONITORING SYSTEM,K0554,Ther cgm receiver/monitor,cgm_receiver,medium,0,0
3004753838-2020-038897,2020-04-07,Malfunction,"DEXCOM, INC.",,,QBJ,DEXCOM G6 CONTINUOUS GLUCOSE MONITORING SYSTEM,K0553,Ther cgm supply allowance,cgm_supply,medium,0,0
3004753838-2020-039129,2020-04-07,Malfunction,"DEXCOM, INC.",,,QBJ,DEXCOM G6 CONTINUOUS GLUCOSE MONITORING SYSTEM,K0553,Ther cgm supply allowance,cgm_supply,medium,0,0
3004753838-2020-039129,2020-04-07,Malfunction,"DEXCOM, INC.",,,QBJ,DEXCOM G6 CONTINUOUS GLUCOSE MONITORING SYSTEM,K0554,Ther cgm receiver/monitor,cgm_receiver,medium,0,0
3004753838-2020-039304,2020-04-07,Malfunction,"DEXCOM, INC.",,,QBJ,DEXCOM G6 CONTINUOUS GLUCOSE MONITORING SYSTEM,K0554,Ther cgm receiver/monitor,cgm_receiver,medium,0,0
3004753838-2020-039304,2020-04-07,Malfunction,"DEXCOM, INC.",,,QBJ,DEXCOM G6 CONTINUOUS GLUCOSE MONITORING SYSTEM,K0553,Ther cgm supply allowance,cgm_supply,medium,0,0
3004753838-2020-039143,2020-04-07,Malfunction,"DEXCOM, INC.",,,QBJ,DEXCOM G6 CONTINUOUS GLUCOSE MONITORING SYSTEM,K0553,Ther cgm supply allowance,cgm_supply,medium,0,0
3004753838-2020-039143,2020-04-07,Malfunction,"DEXCOM, INC.",,,QBJ,DEXCOM G6 CONTINUOUS GLUCOSE MONITORING SYSTEM,K0554,Ther cgm receiver/monitor,cgm_receiver,medium,0,0
3004753838-2020-039192,2020-04-07,Malfunction,"DEXCOM, INC.",,,QBJ,DEXCOM G6 CONTINUOUS GLUCOSE MONITORING SYSTEM,K0554,Ther cgm receiver/monitor,cgm_receiver,medium,0,0
3004753838-2020-039192,2020-04-07,Malfunction,"DEXCOM, INC.",,,QBJ,DEXCOM G6 CONTINUOUS GLUCOSE MONITORING SYSTEM,K0553,Ther cgm supply allowance,cgm_supply,medium,0,0
3004753838-2020-038894,2020-04-07,Malfunction,"DEXCOM, INC.",,,QBJ,DEXCOM G6 CONTINUOUS GLUCOSE MONITORING SYSTEM,K0554,Ther cgm receiver/monitor,cgm_receiver,medium,0,0
3004753838-2020-038894,2020-04-07,Malfunction,"DEXCOM, INC.",,,QBJ,DEXCOM G6 CONTINUOUS GLUCOSE MONITORING SYSTEM,K0553,Ther cgm supply allowance,cgm_supply,medium,0,0
3004753838-2020-038877,2020-04-07,Malfunction,"DEXCOM, INC.",,,QBJ,DEXCOM G6 CONTINUOUS GLUCOSE MONITORING SYSTEM,K0554,Ther cgm receiver/monitor,cgm_receiver,medium,0,0
2017865-2020-05459,2020-04-07,Injury,"ST. JUDE MEDICAL, INC.(CRM-SYLMAR)",,,NVY,"OPTISURE ACTIVE FIXATION, DF-4 CONNECTOR",C1779,"Lead, pmkr, transvenous vdd",pacemaker_lead_vdd,high,0,0
2649622-2020-08454,2020-04-07,Injury,MPRI,,,DTB,CAPSUREFIX NOVUS LEAD MRI SURESCAN,C1785,"Pmkr, dual, rate-resp",pacemaker_dual_chamber,high,0,0
3004753838-2020-039284,2020-04-07,Malfunction,"DEXCOM, INC.",,,QBJ,DEXCOM G6 CONTINUOUS GLUCOSE MONITORING SYSTEM,K0554,Ther cgm receiver/monitor,cgm_receiver,medium,0,0
3004753838-2020-039284,2020-04-07,Malfunction,"DEXCOM, INC.",,,QBJ,DEXCOM G6 CONTINUOUS GLUCOSE MONITORING SYSTEM,K0553,Ther cgm supply allowance,cgm_supply,medium,0,0
3004753838-2020-039171,2020-04-07,Malfunction,"DEXCOM, INC.",,,QBJ,DEXCOM G6 CONTINUOUS GLUCOSE MONITORING SYSTEM,K0553,Ther cgm supply allowance,cgm_supply,medium,0,0
3004753838-2020-039171,2020-04-07,Malfunction,"DEXCOM, INC.",,,QBJ,DEXCOM G6 CONTINUOUS GLUCOSE MONITORING SYSTEM,K0554,Ther cgm receiver/monitor,cgm_receiver,medium,0,0
3004753838-2020-38881,2020-04-07,Malfunction,"DEXCOM, INC.",,,QBJ,DEXCOM G6 CONTINUOUS GLUCOSE MONITORING SYSTEM,K0554,Ther cgm receiver/monitor,cgm_receiver,medium,0,0
3004753838-2020-38881,2020-04-07,Malfunction,"DEXCOM, INC.",,,QBJ,DEXCOM G6 CONTINUOUS GLUCOSE MONITORING SYSTEM,K0553,Ther cgm supply allowance,cgm_supply,medium,0,0
2649622-2020-08454,2020-04-07,Injury,MPRI,,,DTB,CAPSUREFIX NOVUS LEAD MRI SURESCAN,C1786,"Pmkr, single, rate-resp",pacemaker_single_chamber,high,0,0
2649622-2020-08457,2020-04-07,Injury,MPRI,,,DTB,CAPSUREFIX NOVUS LEAD MRI SURESCAN,C1785,"Pmkr, dual, rate-resp",pacemaker_dual_chamber,high,0,0
3008973940-2020-00995,2020-04-07,Injury,MEDTRONIC SINGAPORE OPERATIONS,,,DTB,CAPSUREFIX NOVUS LEAD MRI SURESCAN,C1785,"Pmkr, dual, rate-resp",pacemaker_dual_chamber,high,0,0
3008973940-2020-00995,2020-04-07,Injury,MEDTRONIC SINGAPORE OPERATIONS,,,DTB,CAPSUREFIX NOVUS LEAD MRI SURESCAN,C1786,"Pmkr, single, rate-resp",pacemaker_single_chamber,high,0,0
2649622-2020-08376,2020-04-07,Malfunction,MPRI,,,DTB,CAPSUREFIX NOVUS LEAD MRI SURESCAN,C1786,"Pmkr, single, rate-resp",pacemaker_single_chamber,high,0,0
2649622-2020-08376,2020-04-07,Malfunction,MPRI,,,DTB,CAPSUREFIX NOVUS LEAD MRI SURESCAN,C1785,"Pmkr, dual, rate-resp",pacemaker_dual_chamber,high,0,0
2182208-2020-00820,2020-04-07,Injury,"MEDTRONIC, INC.",,,DTB,CAPSURE SP,C1786,"Pmkr, single, rate-resp",pacemaker_single_chamber,high,0,0
2182208-2020-00820,2020-04-07,Injury,"MEDTRONIC, INC.",,,DTB,CAPSURE SP,C1785,"Pmkr, dual, rate-resp",pacemaker_dual_chamber,high,0,0
3004753838-2020-039685,2020-04-07,Malfunction,"DEXCOM, INC.",,,QBJ,DEXCOM G6 CONTINUOUS GLUCOSE MONITORING SYSTEM,K0553,Ther cgm supply allowance,cgm_supply,medium,0,0
2649622-2020-08457,2020-04-07,Injury,MPRI,,,DTB,CAPSUREFIX NOVUS LEAD MRI SURESCAN,C1786,"Pmkr, single, rate-resp",pacemaker_single_chamber,high,0,0
2649622-2020-08458,2020-04-07,Injury,MPRI,,,DTB,CAPSUREFIX NOVUS LEAD MRI SURESCAN,C1785,"Pmkr, dual, rate-resp",pacemaker_dual_chamber,high,0,0
3004753838-2020-039685,2020-04-07,Malfunction,"DEXCOM, INC.",,,QBJ,DEXCOM G6 CONTINUOUS GLUCOSE MONITORING SYSTEM,K0554,Ther cgm receiver/monitor,cgm_receiver,medium,0,0
3004753838-2020-039675,2020-04-07,Malfunction,"DEXCOM, INC.",,,QBJ,DEXCOM G6 CONTINUOUS GLUCOSE MONITORING SYSTEM,K0553,Ther cgm supply allowance,cgm_supply,medium,0,0
3004753838-2020-039675,2020-04-07,Malfunction,"DEXCOM, INC.",,,QBJ,DEXCOM G6 CONTINUOUS GLUCOSE MONITORING SYSTEM,K0554,Ther cgm receiver/monitor,cgm_receiver,medium,0,0
3004753838-2020-039236,2020-04-07,Malfunction,"DEXCOM, INC.",,,QBJ,DEXCOM G6 CONTINUOUS GLUCOSE MONITORING SYSTEM,K0553,Ther cgm supply allowance,cgm_supply,medium,0,0
3004753838-2020-039236,2020-04-07,Malfunction,"DEXCOM, INC.",,,QBJ,DEXCOM G6 CONTINUOUS GLUCOSE MONITORING SYSTEM,K0554,Ther cgm receiver/monitor,cgm_receiver,medium,0,0
3004753838-2020-039619,2020-04-07,Malfunction,"DEXCOM, INC.",,,QBJ,DEXCOM G6 CONTINUOUS GLUCOSE MONITORING SYSTEM,K0553,Ther cgm supply allowance,cgm_supply,medium,0,0
3004753838-2020-38869,2020-04-07,Malfunction,"DEXCOM, INC.",,,QBJ,DEXCOM G6 CONTINUOUS GLUCOSE MONITORING SYSTEM,K0553,Ther cgm supply allowance,cgm_supply,medium,0,0
3004753838-2020-039113,2020-04-07,Malfunction,"DEXCOM, INC.",,,QBJ,DEXCOM G6 CONTINUOUS GLUCOSE MONITORING SYSTEM,K0553,Ther cgm supply allowance,cgm_supply,medium,0,0
3004753838-2020-039322,2020-04-06,Malfunction,"DEXCOM, INC.",,,QBJ,DEXCOM G6 CONTINUOUS GLUCOSE MONITORING SYSTEM,K0554,Ther cgm receiver/monitor,cgm_receiver,medium,0,0
3004753838-2020-38883,2020-04-06,Malfunction,"DEXCOM, INC.",,,QBJ,DEXCOM G6 CONTINUOUS GLUCOSE MONITORING SYSTEM,K0553,Ther cgm supply allowance,cgm_supply,medium,0,0
3004753838-2020-38883,2020-04-06,Malfunction,"DEXCOM, INC.",,,QBJ,DEXCOM G6 CONTINUOUS GLUCOSE MONITORING SYSTEM,K0554,Ther cgm receiver/monitor,cgm_receiver,medium,0,0
3004753838-2020-38895,2020-04-06,Malfunction,"DEXCOM, INC.",,,QBJ,DEXCOM G6 CONTINUOUS GLUCOSE MONITORING SYSTEM,K0553,Ther cgm supply allowance,cgm_supply,medium,0,0
3004753838-2020-38895,2020-04-06,Malfunction,"DEXCOM, INC.",,,QBJ,DEXCOM G6 CONTINUOUS GLUCOSE MONITORING SYSTEM,K0554,Ther cgm receiver/monitor,cgm_receiver,medium,0,0
3013756811-2020-40741,2020-04-06,Malfunction,"DEXCOM, INC.",,,QBJ,DEXCOM G6 CONTINUOUS GLUCOSE MONITORING SYSTEM,K0553,Ther cgm supply allowance,cgm_supply,medium,0,0
3013756811-2020-40741,2020-04-06,Malfunction,"DEXCOM, INC.",,,QBJ,DEXCOM G6 CONTINUOUS GLUCOSE MONITORING SYSTEM,K0554,Ther cgm receiver/monitor,cgm_receiver,medium,0,0
2649622-2020-08346,2020-04-06,Injury,MPRI,,,LWS,SPRINT QUATTRO SECURE MRI SURESCAN,C1721,"Aicd, dual chamber",icd_dual_chamber,high,0,0
2649622-2020-08346,2020-04-06,Injury,MPRI,,,LWS,SPRINT QUATTRO SECURE MRI SURESCAN,C1722,"Aicd, single chamber",icd_single_chamber,high,0,0
2649622-2020-08346,2020-04-06,Injury,MPRI,,,LWS,SPRINT QUATTRO SECURE MRI SURESCAN,C1887,"Catheter, guiding",ep_catheter_guiding,medium,0,0
3004753838-2020-039169,2020-04-06,Malfunction,"DEXCOM, INC.",,,QBJ,DEXCOM G6 CONTINUOUS GLUCOSE MONITORING SYSTEM,K0553,Ther cgm supply allowance,cgm_supply,medium,0,0
3004753838-2020-039169,2020-04-06,Malfunction,"DEXCOM, INC.",,,QBJ,DEXCOM G6 CONTINUOUS GLUCOSE MONITORING SYSTEM,K0554,Ther cgm receiver/monitor,cgm_receiver,medium,0,0
3004753838-2020-038923,2020-04-06,Malfunction,"DEXCOM, INC.",,,QBJ,DEXCOM G6 CONTINUOUS GLUCOSE MONITORING SYSTEM,K0553,Ther cgm supply allowance,cgm_supply,medium,0,0
3004753838-2020-038923,2020-04-06,Malfunction,"DEXCOM, INC.",,,QBJ,DEXCOM G6 CONTINUOUS GLUCOSE MONITORING SYSTEM,K0554,Ther cgm receiver/monitor,cgm_receiver,medium,0,0
3004753838-2020-038921,2020-04-06,Malfunction,"DEXCOM, INC.",,,QBJ,DEXCOM G6 CONTINUOUS GLUCOSE MONITORING SYSTEM,K0553,Ther cgm supply allowance,cgm_supply,medium,0,0
3004753838-2020-038921,2020-04-06,Malfunction,"DEXCOM, INC.",,,QBJ,DEXCOM G6 CONTINUOUS GLUCOSE MONITORING SYSTEM,K0554,Ther cgm receiver/monitor,cgm_receiver,medium,0,0
3013756811-2020-39885,2020-04-06,Malfunction,TANDEM DIABETES CARE,,,LZG,T:SLIM INSULIN DELIVERY SYSTEM,E0784,Ext amb infusn pump insulin,insulin_pump,high,0,0
3013756811-2020-40427,2020-04-06,Malfunction,"DEXCOM, INC.",,,QBJ,DEXCOM G6 CONTINUOUS GLUCOSE MONITORING SYSTEM,K0553,Ther cgm supply allowance,cgm_supply,medium,0,0
3013756811-2020-40427,2020-04-06,Malfunction,"DEXCOM, INC.",,,QBJ,DEXCOM G6 CONTINUOUS GLUCOSE MONITORING SYSTEM,K0554,Ther cgm receiver/monitor,cgm_receiver,medium,0,0
3013756811-2020-40861,2020-04-06,Malfunction,TANDEM DIABETES CARE,,,LZG,T:SLIM INSULIN DELIVERY SYSTEM,E0784,Ext amb infusn pump insulin,insulin_pump,high,0,0
3004753838-2020-038965,2020-04-06,Malfunction,"DEXCOM, INC.",,,QBJ,DEXCOM G6 CONTINUOUS GLUCOSE MONITORING SYSTEM,K0553,Ther cgm supply allowance,cgm_supply,medium,0,0
3004753838-2020-038965,2020-04-06,Malfunction,"DEXCOM, INC.",,,QBJ,DEXCOM G6 CONTINUOUS GLUCOSE MONITORING SYSTEM,K0554,Ther cgm receiver/monitor,cgm_receiver,medium,0,0
3011393376-2020-01526,2020-04-06,Malfunction,"ROCHE DIABETES CARE, INC.",,,LZG,ACCU-CHEK  SPIRIT COMBO,E0784,Ext amb infusn pump insulin,insulin_pump,high,0,0
3004753838-2020-039297,2020-04-06,Malfunction,"DEXCOM, INC.",,,QBJ,DEXCOM G6 CONTINUOUS GLUCOSE MONITORING SYSTEM,K0553,Ther cgm supply allowance,cgm_supply,medium,0,0
3004753838-2020-039297,2020-04-06,Malfunction,"DEXCOM, INC.",,,QBJ,DEXCOM G6 CONTINUOUS GLUCOSE MONITORING SYSTEM,K0554,Ther cgm receiver/monitor,cgm_receiver,medium,0,0
3004753838-2020-38889,2020-04-06,Malfunction,"DEXCOM, INC.",,,QBJ,DEXCOM G6 CONTINUOUS GLUCOSE MONITORING SYSTEM,K0553,Ther cgm supply allowance,cgm_supply,medium,0,0
3004753838-2020-38889,2020-04-06,Malfunction,"DEXCOM, INC.",,,QBJ,DEXCOM G6 CONTINUOUS GLUCOSE MONITORING SYSTEM,K0554,Ther cgm receiver/monitor,cgm_receiver,medium,0,0
3013756811-2020-42921,2020-04-06,Malfunction,"DEXCOM, INC.",,,QBJ,DEXCOM G6 CONTINUOUS GLUCOSE MONITORING SYSTEM,K0553,Ther cgm supply allowance,cgm_supply,medium,0,0
3013756811-2020-42921,2020-04-06,Malfunction,"DEXCOM, INC.",,,QBJ,DEXCOM G6 CONTINUOUS GLUCOSE MONITORING SYSTEM,K0554,Ther cgm receiver/monitor,cgm_receiver,medium,0,0
3013756811-2020-42369,2020-04-06,Malfunction,TANDEM DIABETES CARE,,,LZG,T:SLIM INSULIN DELIVERY SYSTEM,E0784,Ext amb infusn pump insulin,insulin_pump,high,0,0
3013756811-2020-40696,2020-04-06,Malfunction,"DEXCOM, INC.",,,QBJ,DEXCOM G6 CONTINUOUS GLUCOSE MONITORING SYSTEM,K0553,Ther cgm supply allowance,cgm_supply,medium,0,0
3013756811-2020-40696,2020-04-06,Malfunction,"DEXCOM, INC.",,,QBJ,DEXCOM G6 CONTINUOUS GLUCOSE MONITORING SYSTEM,K0554,Ther cgm receiver/monitor,cgm_receiver,medium,0,0
3004753838-2020-038984,2020-04-06,Malfunction,"DEXCOM, INC.",,,QBJ,DEXCOM G6 CONTINUOUS GLUCOSE MONITORING SYSTEM,K0553,Ther cgm supply allowance,cgm_supply,medium,0,0
3004753838-2020-038984,2020-04-06,Malfunction,"DEXCOM, INC.",,,QBJ,DEXCOM G6 CONTINUOUS GLUCOSE MONITORING SYSTEM,K0554,Ther cgm receiver/monitor,cgm_receiver,medium,0,0
3013756811-2020-41491,2020-04-06,Malfunction,"DEXCOM, INC.",,,QBJ,DEXCOM G6 CONTINUOUS GLUCOSE MONITORING SYSTEM,K0553,Ther cgm supply allowance,cgm_supply,medium,0,0
3013756811-2020-41491,2020-04-06,Malfunction,"DEXCOM, INC.",,,QBJ,DEXCOM G6 CONTINUOUS GLUCOSE MONITORING SYSTEM,K0554,Ther cgm receiver/monitor,cgm_receiver,medium,0,0
3013756811-2020-40428,2020-04-06,Malfunction,TANDEM DIABETES CARE,,,LZG,T:SLIM INSULIN DELIVERY SYSTEM,E0784,Ext amb infusn pump insulin,insulin_pump,high,0,0
3004753838-2020-39052,2020-04-06,Malfunction,"DEXCOM, INC.",,,QBJ,DEXCOM G6 CONTINUOUS GLUCOSE MONITORING SYSTEM,K0553,Ther cgm supply allowance,cgm_supply,medium,0,0
3004753838-2020-39052,2020-04-06,Malfunction,"DEXCOM, INC.",,,QBJ,DEXCOM G6 CONTINUOUS GLUCOSE MONITORING SYSTEM,K0554,Ther cgm receiver/monitor,cgm_receiver,medium,0,0
3004753838-2020-039056,2020-04-06,Malfunction,"DEXCOM, INC.",,,QBJ,DEXCOM G6 CONTINUOUS GLUCOSE MONITORING SYSTEM,K0553,Ther cgm supply allowance,cgm_supply,medium,0,0
3004753838-2020-039056,2020-04-06,Malfunction,"DEXCOM, INC.",,,QBJ,DEXCOM G6 CONTINUOUS GLUCOSE MONITORING SYSTEM,K0554,Ther cgm receiver/monitor,cgm_receiver,medium,0,0
3004753838-2020-39059,2020-04-06,Malfunction,"DEXCOM, INC.",,,QBJ,DEXCOM G6 CONTINUOUS GLUCOSE MONITORING SYSTEM,K0553,Ther cgm supply allowance,cgm_supply,medium,0,0
3004753838-2020-39059,2020-04-06,Malfunction,"DEXCOM, INC.",,,QBJ,DEXCOM G6 CONTINUOUS GLUCOSE MONITORING SYSTEM,K0554,Ther cgm receiver/monitor,cgm_receiver,medium,0,0
2649622-2020-08299,2020-04-06,Injury,MPRI,,,DTB,CAPSUREFIX NOVUS LEAD MRI SURESCAN,C1785,"Pmkr, dual, rate-resp",pacemaker_dual_chamber,high,0,0
2649622-2020-08299,2020-04-06,Injury,MPRI,,,DTB,CAPSUREFIX NOVUS LEAD MRI SURESCAN,C1786,"Pmkr, single, rate-resp",pacemaker_single_chamber,high,0,0
3013756811-2020-40680,2020-04-06,Malfunction,"DEXCOM, INC.",,,QBJ,DEXCOM G6 CONTINUOUS GLUCOSE MONITORING SYSTEM,K0553,Ther cgm supply allowance,cgm_supply,medium,0,0
3013756811-2020-40680,2020-04-06,Malfunction,"DEXCOM, INC.",,,QBJ,DEXCOM G6 CONTINUOUS GLUCOSE MONITORING SYSTEM,K0554,Ther cgm receiver/monitor,cgm_receiver,medium,0,0
2649622-2020-08320,2020-04-06,Injury,MPRI,,,DTB,CAPSUREFIX NOVUS MRI SURESCAN,C1785,"Pmkr, dual, rate-resp",pacemaker_dual_chamber,high,0,0
2649622-2020-08320,2020-04-06,Injury,MPRI,,,DTB,CAPSUREFIX NOVUS MRI SURESCAN,C1786,"Pmkr, single, rate-resp",pacemaker_single_chamber,high,0,0
3004209178-2020-07720,2020-04-06,Injury,MEDTRONIC PUERTO RICO OPERATIONS CO.,,,LWS,VISIA AF MRI XT VR SURESCAN,C1721,"Aicd, dual chamber",icd_dual_chamber,high,0,0
3004209178-2020-07720,2020-04-06,Injury,MEDTRONIC PUERTO RICO OPERATIONS CO.,,,LWS,VISIA AF MRI XT VR SURESCAN,C1722,"Aicd, single chamber",icd_single_chamber,high,0,0
3004209178-2020-07720,2020-04-06,Injury,MEDTRONIC PUERTO RICO OPERATIONS CO.,,,LWS,VISIA AF MRI XT VR SURESCAN,C1887,"Catheter, guiding",ep_catheter_guiding,medium,0,0
3004753838-2020-38822,2020-04-06,Malfunction,"DEXCOM, INC.",,,QBJ,DEXCOM G6 CONTINUOUS GLUCOSE MONITORING SYSTEM,K0553,Ther cgm supply allowance,cgm_supply,medium,0,0
3004753838-2020-38822,2020-04-06,Malfunction,"DEXCOM, INC.",,,QBJ,DEXCOM G6 CONTINUOUS GLUCOSE MONITORING SYSTEM,K0554,Ther cgm receiver/monitor,cgm_receiver,medium,0,0
3004753838-2020-39066,2020-04-06,Malfunction,"DEXCOM, INC.",,,QBJ,DEXCOM G6 CONTINUOUS GLUCOSE MONITORING SYSTEM,K0553,Ther cgm supply allowance,cgm_supply,medium,0,0
3004753838-2020-39066,2020-04-06,Malfunction,"DEXCOM, INC.",,,QBJ,DEXCOM G6 CONTINUOUS GLUCOSE MONITORING SYSTEM,K0554,Ther cgm receiver/monitor,cgm_receiver,medium,0,0
2017865-2020-05446,2020-04-06,Malfunction,"ST. JUDE MEDICAL, INC.(CRM-SYLMAR)",,,LWP,"ENDURITY MRI PACEMAKER, SR",C1896,"Lead, aicd, non sing/dual",icd_lead_single_coil,medium,0,0
3004753838-2020-39079,2020-04-06,Malfunction,"DEXCOM, INC.",,,QBJ,DEXCOM G6 CONTINUOUS GLUCOSE MONITORING SYSTEM,K0553,Ther cgm supply allowance,cgm_supply,medium,0,0
3004753838-2020-39079,2020-04-06,Malfunction,"DEXCOM, INC.",,,QBJ,DEXCOM G6 CONTINUOUS GLUCOSE MONITORING SYSTEM,K0554,Ther cgm receiver/monitor,cgm_receiver,medium,0,0
3013756811-2020-40282,2020-04-06,Malfunction,TANDEM DIABETES CARE,,,LZG,T:FLEX INSULIN DELIVERY SYSTEM,E0784,Ext amb infusn pump insulin,insulin_pump,high,0,0
3013756811-2020-40197,2020-04-06,Malfunction,"DEXCOM, INC.",,,QBJ,DEXCOM G6 CONTINUOUS GLUCOSE MONITORING SYSTEM,K0553,Ther cgm supply allowance,cgm_supply,medium,0,0
3013756811-2020-40197,2020-04-06,Malfunction,"DEXCOM, INC.",,,QBJ,DEXCOM G6 CONTINUOUS GLUCOSE MONITORING SYSTEM,K0554,Ther cgm receiver/monitor,cgm_receiver,medium,0,0
3013756811-2020-40719,2020-04-06,Malfunction,"DEXCOM, INC.",,,QBJ,DEXCOM G6 CONTINUOUS GLUCOSE MONITORING SYSTEM,K0553,Ther cgm supply allowance,cgm_supply,medium,0,0
3013756811-2020-40719,2020-04-06,Malfunction,"DEXCOM, INC.",,,QBJ,DEXCOM G6 CONTINUOUS GLUCOSE MONITORING SYSTEM,K0554,Ther cgm receiver/monitor,cgm_receiver,medium,0,0
3013756811-2020-40698,2020-04-06,Malfunction,"DEXCOM, INC.",,,QBJ,DEXCOM G6 CONTINUOUS GLUCOSE MONITORING SYSTEM,K0553,Ther cgm supply allowance,cgm_supply,medium,0,0
3013756811-2020-40698,2020-04-06,Malfunction,"DEXCOM, INC.",,,QBJ,DEXCOM G6 CONTINUOUS GLUCOSE MONITORING SYSTEM,K0554,Ther cgm receiver/monitor,cgm_receiver,medium,0,0
3004753838-2020-038986,2020-04-06,Malfunction,"DEXCOM, INC.",,,QBJ,DEXCOM G6 CONTINUOUS GLUCOSE MONITORING SYSTEM,K0553,Ther cgm supply allowance,cgm_supply,medium,0,0
3004753838-2020-038986,2020-04-06,Malfunction,"DEXCOM, INC.",,,QBJ,DEXCOM G6 CONTINUOUS GLUCOSE MONITORING SYSTEM,K0554,Ther cgm receiver/monitor,cgm_receiver,medium,0,0
3013756811-2020-40226,2020-04-06,Malfunction,TANDEM DIABETES CARE,,,LZG,T:SLIM INSULIN DELIVERY SYSTEM,E0784,Ext amb infusn pump insulin,insulin_pump,high,0,0
3013756811-2020-40933,2020-04-06,Malfunction,"DEXCOM, INC.",,,QBJ,DEXCOM G6 CONTINUOUS GLUCOSE MONITORING SYSTEM,K0553,Ther cgm supply allowance,cgm_supply,medium,0,0
3013756811-2020-40933,2020-04-06,Malfunction,"DEXCOM, INC.",,,QBJ,DEXCOM G6 CONTINUOUS GLUCOSE MONITORING SYSTEM,K0554,Ther cgm receiver/monitor,cgm_receiver,medium,0,0
3013756811-2020-40754,2020-04-06,Malfunction,"DEXCOM, INC.",,,QBJ,DEXCOM G6 CONTINUOUS GLUCOSE MONITORING SYSTEM,K0553,Ther cgm supply allowance,cgm_supply,medium,0,0
3013756811-2020-40754,2020-04-06,Malfunction,"DEXCOM, INC.",,,QBJ,DEXCOM G6 CONTINUOUS GLUCOSE MONITORING SYSTEM,K0554,Ther cgm receiver/monitor,cgm_receiver,medium,0,0
3013756811-2020-40900,2020-04-06,Malfunction,"DEXCOM, INC.",,,QBJ,DEXCOM G6 CONTINUOUS GLUCOSE MONITORING SYSTEM,K0553,Ther cgm supply allowance,cgm_supply,medium,0,0
3013756811-2020-40900,2020-04-06,Malfunction,"DEXCOM, INC.",,,QBJ,DEXCOM G6 CONTINUOUS GLUCOSE MONITORING SYSTEM,K0554,Ther cgm receiver/monitor,cgm_receiver,medium,0,0
3004753838-2020-39081,2020-04-06,Malfunction,"DEXCOM, INC.",,,QBJ,DEXCOM G6 CONTINUOUS GLUCOSE MONITORING SYSTEM,K0553,Ther cgm supply allowance,cgm_supply,medium,0,0
3004753838-2020-39081,2020-04-06,Malfunction,"DEXCOM, INC.",,,QBJ,DEXCOM G6 CONTINUOUS GLUCOSE MONITORING SYSTEM,K0554,Ther cgm receiver/monitor,cgm_receiver,medium,0,0
3013756811-2020-42408,2020-04-06,Malfunction,TANDEM DIABETES CARE,,,LZG,T:SLIM X2 INSULIN PUMP,E0784,Ext amb infusn pump insulin,insulin_pump,high,0,0
3013756811-2020-42422,2020-04-06,Malfunction,TANDEM DIABETES CARE,,,LZG,T:SLIM INSULIN DELIVERY SYSTEM,E0784,Ext amb infusn pump insulin,insulin_pump,high,0,0
3013756811-2020-40668,2020-04-06,Malfunction,"DEXCOM, INC.",,,QBJ,DEXCOM G6 CONTINUOUS GLUCOSE MONITORING SYSTEM,K0553,Ther cgm supply allowance,cgm_supply,medium,0,0
3013756811-2020-40668,2020-04-06,Malfunction,"DEXCOM, INC.",,,QBJ,DEXCOM G6 CONTINUOUS GLUCOSE MONITORING SYSTEM,K0554,Ther cgm receiver/monitor,cgm_receiver,medium,0,0
3013756811-2020-40669,2020-04-06,Malfunction,"DEXCOM, INC.",,,QBJ,DEXCOM G6 CONTINUOUS GLUCOSE MONITORING SYSTEM,K0553,Ther cgm supply allowance,cgm_supply,medium,0,0
3013756811-2020-40669,2020-04-06,Malfunction,"DEXCOM, INC.",,,QBJ,DEXCOM G6 CONTINUOUS GLUCOSE MONITORING SYSTEM,K0554,Ther cgm receiver/monitor,cgm_receiver,medium,0,0
3013756811-2020-40677,2020-04-06,Malfunction,"DEXCOM, INC.",,,QBJ,DEXCOM G6 CONTINUOUS GLUCOSE MONITORING SYSTEM,K0553,Ther cgm supply allowance,cgm_supply,medium,0,0
3013756811-2020-40677,2020-04-06,Malfunction,"DEXCOM, INC.",,,QBJ,DEXCOM G6 CONTINUOUS GLUCOSE MONITORING SYSTEM,K0554,Ther cgm receiver/monitor,cgm_receiver,medium,0,0
3013756811-2020-40679,2020-04-06,Malfunction,"DEXCOM, INC.",,,QBJ,DEXCOM G6 CONTINUOUS GLUCOSE MONITORING SYSTEM,K0553,Ther cgm supply allowance,cgm_supply,medium,0,0
3013756811-2020-40679,2020-04-06,Malfunction,"DEXCOM, INC.",,,QBJ,DEXCOM G6 CONTINUOUS GLUCOSE MONITORING SYSTEM,K0554,Ther cgm receiver/monitor,cgm_receiver,medium,0,0
3011393376-2020-01533,2020-04-06,Malfunction,"ROCHE DIABETES CARE, INC.",,,LZG,ACCU-CHEK  SPIRIT COMBO,E0784,Ext amb infusn pump insulin,insulin_pump,high,0,0
2649622-2020-08375,2020-04-06,Malfunction,MPRI,,,LWS,SPRINT QUATTRO SECURE MRI SURESCAN,C1721,"Aicd, dual chamber",icd_dual_chamber,high,0,0
2649622-2020-08375,2020-04-06,Malfunction,MPRI,,,LWS,SPRINT QUATTRO SECURE MRI SURESCAN,C1722,"Aicd, single chamber",icd_single_chamber,high,0,0
2649622-2020-08375,2020-04-06,Malfunction,MPRI,,,LWS,SPRINT QUATTRO SECURE MRI SURESCAN,C1887,"Catheter, guiding",ep_catheter_guiding,medium,0,0
3013756811-2020-42312,2020-04-06,Malfunction,"DEXCOM, INC.",,,QBJ,DEXCOM G6 CONTINUOUS GLUCOSE MONITORING SYSTEM,K0553,Ther cgm supply allowance,cgm_supply,medium,0,0
3013756811-2020-42312,2020-04-06,Malfunction,"DEXCOM, INC.",,,QBJ,DEXCOM G6 CONTINUOUS GLUCOSE MONITORING SYSTEM,K0554,Ther cgm receiver/monitor,cgm_receiver,medium,0,0
2649622-2020-08392,2020-04-06,Injury,MPRI,,,DTB,CAPSUREFIX NOVUS LEAD MRI SURESCAN,C1785,"Pmkr, dual, rate-resp",pacemaker_dual_chamber,high,0,0
2649622-2020-08392,2020-04-06,Injury,MPRI,,,DTB,CAPSUREFIX NOVUS LEAD MRI SURESCAN,C1786,"Pmkr, single, rate-resp",pacemaker_single_chamber,high,0,0
2649622-2020-08393,2020-04-06,Injury,MPRI,,,DTB,CAPSURE SENSE LEAD MRI SURESCAN,C1785,"Pmkr, dual, rate-resp",pacemaker_dual_chamber,high,0,0
2649622-2020-08393,2020-04-06,Injury,MPRI,,,DTB,CAPSURE SENSE LEAD MRI SURESCAN,C1786,"Pmkr, single, rate-resp",pacemaker_single_chamber,high,0,0
3013756811-2020-41221,2020-04-06,Malfunction,TANDEM DIABETES CARE,,,LZG,T:SLIM X2 INSULIN PUMP,E0784,Ext amb infusn pump insulin,insulin_pump,high,0,0
1314492-2020-01415,2020-04-06,Malfunction,BAXTER HEALTHCARE CORPORATION,,,FRN,SPECTRUM INFUSION PUMP,C1753,"Cath, intravas ultrasound",ivus_catheter,medium,0,0
1314492-2020-01415,2020-04-06,Malfunction,BAXTER HEALTHCARE CORPORATION,,,FRN,SPECTRUM INFUSION PUMP,C1751,"Cath, inf, per/cent/midline",central_venous_catheter,high,0,0
3004753838-2020-039273,2020-04-06,Malfunction,"DEXCOM, INC.",,,QBJ,DEXCOM G6 CONTINUOUS GLUCOSE MONITORING SYSTEM,K0553,Ther cgm supply allowance,cgm_supply,medium,0,0
3004753838-2020-039273,2020-04-06,Malfunction,"DEXCOM, INC.",,,QBJ,DEXCOM G6 CONTINUOUS GLUCOSE MONITORING SYSTEM,K0554,Ther cgm receiver/monitor,cgm_receiver,medium,0,0
3004464228-2020-05997,2020-04-06,Malfunction,INSULET CORPORATION,,,LZG,OMNIPOD INSULIN MANAGEMENT SYSTEM,E0784,Ext amb infusn pump insulin,insulin_pump,high,0,0
3004753838-2020-039194,2020-04-06,Malfunction,"DEXCOM, INC.",,,QBJ,DEXCOM G6 CONTINUOUS GLUCOSE MONITORING SYSTEM,K0553,Ther cgm supply allowance,cgm_supply,medium,0,0
3004753838-2020-039194,2020-04-06,Malfunction,"DEXCOM, INC.",,,QBJ,DEXCOM G6 CONTINUOUS GLUCOSE MONITORING SYSTEM,K0554,Ther cgm receiver/monitor,cgm_receiver,medium,0,0
3004753838-2020-039325,2020-04-06,Malfunction,"DEXCOM, INC.",,,QBJ,DEXCOM G6 CONTINUOUS GLUCOSE MONITORING SYSTEM,K0553,Ther cgm supply allowance,cgm_supply,medium,0,0
3004753838-2020-039325,2020-04-06,Malfunction,"DEXCOM, INC.",,,QBJ,DEXCOM G6 CONTINUOUS GLUCOSE MONITORING SYSTEM,K0554,Ther cgm receiver/monitor,cgm_receiver,medium,0,0
3004753838-2020-039318,2020-04-06,Malfunction,"DEXCOM, INC.",,,QBJ,DEXCOM G6 CONTINUOUS GLUCOSE MONITORING SYSTEM,K0553,Ther cgm supply allowance,cgm_supply,medium,0,0
3004753838-2020-039318,2020-04-06,Malfunction,"DEXCOM, INC.",,,QBJ,DEXCOM G6 CONTINUOUS GLUCOSE MONITORING SYSTEM,K0554,Ther cgm receiver/monitor,cgm_receiver,medium,0,0
3004753838-2020-039336,2020-04-06,Malfunction,"DEXCOM, INC.",,,QBJ,DEXCOM G6 CONTINUOUS GLUCOSE MONITORING SYSTEM,K0553,Ther cgm supply allowance,cgm_supply,medium,0,0
3004753838-2020-039336,2020-04-06,Malfunction,"DEXCOM, INC.",,,QBJ,DEXCOM G6 CONTINUOUS GLUCOSE MONITORING SYSTEM,K0554,Ther cgm receiver/monitor,cgm_receiver,medium,0,0
3004753838-2020-39335,2020-04-06,Malfunction,"DEXCOM, INC.",,,QBJ,DEXCOM G6 CONTINUOUS GLUCOSE MONITORING SYSTEM,K0553,Ther cgm supply allowance,cgm_supply,medium,0,0
3004753838-2020-39335,2020-04-06,Malfunction,"DEXCOM, INC.",,,QBJ,DEXCOM G6 CONTINUOUS GLUCOSE MONITORING SYSTEM,K0554,Ther cgm receiver/monitor,cgm_receiver,medium,0,0
3013756811-2020-40689,2020-04-06,Malfunction,"DEXCOM, INC.",,,QBJ,DEXCOM G6 CONTINUOUS GLUCOSE MONITORING SYSTEM,K0553,Ther cgm supply allowance,cgm_supply,medium,0,0
3013756811-2020-40689,2020-04-06,Malfunction,"DEXCOM, INC.",,,QBJ,DEXCOM G6 CONTINUOUS GLUCOSE MONITORING SYSTEM,K0554,Ther cgm receiver/monitor,cgm_receiver,medium,0,0
3004753838-2020-39365,2020-04-06,Malfunction,"DEXCOM, INC.",,,QBJ,DEXCOM G6 CONTINUOUS GLUCOSE MONITORING SYSTEM,K0553,Ther cgm supply allowance,cgm_supply,medium,0,0
3004753838-2020-39365,2020-04-06,Malfunction,"DEXCOM, INC.",,,QBJ,DEXCOM G6 CONTINUOUS GLUCOSE MONITORING SYSTEM,K0554,Ther cgm receiver/monitor,cgm_receiver,medium,0,0
3004753838-2020-039322,2020-04-06,Malfunction,"DEXCOM, INC.",,,QBJ,DEXCOM G6 CONTINUOUS GLUCOSE MONITORING SYSTEM,K0553,Ther cgm supply allowance,cgm_supply,medium,0,0
3013756811-2020-40687,2020-04-06,Malfunction,"DEXCOM, INC.",,,QBJ,DEXCOM G6 CONTINUOUS GLUCOSE MONITORING SYSTEM,K0553,Ther cgm supply allowance,cgm_supply,medium,0,0
3013756811-2020-40687,2020-04-06,Malfunction,"DEXCOM, INC.",,,QBJ,DEXCOM G6 CONTINUOUS GLUCOSE MONITORING SYSTEM,K0554,Ther cgm receiver/monitor,cgm_receiver,medium,0,0
3013756811-2020-40246,2020-04-06,Malfunction,"DEXCOM, INC.",,,QBJ,DEXCOM G6 CONTINUOUS GLUCOSE MONITORING SYSTEM,K0553,Ther cgm supply allowance,cgm_supply,medium,0,0
3013756811-2020-40246,2020-04-06,Malfunction,"DEXCOM, INC.",,,QBJ,DEXCOM G6 CONTINUOUS GLUCOSE MONITORING SYSTEM,K0554,Ther cgm receiver/monitor,cgm_receiver,medium,0,0
3013756811-2020-41275,2020-04-06,Malfunction,"DEXCOM, INC.",,,QBJ,DEXCOM G6 CONTINUOUS GLUCOSE MONITORING SYSTEM,K0553,Ther cgm supply allowance,cgm_supply,medium,0,0
3013756811-2020-41275,2020-04-06,Malfunction,"DEXCOM, INC.",,,QBJ,DEXCOM G6 CONTINUOUS GLUCOSE MONITORING SYSTEM,K0554,Ther cgm receiver/monitor,cgm_receiver,medium,0,0
3013756811-2020-40394,2020-04-06,Malfunction,"DEXCOM, INC.",,,QBJ,DEXCOM G6 CONTINUOUS GLUCOSE MONITORING SYSTEM,K0553,Ther cgm supply allowance,cgm_supply,medium,0,0
3013756811-2020-40394,2020-04-06,Malfunction,"DEXCOM, INC.",,,QBJ,DEXCOM G6 CONTINUOUS GLUCOSE MONITORING SYSTEM,K0554,Ther cgm receiver/monitor,cgm_receiver,medium,0,0
3013756811-2020-40695,2020-04-06,Malfunction,"DEXCOM, INC.",,,QBJ,DEXCOM G6 CONTINUOUS GLUCOSE MONITORING SYSTEM,K0553,Ther cgm supply allowance,cgm_supply,medium,0,0
3013756811-2020-40695,2020-04-06,Malfunction,"DEXCOM, INC.",,,QBJ,DEXCOM G6 CONTINUOUS GLUCOSE MONITORING SYSTEM,K0554,Ther cgm receiver/monitor,cgm_receiver,medium,0,0
3013756811-2020-40383,2020-04-06,Malfunction,"DEXCOM, INC.",,,QBJ,DEXCOM G6 CONTINUOUS GLUCOSE MONITORING SYSTEM,K0553,Ther cgm supply allowance,cgm_supply,medium,0,0
3013756811-2020-40383,2020-04-06,Malfunction,"DEXCOM, INC.",,,QBJ,DEXCOM G6 CONTINUOUS GLUCOSE MONITORING SYSTEM,K0554,Ther cgm receiver/monitor,cgm_receiver,medium,0,0
3013756811-2020-40389,2020-04-06,Malfunction,"DEXCOM, INC.",,,QBJ,DEXCOM G6 CONTINUOUS GLUCOSE MONITORING SYSTEM,K0553,Ther cgm supply allowance,cgm_supply,medium,0,0
3013756811-2020-40389,2020-04-06,Malfunction,"DEXCOM, INC.",,,QBJ,DEXCOM G6 CONTINUOUS GLUCOSE MONITORING SYSTEM,K0554,Ther cgm receiver/monitor,cgm_receiver,medium,0,0
3004753838-2020-39383,2020-04-06,Malfunction,"DEXCOM, INC.",,,QBJ,DEXCOM G6 CONTINUOUS GLUCOSE MONITORING SYSTEM,K0553,Ther cgm supply allowance,cgm_supply,medium,0,0
3004753838-2020-39383,2020-04-06,Malfunction,"DEXCOM, INC.",,,QBJ,DEXCOM G6 CONTINUOUS GLUCOSE MONITORING SYSTEM,K0554,Ther cgm receiver/monitor,cgm_receiver,medium,0,0
3013756811-2020-40697,2020-04-06,Malfunction,"DEXCOM, INC.",,,QBJ,DEXCOM G6 CONTINUOUS GLUCOSE MONITORING SYSTEM,K0553,Ther cgm supply allowance,cgm_supply,medium,0,0
3013756811-2020-40697,2020-04-06,Malfunction,"DEXCOM, INC.",,,QBJ,DEXCOM G6 CONTINUOUS GLUCOSE MONITORING SYSTEM,K0554,Ther cgm receiver/monitor,cgm_receiver,medium,0,0
3013756811-2020-42915,2020-04-06,Malfunction,"DEXCOM, INC.",,,QBJ,DEXCOM G6 CONTINUOUS GLUCOSE MONITORING SYSTEM,K0553,Ther cgm supply allowance,cgm_supply,medium,0,0
3013756811-2020-42915,2020-04-06,Malfunction,"DEXCOM, INC.",,,QBJ,DEXCOM G6 CONTINUOUS GLUCOSE MONITORING SYSTEM,K0554,Ther cgm receiver/monitor,cgm_receiver,medium,0,0
3013756811-2020-40703,2020-04-06,Malfunction,"DEXCOM, INC.",,,QBJ,DEXCOM G6 CONTINUOUS GLUCOSE MONITORING SYSTEM,K0553,Ther cgm supply allowance,cgm_supply,medium,0,0
3013756811-2020-40703,2020-04-06,Malfunction,"DEXCOM, INC.",,,QBJ,DEXCOM G6 CONTINUOUS GLUCOSE MONITORING SYSTEM,K0554,Ther cgm receiver/monitor,cgm_receiver,medium,0,0
3013756811-2020-40714,2020-04-06,Malfunction,"DEXCOM, INC.",,,QBJ,DEXCOM G6 CONTINUOUS GLUCOSE MONITORING SYSTEM,K0553,Ther cgm supply allowance,cgm_supply,medium,0,0
3013756811-2020-40714,2020-04-06,Malfunction,"DEXCOM, INC.",,,QBJ,DEXCOM G6 CONTINUOUS GLUCOSE MONITORING SYSTEM,K0554,Ther cgm receiver/monitor,cgm_receiver,medium,0,0
3013756811-2020-40717,2020-04-06,Malfunction,"DEXCOM, INC.",,,QBJ,DEXCOM G6 CONTINUOUS GLUCOSE MONITORING SYSTEM,K0553,Ther cgm supply allowance,cgm_supply,medium,0,0
3013756811-2020-40717,2020-04-06,Malfunction,"DEXCOM, INC.",,,QBJ,DEXCOM G6 CONTINUOUS GLUCOSE MONITORING SYSTEM,K0554,Ther cgm receiver/monitor,cgm_receiver,medium,0,0
3004753838-2020-039373,2020-04-06,Malfunction,"DEXCOM, INC.",,,QBJ,DEXCOM G6 CONTINUOUS GLUCOSE MONITORING SYSTEM,K0553,Ther cgm supply allowance,cgm_supply,medium,0,0
3004753838-2020-039373,2020-04-06,Malfunction,"DEXCOM, INC.",,,QBJ,DEXCOM G6 CONTINUOUS GLUCOSE MONITORING SYSTEM,K0554,Ther cgm receiver/monitor,cgm_receiver,medium,0,0
3013756811-2020-40763,2020-04-06,Malfunction,"DEXCOM, INC.",,,QBJ,DEXCOM G6 CONTINUOUS GLUCOSE MONITORING SYSTEM,K0553,Ther cgm supply allowance,cgm_supply,medium,0,0
3013756811-2020-40763,2020-04-06,Malfunction,"DEXCOM, INC.",,,QBJ,DEXCOM G6 CONTINUOUS GLUCOSE MONITORING SYSTEM,K0554,Ther cgm receiver/monitor,cgm_receiver,medium,0,0
3013756811-2020-40757,2020-04-06,Malfunction,"DEXCOM, INC.",,,QBJ,DEXCOM G6 CONTINUOUS GLUCOSE MONITORING SYSTEM,K0553,Ther cgm supply allowance,cgm_supply,medium,0,0
3013756811-2020-40757,2020-04-06,Malfunction,"DEXCOM, INC.",,,QBJ,DEXCOM G6 CONTINUOUS GLUCOSE MONITORING SYSTEM,K0554,Ther cgm receiver/monitor,cgm_receiver,medium,0,0
3013756811-2020-40768,2020-04-06,Malfunction,"DEXCOM, INC.",,,QBJ,DEXCOM G6 CONTINUOUS GLUCOSE MONITORING SYSTEM,K0553,Ther cgm supply allowance,cgm_supply,medium,0,0
3013756811-2020-40768,2020-04-06,Malfunction,"DEXCOM, INC.",,,QBJ,DEXCOM G6 CONTINUOUS GLUCOSE MONITORING SYSTEM,K0554,Ther cgm receiver/monitor,cgm_receiver,medium,0,0
3013756811-2020-40771,2020-04-06,Malfunction,"DEXCOM, INC.",,,QBJ,DEXCOM G6 CONTINUOUS GLUCOSE MONITORING SYSTEM,K0553,Ther cgm supply allowance,cgm_supply,medium,0,0
3013756811-2020-40771,2020-04-06,Malfunction,"DEXCOM, INC.",,,QBJ,DEXCOM G6 CONTINUOUS GLUCOSE MONITORING SYSTEM,K0554,Ther cgm receiver/monitor,cgm_receiver,medium,0,0
3013756811-2020-40722,2020-04-06,Malfunction,"DEXCOM, INC.",,,QBJ,DEXCOM G6 CONTINUOUS GLUCOSE MONITORING SYSTEM,K0553,Ther cgm supply allowance,cgm_supply,medium,0,0
3013756811-2020-40722,2020-04-06,Malfunction,"DEXCOM, INC.",,,QBJ,DEXCOM G6 CONTINUOUS GLUCOSE MONITORING SYSTEM,K0554,Ther cgm receiver/monitor,cgm_receiver,medium,0,0
3013756811-2020-40397,2020-04-06,Malfunction,"DEXCOM, INC.",,,QBJ,DEXCOM G6 CONTINUOUS GLUCOSE MONITORING SYSTEM,K0553,Ther cgm supply allowance,cgm_supply,medium,0,0
3013756811-2020-40397,2020-04-06,Malfunction,"DEXCOM, INC.",,,QBJ,DEXCOM G6 CONTINUOUS GLUCOSE MONITORING SYSTEM,K0554,Ther cgm receiver/monitor,cgm_receiver,medium,0,0
3013756811-2020-40713,2020-04-06,Malfunction,"DEXCOM, INC.",,,QBJ,DEXCOM G6 CONTINUOUS GLUCOSE MONITORING SYSTEM,K0553,Ther cgm supply allowance,cgm_supply,medium,0,0
3013756811-2020-40713,2020-04-06,Malfunction,"DEXCOM, INC.",,,QBJ,DEXCOM G6 CONTINUOUS GLUCOSE MONITORING SYSTEM,K0554,Ther cgm receiver/monitor,cgm_receiver,medium,0,0
3013756811-2020-40734,2020-04-06,Malfunction,"DEXCOM, INC.",,,QBJ,DEXCOM G6 CONTINUOUS GLUCOSE MONITORING SYSTEM,K0553,Ther cgm supply allowance,cgm_supply,medium,0,0
3013756811-2020-40734,2020-04-06,Malfunction,"DEXCOM, INC.",,,QBJ,DEXCOM G6 CONTINUOUS GLUCOSE MONITORING SYSTEM,K0554,Ther cgm receiver/monitor,cgm_receiver,medium,0,0
3004753838-2020-039457,2020-04-06,Malfunction,"DEXCOM, INC.",,,QBJ,DEXCOM G6 CONTINUOUS GLUCOSE MONITORING SYSTEM,K0553,Ther cgm supply allowance,cgm_supply,medium,0,0
3004753838-2020-039457,2020-04-06,Malfunction,"DEXCOM, INC.",,,QBJ,DEXCOM G6 CONTINUOUS GLUCOSE MONITORING SYSTEM,K0554,Ther cgm receiver/monitor,cgm_receiver,medium,0,0
3004753838-2020-39477,2020-04-06,Malfunction,"DEXCOM, INC.",,,QBJ,DEXCOM G6 CONTINUOUS GLUCOSE MONITORING SYSTEM,K0553,Ther cgm supply allowance,cgm_supply,medium,0,0
3004753838-2020-39477,2020-04-06,Malfunction,"DEXCOM, INC.",,,QBJ,DEXCOM G6 CONTINUOUS GLUCOSE MONITORING SYSTEM,K0554,Ther cgm receiver/monitor,cgm_receiver,medium,0,0
3004753838-2020-039483,2020-04-06,Malfunction,"DEXCOM, INC.",,,QBJ,DEXCOM G6 CONTINUOUS GLUCOSE MONITORING SYSTEM,K0553,Ther cgm supply allowance,cgm_supply,medium,0,0
3004753838-2020-039483,2020-04-06,Malfunction,"DEXCOM, INC.",,,QBJ,DEXCOM G6 CONTINUOUS GLUCOSE MONITORING SYSTEM,K0554,Ther cgm receiver/monitor,cgm_receiver,medium,0,0
3013756811-2020-42323,2020-04-06,Malfunction,TANDEM DIABETES CARE,,,LZG,T:SLIM INSULIN DELIVERY SYSTEM,E0784,Ext amb infusn pump insulin,insulin_pump,high,0,0
3004753838-2020-039418,2020-04-06,Malfunction,"DEXCOM, INC.",,,QBJ,DEXCOM G6 CONTINUOUS GLUCOSE MONITORING SYSTEM,K0553,Ther cgm supply allowance,cgm_supply,medium,0,0
3004753838-2020-039418,2020-04-06,Malfunction,"DEXCOM, INC.",,,QBJ,DEXCOM G6 CONTINUOUS GLUCOSE MONITORING SYSTEM,K0554,Ther cgm receiver/monitor,cgm_receiver,medium,0,0
3013756811-2020-40578,2020-04-06,Malfunction,"DEXCOM, INC.",,,QBJ,DEXCOM G6 CONTINUOUS GLUCOSE MONITORING SYSTEM,K0553,Ther cgm supply allowance,cgm_supply,medium,0,0
3013756811-2020-40578,2020-04-06,Malfunction,"DEXCOM, INC.",,,QBJ,DEXCOM G6 CONTINUOUS GLUCOSE MONITORING SYSTEM,K0554,Ther cgm receiver/monitor,cgm_receiver,medium,0,0
3013756811-2020-40784,2020-04-06,Malfunction,"DEXCOM, INC.",,,QBJ,DEXCOM G6 CONTINUOUS GLUCOSE MONITORING SYSTEM,K0553,Ther cgm supply allowance,cgm_supply,medium,0,0
3013756811-2020-40784,2020-04-06,Malfunction,"DEXCOM, INC.",,,QBJ,DEXCOM G6 CONTINUOUS GLUCOSE MONITORING SYSTEM,K0554,Ther cgm receiver/monitor,cgm_receiver,medium,0,0
3013756811-2020-40793,2020-04-06,Malfunction,"DEXCOM, INC.",,,QBJ,DEXCOM G6 CONTINUOUS GLUCOSE MONITORING SYSTEM,K0553,Ther cgm supply allowance,cgm_supply,medium,0,0
3013756811-2020-40793,2020-04-06,Malfunction,"DEXCOM, INC.",,,QBJ,DEXCOM G6 CONTINUOUS GLUCOSE MONITORING SYSTEM,K0554,Ther cgm receiver/monitor,cgm_receiver,medium,0,0
3013756811-2020-40798,2020-04-06,Malfunction,TANDEM DIABETES CARE,,,LZG,TANDEM T:SLIM INSULIN DELIVERY SYSTEM,E0784,Ext amb infusn pump insulin,insulin_pump,high,0,0
3013756811-2020-40796,2020-04-06,Malfunction,"DEXCOM, INC.",,,QBJ,DEXCOM G6 CONTINUOUS GLUCOSE MONITORING SYSTEM,K0553,Ther cgm supply allowance,cgm_supply,medium,0,0
3013756811-2020-40796,2020-04-06,Malfunction,"DEXCOM, INC.",,,QBJ,DEXCOM G6 CONTINUOUS GLUCOSE MONITORING SYSTEM,K0554,Ther cgm receiver/monitor,cgm_receiver,medium,0,0
3013756811-2020-40787,2020-04-06,Malfunction,"DEXCOM, INC.",,,QBJ,DEXCOM G6 CONTINUOUS GLUCOSE MONITORING SYSTEM,K0553,Ther cgm supply allowance,cgm_supply,medium,0,0
3013756811-2020-40787,2020-04-06,Malfunction,"DEXCOM, INC.",,,QBJ,DEXCOM G6 CONTINUOUS GLUCOSE MONITORING SYSTEM,K0554,Ther cgm receiver/monitor,cgm_receiver,medium,0,0
3013756811-2020-41612,2020-04-06,Malfunction,TANDEM DIABETES CARE,,,LZG,T:SLIM INSULIN DELIVERY SYSTEM,E0784,Ext amb infusn pump insulin,insulin_pump,high,0,0
3013756811-2020-42559,2020-04-06,Malfunction,"DEXCOM, INC.",,,QBJ,DEXCOM G6 CONTINUOUS GLUCOSE MONITORING SYSTEM,K0553,Ther cgm supply allowance,cgm_supply,medium,0,0
3013756811-2020-42559,2020-04-06,Malfunction,"DEXCOM, INC.",,,QBJ,DEXCOM G6 CONTINUOUS GLUCOSE MONITORING SYSTEM,K0554,Ther cgm receiver/monitor,cgm_receiver,medium,0,0
3013756811-2020-41663,2020-04-06,Malfunction,"DEXCOM, INC.",,,QBJ,DEXCOM G6 CONTINUOUS GLUCOSE MONITORING SYSTEM,K0553,Ther cgm supply allowance,cgm_supply,medium,0,0
3013756811-2020-41663,2020-04-06,Malfunction,"DEXCOM, INC.",,,QBJ,DEXCOM G6 CONTINUOUS GLUCOSE MONITORING SYSTEM,K0554,Ther cgm receiver/monitor,cgm_receiver,medium,0,0
3013756811-2020-41635,2020-04-06,Malfunction,"DEXCOM, INC.",,,QBJ,DEXCOM G6 CONTINUOUS GLUCOSE MONITORING SYSTEM,K0553,Ther cgm supply allowance,cgm_supply,medium,0,0
3013756811-2020-41635,2020-04-06,Malfunction,"DEXCOM, INC.",,,QBJ,DEXCOM G6 CONTINUOUS GLUCOSE MONITORING SYSTEM,K0554,Ther cgm receiver/monitor,cgm_receiver,medium,0,0
3013756811-2020-40905,2020-04-06,Malfunction,"DEXCOM, INC.",,,QBJ,DEXCOM G6 CONTINUOUS GLUCOSE MONITORING SYSTEM,K0553,Ther cgm supply allowance,cgm_supply,medium,0,0
3013756811-2020-40905,2020-04-06,Malfunction,"DEXCOM, INC.",,,QBJ,DEXCOM G6 CONTINUOUS GLUCOSE MONITORING SYSTEM,K0554,Ther cgm receiver/monitor,cgm_receiver,medium,0,0
3013756811-2020-40894,2020-04-06,Malfunction,"DEXCOM, INC.",,,QBJ,DEXCOM G6 CONTINUOUS GLUCOSE MONITORING SYSTEM,K0553,Ther cgm supply allowance,cgm_supply,medium,0,0
3013756811-2020-40894,2020-04-06,Malfunction,"DEXCOM, INC.",,,QBJ,DEXCOM G6 CONTINUOUS GLUCOSE MONITORING SYSTEM,K0554,Ther cgm receiver/monitor,cgm_receiver,medium,0,0
3004753838-2020-039017,2020-04-06,Malfunction,"DEXCOM, INC.",,,QBJ,DEXCOM G6 CONTINUOUS GLUCOSE MONITORING SYSTEM,K0553,Ther cgm supply allowance,cgm_supply,medium,0,0
3004753838-2020-039017,2020-04-06,Malfunction,"DEXCOM, INC.",,,QBJ,DEXCOM G6 CONTINUOUS GLUCOSE MONITORING SYSTEM,K0554,Ther cgm receiver/monitor,cgm_receiver,medium,0,0
3004753838-2020-039478,2020-04-06,Malfunction,"DEXCOM, INC.",,,QBJ,DEXCOM G6 CONTINUOUS GLUCOSE MONITORING SYSTEM,K0553,Ther cgm supply allowance,cgm_supply,medium,0,0
3004753838-2020-039478,2020-04-06,Malfunction,"DEXCOM, INC.",,,QBJ,DEXCOM G6 CONTINUOUS GLUCOSE MONITORING SYSTEM,K0554,Ther cgm receiver/monitor,cgm_receiver,medium,0,0
3004753838-2020-039688,2020-04-06,Malfunction,"DEXCOM, INC.",,,QBJ,DEXCOM G6 CONTINUOUS GLUCOSE MONITORING SYSTEM,K0553,Ther cgm supply allowance,cgm_supply,medium,0,0
3004753838-2020-039688,2020-04-06,Malfunction,"DEXCOM, INC.",,,QBJ,DEXCOM G6 CONTINUOUS GLUCOSE MONITORING SYSTEM,K0554,Ther cgm receiver/monitor,cgm_receiver,medium,0,0
3006260740-2020-01528,2020-04-06,Malfunction,BARD ACCESS SYSTEMS,,,KNT,TRI-FUNNEL REPL GAST 24F,B4088,"Gastro/jejuno tube, low-pro",gastrostomy_low_profile,medium,0,0
3013756811-2020-40724,2020-04-06,Malfunction,"DEXCOM, INC.",,,QBJ,DEXCOM G6 CONTINUOUS GLUCOSE MONITORING SYSTEM,K0553,Ther cgm supply allowance,cgm_supply,medium,0,0
3013756811-2020-40724,2020-04-06,Malfunction,"DEXCOM, INC.",,,QBJ,DEXCOM G6 CONTINUOUS GLUCOSE MONITORING SYSTEM,K0554,Ther cgm receiver/monitor,cgm_receiver,medium,0,0
3004753838-2020-039709,2020-04-06,Malfunction,"DEXCOM, INC.",,,QBJ,DEXCOM G6 CONTINUOUS GLUCOSE MONITORING SYSTEM,K0553,Ther cgm supply allowance,cgm_supply,medium,0,0
3004753838-2020-039709,2020-04-06,Malfunction,"DEXCOM, INC.",,,QBJ,DEXCOM G6 CONTINUOUS GLUCOSE MONITORING SYSTEM,K0554,Ther cgm receiver/monitor,cgm_receiver,medium,0,0
3004753838-2020-037231,2020-04-06,Malfunction,"DEXCOM, INC.",,,QBJ,DEXCOM G6 CONTINUOUS GLUCOSE MONITORING SYSTEM,K0553,Ther cgm supply allowance,cgm_supply,medium,0,0
3004753838-2020-037231,2020-04-06,Malfunction,"DEXCOM, INC.",,,QBJ,DEXCOM G6 CONTINUOUS GLUCOSE MONITORING SYSTEM,K0554,Ther cgm receiver/monitor,cgm_receiver,medium,0,0
3004753838-2020-039736,2020-04-06,Malfunction,"DEXCOM, INC.",,,QBJ,DEXCOM G6 CONTINUOUS GLUCOSE MONITORING SYSTEM,K0553,Ther cgm supply allowance,cgm_supply,medium,0,0
3004753838-2020-039736,2020-04-06,Malfunction,"DEXCOM, INC.",,,QBJ,DEXCOM G6 CONTINUOUS GLUCOSE MONITORING SYSTEM,K0554,Ther cgm receiver/monitor,cgm_receiver,medium,0,0
1314492-2020-01425,2020-04-06,Malfunction,BAXTER HEALTHCARE CORPORATION,,,FRN,SPECTRUM INFUSION PUMP,C1753,"Cath, intravas ultrasound",ivus_catheter,medium,0,0
1314492-2020-01425,2020-04-06,Malfunction,BAXTER HEALTHCARE CORPORATION,,,FRN,SPECTRUM INFUSION PUMP,C1751,"Cath, inf, per/cent/midline",central_venous_catheter,high,0,0
2649622-2020-08443,2020-04-06,Injury,MPRI,,,LWS,SPRINT QUATTRO LEAD,C1721,"Aicd, dual chamber",icd_dual_chamber,high,0,0
2649622-2020-08443,2020-04-06,Injury,MPRI,,,LWS,SPRINT QUATTRO LEAD,C1722,"Aicd, single chamber",icd_single_chamber,high,0,0
2649622-2020-08443,2020-04-06,Injury,MPRI,,,LWS,SPRINT QUATTRO LEAD,C1887,"Catheter, guiding",ep_catheter_guiding,medium,0,0
2649622-2020-08469,2020-04-06,Injury,MPRI,,,DTB,CAPSUREFIX NOVUS LEAD MRI SURESCAN,C1785,"Pmkr, dual, rate-resp",pacemaker_dual_chamber,high,0,0
2649622-2020-08469,2020-04-06,Injury,MPRI,,,DTB,CAPSUREFIX NOVUS LEAD MRI SURESCAN,C1786,"Pmkr, single, rate-resp",pacemaker_single_chamber,high,0,0
3013756811-2020-41604,2020-04-05,Malfunction,"DEXCOM, INC.",,,QBJ,DEXCOM G6 CONTINUOUS GLUCOSE MONITORING SYSTEM,K0554,Ther cgm receiver/monitor,cgm_receiver,medium,0,0
3013756811-2020-41604,2020-04-05,Malfunction,"DEXCOM, INC.",,,QBJ,DEXCOM G6 CONTINUOUS GLUCOSE MONITORING SYSTEM,K0553,Ther cgm supply allowance,cgm_supply,medium,0,0
3013756811-2020-40946,2020-04-05,Malfunction,"DEXCOM, INC.",,,QBJ,DEXCOM G6 CONTINUOUS GLUCOSE MONITORING SYSTEM,K0553,Ther cgm supply allowance,cgm_supply,medium,0,0
3004753838-2020-038835,2020-04-05,Malfunction,"DEXCOM, INC.",,,QBJ,DEXCOM G6 CONTINUOUS GLUCOSE MONITORING SYSTEM,K0553,Ther cgm supply allowance,cgm_supply,medium,0,0
3004753838-2020-038835,2020-04-05,Malfunction,"DEXCOM, INC.",,,QBJ,DEXCOM G6 CONTINUOUS GLUCOSE MONITORING SYSTEM,K0554,Ther cgm receiver/monitor,cgm_receiver,medium,0,0
2649622-2020-08372,2020-04-05,Injury,MPRI,,,LWS,SPRINT FIDELIS,C1722,"Aicd, single chamber",icd_single_chamber,high,0,0
2649622-2020-08372,2020-04-05,Injury,MPRI,,,LWS,SPRINT FIDELIS,C1721,"Aicd, dual chamber",icd_dual_chamber,high,0,0
3004753838-2020-038884,2020-04-05,Malfunction,"DEXCOM, INC.",,,QBJ,DEXCOM G6 CONTINUOUS GLUCOSE MONITORING SYSTEM,K0553,Ther cgm supply allowance,cgm_supply,medium,0,0
3013756811-2020-40730,2020-04-05,Malfunction,"DEXCOM, INC.",,,QBJ,DEXCOM G6 CONTINUOUS GLUCOSE MONITORING SYSTEM,K0554,Ther cgm receiver/monitor,cgm_receiver,medium,0,0
3013756811-2020-40730,2020-04-05,Malfunction,"DEXCOM, INC.",,,QBJ,DEXCOM G6 CONTINUOUS GLUCOSE MONITORING SYSTEM,K0553,Ther cgm supply allowance,cgm_supply,medium,0,0
3004753838-2020-039019,2020-04-05,Malfunction,"DEXCOM, INC.",,,QBJ,DEXCOM G6 CONTINUOUS GLUCOSE MONITORING SYSTEM,K0554,Ther cgm receiver/monitor,cgm_receiver,medium,0,0
3004753838-2020-039019,2020-04-05,Malfunction,"DEXCOM, INC.",,,QBJ,DEXCOM G6 CONTINUOUS GLUCOSE MONITORING SYSTEM,K0553,Ther cgm supply allowance,cgm_supply,medium,0,0
3004753838-2020-039277,2020-04-05,Malfunction,"DEXCOM, INC.",,,QBJ,DEXCOM G6 CONTINUOUS GLUCOSE MONITORING SYSTEM,K0553,Ther cgm supply allowance,cgm_supply,medium,0,0
3004753838-2020-039277,2020-04-05,Malfunction,"DEXCOM, INC.",,,QBJ,DEXCOM G6 CONTINUOUS GLUCOSE MONITORING SYSTEM,K0554,Ther cgm receiver/monitor,cgm_receiver,medium,0,0
3013756811-2020-40991,2020-04-05,Malfunction,TANDEM DIABETES CARE,,,LZG,T:SLIM X2 INSULIN PUMP,E0784,Ext amb infusn pump insulin,insulin_pump,high,0,0
3004753838-2020-039271,2020-04-05,Malfunction,"DEXCOM, INC.",,,QBJ,DEXCOM G6 CONTINUOUS GLUCOSE MONITORING SYSTEM,K0553,Ther cgm supply allowance,cgm_supply,medium,0,0
3004753838-2020-039271,2020-04-05,Malfunction,"DEXCOM, INC.",,,QBJ,DEXCOM G6 CONTINUOUS GLUCOSE MONITORING SYSTEM,K0554,Ther cgm receiver/monitor,cgm_receiver,medium,0,0
3013756811-2020-40686,2020-04-05,Malfunction,"DEXCOM, INC.",,,QBJ,DEXCOM G6 CONTINUOUS GLUCOSE MONITORING SYSTEM,K0554,Ther cgm receiver/monitor,cgm_receiver,medium,0,0
3013756811-2020-40686,2020-04-05,Malfunction,"DEXCOM, INC.",,,QBJ,DEXCOM G6 CONTINUOUS GLUCOSE MONITORING SYSTEM,K0553,Ther cgm supply allowance,cgm_supply,medium,0,0
3013756811-2020-40662,2020-04-05,Malfunction,"DEXCOM, INC.",,,QBJ,DEXCOM G6 CONTINUOUS GLUCOSE MONITORING SYSTEM,K0554,Ther cgm receiver/monitor,cgm_receiver,medium,0,0
3013756811-2020-40283,2020-04-05,Malfunction,"DEXCOM, INC.",,,QBJ,DEXCOM G6 CONTINUOUS GLUCOSE MONITORING SYSTEM,K0554,Ther cgm receiver/monitor,cgm_receiver,medium,0,0
3004753838-2020-039278,2020-04-05,Malfunction,"DEXCOM, INC.",,,QBJ,DEXCOM G6 CONTINUOUS GLUCOSE MONITORING SYSTEM,K0553,Ther cgm supply allowance,cgm_supply,medium,0,0
3013756811-2020-40283,2020-04-05,Malfunction,"DEXCOM, INC.",,,QBJ,DEXCOM G6 CONTINUOUS GLUCOSE MONITORING SYSTEM,K0553,Ther cgm supply allowance,cgm_supply,medium,0,0
3004753838-2020-038846,2020-04-05,Malfunction,"DEXCOM, INC.",,,QBJ,DEXCOM G6 CONTINUOUS GLUCOSE MONITORING SYSTEM,K0553,Ther cgm supply allowance,cgm_supply,medium,0,0
3004753838-2020-39348,2020-04-05,Malfunction,"DEXCOM, INC.",,,QBJ,DEXCOM G6 CONTINUOUS GLUCOSE MONITORING SYSTEM,K0554,Ther cgm receiver/monitor,cgm_receiver,medium,0,0
3004753838-2020-39348,2020-04-05,Malfunction,"DEXCOM, INC.",,,QBJ,DEXCOM G6 CONTINUOUS GLUCOSE MONITORING SYSTEM,K0553,Ther cgm supply allowance,cgm_supply,medium,0,0
3013756811-2020-40685,2020-04-05,Malfunction,"DEXCOM, INC.",,,QBJ,DEXCOM G6 CONTINUOUS GLUCOSE MONITORING SYSTEM,K0554,Ther cgm receiver/monitor,cgm_receiver,medium,0,0
3004753838-2020-038892,2020-04-05,Malfunction,"DEXCOM, INC.",,,QBJ,DEXCOM G6 CONTINUOUS GLUCOSE MONITORING SYSTEM,K0553,Ther cgm supply allowance,cgm_supply,medium,0,0
3013756811-2020-40685,2020-04-05,Malfunction,"DEXCOM, INC.",,,QBJ,DEXCOM G6 CONTINUOUS GLUCOSE MONITORING SYSTEM,K0553,Ther cgm supply allowance,cgm_supply,medium,0,0
3004753838-2020-038846,2020-04-05,Malfunction,"DEXCOM, INC.",,,QBJ,DEXCOM G6 CONTINUOUS GLUCOSE MONITORING SYSTEM,K0554,Ther cgm receiver/monitor,cgm_receiver,medium,0,0
3004753838-2020-038892,2020-04-05,Malfunction,"DEXCOM, INC.",,,QBJ,DEXCOM G6 CONTINUOUS GLUCOSE MONITORING SYSTEM,K0554,Ther cgm receiver/monitor,cgm_receiver,medium,0,0
3004753838-2020-038887,2020-04-05,Malfunction,"DEXCOM, INC.",,,QBJ,DEXCOM G6 CONTINUOUS GLUCOSE MONITORING SYSTEM,K0553,Ther cgm supply allowance,cgm_supply,medium,0,0
3004753838-2020-039342,2020-04-05,Malfunction,"DEXCOM, INC.",,,QBJ,DEXCOM G6 CONTINUOUS GLUCOSE MONITORING SYSTEM,K0554,Ther cgm receiver/monitor,cgm_receiver,medium,0,0
3004753838-2020-039342,2020-04-05,Malfunction,"DEXCOM, INC.",,,QBJ,DEXCOM G6 CONTINUOUS GLUCOSE MONITORING SYSTEM,K0553,Ther cgm supply allowance,cgm_supply,medium,0,0
3013756811-2020-40356,2020-04-05,Malfunction,"DEXCOM, INC.",,,QBJ,DEXCOM G6 CONTINUOUS GLUCOSE MONITORING SYSTEM,K0553,Ther cgm supply allowance,cgm_supply,medium,0,0
3004753838-2020-039278,2020-04-05,Malfunction,"DEXCOM, INC.",,,QBJ,DEXCOM G6 CONTINUOUS GLUCOSE MONITORING SYSTEM,K0554,Ther cgm receiver/monitor,cgm_receiver,medium,0,0
3013756811-2020-40729,2020-04-05,Malfunction,"DEXCOM, INC.",,,QBJ,DEXCOM G6 CONTINUOUS GLUCOSE MONITORING SYSTEM,K0554,Ther cgm receiver/monitor,cgm_receiver,medium,0,0
3004753838-2020-039118,2020-04-05,Malfunction,"DEXCOM, INC.",,,QBJ,DEXCOM G6 CONTINUOUS GLUCOSE MONITORING SYSTEM,K0554,Ther cgm receiver/monitor,cgm_receiver,medium,0,0
3004753838-2020-039118,2020-04-05,Malfunction,"DEXCOM, INC.",,,QBJ,DEXCOM G6 CONTINUOUS GLUCOSE MONITORING SYSTEM,K0553,Ther cgm supply allowance,cgm_supply,medium,0,0
3004753838-2020-038887,2020-04-05,Malfunction,"DEXCOM, INC.",,,QBJ,DEXCOM G6 CONTINUOUS GLUCOSE MONITORING SYSTEM,K0554,Ther cgm receiver/monitor,cgm_receiver,medium,0,0
3013756811-2020-40356,2020-04-05,Malfunction,"DEXCOM, INC.",,,QBJ,DEXCOM G6 CONTINUOUS GLUCOSE MONITORING SYSTEM,K0554,Ther cgm receiver/monitor,cgm_receiver,medium,0,0
3013756811-2020-40683,2020-04-05,Malfunction,"DEXCOM, INC.",,,QBJ,DEXCOM G6 CONTINUOUS GLUCOSE MONITORING SYSTEM,K0553,Ther cgm supply allowance,cgm_supply,medium,0,0
3013756811-2020-40683,2020-04-05,Malfunction,"DEXCOM, INC.",,,QBJ,DEXCOM G6 CONTINUOUS GLUCOSE MONITORING SYSTEM,K0554,Ther cgm receiver/monitor,cgm_receiver,medium,0,0
3013756811-2020-40753,2020-04-05,Malfunction,"DEXCOM, INC.",,,QBJ,DEXCOM G6 CONTINUOUS GLUCOSE MONITORING SYSTEM,K0553,Ther cgm supply allowance,cgm_supply,medium,0,0
3013756811-2020-40776,2020-04-05,Malfunction,"DEXCOM, INC.",,,QBJ,DEXCOM G6 CONTINUOUS GLUCOSE MONITORING SYSTEM,K0554,Ther cgm receiver/monitor,cgm_receiver,medium,0,0
3013756811-2020-40897,2020-04-05,Malfunction,"DEXCOM, INC.",,,QBJ,DEXCOM G6 CONTINUOUS GLUCOSE MONITORING SYSTEM,K0554,Ther cgm receiver/monitor,cgm_receiver,medium,0,0
3013756811-2020-40897,2020-04-05,Malfunction,"DEXCOM, INC.",,,QBJ,DEXCOM G6 CONTINUOUS GLUCOSE MONITORING SYSTEM,K0553,Ther cgm supply allowance,cgm_supply,medium,0,0
3004753838-2020-039413,2020-04-05,Malfunction,"DEXCOM, INC.",,,QBJ,DEXCOM G6 CONTINUOUS GLUCOSE MONITORING SYSTEM,K0554,Ther cgm receiver/monitor,cgm_receiver,medium,0,0
3004753838-2020-039413,2020-04-05,Malfunction,"DEXCOM, INC.",,,QBJ,DEXCOM G6 CONTINUOUS GLUCOSE MONITORING SYSTEM,K0553,Ther cgm supply allowance,cgm_supply,medium,0,0
3013756811-2020-40729,2020-04-05,Malfunction,"DEXCOM, INC.",,,QBJ,DEXCOM G6 CONTINUOUS GLUCOSE MONITORING SYSTEM,K0553,Ther cgm supply allowance,cgm_supply,medium,0,0
3004753838-2020-038884,2020-04-05,Malfunction,"DEXCOM, INC.",,,QBJ,DEXCOM G6 CONTINUOUS GLUCOSE MONITORING SYSTEM,K0554,Ther cgm receiver/monitor,cgm_receiver,medium,0,0
9612164-2020-01700,2020-04-05,Malfunction,MEDTRONIC IRELAND,,,DQY,DEFLECT,C1725,"Cath, translumin non-laser",atherectomy_catheter,high,0,0
3013756811-2020-40753,2020-04-05,Malfunction,"DEXCOM, INC.",,,QBJ,DEXCOM G6 CONTINUOUS GLUCOSE MONITORING SYSTEM,K0554,Ther cgm receiver/monitor,cgm_receiver,medium,0,0
3011393376-2020-01555,2020-04-05,Malfunction,"ROCHE DIABETES CARE, INC.",,,KZH,ACCU-CHEK  LINKASSIST,C1741,Anchor/screw bone absorb,bone_anchor_absorbable,high,0,0
3004753838-2020-039106,2020-04-05,Malfunction,"DEXCOM, INC.",,,QBJ,DEXCOM G6 CONTINUOUS GLUCOSE MONITORING SYSTEM,K0554,Ther cgm receiver/monitor,cgm_receiver,medium,0,0
3013756811-2020-42980,2020-04-05,Malfunction,TANDEM DIABETES CARE,,,LZG,T:FLEX INSULIN DELIVERY SYSTEM,E0784,Ext amb infusn pump insulin,insulin_pump,high,0,0
3004753838-2020-039187,2020-04-05,Malfunction,"DEXCOM, INC.",,,QBJ,DEXCOM G6 CONTINUOUS GLUCOSE MONITORING SYSTEM,K0553,Ther cgm supply allowance,cgm_supply,medium,0,0
3004753838-2020-039187,2020-04-05,Malfunction,"DEXCOM, INC.",,,QBJ,DEXCOM G6 CONTINUOUS GLUCOSE MONITORING SYSTEM,K0554,Ther cgm receiver/monitor,cgm_receiver,medium,0,0
3004753838-2020-039266,2020-04-05,Malfunction,"DEXCOM, INC.",,,QBJ,DEXCOM G6 CONTINUOUS GLUCOSE MONITORING SYSTEM,K0553,Ther cgm supply allowance,cgm_supply,medium,0,0
3004753838-2020-039268,2020-04-05,Malfunction,"DEXCOM, INC.",,,QBJ,DEXCOM G6 CONTINUOUS GLUCOSE MONITORING SYSTEM,K0554,Ther cgm receiver/monitor,cgm_receiver,medium,0,0
3004753838-2020-039106,2020-04-05,Malfunction,"DEXCOM, INC.",,,QBJ,DEXCOM G6 CONTINUOUS GLUCOSE MONITORING SYSTEM,K0553,Ther cgm supply allowance,cgm_supply,medium,0,0
3004753838-2020-039409,2020-04-05,Malfunction,"DEXCOM, INC.",,,QBJ,DEXCOM G6 CONTINUOUS GLUCOSE MONITORING SYSTEM,K0554,Ther cgm receiver/monitor,cgm_receiver,medium,0,0
3004753838-2020-039409,2020-04-05,Malfunction,"DEXCOM, INC.",,,QBJ,DEXCOM G6 CONTINUOUS GLUCOSE MONITORING SYSTEM,K0553,Ther cgm supply allowance,cgm_supply,medium,0,0
3013756811-2020-39633,2020-04-05,Malfunction,TANDEM DIABETES CARE,,,LZG,T:SLIM X2 INSULIN PUMP,E0784,Ext amb infusn pump insulin,insulin_pump,high,0,0
3013756811-2020-40749,2020-04-05,Malfunction,"DEXCOM, INC.",,,QBJ,DEXCOM G6 CONTINUOUS GLUCOSE MONITORING SYSTEM,K0553,Ther cgm supply allowance,cgm_supply,medium,0,0
3013756811-2020-40749,2020-04-05,Malfunction,"DEXCOM, INC.",,,QBJ,DEXCOM G6 CONTINUOUS GLUCOSE MONITORING SYSTEM,K0554,Ther cgm receiver/monitor,cgm_receiver,medium,0,0
3013756811-2020-39909,2020-04-05,Malfunction,"DEXCOM, INC.",,,QBJ,DEXCOM G6 CONTINUOUS GLUCOSE MONITORING SYSTEM,K0553,Ther cgm supply allowance,cgm_supply,medium,0,0
3013756811-2020-39909,2020-04-05,Malfunction,"DEXCOM, INC.",,,QBJ,DEXCOM G6 CONTINUOUS GLUCOSE MONITORING SYSTEM,K0554,Ther cgm receiver/monitor,cgm_receiver,medium,0,0
3011393376-2020-01555,2020-04-05,Malfunction,"ROCHE DIABETES CARE, INC.",,,KZH,ACCU-CHEK  LINKASSIST,C1713,"Anchor/screw bn/bn,tis/bn",bone_anchor,high,0,0
3004753838-2020-039268,2020-04-05,Malfunction,"DEXCOM, INC.",,,QBJ,DEXCOM G6 CONTINUOUS GLUCOSE MONITORING SYSTEM,K0553,Ther cgm supply allowance,cgm_supply,medium,0,0
3013756811-2020-40075,2020-04-05,Malfunction,"DEXCOM, INC.",,,QBJ,DEXCOM G6 CONTINUOUS GLUCOSE MONITORING SYSTEM,K0554,Ther cgm receiver/monitor,cgm_receiver,medium,0,0
3013756811-2020-41418,2020-04-05,Malfunction,"DEXCOM, INC.",,,QBJ,DEXCOM G6 CONTINUOUS GLUCOSE MONITORING SYSTEM,K0553,Ther cgm supply allowance,cgm_supply,medium,0,0
3013756811-2020-40075,2020-04-05,Malfunction,"DEXCOM, INC.",,,QBJ,DEXCOM G6 CONTINUOUS GLUCOSE MONITORING SYSTEM,K0553,Ther cgm supply allowance,cgm_supply,medium,0,0
3013756811-2020-40061,2020-04-05,Malfunction,"DEXCOM, INC.",,,QBJ,DEXCOM G6 CONTINUOUS GLUCOSE MONITORING SYSTEM,K0554,Ther cgm receiver/monitor,cgm_receiver,medium,0,0
3013756811-2020-41418,2020-04-05,Malfunction,"DEXCOM, INC.",,,QBJ,DEXCOM G6 CONTINUOUS GLUCOSE MONITORING SYSTEM,K0554,Ther cgm receiver/monitor,cgm_receiver,medium,0,0
3013756811-2020-40278,2020-04-05,Malfunction,"DEXCOM, INC.",,,QBJ,DEXCOM G6 CONTINUOUS GLUCOSE MONITORING SYSTEM,K0553,Ther cgm supply allowance,cgm_supply,medium,0,0
3013756811-2020-40278,2020-04-05,Malfunction,"DEXCOM, INC.",,,QBJ,DEXCOM G6 CONTINUOUS GLUCOSE MONITORING SYSTEM,K0554,Ther cgm receiver/monitor,cgm_receiver,medium,0,0
3013756811-2020-40232,2020-04-05,Malfunction,"DEXCOM, INC.",,,QBJ,DEXCOM G6 CONTINUOUS GLUCOSE MONITORING SYSTEM,K0554,Ther cgm receiver/monitor,cgm_receiver,medium,0,0
3013756811-2020-41897,2020-04-05,Malfunction,TANDEM DIABETES CARE,,,LZG,T:FLEX INSULIN DELIVERY SYSTEM,E0784,Ext amb infusn pump insulin,insulin_pump,high,0,0
3013756811-2020-40234,2020-04-05,Malfunction,"DEXCOM, INC.",,,QBJ,DEXCOM G6 CONTINUOUS GLUCOSE MONITORING SYSTEM,K0553,Ther cgm supply allowance,cgm_supply,medium,0,0
3013756811-2020-40243,2020-04-05,Malfunction,"DEXCOM, INC.",,,QBJ,DEXCOM G6 CONTINUOUS GLUCOSE MONITORING SYSTEM,K0553,Ther cgm supply allowance,cgm_supply,medium,0,0
3013756811-2020-40243,2020-04-05,Malfunction,"DEXCOM, INC.",,,QBJ,DEXCOM G6 CONTINUOUS GLUCOSE MONITORING SYSTEM,K0554,Ther cgm receiver/monitor,cgm_receiver,medium,0,0
3013756811-2020-40061,2020-04-05,Malfunction,"DEXCOM, INC.",,,QBJ,DEXCOM G6 CONTINUOUS GLUCOSE MONITORING SYSTEM,K0553,Ther cgm supply allowance,cgm_supply,medium,0,0
3004753838-2020-039454,2020-04-05,Malfunction,"DEXCOM, INC.",,,QBJ,DEXCOM G6 CONTINUOUS GLUCOSE MONITORING SYSTEM,K0554,Ther cgm receiver/monitor,cgm_receiver,medium,0,0
3004753838-2020-038924,2020-04-05,Malfunction,"DEXCOM, INC.",,,QBJ,DEXCOM G6 CONTINUOUS GLUCOSE MONITORING SYSTEM,K0553,Ther cgm supply allowance,cgm_supply,medium,0,0
3004753838-2020-38868,2020-04-05,Malfunction,"DEXCOM, INC.",,,QBJ,DEXCOM G6 CONTINUOUS GLUCOSE MONITORING SYSTEM,K0553,Ther cgm supply allowance,cgm_supply,medium,0,0
3004753838-2020-038924,2020-04-05,Malfunction,"DEXCOM, INC.",,,QBJ,DEXCOM G6 CONTINUOUS GLUCOSE MONITORING SYSTEM,K0554,Ther cgm receiver/monitor,cgm_receiver,medium,0,0
3013756811-2020-40461,2020-04-05,Malfunction,TANDEM DIABETES CARE,,,LZG,T:SLIM INSULIN DELIVERY SYSTEM,E0784,Ext amb infusn pump insulin,insulin_pump,high,0,0
3013756811-2020-40710,2020-04-05,Malfunction,"DEXCOM, INC.",,,QBJ,DEXCOM G6 CONTINUOUS GLUCOSE MONITORING SYSTEM,K0554,Ther cgm receiver/monitor,cgm_receiver,medium,0,0
3004753838-2020-38868,2020-04-05,Malfunction,"DEXCOM, INC.",,,QBJ,DEXCOM G6 CONTINUOUS GLUCOSE MONITORING SYSTEM,K0554,Ther cgm receiver/monitor,cgm_receiver,medium,0,0
3013756811-2020-40710,2020-04-05,Malfunction,"DEXCOM, INC.",,,QBJ,DEXCOM G6 CONTINUOUS GLUCOSE MONITORING SYSTEM,K0553,Ther cgm supply allowance,cgm_supply,medium,0,0
3004753838-2020-039069,2020-04-05,Malfunction,"DEXCOM, INC.",,,QBJ,DEXCOM G6 CONTINUOUS GLUCOSE MONITORING SYSTEM,K0553,Ther cgm supply allowance,cgm_supply,medium,0,0
3013756811-2020-40375,2020-04-05,Malfunction,"DEXCOM, INC.",,,QBJ,DEXCOM G6 CONTINUOUS GLUCOSE MONITORING SYSTEM,K0554,Ther cgm receiver/monitor,cgm_receiver,medium,0,0
3013756811-2020-40375,2020-04-05,Malfunction,"DEXCOM, INC.",,,QBJ,DEXCOM G6 CONTINUOUS GLUCOSE MONITORING SYSTEM,K0553,Ther cgm supply allowance,cgm_supply,medium,0,0
3004753838-2020-39042,2020-04-05,Malfunction,"DEXCOM, INC.",,,QBJ,DEXCOM G6 CONTINUOUS GLUCOSE MONITORING SYSTEM,K0554,Ther cgm receiver/monitor,cgm_receiver,medium,0,0
3004753838-2020-39042,2020-04-05,Malfunction,"DEXCOM, INC.",,,QBJ,DEXCOM G6 CONTINUOUS GLUCOSE MONITORING SYSTEM,K0553,Ther cgm supply allowance,cgm_supply,medium,0,0
3013756811-2020-42974,2020-04-05,Malfunction,"DEXCOM, INC.",,,QBJ,DEXCOM G6 CONTINUOUS GLUCOSE MONITORING SYSTEM,K0554,Ther cgm receiver/monitor,cgm_receiver,medium,0,0
3004753838-2020-038955,2020-04-05,Malfunction,"DEXCOM, INC.",,,QBJ,DEXCOM G6 CONTINUOUS GLUCOSE MONITORING SYSTEM,K0553,Ther cgm supply allowance,cgm_supply,medium,0,0
3013756811-2020-40232,2020-04-05,Malfunction,"DEXCOM, INC.",,,QBJ,DEXCOM G6 CONTINUOUS GLUCOSE MONITORING SYSTEM,K0553,Ther cgm supply allowance,cgm_supply,medium,0,0
3013756811-2020-40377,2020-04-05,Injury,"DEXCOM, INC.",,,QBJ,DEXCOM G6 CONTINUOUS GLUCOSE MONITORING SYSTEM,K0554,Ther cgm receiver/monitor,cgm_receiver,medium,0,0
3013756811-2020-40891,2020-04-05,Malfunction,TANDEM DIABETES CARE,,,LZG,T:SLIM INSULIN DELIVERY SYSTEM,E0784,Ext amb infusn pump insulin,insulin_pump,high,0,0
3013756811-2020-40090,2020-04-05,Malfunction,"DEXCOM, INC.",,,QBJ,DEXCOM G6 CONTINUOUS GLUCOSE MONITORING SYSTEM,K0553,Ther cgm supply allowance,cgm_supply,medium,0,0
3013756811-2020-40234,2020-04-05,Malfunction,"DEXCOM, INC.",,,QBJ,DEXCOM G6 CONTINUOUS GLUCOSE MONITORING SYSTEM,K0554,Ther cgm receiver/monitor,cgm_receiver,medium,0,0
3013756811-2020-40090,2020-04-05,Malfunction,"DEXCOM, INC.",,,QBJ,DEXCOM G6 CONTINUOUS GLUCOSE MONITORING SYSTEM,K0554,Ther cgm receiver/monitor,cgm_receiver,medium,0,0
3013756811-2020-40377,2020-04-05,Injury,"DEXCOM, INC.",,,QBJ,DEXCOM G6 CONTINUOUS GLUCOSE MONITORING SYSTEM,K0553,Ther cgm supply allowance,cgm_supply,medium,0,0
3004753838-2020-039266,2020-04-05,Malfunction,"DEXCOM, INC.",,,QBJ,DEXCOM G6 CONTINUOUS GLUCOSE MONITORING SYSTEM,K0554,Ther cgm receiver/monitor,cgm_receiver,medium,0,0
3004753838-2020-039371,2020-04-05,Malfunction,"DEXCOM, INC.",,,QBJ,DEXCOM G6 CONTINUOUS GLUCOSE MONITORING SYSTEM,K0554,Ther cgm receiver/monitor,cgm_receiver,medium,0,0
3004753838-2020-038856,2020-04-05,Malfunction,"DEXCOM, INC.",,,QBJ,DEXCOM G6 CONTINUOUS GLUCOSE MONITORING SYSTEM,K0553,Ther cgm supply allowance,cgm_supply,medium,0,0
3004753838-2020-039371,2020-04-05,Malfunction,"DEXCOM, INC.",,,QBJ,DEXCOM G6 CONTINUOUS GLUCOSE MONITORING SYSTEM,K0553,Ther cgm supply allowance,cgm_supply,medium,0,0
3004753838-2020-038955,2020-04-05,Malfunction,"DEXCOM, INC.",,,QBJ,DEXCOM G6 CONTINUOUS GLUCOSE MONITORING SYSTEM,K0554,Ther cgm receiver/monitor,cgm_receiver,medium,0,0
3004753838-2020-039024,2020-04-05,Malfunction,"DEXCOM, INC.",,,QBJ,DEXCOM G6 CONTINUOUS GLUCOSE MONITORING SYSTEM,K0554,Ther cgm receiver/monitor,cgm_receiver,medium,0,0
3013756811-2020-42974,2020-04-05,Malfunction,"DEXCOM, INC.",,,QBJ,DEXCOM G6 CONTINUOUS GLUCOSE MONITORING SYSTEM,K0553,Ther cgm supply allowance,cgm_supply,medium,0,0
3004753838-2020-038963,2020-04-05,Malfunction,"DEXCOM, INC.",,,QBJ,DEXCOM G6 CONTINUOUS GLUCOSE MONITORING SYSTEM,K0553,Ther cgm supply allowance,cgm_supply,medium,0,0
3004753838-2020-038963,2020-04-05,Malfunction,"DEXCOM, INC.",,,QBJ,DEXCOM G6 CONTINUOUS GLUCOSE MONITORING SYSTEM,K0554,Ther cgm receiver/monitor,cgm_receiver,medium,0,0
3004753838-2020-038968,2020-04-05,Malfunction,"DEXCOM, INC.",,,QBJ,DEXCOM G6 CONTINUOUS GLUCOSE MONITORING SYSTEM,K0553,Ther cgm supply allowance,cgm_supply,medium,0,0
3004753838-2020-038968,2020-04-05,Malfunction,"DEXCOM, INC.",,,QBJ,DEXCOM G6 CONTINUOUS GLUCOSE MONITORING SYSTEM,K0554,Ther cgm receiver/monitor,cgm_receiver,medium,0,0
3004753838-2020-038962,2020-04-05,Malfunction,"DEXCOM, INC.",,,QBJ,DEXCOM G6 CONTINUOUS GLUCOSE MONITORING SYSTEM,K0553,Ther cgm supply allowance,cgm_supply,medium,0,0
3004753838-2020-038962,2020-04-05,Malfunction,"DEXCOM, INC.",,,QBJ,DEXCOM G6 CONTINUOUS GLUCOSE MONITORING SYSTEM,K0554,Ther cgm receiver/monitor,cgm_receiver,medium,0,0
3013756811-2020-40568,2020-04-05,Malfunction,"DEXCOM, INC.",,,QBJ,DEXCOM G6 CONTINUOUS GLUCOSE MONITORING SYSTEM,K0554,Ther cgm receiver/monitor,cgm_receiver,medium,0,0
3013756811-2020-40661,2020-04-05,Malfunction,"DEXCOM, INC.",,,QBJ,DEXCOM G6 CONTINUOUS GLUCOSE MONITORING SYSTEM,K0554,Ther cgm receiver/monitor,cgm_receiver,medium,0,0
3013756811-2020-40264,2020-04-05,Malfunction,"DEXCOM, INC.",,,QBJ,DEXCOM G6 CONTINUOUS GLUCOSE MONITORING SYSTEM,K0553,Ther cgm supply allowance,cgm_supply,medium,0,0
3013756811-2020-40264,2020-04-05,Malfunction,"DEXCOM, INC.",,,QBJ,DEXCOM G6 CONTINUOUS GLUCOSE MONITORING SYSTEM,K0554,Ther cgm receiver/monitor,cgm_receiver,medium,0,0
3013756811-2020-40661,2020-04-05,Malfunction,"DEXCOM, INC.",,,QBJ,DEXCOM G6 CONTINUOUS GLUCOSE MONITORING SYSTEM,K0553,Ther cgm supply allowance,cgm_supply,medium,0,0
3013756811-2020-40568,2020-04-05,Malfunction,"DEXCOM, INC.",,,QBJ,DEXCOM G6 CONTINUOUS GLUCOSE MONITORING SYSTEM,K0553,Ther cgm supply allowance,cgm_supply,medium,0,0
3013756811-2020-40937,2020-04-05,Malfunction,"DEXCOM, INC.",,,QBJ,DEXCOM G6 CONTINUOUS GLUCOSE MONITORING SYSTEM,K0553,Ther cgm supply allowance,cgm_supply,medium,0,0
